[23:58:38] Download pipeline started, log: /cis/home/rwang183/my_documents/BDD/SpineDetect-shengwen-branch/SpineDetect/tpm_simulator/pipelines/cloud/logs/download/download_20260411_235838.log
[23:58:38] MIP 3 (1 volumes)
[23:58:38] [MIP 3] 1/1
Start log_file=/cis/home/rwang183/my_documents/BDD/SpineDetect-shengwen-branch/SpineDetect/tpm_simulator/pipelines/cloud/logs/download/download_20260411_235838.log
Log file: /cis/home/rwang183/my_documents/BDD/SpineDetect-shengwen-branch/SpineDetect/tpm_simulator/pipelines/cloud/logs/download/download_20260411_235838.log
Building neuron whitelist...
Whitelist IN: table_names=['allen_column_mtypes_v2', 'aibs_metamodel_celltypes_v661', 'baylor_gnn_cell_type_fine_model_v2', 'bodor_pt_cells', 'l5et_column']
Loading whitelist: allen_column_mtypes_v2...
  allen_column_mtypes_v2: 1351 IDs
Whitelist table=allen_column_mtypes_v2 ids=1351
Loading whitelist: aibs_metamodel_celltypes_v661...
201 - "Limited query to 50000 rows
  aibs_metamodel_celltypes_v661: +50000 rows (offset 50000)
  aibs_metamodel_celltypes_v661: 68218 IDs
Whitelist table=aibs_metamodel_celltypes_v661 ids=68218
Loading whitelist: baylor_gnn_cell_type_fine_model_v2...
  baylor_gnn_cell_type_fine_model_v2: 49049 IDs
Whitelist table=baylor_gnn_cell_type_fine_model_v2 ids=49049
Loading whitelist: bodor_pt_cells...
  bodor_pt_cells: 12 IDs
Whitelist table=bodor_pt_cells ids=12
Loading whitelist: l5et_column...
  l5et_column: 39 IDs
Whitelist table=l5et_column ids=39
Whitelist OUT: total_ids=84676, stats={'allen_column_mtypes_v2': 1351, 'aibs_metamodel_celltypes_v661': 68218, 'baylor_gnn_cell_type_fine_model_v2': 49049, 'bodor_pt_cells': 12, 'l5et_column': 39}, duration=5.65s
Building vessel whitelist...
Whitelist IN: table_names=['aibs_metamodel_celltypes_v661']
Loading whitelist: aibs_metamodel_celltypes_v661...
  aibs_metamodel_celltypes_v661: 8729 IDs
Whitelist table=aibs_metamodel_celltypes_v661 ids=8729
Whitelist OUT: total_ids=8729, stats={'aibs_metamodel_celltypes_v661': 8729}, duration=0.38s
Whitelist ready: 84676 neurons, 8729 vessels
Whitelist n_stats={'allen_column_mtypes_v2': 1351, 'aibs_metamodel_celltypes_v661': 68218, 'baylor_gnn_cell_type_fine_model_v2': 49049, 'bodor_pt_cells': 12, 'l5et_column': 39} v_stats={'aibs_metamodel_celltypes_v661': 8729}
Sampling ROI...
ROI sampling IN: whitelist_sizes=(84676, 8729), vessel_nm=[98304.0, 98304.0, 122880.0] neuron_nm=[32768.0, 32768.0, 81920.0]
Sampling ROI (attempt 1)...
ROI sampling OUT: root_id=864691136573242786, found_n=1719, found_v=40, duration=16.23s
ROI chosen root_id=864691136573242786 save_dir=/cis/home/rwang183/my_documents/BDD/SpineDetect-shengwen-branch/SpineDetect/tpm_simulator/data/download/microns_864691136573242786 found_n=1719 found_v=40
Downloading 864691136573242786 (neuron 4x4x8, vessel 12x12x12)
Block (2,1,6) root_id=864691136573242786
Block (2,2,5) root_id=864691136573242786
Block (0,1,6) root_id=864691136573242786
Block (0,3,3) root_id=864691136573242786
Block (3,2,1) root_id=864691136573242786
Block (1,3,0) root_id=864691136573242786
Block (3,1,5) root_id=864691136573242786
Block (3,3,2) root_id=864691136573242786

Blocks:   0%|          | 0/1728 [00:00<?, ?it/s]Block (3,3,2) ok, attempt=1, duration=6.83s

Blocks:   0%|          | 1/1728 [00:06<3:15:01,  6.78s/it]Block (1,0,1) root_id=864691136573242786
Block (0,1,6) ok, attempt=1, duration=6.89s
Block (0,0,7) root_id=864691136573242786
Block (1,3,0) ok, attempt=1, duration=6.95s
Block (0,2,4) root_id=864691136573242786

Blocks:   0%|          | 3/1728 [00:06<52:18,  1.82s/it]  Block (3,1,5) ok, attempt=1, duration=7.01s
Block (3,2,1) ok, attempt=1, duration=7.03s
Block (1,1,0) root_id=864691136573242786
Block (3,0,3) root_id=864691136573242786
Block (0,3,3) ok, attempt=1, duration=7.12s
Block (2,0,1) root_id=864691136573242786
Block (2,2,5) ok, attempt=1, duration=7.20s

Blocks:   0%|          | 7/1728 [00:07<17:35,  1.63it/s]Block (2,2,7) root_id=864691136573242786
Block (2,1,6) ok, attempt=1, duration=7.31s
Block (0,3,5) root_id=864691136573242786
Block (0,0,7) ok, attempt=1, duration=6.38s

Blocks:   1%|          | 9/1728 [00:13<40:17,  1.41s/it]Block (1,3,2) root_id=864691136573242786
Block (0,3,5) ok, attempt=1, duration=6.16s

Blocks:   1%|          | 10/1728 [00:13<33:42,  1.18s/it]Block (3,1,7) root_id=864691136573242786
Block (2,0,1) ok, attempt=1, duration=6.42s
Block (3,3,4) root_id=864691136573242786
Block (2,2,7) ok, attempt=1, duration=6.38s

Blocks:   1%|          | 12/1728 [00:13<22:24,  1.28it/s]Block (0,0,0) root_id=864691136573242786
Block (1,0,1) ok, attempt=1, duration=6.78s
Block (1,1,2) root_id=864691136573242786
Block (0,2,4) ok, attempt=1, duration=6.77s

Blocks:   1%|          | 14/1728 [00:13<15:40,  1.82it/s]Block (0,2,6) root_id=864691136573242786
Block (1,1,0) ok, attempt=1, duration=6.79s
Block (2,0,3) root_id=864691136573242786
Block (3,0,3) ok, attempt=1, duration=6.95s

Blocks:   1%|          | 16/1728 [00:13<11:46,  2.42it/s]Block (2,2,0) root_id=864691136573242786
Block (1,3,2) ok, attempt=1, duration=6.35s
Block (3,3,4) ok, attempt=1, duration=6.06s

Blocks:   1%|          | 18/1728 [00:19<33:20,  1.17s/it]Block (0,1,1) root_id=864691136573242786
Block (0,3,7) root_id=864691136573242786
Block (0,2,6) ok, attempt=1, duration=5.97s

Blocks:   1%|          | 19/1728 [00:19<27:46,  1.03it/s]Block (3,1,0) root_id=864691136573242786
Block (2,2,0) ok, attempt=1, duration=5.76s
Block (1,3,4) root_id=864691136573242786
Block (1,1,2) ok, attempt=1, duration=6.20s

Blocks:   1%|          | 21/1728 [00:19<18:42,  1.52it/s]Block (3,3,6) root_id=864691136573242786
Block (0,0,0) ok, attempt=1, duration=6.34s
Block (2,0,3) ok, attempt=1, duration=6.10s
Block (0,0,2) root_id=864691136573242786
Block (1,1,4) root_id=864691136573242786
Block (3,1,7) ok, attempt=1, duration=6.57s

Blocks:   1%|▏         | 24/1728 [00:19<11:33,  2.46it/s]Block (2,0,5) root_id=864691136573242786
Block (1,1,4) ok, attempt=1, duration=5.96s
Block (2,2,2) root_id=864691136573242786
Block (2,0,5) ok, attempt=1, duration=5.89s

Blocks:   2%|▏         | 26/1728 [00:25<32:22,  1.14s/it]Block (0,0,2) ok, attempt=1, duration=6.04s
Block (0,3,0) root_id=864691136573242786
Block (0,1,3) root_id=864691136573242786
Block (3,3,6) ok, attempt=1, duration=6.22s
Block (0,3,7) ok, attempt=1, duration=6.44s

Blocks:   2%|▏         | 28/1728 [00:25<23:21,  1.21it/s]Block (1,3,4) ok, attempt=1, duration=6.32s
Block (3,1,2) root_id=864691136573242786
Block (1,3,6) root_id=864691136573242786
Block (0,0,4) root_id=864691136573242786
Block (3,1,0) ok, attempt=1, duration=6.44s
Block (0,2,1) root_id=864691136573242786

Blocks:   2%|▏         | 31/1728 [00:26<14:51,  1.90it/s]Block (0,1,1) ok, attempt=1, duration=6.70s
Block (2,3,6) root_id=864691136573242786
Block (0,0,4) ok, attempt=1, duration=5.90s

Blocks:   2%|▏         | 33/1728 [00:31<32:42,  1.16s/it]Block (2,0,7) root_id=864691136573242786
Block (2,3,6) ok, attempt=1, duration=5.71s
Block (0,3,0) ok, attempt=1, duration=6.07s
Block (0,1,5) root_id=864691136573242786
Block (2,2,4) root_id=864691136573242786
Block (0,1,3) ok, attempt=1, duration=6.19s

Blocks:   2%|▏         | 36/1728 [00:32<21:15,  1.33it/s]Block (1,2,1) root_id=864691136573242786
Block (1,3,6) ok, attempt=1, duration=6.07s
Block (0,2,1) ok, attempt=1, duration=5.97s
Block (3,1,4) root_id=864691136573242786
Block (3,0,1) root_id=864691136573242786
Block (2,2,2) ok, attempt=1, duration=6.30s
Block (3,2,3) root_id=864691136573242786
Block (3,1,2) ok, attempt=1, duration=6.26s

Blocks:   2%|▏         | 40/1728 [00:32<13:04,  2.15it/s]Block (3,3,1) root_id=864691136573242786
Block (3,0,1) ok, attempt=1, duration=6.02s
Block (0,0,6) root_id=864691136573242786
Block (3,2,3) ok, attempt=1, duration=6.02s

Blocks:   2%|▏         | 42/1728 [00:38<28:51,  1.03s/it]Block (0,2,3) root_id=864691136573242786
Block (0,1,5) ok, attempt=1, duration=6.22s
Block (1,0,3) root_id=864691136573242786
Block (3,3,1) ok, attempt=1, duration=5.98s
Block (2,0,0) root_id=864691136573242786
Block (3,1,4) ok, attempt=1, duration=6.23s

Blocks:   3%|▎         | 45/1728 [00:38<19:51,  1.41it/s]Block (3,0,5) root_id=864691136573242786
Block (1,2,1) ok, attempt=1, duration=6.26s
Block (2,1,1) root_id=864691136573242786
Block (2,0,7) ok, attempt=1, duration=6.57s

Blocks:   3%|▎         | 47/1728 [00:38<15:44,  1.78it/s]Block (1,3,1) root_id=864691136573242786
Block (2,2,4) ok, attempt=1, duration=6.59s
Block (1,2,3) root_id=864691136573242786
Block (2,1,1) ok, attempt=1, duration=4.95s

Blocks:   3%|▎         | 49/1728 [00:43<28:42,  1.03s/it]Block (3,1,6) root_id=864691136573242786
Block (1,0,3) ok, attempt=1, duration=5.48s

Blocks:   3%|▎         | 50/1728 [00:43<26:20,  1.06it/s]Block (0,0,6) ok, attempt=1, duration=5.62s
Block (3,2,5) root_id=864691136573242786
Block (3,3,3) root_id=864691136573242786
Block (1,3,1) ok, attempt=1, duration=5.93s

Blocks:   3%|▎         | 52/1728 [00:44<21:07,  1.32it/s]Block (0,2,5) root_id=864691136573242786
Block (0,2,3) ok, attempt=1, duration=6.38s
Block (2,3,1) root_id=864691136573242786

Blocks:   3%|▎         | 53/1728 [00:44<17:59,  1.55it/s]Block (2,0,0) ok, attempt=1, duration=6.40s

Blocks:   3%|▎         | 54/1728 [00:44<14:54,  1.87it/s]Block (1,0,5) root_id=864691136573242786
Block (3,0,5) ok, attempt=1, duration=6.36s
Block (2,0,2) root_id=864691136573242786
Block (1,2,3) ok, attempt=1, duration=6.16s
Block (3,0,7) root_id=864691136573242786
Block (3,3,3) ok, attempt=1, duration=6.14s

Blocks:   3%|▎         | 57/1728 [00:49<30:37,  1.10s/it]Block (0,1,0) root_id=864691136573242786
Block (0,2,5) ok, attempt=1, duration=6.12s

Blocks:   3%|▎         | 58/1728 [00:50<28:19,  1.02s/it]Block (2,1,3) root_id=864691136573242786
Block (3,1,6) ok, attempt=1, duration=7.52s

Blocks:   3%|▎         | 59/1728 [00:50<23:53,  1.16it/s]Block (1,3,3) root_id=864691136573242786
Block (2,0,2) ok, attempt=1, duration=6.21s
Block (1,2,5) root_id=864691136573242786
Block (3,2,5) ok, attempt=1, duration=7.16s

Blocks:   4%|▎         | 61/1728 [00:50<15:44,  1.76it/s]Block (3,3,5) root_id=864691136573242786
Block (2,3,1) ok, attempt=1, duration=6.47s
Block (3,2,7) root_id=864691136573242786
Block (3,0,7) ok, attempt=1, duration=6.42s

Blocks:   4%|▎         | 63/1728 [00:51<11:20,  2.45it/s]Block (0,0,1) root_id=864691136573242786
Block (1,0,5) ok, attempt=1, duration=6.54s
Block (0,2,7) root_id=864691136573242786
Block (2,1,3) ok, attempt=1, duration=4.38s

Blocks:   4%|▍         | 65/1728 [00:54<24:52,  1.11it/s]Block (2,3,3) root_id=864691136573242786
Block (0,2,7) ok, attempt=1, duration=5.50s

Blocks:   4%|▍         | 66/1728 [00:56<29:31,  1.07s/it]Block (3,0,0) root_id=864691136573242786
Block (0,0,1) ok, attempt=1, duration=5.61s
Block (1,0,7) root_id=864691136573242786
Block (3,2,7) ok, attempt=1, duration=6.01s

Blocks:   4%|▍         | 68/1728 [00:57<20:36,  1.34it/s]Block (1,1,6) root_id=864691136573242786
Block (0,1,0) ok, attempt=1, duration=7.22s
Block (2,1,5) root_id=864691136573242786
Block (1,2,5) ok, attempt=1, duration=6.29s

Blocks:   4%|▍         | 70/1728 [00:57<14:24,  1.92it/s]Block (0,3,2) root_id=864691136573242786
Block (1,3,3) ok, attempt=1, duration=6.54s
Block (3,1,1) root_id=864691136573242786

Blocks:   4%|▍         | 71/1728 [00:57<12:38,  2.18it/s]Block (3,3,5) ok, attempt=1, duration=6.44s
Block (3,2,0) root_id=864691136573242786
Block (2,3,3) ok, attempt=1, duration=5.85s

Blocks:   4%|▍         | 73/1728 [01:00<24:51,  1.11it/s]Block (1,2,7) root_id=864691136573242786
Block (3,0,0) ok, attempt=1, duration=4.63s

Blocks:   4%|▍         | 74/1728 [01:01<22:56,  1.20it/s]Block (0,0,3) root_id=864691136573242786
Block (1,0,7) ok, attempt=1, duration=6.04s
Block (0,2,0) root_id=864691136573242786

Blocks:   4%|▍         | 75/1728 [01:02<27:19,  1.01it/s]Block (1,1,6) ok, attempt=1, duration=6.79s

Blocks:   4%|▍         | 76/1728 [01:03<26:51,  1.03it/s]Block (2,3,5) root_id=864691136573242786
Block (0,3,2) ok, attempt=1, duration=6.70s
Block (1,0,0) root_id=864691136573242786
Block (3,2,0) ok, attempt=1, duration=6.55s

Blocks:   5%|▍         | 78/1728 [01:03<16:35,  1.66it/s]Block (3,0,2) root_id=864691136573242786
Block (2,1,5) ok, attempt=1, duration=6.96s

Blocks:   5%|▍         | 79/1728 [01:04<13:43,  2.00it/s]Block (2,1,7) root_id=864691136573242786
Block (3,1,1) ok, attempt=1, duration=6.84s
Block (2,2,6) root_id=864691136573242786
Block (1,2,7) ok, attempt=1, duration=5.22s
Block (0,1,7) root_id=864691136573242786

Blocks:   5%|▍         | 81/1728 [01:05<18:39,  1.47it/s]Block (0,0,3) ok, attempt=1, duration=6.15s
Block (0,3,4) root_id=864691136573242786

Blocks:   5%|▍         | 82/1728 [01:07<23:31,  1.17it/s]Block (0,2,0) ok, attempt=1, duration=4.78s

Blocks:   5%|▍         | 83/1728 [01:07<18:48,  1.46it/s]Block (1,2,0) root_id=864691136573242786
Block (1,0,0) ok, attempt=1, duration=5.82s

Blocks:   5%|▍         | 84/1728 [01:09<28:29,  1.04s/it]Block (3,1,3) root_id=864691136573242786
Block (3,0,2) ok, attempt=1, duration=5.84s
Block (3,2,2) root_id=864691136573242786

Blocks:   5%|▍         | 85/1728 [01:09<21:47,  1.26it/s]Block (2,2,6) ok, attempt=1, duration=6.29s
Block (2,3,5) ok, attempt=1, duration=6.66s

Blocks:   5%|▍         | 86/1728 [01:10<20:33,  1.33it/s]Block (0,1,7) ok, attempt=1, duration=4.48s
Block (2,3,7) root_id=864691136573242786
Block (0,0,5) root_id=864691136573242786
Block (1,0,2) root_id=864691136573242786
Block (2,1,7) ok, attempt=1, duration=6.47s
Block (1,1,1) root_id=864691136573242786
Block (0,3,4) ok, attempt=1, duration=6.08s

Blocks:   5%|▌         | 90/1728 [01:13<20:56,  1.30it/s]Block (3,0,4) root_id=864691136573242786
Block (1,2,0) ok, attempt=1, duration=6.26s

Blocks:   5%|▌         | 91/1728 [01:13<18:44,  1.46it/s]Block (2,1,0) root_id=864691136573242786
Block (1,1,1) ok, attempt=1, duration=5.49s
Block (1,2,2) root_id=864691136573242786

Blocks:   5%|▌         | 92/1728 [01:16<26:53,  1.01it/s]Block (3,1,3) ok, attempt=1, duration=6.44s

Blocks:   5%|▌         | 93/1728 [01:16<21:25,  1.27it/s]Block (0,3,6) root_id=864691136573242786
Block (0,0,5) ok, attempt=1, duration=6.07s

Blocks:   5%|▌         | 94/1728 [01:16<18:45,  1.45it/s]Block (3,2,4) root_id=864691136573242786
Block (2,3,7) ok, attempt=1, duration=6.13s
Block (2,3,0) root_id=864691136573242786
Block (1,0,2) ok, attempt=1, duration=6.35s

Blocks:   6%|▌         | 96/1728 [01:16<12:39,  2.15it/s]Block (1,0,4) root_id=864691136573242786
Block (3,2,2) ok, attempt=1, duration=7.09s
Block (1,1,3) root_id=864691136573242786
Block (3,0,4) ok, attempt=1, duration=4.13s

Blocks:   6%|▌         | 98/1728 [01:17<12:25,  2.19it/s]Block (3,0,6) root_id=864691136573242786
Block (2,1,0) ok, attempt=1, duration=6.24s

Blocks:   6%|▌         | 99/1728 [01:20<23:41,  1.15it/s]Block (2,1,2) root_id=864691136573242786
Block (0,3,6) ok, attempt=1, duration=4.91s

Blocks:   6%|▌         | 100/1728 [01:21<23:51,  1.14it/s]Block (2,0,4) root_id=864691136573242786
Block (3,2,4) ok, attempt=1, duration=5.32s

Blocks:   6%|▌         | 101/1728 [01:21<23:19,  1.16it/s]Block (2,2,1) root_id=864691136573242786
Block (2,3,0) ok, attempt=1, duration=6.20s

Blocks:   6%|▌         | 102/1728 [01:22<23:53,  1.13it/s]Block (0,1,2) root_id=864691136573242786
Block (1,2,2) ok, attempt=1, duration=6.97s

Blocks:   6%|▌         | 103/1728 [01:22<18:52,  1.43it/s]Block (1,2,4) root_id=864691136573242786
Block (1,0,4) ok, attempt=1, duration=6.36s

Blocks:   6%|▌         | 104/1728 [01:23<14:56,  1.81it/s]Block (3,2,6) root_id=864691136573242786
Block (3,0,6) ok, attempt=1, duration=5.55s
Block (1,3,5) root_id=864691136573242786
Block (1,1,3) ok, attempt=1, duration=6.41s

Blocks:   6%|▌         | 106/1728 [01:23<09:02,  2.99it/s]Block (2,3,2) root_id=864691136573242786
Block (2,1,2) ok, attempt=1, duration=6.38s

Blocks:   6%|▌         | 107/1728 [01:26<27:57,  1.03s/it]Block (3,3,7) root_id=864691136573242786
Block (2,2,1) ok, attempt=1, duration=4.79s
Block (1,0,6) root_id=864691136573242786

Blocks:   6%|▋         | 108/1728 [01:26<21:34,  1.25it/s]Block (2,0,4) ok, attempt=1, duration=5.67s
Block (1,1,5) root_id=864691136573242786
Block (1,3,5) ok, attempt=1, duration=6.19s

Blocks:   6%|▋         | 110/1728 [01:29<28:18,  1.05s/it]Block (2,1,4) root_id=864691136573242786
Block (0,1,2) ok, attempt=1, duration=6.86s
Block (2,0,6) root_id=864691136573242786

Blocks:   6%|▋         | 111/1728 [01:29<23:06,  1.17it/s]Block (3,2,6) ok, attempt=1, duration=6.49s
Block (2,2,3) root_id=864691136573242786
Block (2,3,2) ok, attempt=1, duration=6.45s

Blocks:   7%|▋         | 113/1728 [01:29<14:29,  1.86it/s]Block (0,1,4) root_id=864691136573242786
Block (1,2,4) ok, attempt=1, duration=6.81s
Block (0,3,1) root_id=864691136573242786
Block (1,0,6) ok, attempt=1, duration=5.61s

Blocks:   7%|▋         | 115/1728 [01:32<21:20,  1.26it/s]Block (1,2,6) root_id=864691136573242786
Block (3,3,7) ok, attempt=1, duration=5.97s

Blocks:   7%|▋         | 116/1728 [01:32<18:37,  1.44it/s]Block (3,3,0) root_id=864691136573242786
Block (1,1,5) ok, attempt=1, duration=5.86s
Block (1,3,7) root_id=864691136573242786
Block (0,1,4) ok, attempt=1, duration=6.21s
Block (2,3,4) root_id=864691136573242786

Blocks:   7%|▋         | 118/1728 [01:35<28:35,  1.07s/it]Block (2,0,6) ok, attempt=1, duration=6.38s
Block (0,3,1) ok, attempt=1, duration=6.24s
Block (1,1,7) root_id=864691136573242786
Block (0,2,2) root_id=864691136573242786
Block (2,2,3) ok, attempt=1, duration=6.47s
Block (5,1,6) root_id=864691136573242786

Blocks:   7%|▋         | 121/1728 [01:36<16:40,  1.61it/s]Block (2,1,4) ok, attempt=1, duration=6.84s

Blocks:   7%|▋         | 122/1728 [01:36<14:24,  1.86it/s]Block (10,5,11) root_id=864691136573242786
Block (1,2,6) ok, attempt=1, duration=6.26s

Blocks:   7%|▋         | 123/1728 [01:38<23:22,  1.14it/s]Block (2,8,3) root_id=864691136573242786
Block (1,3,7) ok, attempt=1, duration=6.16s

Blocks:   7%|▋         | 124/1728 [01:38<19:33,  1.37it/s]Block (9,1,10) root_id=864691136573242786
Block (5,1,6) ok, attempt=1, duration=2.67s
Block (7,4,4) root_id=864691136573242786
Block (3,3,0) ok, attempt=1, duration=6.37s

Blocks:   7%|▋         | 126/1728 [01:38<12:41,  2.10it/s]Block (8,8,6) root_id=864691136573242786
Block (10,5,11) ok, attempt=1, duration=2.71s

Blocks:   7%|▋         | 127/1728 [01:38<10:33,  2.53it/s]Block (5,4,11) root_id=864691136573242786
Block (2,8,3) ok, attempt=1, duration=2.49s

Blocks:   7%|▋         | 128/1728 [01:41<20:45,  1.28it/s]Block (2,11,8) root_id=864691136573242786
Block (8,8,6) ok, attempt=1, duration=2.62s

Blocks:   7%|▋         | 129/1728 [01:41<18:59,  1.40it/s]Block (8,0,2) root_id=864691136573242786
Block (7,4,4) ok, attempt=1, duration=3.04s

Blocks:   8%|▊         | 130/1728 [01:41<16:18,  1.63it/s]Block (6,0,9) root_id=864691136573242786
Block (5,4,11) ok, attempt=1, duration=2.90s
Block (3,7,6) root_id=864691136573242786
Block (0,2,2) ok, attempt=1, duration=5.96s

Blocks:   8%|▊         | 132/1728 [01:41<10:01,  2.66it/s]Block (4,0,10) root_id=864691136573242786
Block (9,1,10) ok, attempt=1, duration=3.29s
Block (11,10,7) root_id=864691136573242786
Block (1,1,7) ok, attempt=1, duration=6.09s

Blocks:   8%|▊         | 134/1728 [01:42<06:55,  3.84it/s]Block (7,5,5) root_id=864691136573242786
Block (2,3,4) ok, attempt=1, duration=6.25s
Block (8,1,3) root_id=864691136573242786
Block (2,11,8) ok, attempt=1, duration=2.03s

Blocks:   8%|▊         | 136/1728 [01:43<08:43,  3.04it/s]Block (2,4,5) root_id=864691136573242786
Block (8,0,2) ok, attempt=1, duration=2.66s
Block (1,11,1) root_id=864691136573242786

Blocks:   8%|▊         | 137/1728 [01:44<13:05,  2.03it/s]Block (4,0,10) ok, attempt=1, duration=2.44s

Blocks:   8%|▊         | 138/1728 [01:44<11:36,  2.28it/s]Block (4,1,11) root_id=864691136573242786
Block (3,7,6) ok, attempt=1, duration=2.61s
Block (8,4,8) root_id=864691136573242786
Block (6,0,9) ok, attempt=1, duration=2.75s

Blocks:   8%|▊         | 140/1728 [01:44<08:06,  3.27it/s]Block (0,7,0) root_id=864691136573242786
Block (8,1,3) ok, attempt=1, duration=2.53s

Blocks:   8%|▊         | 141/1728 [01:44<06:59,  3.79it/s]Block (11,2,2) root_id=864691136573242786
Block (11,10,7) ok, attempt=1, duration=2.86s

Blocks:   8%|▊         | 142/1728 [01:44<06:16,  4.22it/s]Block (10,10,0) root_id=864691136573242786
Block (7,5,5) ok, attempt=1, duration=2.88s
Block (6,7,8) root_id=864691136573242786

Blocks:   8%|▊         | 143/1728 [01:45<05:40,  4.66it/s]Block (2,4,5) ok, attempt=1, duration=2.24s
Block (5,9,0) root_id=864691136573242786

Blocks:   8%|▊         | 144/1728 [01:45<05:56,  4.44it/s]Block (1,11,1) ok, attempt=1, duration=2.32s
Block (0,7,0) ok, attempt=1, duration=1.87s

Blocks:   8%|▊         | 145/1728 [01:46<13:05,  2.02it/s]Block (0,6,4) root_id=864691136573242786
Block (8,4,8) ok, attempt=1, duration=2.03s
Block (1,6,8) root_id=864691136573242786
Block (9,9,4) root_id=864691136573242786
Block (10,10,0) ok, attempt=1, duration=2.00s

Blocks:   9%|▊         | 148/1728 [01:46<07:50,  3.36it/s]Block (5,8,4) root_id=864691136573242786
Block (4,1,11) ok, attempt=1, duration=2.60s

Blocks:   9%|▊         | 149/1728 [01:47<06:57,  3.78it/s]Block (4,4,3) root_id=864691136573242786
Block (11,2,2) ok, attempt=1, duration=2.47s

Blocks:   9%|▊         | 150/1728 [01:47<06:31,  4.03it/s]Block (11,3,3) root_id=864691136573242786
Block (6,7,8) ok, attempt=1, duration=2.37s

Blocks:   9%|▊         | 151/1728 [01:47<05:59,  4.38it/s]Block (9,8,8) root_id=864691136573242786
Block (5,9,0) ok, attempt=1, duration=2.36s
Block (5,11,9) root_id=864691136573242786

Blocks:   9%|▉         | 152/1728 [01:47<06:17,  4.17it/s]Block (4,4,3) ok, attempt=1, duration=1.95s

Blocks:   9%|▉         | 153/1728 [01:48<13:56,  1.88it/s]Block (7,0,11) root_id=864691136573242786
Block (0,6,4) ok, attempt=1, duration=2.70s

Blocks:   9%|▉         | 154/1728 [01:49<11:39,  2.25it/s]Block (4,7,8) root_id=864691136573242786
Block (9,9,4) ok, attempt=1, duration=2.74s

Blocks:   9%|▉         | 155/1728 [01:49<09:09,  2.86it/s]Block (8,11,7) root_id=864691136573242786
Block (1,6,8) ok, attempt=1, duration=2.84s
Block (0,10,10) root_id=864691136573242786
Block (11,3,3) ok, attempt=1, duration=2.41s

Blocks:   9%|▉         | 157/1728 [01:49<06:56,  3.77it/s]Block (5,8,4) ok, attempt=1, duration=2.74s
Block (5,1,1) root_id=864691136573242786
Block (10,5,6) root_id=864691136573242786
Block (9,8,8) ok, attempt=1, duration=2.59s

Blocks:   9%|▉         | 159/1728 [01:49<06:00,  4.35it/s]Block (8,8,1) root_id=864691136573242786
Block (5,11,9) ok, attempt=1, duration=2.45s

Blocks:   9%|▉         | 160/1728 [01:50<05:21,  4.88it/s]Block (9,1,5) root_id=864691136573242786
Block (8,11,7) ok, attempt=1, duration=1.57s

Blocks:   9%|▉         | 161/1728 [01:50<08:57,  2.91it/s]Block (5,4,6) root_id=864691136573242786
Block (7,0,11) ok, attempt=1, duration=2.30s

Blocks:   9%|▉         | 162/1728 [01:51<09:19,  2.80it/s]Block (6,8,8) root_id=864691136573242786
Block (4,7,8) ok, attempt=1, duration=2.69s

Blocks:   9%|▉         | 163/1728 [01:51<11:07,  2.34it/s]Block (4,8,9) root_id=864691136573242786
Block (0,10,10) ok, attempt=1, duration=2.52s
Block (6,0,4) root_id=864691136573242786
Block (8,8,1) ok, attempt=1, duration=2.19s

Blocks:  10%|▉         | 165/1728 [01:52<07:54,  3.30it/s]Block (2,11,3) root_id=864691136573242786
Block (5,1,1) ok, attempt=1, duration=2.91s
Block (4,0,5) root_id=864691136573242786

Blocks:  10%|▉         | 166/1728 [01:52<08:14,  3.16it/s]Block (10,5,6) ok, attempt=1, duration=3.15s

Blocks:  10%|▉         | 167/1728 [01:52<07:50,  3.32it/s]Block (3,7,1) root_id=864691136573242786
Block (9,1,5) ok, attempt=1, duration=2.95s

Blocks:  10%|▉         | 168/1728 [01:53<07:30,  3.46it/s]Block (1,7,8) root_id=864691136573242786
Block (5,4,6) ok, attempt=1, duration=2.45s

Blocks:  10%|▉         | 169/1728 [01:53<07:29,  3.47it/s]Block (11,10,2) root_id=864691136573242786
Block (6,8,8) ok, attempt=1, duration=2.43s

Blocks:  10%|▉         | 170/1728 [01:53<08:15,  3.14it/s]Block (7,5,0) root_id=864691136573242786
Block (4,8,9) ok, attempt=1, duration=2.19s

Blocks:  10%|▉         | 171/1728 [01:54<09:03,  2.87it/s]Block (5,5,7) root_id=864691136573242786
Block (6,0,4) ok, attempt=1, duration=2.41s

Blocks:  10%|▉         | 172/1728 [01:54<07:44,  3.35it/s]Block (4,1,6) root_id=864691136573242786
Block (3,7,1) ok, attempt=1, duration=2.45s

Blocks:  10%|█         | 173/1728 [01:55<12:27,  2.08it/s]Block (2,4,0) root_id=864691136573242786
Block (4,0,5) ok, attempt=1, duration=2.74s
Block (9,5,11) root_id=864691136573242786
Block (2,11,3) ok, attempt=1, duration=3.20s

Blocks:  10%|█         | 175/1728 [01:55<07:35,  3.41it/s]Block (8,4,3) root_id=864691136573242786
Block (11,10,2) ok, attempt=1, duration=2.57s

Blocks:  10%|█         | 176/1728 [01:55<08:59,  2.88it/s]Block (6,7,3) root_id=864691136573242786
Block (1,7,8) ok, attempt=1, duration=3.22s

Blocks:  10%|█         | 177/1728 [01:56<09:10,  2.82it/s]Block (1,6,3) root_id=864691136573242786
Block (7,5,0) ok, attempt=1, duration=3.03s

Blocks:  10%|█         | 178/1728 [01:56<10:01,  2.58it/s]Block (9,8,3) root_id=864691136573242786
Block (5,5,7) ok, attempt=1, duration=2.91s

Blocks:  10%|█         | 179/1728 [01:57<09:24,  2.74it/s]Block (7,8,10) root_id=864691136573242786
Block (4,1,6) ok, attempt=1, duration=3.05s
Block (5,11,4) root_id=864691136573242786

Blocks:  10%|█         | 180/1728 [01:57<09:11,  2.81it/s]Block (8,4,3) ok, attempt=1, duration=2.62s

Blocks:  10%|█         | 181/1728 [01:58<11:05,  2.32it/s]Block (7,0,6) root_id=864691136573242786
Block (2,4,0) ok, attempt=1, duration=2.85s

Blocks:  11%|█         | 182/1728 [01:58<08:37,  2.99it/s]Block (4,7,3) root_id=864691136573242786
Block (9,5,11) ok, attempt=1, duration=2.97s

Blocks:  11%|█         | 183/1728 [01:58<07:10,  3.59it/s]Block (2,7,10) root_id=864691136573242786
Block (6,7,3) ok, attempt=1, duration=2.68s

Blocks:  11%|█         | 184/1728 [01:58<07:34,  3.40it/s]Block (1,6,3) ok, attempt=1, duration=2.31s
Block (8,11,2) root_id=864691136573242786
Block (3,3,8) root_id=864691136573242786
Block (7,8,10) ok, attempt=1, duration=2.05s
Block (6,11,9) root_id=864691136573242786

Blocks:  11%|█         | 186/1728 [01:59<07:15,  3.54it/s]Block (9,8,3) ok, attempt=1, duration=2.42s
Block (0,10,5) root_id=864691136573242786
Block (5,11,4) ok, attempt=1, duration=1.99s

Blocks:  11%|█         | 188/1728 [01:59<05:42,  4.50it/s]Block (11,6,9) root_id=864691136573242786
Block (4,7,3) ok, attempt=1, duration=2.01s

Blocks:  11%|█         | 189/1728 [02:00<08:40,  2.96it/s]Block (10,5,1) root_id=864691136573242786
Block (7,0,6) ok, attempt=1, duration=2.33s

Blocks:  11%|█         | 190/1728 [02:00<07:52,  3.25it/s]Block (9,1,0) root_id=864691136573242786
Block (3,3,8) ok, attempt=1, duration=2.12s

Blocks:  11%|█         | 191/1728 [02:00<08:20,  3.07it/s]Block (7,1,7) root_id=864691136573242786
Block (8,11,2) ok, attempt=1, duration=2.50s
Block (5,4,1) root_id=864691136573242786

Blocks:  11%|█         | 192/1728 [02:01<08:45,  2.92it/s]Block (2,7,10) ok, attempt=1, duration=3.02s

Blocks:  11%|█         | 193/1728 [02:01<07:31,  3.40it/s]Block (6,8,3) root_id=864691136573242786
Block (11,6,9) ok, attempt=1, duration=2.26s
Block (4,8,4) root_id=864691136573242786

Blocks:  11%|█         | 194/1728 [02:01<08:03,  3.17it/s]Block (0,10,5) ok, attempt=1, duration=2.64s

Blocks:  11%|█▏        | 195/1728 [02:01<07:01,  3.63it/s]Block (2,8,11) root_id=864691136573242786
Block (6,11,9) ok, attempt=1, duration=2.76s
Block (4,0,0) root_id=864691136573242786
Block (9,1,0) ok, attempt=1, duration=2.39s

Blocks:  11%|█▏        | 197/1728 [02:02<09:05,  2.81it/s]Block (8,0,10) root_id=864691136573242786
Block (10,5,1) ok, attempt=1, duration=2.79s

Blocks:  11%|█▏        | 198/1728 [02:02<08:03,  3.17it/s]Block (8,3,3) root_id=864691136573242786
Block (7,1,7) ok, attempt=1, duration=2.91s

Blocks:  12%|█▏        | 199/1728 [02:03<10:39,  2.39it/s]Block (6,3,10) root_id=864691136573242786
Block (6,8,3) ok, attempt=1, duration=2.70s
Block (4,8,4) ok, attempt=1, duration=2.34s

Blocks:  12%|█▏        | 200/1728 [02:03<10:11,  2.50it/s]Block (1,2,10) root_id=864691136573242786
Block (3,10,7) root_id=864691136573242786
Block (4,0,0) ok, attempt=1, duration=2.53s

Blocks:  12%|█▏        | 202/1728 [02:04<08:14,  3.09it/s]Block (0,9,0) root_id=864691136573242786
Block (5,4,1) ok, attempt=1, duration=3.83s

Blocks:  12%|█▏        | 203/1728 [02:04<09:18,  2.73it/s]Block (10,8,11) root_id=864691136573242786
Block (2,8,11) ok, attempt=1, duration=3.40s

Blocks:  12%|█▏        | 204/1728 [02:05<08:48,  2.88it/s]Block (9,4,10) root_id=864691136573242786
Block (8,0,10) ok, attempt=1, duration=2.73s

Blocks:  12%|█▏        | 205/1728 [02:05<08:02,  3.15it/s]Block (5,7,11) root_id=864691136573242786
Block (8,3,3) ok, attempt=1, duration=2.73s

Blocks:  12%|█▏        | 206/1728 [02:05<07:10,  3.54it/s]Block (4,3,10) root_id=864691136573242786
Block (6,3,10) ok, attempt=1, duration=2.85s

Blocks:  12%|█▏        | 207/1728 [02:06<11:03,  2.29it/s]Block (11,2,10) root_id=864691136573242786
Block (3,10,7) ok, attempt=1, duration=2.90s

Blocks:  12%|█▏        | 208/1728 [02:06<10:50,  2.34it/s]Block (8,7,9) root_id=864691136573242786
Block (1,2,10) ok, attempt=1, duration=2.95s
Block (11,5,3) root_id=864691136573242786
Block (0,9,0) ok, attempt=1, duration=2.71s

Blocks:  12%|█▏        | 210/1728 [02:07<07:24,  3.41it/s]Block (10,1,8) root_id=864691136573242786
Block (10,8,11) ok, attempt=1, duration=2.40s

Blocks:  12%|█▏        | 211/1728 [02:07<06:50,  3.69it/s]Block (7,8,5) root_id=864691136573242786
Block (9,4,10) ok, attempt=1, duration=2.26s

Blocks:  12%|█▏        | 212/1728 [02:07<05:57,  4.24it/s]Block (7,0,1) root_id=864691136573242786
Block (5,7,11) ok, attempt=1, duration=2.30s

Blocks:  12%|█▏        | 213/1728 [02:07<06:22,  3.96it/s]Block (5,0,8) root_id=864691136573242786
Block (4,3,10) ok, attempt=1, duration=2.31s

Blocks:  12%|█▏        | 214/1728 [02:07<05:56,  4.25it/s]Block (2,7,5) root_id=864691136573242786
Block (11,2,10) ok, attempt=1, duration=1.86s
Block (4,4,11) root_id=864691136573242786

Blocks:  12%|█▏        | 215/1728 [02:08<06:59,  3.61it/s]Block (10,1,8) ok, attempt=1, duration=2.16s

Blocks:  12%|█▎        | 216/1728 [02:09<11:51,  2.12it/s]Block (7,11,10) root_id=864691136573242786
Block (11,5,3) ok, attempt=1, duration=2.53s

Blocks:  13%|█▎        | 217/1728 [02:09<09:45,  2.58it/s]Block (7,0,1) ok, attempt=1, duration=2.00s
Block (6,11,4) root_id=864691136573242786
Block (0,10,0) root_id=864691136573242786
Block (8,7,9) ok, attempt=1, duration=2.77s

Blocks:  13%|█▎        | 219/1728 [02:09<06:18,  3.99it/s]Block (11,6,4) root_id=864691136573242786
Block (7,8,5) ok, attempt=1, duration=2.68s
Block (6,10,8) root_id=864691136573242786

Blocks:  13%|█▎        | 220/1728 [02:10<06:58,  3.61it/s]Block (5,0,8) ok, attempt=1, duration=2.47s
Block (11,9,9) root_id=864691136573242786

Blocks:  13%|█▎        | 221/1728 [02:10<06:54,  3.64it/s]Block (2,7,5) ok, attempt=1, duration=2.43s

Blocks:  13%|█▎        | 222/1728 [02:10<05:48,  4.32it/s]Block (7,1,2) root_id=864691136573242786
Block (4,4,11) ok, attempt=1, duration=2.35s
Block (1,9,8) root_id=864691136573242786

Blocks:  13%|█▎        | 223/1728 [02:10<06:23,  3.92it/s]Block (6,11,4) ok, attempt=1, duration=2.01s

Blocks:  13%|█▎        | 224/1728 [02:11<10:05,  2.48it/s]Block (0,5,7) root_id=864691136573242786
Block (7,11,10) ok, attempt=1, duration=2.52s

Blocks:  13%|█▎        | 225/1728 [02:11<09:35,  2.61it/s]Block (7,4,7) root_id=864691136573242786
Block (11,6,4) ok, attempt=1, duration=2.48s

Blocks:  13%|█▎        | 226/1728 [02:12<09:12,  2.72it/s]Block (6,3,5) root_id=864691136573242786
Block (0,10,0) ok, attempt=1, duration=2.77s

Blocks:  13%|█▎        | 227/1728 [02:12<07:18,  3.42it/s]Block (3,10,2) root_id=864691136573242786
Block (1,9,8) ok, attempt=1, duration=2.13s

Blocks:  13%|█▎        | 228/1728 [02:12<09:22,  2.67it/s]Block (1,10,9) root_id=864691136573242786
Block (6,10,8) ok, attempt=1, duration=2.88s
Block (7,1,2) ok, attempt=1, duration=2.52s
Block (6,6,10) root_id=864691136573242786
Block (11,1,10) root_id=864691136573242786
Block (11,9,9) ok, attempt=1, duration=2.96s
Block (10,8,6) root_id=864691136573242786

Blocks:  13%|█▎        | 231/1728 [02:13<05:53,  4.23it/s]Block (0,5,7) ok, attempt=1, duration=2.39s
Block (10,0,2) root_id=864691136573242786

Blocks:  13%|█▎        | 232/1728 [02:13<08:08,  3.06it/s]Block (7,4,7) ok, attempt=1, duration=2.20s
Block (9,4,5) root_id=864691136573242786

Blocks:  13%|█▎        | 233/1728 [02:14<07:08,  3.49it/s]Block (3,10,2) ok, attempt=1, duration=2.23s

Blocks:  14%|█▎        | 234/1728 [02:14<08:13,  3.03it/s]Block (5,7,6) root_id=864691136573242786
Block (6,3,5) ok, attempt=1, duration=2.91s

Blocks:  14%|█▎        | 235/1728 [02:15<09:45,  2.55it/s]Block (4,11,9) root_id=864691136573242786
Block (1,10,9) ok, attempt=1, duration=2.54s

Blocks:  14%|█▎        | 236/1728 [02:15<09:16,  2.68it/s]Block (4,3,5) root_id=864691136573242786
Block (6,6,10) ok, attempt=1, duration=2.54s
Block (9,7,10) root_id=864691136573242786
Block (11,1,10) ok, attempt=1, duration=2.83s

Blocks:  14%|█▍        | 238/1728 [02:15<07:16,  3.41it/s]Block (8,7,4) root_id=864691136573242786
Block (10,8,6) ok, attempt=1, duration=2.77s

Blocks:  14%|█▍        | 239/1728 [02:15<06:49,  3.64it/s]Block (6,7,11) root_id=864691136573242786
Block (9,4,5) ok, attempt=1, duration=2.29s
Block (0,6,7) root_id=864691136573242786

Blocks:  14%|█▍        | 240/1728 [02:16<07:16,  3.41it/s]Block (10,0,2) ok, attempt=1, duration=2.63s

Blocks:  14%|█▍        | 241/1728 [02:16<06:24,  3.86it/s]Block (10,1,3) root_id=864691136573242786
Block (5,7,6) ok, attempt=1, duration=2.36s

Blocks:  14%|█▍        | 242/1728 [02:16<07:04,  3.50it/s]Block (1,6,11) root_id=864691136573242786
Block (9,7,10) ok, attempt=1, duration=1.93s

Blocks:  14%|█▍        | 243/1728 [02:17<08:51,  2.79it/s]Block (7,8,0) root_id=864691136573242786
Block (4,11,9) ok, attempt=1, duration=2.64s

Blocks:  14%|█▍        | 244/1728 [02:17<08:32,  2.89it/s]Block (5,8,7) root_id=864691136573242786
Block (8,7,4) ok, attempt=1, duration=2.07s
Block (5,0,3) root_id=864691136573242786

Blocks:  14%|█▍        | 245/1728 [02:17<06:58,  3.54it/s]Block (4,3,5) ok, attempt=1, duration=2.82s

Blocks:  14%|█▍        | 246/1728 [02:18<07:36,  3.24it/s]Block (10,4,8) root_id=864691136573242786
Block (6,7,11) ok, attempt=1, duration=2.94s

Blocks:  14%|█▍        | 247/1728 [02:18<10:47,  2.29it/s]Block (4,4,6) root_id=864691136573242786
Block (10,1,3) ok, attempt=1, duration=3.02s

Blocks:  14%|█▍        | 248/1728 [02:19<11:43,  2.10it/s]Block (0,6,7) ok, attempt=1, duration=3.25s
Block (7,11,5) root_id=864691136573242786
Block (2,7,0) root_id=864691136573242786
Block (1,6,11) ok, attempt=1, duration=3.39s

Blocks:  14%|█▍        | 250/1728 [02:20<10:25,  2.36it/s]Block (9,8,11) root_id=864691136573242786
Block (7,8,0) ok, attempt=1, duration=3.26s

Blocks:  15%|█▍        | 251/1728 [02:20<10:23,  2.37it/s]Block (9,0,7) root_id=864691136573242786
Block (5,0,3) ok, attempt=1, duration=3.29s

Blocks:  15%|█▍        | 252/1728 [02:21<10:42,  2.30it/s]Block (4,7,11) root_id=864691136573242786
Block (5,8,7) ok, attempt=1, duration=4.02s

Blocks:  15%|█▍        | 253/1728 [02:21<12:35,  1.95it/s]Block (10,4,8) ok, attempt=1, duration=3.70s
Block (6,10,3) root_id=864691136573242786
Block (11,9,4) root_id=864691136573242786
Block (7,11,5) ok, attempt=1, duration=3.40s

Blocks:  15%|█▍        | 255/1728 [02:23<13:37,  1.80it/s]Block (1,9,3) root_id=864691136573242786
Block (4,4,6) ok, attempt=1, duration=4.40s

Blocks:  15%|█▍        | 256/1728 [02:23<12:01,  2.04it/s]Block (2,7,0) ok, attempt=1, duration=3.83s
Block (3,6,9) root_id=864691136573242786
Block (8,2,10) root_id=864691136573242786
Block (6,10,3) ok, attempt=1, duration=2.95s

Blocks:  15%|█▍        | 258/1728 [02:24<14:21,  1.71it/s]Block (0,5,2) root_id=864691136573242786
Block (9,8,11) ok, attempt=1, duration=4.57s
Block (7,4,2) root_id=864691136573242786
Block (4,7,11) ok, attempt=1, duration=4.55s

Blocks:  15%|█▌        | 260/1728 [02:25<13:00,  1.88it/s]Block (9,0,7) ok, attempt=1, duration=5.03s
Block (7,3,6) root_id=864691136573242786
Block (9,11,3) root_id=864691136573242786
Block (11,9,4) ok, attempt=1, duration=4.09s

Blocks:  15%|█▌        | 262/1728 [02:26<09:55,  2.46it/s]Block (10,11,7) root_id=864691136573242786
Block (1,9,3) ok, attempt=1, duration=3.38s

Blocks:  15%|█▌        | 263/1728 [02:26<09:21,  2.61it/s]Block (4,10,3) root_id=864691136573242786
Block (8,2,10) ok, attempt=1, duration=3.19s

Blocks:  15%|█▌        | 264/1728 [02:26<08:50,  2.76it/s]Block (6,3,0) root_id=864691136573242786
Block (3,6,9) ok, attempt=1, duration=3.46s

Blocks:  15%|█▌        | 265/1728 [02:26<07:59,  3.05it/s]Block (2,10,10) root_id=864691136573242786
Block (7,4,2) ok, attempt=1, duration=2.37s

Blocks:  15%|█▌        | 266/1728 [02:27<08:20,  2.92it/s]Block (1,10,4) root_id=864691136573242786
Block (0,5,2) ok, attempt=1, duration=3.00s

Blocks:  15%|█▌        | 267/1728 [02:27<10:04,  2.42it/s]Block (8,3,11) root_id=864691136573242786
Block (7,3,6) ok, attempt=1, duration=2.33s
Block (6,6,5) root_id=864691136573242786

Blocks:  16%|█▌        | 268/1728 [02:28<08:59,  2.70it/s]Block (9,11,3) ok, attempt=1, duration=2.63s

Blocks:  16%|█▌        | 269/1728 [02:28<08:10,  2.97it/s]Block (10,8,1) root_id=864691136573242786
Block (10,11,7) ok, attempt=1, duration=2.61s
Block (11,1,5) root_id=864691136573242786

Blocks:  16%|█▌        | 270/1728 [02:28<08:14,  2.95it/s]Block (4,10,3) ok, attempt=1, duration=2.47s

Blocks:  16%|█▌        | 271/1728 [02:28<06:41,  3.63it/s]Block (3,2,11) root_id=864691136573242786
Block (2,10,10) ok, attempt=1, duration=2.24s

Blocks:  16%|█▌        | 272/1728 [02:29<06:43,  3.61it/s]Block (9,4,0) root_id=864691136573242786
Block (6,3,0) ok, attempt=1, duration=2.70s

Blocks:  16%|█▌        | 273/1728 [02:29<06:26,  3.76it/s]Block (0,9,8) root_id=864691136573242786
Block (1,10,4) ok, attempt=1, duration=2.85s
Block (5,7,1) root_id=864691136573242786

Blocks:  16%|█▌        | 274/1728 [02:30<09:55,  2.44it/s]Block (6,6,5) ok, attempt=1, duration=2.33s

Blocks:  16%|█▌        | 275/1728 [02:30<09:18,  2.60it/s]Block (11,4,10) root_id=864691136573242786
Block (8,3,11) ok, attempt=1, duration=2.67s

Blocks:  16%|█▌        | 276/1728 [02:30<07:17,  3.32it/s]Block (4,11,4) root_id=864691136573242786
Block (3,2,11) ok, attempt=1, duration=2.24s
Block (4,3,0) root_id=864691136573242786

Blocks:  16%|█▌        | 277/1728 [02:31<09:04,  2.67it/s]Block (10,8,1) ok, attempt=1, duration=2.79s
Block (9,7,5) root_id=864691136573242786
Block (11,1,5) ok, attempt=1, duration=2.71s

Blocks:  16%|█▌        | 279/1728 [02:31<06:36,  3.65it/s]Block (0,6,2) root_id=864691136573242786
Block (9,4,0) ok, attempt=1, duration=2.77s

Blocks:  16%|█▌        | 280/1728 [02:31<07:55,  3.05it/s]Block (5,8,2) root_id=864691136573242786
Block (11,4,10) ok, attempt=1, duration=1.86s

Blocks:  16%|█▋        | 281/1728 [02:32<08:22,  2.88it/s]Block (11,5,11) root_id=864691136573242786
Block (5,7,1) ok, attempt=1, duration=2.24s
Block (10,4,3) root_id=864691136573242786
Block (0,9,8) ok, attempt=1, duration=3.06s

Blocks:  16%|█▋        | 283/1728 [02:32<05:24,  4.45it/s]Block (4,4,1) root_id=864691136573242786
Block (4,11,4) ok, attempt=1, duration=2.34s

Blocks:  16%|█▋        | 284/1728 [02:32<06:48,  3.54it/s]Block (1,5,10) root_id=864691136573242786
Block (4,3,0) ok, attempt=1, duration=2.13s

Blocks:  16%|█▋        | 285/1728 [02:33<07:04,  3.40it/s]Block (9,8,6) root_id=864691136573242786
Block (0,6,2) ok, attempt=1, duration=2.23s

Blocks:  17%|█▋        | 286/1728 [02:33<07:49,  3.07it/s]Block (7,11,0) root_id=864691136573242786
Block (9,7,5) ok, attempt=1, duration=2.76s

Blocks:  17%|█▋        | 287/1728 [02:33<07:38,  3.15it/s]Block (9,0,2) root_id=864691136573242786
Block (5,8,2) ok, attempt=1, duration=2.52s

Blocks:  17%|█▋        | 288/1728 [02:34<08:48,  2.73it/s]Block (5,11,7) root_id=864691136573242786
Block (11,5,11) ok, attempt=1, duration=2.31s

Blocks:  17%|█▋        | 289/1728 [02:34<07:33,  3.17it/s]Block (0,1,9) root_id=864691136573242786
Block (10,4,3) ok, attempt=1, duration=2.47s

Blocks:  17%|█▋        | 290/1728 [02:34<06:59,  3.43it/s]Block (7,0,9) root_id=864691136573242786
Block (4,4,1) ok, attempt=1, duration=2.52s

Blocks:  17%|█▋        | 291/1728 [02:34<05:41,  4.21it/s]Block (4,7,6) root_id=864691136573242786
Block (9,8,6) ok, attempt=1, duration=2.21s
Block (4,6,10) root_id=864691136573242786

Blocks:  17%|█▋        | 292/1728 [02:35<07:23,  3.24it/s]Block (1,5,10) ok, attempt=1, duration=2.87s

Blocks:  17%|█▋        | 293/1728 [02:35<07:33,  3.17it/s]Block (3,6,4) root_id=864691136573242786
Block (7,11,0) ok, attempt=1, duration=2.57s

Blocks:  17%|█▋        | 294/1728 [02:36<08:25,  2.84it/s]Block (8,10,9) root_id=864691136573242786
Block (9,0,2) ok, attempt=1, duration=2.56s

Blocks:  17%|█▋        | 295/1728 [02:36<07:57,  3.00it/s]Block (8,2,5) root_id=864691136573242786
Block (5,11,7) ok, attempt=1, duration=2.27s

Blocks:  17%|█▋        | 296/1728 [02:36<07:07,  3.35it/s]Block (3,9,9) root_id=864691136573242786
Block (0,1,9) ok, attempt=1, duration=2.92s
Block (7,3,1) root_id=864691136573242786

Blocks:  17%|█▋        | 297/1728 [02:37<10:53,  2.19it/s]Block (4,7,6) ok, attempt=1, duration=2.86s

Blocks:  17%|█▋        | 298/1728 [02:37<09:31,  2.50it/s]Block (10,11,2) root_id=864691136573242786
Block (7,0,9) ok, attempt=1, duration=3.03s
Block (5,3,8) root_id=864691136573242786
Block (3,6,4) ok, attempt=1, duration=2.23s

Blocks:  17%|█▋        | 300/1728 [02:37<06:10,  3.85it/s]Block (2,10,5) root_id=864691136573242786
Block (4,6,10) ok, attempt=1, duration=3.13s

Blocks:  17%|█▋        | 301/1728 [02:38<07:59,  2.98it/s]Block (6,6,0) root_id=864691136573242786
Block (3,9,9) ok, attempt=1, duration=2.02s
Block (8,3,6) root_id=864691136573242786

Blocks:  17%|█▋        | 302/1728 [02:38<06:55,  3.43it/s]Block (8,2,5) ok, attempt=1, duration=2.50s

Blocks:  18%|█▊        | 303/1728 [02:38<06:46,  3.51it/s]Block (11,1,0) root_id=864691136573242786
Block (8,10,9) ok, attempt=1, duration=2.98s

Blocks:  18%|█▊        | 304/1728 [02:39<06:08,  3.86it/s]Block (3,10,10) root_id=864691136573242786
Block (7,3,1) ok, attempt=1, duration=2.04s

Blocks:  18%|█▊        | 305/1728 [02:39<07:11,  3.29it/s]Block (0,9,3) root_id=864691136573242786
Block (5,3,8) ok, attempt=1, duration=2.39s
Block (11,4,5) root_id=864691136573242786

Blocks:  18%|█▊        | 306/1728 [02:40<09:51,  2.40it/s]Block (10,11,2) ok, attempt=1, duration=2.50s
Block (10,0,10) root_id=864691136573242786
Block (2,10,5) ok, attempt=1, duration=2.82s

Blocks:  18%|█▊        | 308/1728 [02:40<08:11,  2.89it/s]Block (9,7,0) root_id=864691136573242786
Block (6,6,0) ok, attempt=1, duration=2.54s

Blocks:  18%|█▊        | 309/1728 [02:41<07:50,  3.01it/s]Block (7,7,7) root_id=864691136573242786
Block (8,3,6) ok, attempt=1, duration=2.46s
Block (11,5,6) root_id=864691136573242786
Block (3,10,10) ok, attempt=1, duration=2.60s

Blocks:  18%|█▊        | 311/1728 [02:41<07:57,  2.97it/s]Block (1,5,5) root_id=864691136573242786
Block (11,1,0) ok, attempt=1, duration=2.93s
Block (6,9,10) root_id=864691136573242786

Blocks:  18%|█▊        | 312/1728 [02:41<06:54,  3.41it/s]Block (0,9,3) ok, attempt=1, duration=2.80s

Blocks:  18%|█▊        | 313/1728 [02:42<07:49,  3.01it/s]Block (6,1,6) root_id=864691136573242786
Block (10,0,10) ok, attempt=1, duration=2.24s
Block (10,7,9) root_id=864691136573242786

Blocks:  18%|█▊        | 314/1728 [02:42<06:49,  3.46it/s]Block (11,4,5) ok, attempt=1, duration=2.37s

Blocks:  18%|█▊        | 315/1728 [02:42<05:56,  3.96it/s]Block (4,6,5) root_id=864691136573242786
Block (7,7,7) ok, attempt=1, duration=1.97s

Blocks:  18%|█▊        | 316/1728 [02:43<06:41,  3.51it/s]Block (8,10,4) root_id=864691136573242786
Block (9,7,0) ok, attempt=1, duration=2.36s
Block (6,10,11) root_id=864691136573242786
Block (11,5,6) ok, attempt=1, duration=2.32s

Blocks:  18%|█▊        | 318/1728 [02:43<06:03,  3.88it/s]Block (8,2,0) root_id=864691136573242786
Block (6,9,10) ok, attempt=1, duration=2.34s

Blocks:  18%|█▊        | 319/1728 [02:44<08:51,  2.65it/s]Block (6,2,7) root_id=864691136573242786
Block (1,5,5) ok, attempt=1, duration=3.03s
Block (3,9,4) root_id=864691136573242786

Blocks:  19%|█▊        | 320/1728 [02:44<09:50,  2.39it/s]Block (10,7,9) ok, attempt=1, duration=2.29s
Block (1,9,11) root_id=864691136573242786
Block (8,10,4) ok, attempt=1, duration=2.34s
Block (0,5,10) root_id=864691136573242786

Blocks:  19%|█▊        | 322/1728 [02:45<08:36,  2.72it/s]Block (6,1,6) ok, attempt=1, duration=3.09s
Block (5,3,3) root_id=864691136573242786
Block (6,10,11) ok, attempt=1, duration=2.35s

Blocks:  19%|█▉        | 324/1728 [02:45<05:51,  4.00it/s]Block (2,10,0) root_id=864691136573242786
Block (4,6,5) ok, attempt=1, duration=2.99s

Blocks:  19%|█▉        | 325/1728 [02:45<05:19,  4.39it/s]Block (9,11,11) root_id=864691136573242786
Block (8,2,0) ok, attempt=1, duration=2.31s

Blocks:  19%|█▉        | 326/1728 [02:45<04:58,  4.69it/s]Block (9,3,7) root_id=864691136573242786
Block (3,9,4) ok, attempt=1, duration=1.88s

Blocks:  19%|█▉        | 327/1728 [02:46<08:45,  2.66it/s]Block (5,6,8) root_id=864691136573242786
Block (6,2,7) ok, attempt=1, duration=2.52s
Block (8,3,1) root_id=864691136573242786

Blocks:  19%|█▉        | 328/1728 [02:46<07:06,  3.28it/s]Block (1,9,11) ok, attempt=1, duration=2.48s
Block (4,10,11) root_id=864691136573242786

Blocks:  19%|█▉        | 329/1728 [02:47<08:31,  2.74it/s]Block (0,5,10) ok, attempt=1, duration=2.64s
Block (5,3,3) ok, attempt=1, duration=2.58s

Blocks:  19%|█▉        | 330/1728 [02:47<10:49,  2.15it/s]Block (11,4,0) root_id=864691136573242786
Block (4,2,7) root_id=864691136573242786
Block (9,3,7) ok, attempt=1, duration=2.28s
Block (10,8,9) root_id=864691136573242786
Block (2,10,0) ok, attempt=1, duration=2.86s

Blocks:  19%|█▉        | 333/1728 [02:48<06:22,  3.65it/s]Block (10,0,5) root_id=864691136573242786
Block (9,11,11) ok, attempt=1, duration=2.74s
Block (0,8,2) root_id=864691136573242786
Block (5,6,8) ok, attempt=1, duration=1.99s

Blocks:  19%|█▉        | 335/1728 [02:48<05:19,  4.35it/s]Block (7,7,2) root_id=864691136573242786
Block (8,3,1) ok, attempt=1, duration=2.16s
Block (9,4,8) root_id=864691136573242786

Blocks:  19%|█▉        | 336/1728 [02:48<05:33,  4.17it/s]Block (4,10,11) ok, attempt=1, duration=2.50s
Block (3,4,10) root_id=864691136573242786

Blocks:  20%|█▉        | 337/1728 [02:49<08:45,  2.65it/s]Block (11,4,0) ok, attempt=1, duration=2.18s

Blocks:  20%|█▉        | 338/1728 [02:50<08:52,  2.61it/s]Block (5,10,2) root_id=864691136573242786
Block (4,2,7) ok, attempt=1, duration=2.82s

Blocks:  20%|█▉        | 339/1728 [02:50<10:18,  2.25it/s]Block (11,5,1) root_id=864691136573242786
Block (10,8,9) ok, attempt=1, duration=2.83s
Block (9,10,6) root_id=864691136573242786

Blocks:  20%|█▉        | 340/1728 [02:50<08:13,  2.81it/s]Block (7,7,2) ok, attempt=1, duration=2.43s
Block (1,5,0) root_id=864691136573242786

Blocks:  20%|█▉        | 341/1728 [02:51<06:54,  3.35it/s]Block (9,4,8) ok, attempt=1, duration=2.23s
Block (7,2,9) root_id=864691136573242786
Block (0,8,2) ok, attempt=1, duration=2.89s
Block (10,0,5) ok, attempt=1, duration=2.93s

Blocks:  20%|█▉        | 343/1728 [02:51<04:52,  4.73it/s]Block (8,6,11) root_id=864691136573242786
Block (6,9,5) root_id=864691136573242786
Block (3,4,10) ok, attempt=1, duration=1.94s

Blocks:  20%|█▉        | 345/1728 [02:51<05:02,  4.58it/s]Block (4,9,6) root_id=864691136573242786
Block (5,10,2) ok, attempt=1, duration=2.23s

Blocks:  20%|██        | 346/1728 [02:52<07:21,  3.13it/s]Block (6,1,1) root_id=864691136573242786
Block (11,5,1) ok, attempt=1, duration=2.39s
Block (3,5,11) root_id=864691136573242786

Blocks:  20%|██        | 347/1728 [02:53<09:55,  2.32it/s]Block (9,10,6) ok, attempt=1, duration=2.67s
Block (10,7,4) root_id=864691136573242786

Blocks:  20%|██        | 348/1728 [02:53<09:35,  2.40it/s]Block (1,5,0) ok, attempt=1, duration=2.71s

Blocks:  20%|██        | 349/1728 [02:53<08:15,  2.79it/s]Block (4,6,0) root_id=864691136573242786
Block (8,6,11) ok, attempt=1, duration=2.67s

Blocks:  20%|██        | 350/1728 [02:53<06:59,  3.29it/s]Block (2,6,7) root_id=864691136573242786
Block (7,2,9) ok, attempt=1, duration=2.89s
Block (6,10,6) root_id=864691136573242786
Block (6,9,5) ok, attempt=1, duration=2.91s
Block (6,2,2) root_id=864691136573242786

Blocks:  20%|██        | 352/1728 [02:54<05:11,  4.42it/s]Block (4,9,6) ok, attempt=1, duration=2.57s

Blocks:  20%|██        | 353/1728 [02:54<04:32,  5.05it/s]Block (1,9,6) root_id=864691136573242786
Block (6,1,1) ok, attempt=1, duration=2.49s

Blocks:  20%|██        | 354/1728 [02:54<06:52,  3.33it/s]Block (11,8,11) root_id=864691136573242786
Block (3,5,11) ok, attempt=1, duration=2.00s
Block (0,5,5) root_id=864691136573242786

Blocks:  21%|██        | 355/1728 [02:55<06:54,  3.32it/s]Block (10,7,4) ok, attempt=1, duration=2.18s

Blocks:  21%|██        | 356/1728 [02:55<08:27,  2.70it/s]Block (11,0,7) root_id=864691136573242786
Block (2,6,7) ok, attempt=1, duration=2.22s

Blocks:  21%|██        | 357/1728 [02:56<08:40,  2.64it/s]Block (1,8,10) root_id=864691136573242786
Block (6,10,6) ok, attempt=1, duration=2.21s
Block (9,11,6) root_id=864691136573242786
Block (4,6,0) ok, attempt=1, duration=2.57s

Blocks:  21%|██        | 359/1728 [02:56<05:50,  3.91it/s]Block (9,3,2) root_id=864691136573242786
Block (1,9,6) ok, attempt=1, duration=2.28s
Block (0,4,9) root_id=864691136573242786

Blocks:  21%|██        | 360/1728 [02:56<05:39,  4.03it/s]Block (6,2,2) ok, attempt=1, duration=2.85s
Block (7,3,9) root_id=864691136573242786

Blocks:  21%|██        | 361/1728 [02:57<06:50,  3.33it/s]Block (11,8,11) ok, attempt=1, duration=2.61s

Blocks:  21%|██        | 362/1728 [02:57<07:53,  2.89it/s]Block (10,11,10) root_id=864691136573242786
Block (0,5,5) ok, attempt=1, duration=2.39s
Block (5,6,3) root_id=864691136573242786
Block (11,0,7) ok, attempt=1, duration=2.33s

Blocks:  21%|██        | 364/1728 [02:58<07:18,  3.11it/s]Block (4,10,6) root_id=864691136573242786
Block (9,11,6) ok, attempt=1, duration=2.29s
Block (4,2,2) root_id=864691136573242786

Blocks:  21%|██        | 365/1728 [02:58<07:52,  2.88it/s]Block (1,8,10) ok, attempt=1, duration=2.60s

Blocks:  21%|██        | 366/1728 [02:58<07:20,  3.09it/s]Block (2,2,9) root_id=864691136573242786
Block (9,3,2) ok, attempt=1, duration=2.77s

Blocks:  21%|██        | 367/1728 [02:59<07:44,  2.93it/s]Block (11,1,8) root_id=864691136573242786
Block (0,4,9) ok, attempt=1, duration=2.82s

Blocks:  21%|██▏       | 368/1728 [02:59<07:14,  3.13it/s]Block (10,0,0) root_id=864691136573242786
Block (7,3,9) ok, attempt=1, duration=2.69s

Blocks:  21%|██▏       | 369/1728 [02:59<07:08,  3.17it/s]Block (8,5,5) root_id=864691136573242786
Block (5,6,3) ok, attempt=1, duration=2.21s
Block (3,4,5) root_id=864691136573242786
Block (10,11,10) ok, attempt=1, duration=2.68s

Blocks:  21%|██▏       | 371/1728 [03:00<06:17,  3.59it/s]Block (0,0,11) root_id=864691136573242786
Block (4,2,2) ok, attempt=1, duration=1.96s

Blocks:  22%|██▏       | 372/1728 [03:00<06:20,  3.56it/s]Block (9,10,1) root_id=864691136573242786
Block (2,2,9) ok, attempt=1, duration=1.93s

Blocks:  22%|██▏       | 373/1728 [03:00<05:56,  3.80it/s]Block (7,10,8) root_id=864691136573242786
Block (4,10,6) ok, attempt=1, duration=2.65s
Block (6,9,0) root_id=864691136573242786
Block (11,1,8) ok, attempt=1, duration=1.96s
Block (7,2,4) root_id=864691136573242786

Blocks:  22%|██▏       | 375/1728 [03:01<05:33,  4.06it/s]Block (10,0,0) ok, attempt=1, duration=2.15s

Blocks:  22%|██▏       | 376/1728 [03:01<06:25,  3.51it/s]Block (4,9,1) root_id=864691136573242786
Block (8,5,5) ok, attempt=1, duration=1.93s

Blocks:  22%|██▏       | 377/1728 [03:01<05:27,  4.13it/s]Block (8,6,6) root_id=864691136573242786
Block (3,4,5) ok, attempt=1, duration=2.71s

Blocks:  22%|██▏       | 378/1728 [03:02<09:09,  2.46it/s]Block (2,9,8) root_id=864691136573242786
Block (7,10,8) ok, attempt=1, duration=2.17s

Blocks:  22%|██▏       | 379/1728 [03:02<08:40,  2.59it/s]Block (3,5,6) root_id=864691136573242786
Block (0,0,11) ok, attempt=1, duration=3.02s
Block (8,9,11) root_id=864691136573242786
Block (9,10,1) ok, attempt=1, duration=2.74s
Block (11,7,5) root_id=864691136573242786

Blocks:  22%|██▏       | 380/1728 [03:03<08:30,  2.64it/s]Block (7,2,4) ok, attempt=1, duration=2.22s

Blocks:  22%|██▏       | 382/1728 [03:03<05:20,  4.19it/s]Block (10,3,10) root_id=864691136573242786
Block (6,9,0) ok, attempt=1, duration=2.79s
Block (2,6,2) root_id=864691136573242786

Blocks:  22%|██▏       | 383/1728 [03:03<05:08,  4.36it/s]Block (4,9,1) ok, attempt=1, duration=2.58s

Blocks:  22%|██▏       | 384/1728 [03:04<07:10,  3.12it/s]Block (6,10,1) root_id=864691136573242786
Block (8,6,6) ok, attempt=1, duration=2.57s
Block (5,2,10) root_id=864691136573242786
Block (2,9,8) ok, attempt=1, duration=1.97s

Blocks:  22%|██▏       | 386/1728 [03:04<05:57,  3.75it/s]Block (11,8,6) root_id=864691136573242786
Block (3,5,6) ok, attempt=1, duration=2.70s
Block (8,2,8) root_id=864691136573242786

Blocks:  22%|██▏       | 387/1728 [03:05<09:55,  2.25it/s]Block (10,3,10) ok, attempt=1, duration=2.54s

Blocks:  22%|██▏       | 388/1728 [03:05<09:19,  2.39it/s]Block (11,0,2) root_id=864691136573242786
Block (11,7,5) ok, attempt=1, duration=2.86s
Block (8,9,11) ok, attempt=1, duration=2.90s
Block (1,8,5) root_id=864691136573242786
Block (9,11,1) root_id=864691136573242786

Blocks:  23%|██▎       | 389/1728 [03:06<08:13,  2.71it/s]Block (2,6,2) ok, attempt=1, duration=2.71s

Blocks:  23%|██▎       | 391/1728 [03:06<05:21,  4.16it/s]Block (0,4,4) root_id=864691136573242786
Block (11,8,6) ok, attempt=1, duration=1.85s
Block (7,3,4) root_id=864691136573242786
Block (5,2,10) ok, attempt=1, duration=2.25s

Blocks:  23%|██▎       | 393/1728 [03:06<04:14,  5.25it/s]Block (4,10,1) root_id=864691136573242786
Block (6,10,1) ok, attempt=1, duration=2.48s

Blocks:  23%|██▎       | 394/1728 [03:06<04:00,  5.55it/s]Block (1,11,10) root_id=864691136573242786
Block (8,2,8) ok, attempt=1, duration=1.48s

Blocks:  23%|██▎       | 395/1728 [03:07<05:13,  4.25it/s]Block (0,7,9) root_id=864691136573242786
Block (1,8,5) ok, attempt=1, duration=2.08s

Blocks:  23%|██▎       | 396/1728 [03:08<10:22,  2.14it/s]Block (10,10,9) root_id=864691136573242786
Block (11,0,2) ok, attempt=1, duration=2.49s
Block (11,1,3) root_id=864691136573242786

Blocks:  23%|██▎       | 397/1728 [03:08<08:44,  2.54it/s]Block (1,11,10) ok, attempt=1, duration=2.09s

Blocks:  23%|██▎       | 398/1728 [03:08<08:16,  2.68it/s]Block (9,6,8) root_id=864691136573242786
Block (0,4,4) ok, attempt=1, duration=2.63s

Blocks:  23%|██▎       | 399/1728 [03:08<07:06,  3.12it/s]Block (2,1,8) root_id=864691136573242786
Block (4,10,1) ok, attempt=1, duration=2.50s
Block (5,9,9) root_id=864691136573242786
Block (9,11,1) ok, attempt=1, duration=2.97s

Blocks:  23%|██▎       | 401/1728 [03:09<05:01,  4.40it/s]Block (8,5,0) root_id=864691136573242786
Block (7,3,4) ok, attempt=1, duration=2.78s
Block (6,5,7) root_id=864691136573242786
Block (0,7,9) ok, attempt=1, duration=2.33s

Blocks:  23%|██▎       | 403/1728 [03:09<04:10,  5.28it/s]Block (4,5,8) root_id=864691136573242786
Block (10,10,9) ok, attempt=1, duration=1.96s
Block (11,4,8) root_id=864691136573242786

Blocks:  23%|██▎       | 404/1728 [03:10<07:03,  3.13it/s]Block (11,1,3) ok, attempt=1, duration=2.02s

Blocks:  23%|██▎       | 405/1728 [03:10<06:38,  3.32it/s]Block (3,4,0) root_id=864691136573242786
Block (6,5,7) ok, attempt=1, duration=1.98s

Blocks:  23%|██▎       | 406/1728 [03:11<08:58,  2.46it/s]Block (1,4,7) root_id=864691136573242786
Block (9,6,8) ok, attempt=1, duration=2.85s

Blocks:  24%|██▎       | 407/1728 [03:11<09:08,  2.41it/s]Block (0,8,10) root_id=864691136573242786
Block (2,1,8) ok, attempt=1, duration=2.68s
Block (7,10,3) root_id=864691136573242786
Block (5,9,9) ok, attempt=1, duration=2.65s
Block (5,10,10) root_id=864691136573242786
Block (8,5,0) ok, attempt=1, duration=2.89s

Blocks:  24%|██▎       | 410/1728 [03:11<05:53,  3.73it/s]Block (4,5,8) ok, attempt=1, duration=2.61s
Block (8,6,1) root_id=864691136573242786
Block (10,6,11) root_id=864691136573242786
Block (11,4,8) ok, attempt=1, duration=2.33s

Blocks:  24%|██▍       | 412/1728 [03:12<05:46,  3.80it/s]Block (2,9,3) root_id=864691136573242786
Block (3,4,0) ok, attempt=1, duration=2.37s

Blocks:  24%|██▍       | 413/1728 [03:12<05:53,  3.72it/s]Block (3,5,1) root_id=864691136573242786
Block (1,4,7) ok, attempt=1, duration=2.76s

Blocks:  24%|██▍       | 414/1728 [03:13<09:51,  2.22it/s]Block (8,9,6) root_id=864691136573242786
Block (0,8,10) ok, attempt=1, duration=2.40s
Block (9,2,10) root_id=864691136573242786
Block (7,10,3) ok, attempt=1, duration=2.67s

Blocks:  24%|██▍       | 416/1728 [03:14<07:37,  2.87it/s]Block (1,5,8) root_id=864691136573242786
Block (5,10,10) ok, attempt=1, duration=2.76s

Blocks:  24%|██▍       | 417/1728 [03:14<06:40,  3.27it/s]Block (11,7,0) root_id=864691136573242786
Block (3,5,1) ok, attempt=1, duration=2.06s

Blocks:  24%|██▍       | 418/1728 [03:14<07:22,  2.96it/s]Block (6,1,9) root_id=864691136573242786
Block (2,9,3) ok, attempt=1, duration=2.42s
Block (10,3,5) root_id=864691136573242786
Block (8,6,1) ok, attempt=1, duration=2.96s
Block (5,2,5) root_id=864691136573242786
Block (10,6,11) ok, attempt=1, duration=3.03s

Blocks:  24%|██▍       | 421/1728 [03:15<04:18,  5.06it/s]Block (4,6,8) root_id=864691136573242786
Block (11,7,0) ok, attempt=1, duration=2.00s

Blocks:  24%|██▍       | 422/1728 [03:16<09:17,  2.34it/s]Block (11,8,1) root_id=864691136573242786
Block (9,2,10) ok, attempt=1, duration=2.73s
Block (1,8,0) root_id=864691136573242786

Blocks:  24%|██▍       | 423/1728 [03:16<08:39,  2.51it/s]Block (8,9,6) ok, attempt=1, duration=3.01s

Blocks:  25%|██▍       | 424/1728 [03:16<07:42,  2.82it/s]Block (8,1,7) root_id=864691136573242786
Block (1,5,8) ok, attempt=1, duration=2.84s
Block (6,4,1) root_id=864691136573242786

Blocks:  25%|██▍       | 425/1728 [03:17<06:45,  3.21it/s]Block (10,3,5) ok, attempt=1, duration=2.46s

Blocks:  25%|██▍       | 426/1728 [03:17<06:29,  3.34it/s]Block (1,11,5) root_id=864691136573242786
Block (5,2,5) ok, attempt=1, duration=2.50s
Block (3,8,11) root_id=864691136573242786
Block (4,6,8) ok, attempt=1, duration=2.65s

Blocks:  25%|██▍       | 428/1728 [03:17<05:14,  4.13it/s]Block (0,7,4) root_id=864691136573242786
Block (6,1,9) ok, attempt=1, duration=2.87s
Block (10,10,4) root_id=864691136573242786
Block (11,8,1) ok, attempt=1, duration=1.89s

Blocks:  25%|██▍       | 430/1728 [03:18<05:46,  3.75it/s]Block (10,2,0) root_id=864691136573242786
Block (1,8,0) ok, attempt=1, duration=2.31s

Blocks:  25%|██▍       | 431/1728 [03:19<07:47,  2.77it/s]Block (9,6,3) root_id=864691136573242786
Block (8,1,7) ok, attempt=1, duration=2.79s

Blocks:  25%|██▌       | 432/1728 [03:19<09:28,  2.28it/s]Block (7,6,10) root_id=864691136573242786
Block (6,4,1) ok, attempt=1, duration=2.89s

Blocks:  25%|██▌       | 433/1728 [03:19<08:34,  2.52it/s]Block (5,9,4) root_id=864691136573242786
Block (1,11,5) ok, attempt=1, duration=2.68s
Block (6,5,2) root_id=864691136573242786
Block (10,10,4) ok, attempt=1, duration=2.40s

Blocks:  25%|██▌       | 435/1728 [03:20<05:33,  3.88it/s]Block (4,5,3) root_id=864691136573242786
Block (3,8,11) ok, attempt=1, duration=2.82s

Blocks:  25%|██▌       | 436/1728 [03:20<05:07,  4.20it/s]Block (0,7,4) ok, attempt=1, duration=2.60s
Block (2,5,10) root_id=864691136573242786
Block (9,9,8) root_id=864691136573242786
Block (10,2,0) ok, attempt=1, duration=2.16s

Blocks:  25%|██▌       | 438/1728 [03:20<03:57,  5.44it/s]Block (1,4,2) root_id=864691136573242786
Block (9,6,3) ok, attempt=1, duration=1.99s

Blocks:  25%|██▌       | 439/1728 [03:21<05:36,  3.84it/s]Block (3,1,8) root_id=864691136573242786
Block (6,5,2) ok, attempt=1, duration=2.20s

Blocks:  25%|██▌       | 440/1728 [03:22<10:34,  2.03it/s]Block (0,8,5) root_id=864691136573242786
Block (2,5,10) ok, attempt=1, duration=2.14s

Blocks:  26%|██▌       | 441/1728 [03:22<08:54,  2.41it/s]Block (11,11,11) root_id=864691136573242786
Block (7,6,10) ok, attempt=1, duration=2.85s

Blocks:  26%|██▌       | 442/1728 [03:22<07:12,  2.97it/s]Block (11,3,7) root_id=864691136573242786
Block (5,9,4) ok, attempt=1, duration=2.73s

Blocks:  26%|██▌       | 443/1728 [03:22<06:09,  3.48it/s]Block (5,10,5) root_id=864691136573242786
Block (4,5,3) ok, attempt=1, duration=2.79s

Blocks:  26%|██▌       | 444/1728 [03:22<05:33,  3.85it/s]Block (10,6,6) root_id=864691136573242786
Block (9,9,8) ok, attempt=1, duration=2.70s
Block (9,10,9) root_id=864691136573242786
Block (1,4,2) ok, attempt=1, duration=2.61s

Blocks:  26%|██▌       | 446/1728 [03:23<03:58,  5.37it/s]Block (9,2,5) root_id=864691136573242786
Block (3,1,8) ok, attempt=1, duration=2.19s

Blocks:  26%|██▌       | 447/1728 [03:23<03:34,  5.98it/s]Block (8,9,1) root_id=864691136573242786
Block (11,11,11) ok, attempt=1, duration=2.03s
Block (4,9,9) root_id=864691136573242786

Blocks:  26%|██▌       | 448/1728 [03:24<09:33,  2.23it/s]Block (0,8,5) ok, attempt=1, duration=2.48s

Blocks:  26%|██▌       | 449/1728 [03:24<08:30,  2.50it/s]Block (6,1,4) root_id=864691136573242786
Block (11,3,7) ok, attempt=1, duration=2.45s

Blocks:  26%|██▌       | 450/1728 [03:25<07:50,  2.71it/s]Block (10,3,0) root_id=864691136573242786
Block (5,10,5) ok, attempt=1, duration=2.56s

Blocks:  26%|██▌       | 451/1728 [03:25<07:09,  2.97it/s]Block (6,0,8) root_id=864691136573242786
Block (10,6,6) ok, attempt=1, duration=2.73s

Blocks:  26%|██▌       | 452/1728 [03:25<07:19,  2.91it/s]Block (5,2,0) root_id=864691136573242786
Block (9,10,9) ok, attempt=1, duration=2.72s
Block (4,6,3) root_id=864691136573242786
Block (8,9,1) ok, attempt=1, duration=2.55s

Blocks:  26%|██▋       | 454/1728 [03:25<04:34,  4.64it/s]Block (0,3,11) root_id=864691136573242786
Block (9,2,5) ok, attempt=1, duration=2.88s

Blocks:  26%|██▋       | 455/1728 [03:25<04:35,  4.61it/s]Block (7,5,4) root_id=864691136573242786
Block (4,9,9) ok, attempt=1, duration=2.13s

Blocks:  26%|██▋       | 456/1728 [03:26<06:49,  3.10it/s]Block (5,5,11) root_id=864691136573242786
Block (10,3,0) ok, attempt=1, duration=2.22s

Blocks:  26%|██▋       | 457/1728 [03:27<08:37,  2.46it/s]Block (8,1,2) root_id=864691136573242786
Block (6,1,4) ok, attempt=1, duration=2.83s

Blocks:  27%|██▋       | 458/1728 [03:27<08:12,  2.58it/s]Block (2,4,4) root_id=864691136573242786
Block (6,0,8) ok, attempt=1, duration=2.69s

Blocks:  27%|██▋       | 459/1728 [03:27<08:12,  2.58it/s]Block (3,8,6) root_id=864691136573242786
Block (5,2,0) ok, attempt=1, duration=2.55s

Blocks:  27%|██▋       | 460/1728 [03:28<07:17,  2.90it/s]Block (1,11,0) root_id=864691136573242786
Block (0,3,11) ok, attempt=1, duration=2.52s
Block (4,1,10) root_id=864691136573242786
Block (4,6,3) ok, attempt=1, duration=2.83s

Blocks:  27%|██▋       | 462/1728 [03:28<05:31,  3.82it/s]Block (1,0,9) root_id=864691136573242786
Block (7,5,4) ok, attempt=1, duration=2.89s

Blocks:  27%|██▋       | 463/1728 [03:28<05:59,  3.52it/s]Block (8,4,7) root_id=864691136573242786
Block (5,5,11) ok, attempt=1, duration=2.43s
Block (3,11,11) root_id=864691136573242786

Blocks:  27%|██▋       | 464/1728 [03:29<05:18,  3.97it/s]Block (8,1,2) ok, attempt=1, duration=2.65s

Blocks:  27%|██▋       | 465/1728 [03:29<08:45,  2.40it/s]Block (7,6,5) root_id=864691136573242786
Block (2,4,4) ok, attempt=1, duration=2.56s

Blocks:  27%|██▋       | 466/1728 [03:30<07:38,  2.75it/s]Block (9,9,3) root_id=864691136573242786
Block (3,8,6) ok, attempt=1, duration=2.77s
Block (2,5,5) root_id=864691136573242786

Blocks:  27%|██▋       | 467/1728 [03:30<09:06,  2.31it/s]Block (4,1,10) ok, attempt=1, duration=2.74s

Blocks:  27%|██▋       | 468/1728 [03:31<08:12,  2.56it/s]Block (7,9,10) root_id=864691136573242786
Block (1,11,0) ok, attempt=1, duration=2.87s
Block (11,11,6) root_id=864691136573242786
Block (1,0,9) ok, attempt=1, duration=2.77s

Blocks:  27%|██▋       | 470/1728 [03:31<05:47,  3.63it/s]Block (8,5,8) root_id=864691136573242786
Block (8,4,7) ok, attempt=1, duration=2.49s
Block (0,8,0) root_id=864691136573242786
Block (3,11,11) ok, attempt=1, duration=2.34s
Block (11,3,2) root_id=864691136573242786
Block (7,6,5) ok, attempt=1, duration=2.36s

Blocks:  27%|██▋       | 473/1728 [03:32<06:15,  3.34it/s]Block (3,4,8) root_id=864691136573242786
Block (9,9,3) ok, attempt=1, duration=2.42s

Blocks:  27%|██▋       | 474/1728 [03:32<06:09,  3.39it/s]Block (5,10,0) root_id=864691136573242786
Block (11,11,6) ok, attempt=1, duration=2.28s

Blocks:  27%|██▋       | 475/1728 [03:33<08:29,  2.46it/s]Block (10,6,1) root_id=864691136573242786
Block (7,9,10) ok, attempt=1, duration=2.52s

Blocks:  28%|██▊       | 476/1728 [03:33<07:26,  2.81it/s]Block (9,10,4) root_id=864691136573242786
Block (2,5,5) ok, attempt=1, duration=3.05s
Block (9,2,0) root_id=864691136573242786

Blocks:  28%|██▊       | 477/1728 [03:33<06:49,  3.06it/s]Block (11,3,2) ok, attempt=1, duration=2.55s

Blocks:  28%|██▊       | 478/1728 [03:33<05:48,  3.59it/s]Block (7,2,7) root_id=864691136573242786
Block (8,5,8) ok, attempt=1, duration=2.84s

Blocks:  28%|██▊       | 479/1728 [03:34<05:22,  3.87it/s]Block (4,9,4) root_id=864691136573242786
Block (0,8,0) ok, attempt=1, duration=2.87s

Blocks:  28%|██▊       | 480/1728 [03:34<04:33,  4.56it/s]Block (8,8,0) root_id=864691136573242786
Block (3,4,8) ok, attempt=1, duration=2.09s

Blocks:  28%|██▊       | 481/1728 [03:34<03:50,  5.40it/s]Block (6,8,7) root_id=864691136573242786
Block (5,10,0) ok, attempt=1, duration=2.13s

Blocks:  28%|██▊       | 482/1728 [03:34<04:36,  4.50it/s]Block (7,1,11) root_id=864691136573242786
Block (9,10,4) ok, attempt=1, duration=2.23s

Blocks:  28%|██▊       | 483/1728 [03:35<10:03,  2.06it/s]Block (4,8,8) root_id=864691136573242786
Block (9,2,0) ok, attempt=1, duration=2.22s

Blocks:  28%|██▊       | 484/1728 [03:36<08:23,  2.47it/s]Block (6,0,3) root_id=864691136573242786
Block (10,6,1) ok, attempt=1, duration=2.77s
Block (11,7,8) root_id=864691136573242786

Blocks:  28%|██▊       | 485/1728 [03:36<06:37,  3.13it/s]Block (7,2,7) ok, attempt=1, duration=2.57s
Block (3,7,0) root_id=864691136573242786

Blocks:  28%|██▊       | 486/1728 [03:36<07:01,  2.95it/s]Block (4,9,4) ok, attempt=1, duration=2.43s
Block (2,0,11) root_id=864691136573242786
Block (8,8,0) ok, attempt=1, duration=2.48s

Blocks:  28%|██▊       | 488/1728 [03:36<04:52,  4.24it/s]Block (1,7,7) root_id=864691136573242786
Block (6,8,7) ok, attempt=1, duration=2.50s

Blocks:  28%|██▊       | 489/1728 [03:36<04:18,  4.80it/s]Block (0,11,10) root_id=864691136573242786
Block (7,1,11) ok, attempt=1, duration=2.26s
Block (5,5,6) root_id=864691136573242786
Block (4,8,8) ok, attempt=1, duration=1.86s

Blocks:  28%|██▊       | 491/1728 [03:37<05:53,  3.50it/s]Block (10,9,11) root_id=864691136573242786
Block (6,0,3) ok, attempt=1, duration=2.29s
Block (4,1,5) root_id=864691136573242786

Blocks:  28%|██▊       | 492/1728 [03:38<07:36,  2.71it/s]Block (11,7,8) ok, attempt=1, duration=2.61s
Block (3,8,1) root_id=864691136573242786

Blocks:  29%|██▊       | 493/1728 [03:38<07:54,  2.60it/s]Block (3,7,0) ok, attempt=1, duration=2.61s

Blocks:  29%|██▊       | 494/1728 [03:39<07:52,  2.61it/s]Block (9,5,10) root_id=864691136573242786
Block (2,0,11) ok, attempt=1, duration=2.59s
Block (1,8,8) root_id=864691136573242786
Block (1,7,7) ok, attempt=1, duration=2.46s
Block (8,4,2) root_id=864691136573242786
Block (0,11,10) ok, attempt=1, duration=2.62s
Block (6,4,9) root_id=864691136573242786

Blocks:  29%|██▉       | 497/1728 [03:39<05:05,  4.03it/s]Block (5,5,6) ok, attempt=1, duration=2.65s
Block (0,4,7) root_id=864691136573242786
Block (10,9,11) ok, attempt=1, duration=2.52s

Blocks:  29%|██▉       | 499/1728 [03:40<05:45,  3.56it/s]Block (3,11,6) root_id=864691136573242786
Block (4,1,5) ok, attempt=1, duration=2.21s

Blocks:  29%|██▉       | 500/1728 [03:40<05:56,  3.44it/s]Block (7,6,0) root_id=864691136573242786
Block (3,8,1) ok, attempt=1, duration=1.95s

Blocks:  29%|██▉       | 501/1728 [03:40<05:25,  3.77it/s]Block (10,2,8) root_id=864691136573242786
Block (8,4,2) ok, attempt=1, duration=2.15s

Blocks:  29%|██▉       | 502/1728 [03:41<07:23,  2.77it/s]Block (2,5,0) root_id=864691136573242786
Block (6,4,9) ok, attempt=1, duration=2.12s

Blocks:  29%|██▉       | 503/1728 [03:41<06:46,  3.01it/s]Block (7,9,5) root_id=864691136573242786
Block (1,8,8) ok, attempt=1, duration=2.67s

Blocks:  29%|██▉       | 504/1728 [03:41<06:10,  3.31it/s]Block (2,1,11) root_id=864691136573242786
Block (9,5,10) ok, attempt=1, duration=2.76s
Block (9,6,11) root_id=864691136573242786
Block (3,11,6) ok, attempt=1, duration=2.18s

Blocks:  29%|██▉       | 506/1728 [03:42<05:55,  3.44it/s]Block (8,5,3) root_id=864691136573242786
Block (0,4,7) ok, attempt=1, duration=2.91s

Blocks:  29%|██▉       | 507/1728 [03:42<05:07,  3.97it/s]Block (11,11,1) root_id=864691136573242786
Block (7,6,0) ok, attempt=1, duration=2.33s

Blocks:  29%|██▉       | 508/1728 [03:42<05:35,  3.64it/s]Block (4,5,11) root_id=864691136573242786
Block (10,2,8) ok, attempt=1, duration=2.31s
Block (3,4,3) root_id=864691136573242786

Blocks:  29%|██▉       | 509/1728 [03:43<04:55,  4.12it/s]Block (7,9,5) ok, attempt=1, duration=2.15s

Blocks:  30%|██▉       | 510/1728 [03:43<07:49,  2.60it/s]Block (6,11,8) root_id=864691136573242786
Block (2,5,0) ok, attempt=1, duration=2.66s

Blocks:  30%|██▉       | 511/1728 [03:44<07:13,  2.81it/s]Block (0,10,4) root_id=864691136573242786
Block (9,6,11) ok, attempt=1, duration=2.72s
Block (7,1,6) root_id=864691136573242786

Blocks:  30%|██▉       | 512/1728 [03:44<08:22,  2.42it/s]Block (11,11,1) ok, attempt=1, duration=2.36s
Block (2,1,11) ok, attempt=1, duration=3.04s

Blocks:  30%|██▉       | 513/1728 [03:44<07:30,  2.69it/s]Block (3,4,3) ok, attempt=1, duration=1.87s
Block (6,8,2) root_id=864691136573242786
Block (11,7,3) root_id=864691136573242786
Block (4,8,3) root_id=864691136573242786
Block (8,5,3) ok, attempt=1, duration=2.57s
Block (2,8,10) root_id=864691136573242786
Block (4,5,11) ok, attempt=1, duration=2.32s

Blocks:  30%|██▉       | 517/1728 [03:45<03:46,  5.35it/s]Block (1,7,2) root_id=864691136573242786
Block (6,11,8) ok, attempt=1, duration=1.92s

Blocks:  30%|██▉       | 518/1728 [03:45<04:57,  4.07it/s]Block (7,4,11) root_id=864691136573242786
Block (0,10,4) ok, attempt=1, duration=2.22s

Blocks:  30%|███       | 519/1728 [03:46<06:19,  3.19it/s]Block (0,11,5) root_id=864691136573242786
Block (11,7,3) ok, attempt=1, duration=1.88s
Block (8,0,9) root_id=864691136573242786

Blocks:  30%|███       | 520/1728 [03:46<07:11,  2.80it/s]Block (7,1,6) ok, attempt=1, duration=2.66s
Block (5,5,1) root_id=864691136573242786

Blocks:  30%|███       | 521/1728 [03:47<07:51,  2.56it/s]Block (4,8,3) ok, attempt=1, duration=2.43s
Block (10,9,6) root_id=864691136573242786
Block (1,7,2) ok, attempt=1, duration=2.25s
Block (4,1,0) root_id=864691136573242786

Blocks:  30%|███       | 523/1728 [03:47<05:18,  3.79it/s]Block (6,8,2) ok, attempt=1, duration=2.60s
Block (9,5,5) root_id=864691136573242786
Block (2,8,10) ok, attempt=1, duration=2.66s

Blocks:  30%|███       | 525/1728 [03:47<04:02,  4.97it/s]Block (1,8,3) root_id=864691136573242786
Block (7,4,11) ok, attempt=1, duration=2.19s
Block (8,1,10) root_id=864691136573242786

Blocks:  30%|███       | 526/1728 [03:47<04:16,  4.68it/s]Block (0,11,5) ok, attempt=1, duration=2.43s

Blocks:  30%|███       | 527/1728 [03:48<07:01,  2.85it/s]Block (0,4,2) root_id=864691136573242786
Block (5,5,1) ok, attempt=1, duration=2.59s

Blocks:  31%|███       | 528/1728 [03:49<11:02,  1.81it/s]Block (3,11,1) root_id=864691136573242786
Block (8,0,9) ok, attempt=1, duration=3.15s
Block (6,4,4) root_id=864691136573242786
Block (1,8,3) ok, attempt=1, duration=2.50s
Block (10,9,6) ok, attempt=1, duration=2.81s

Blocks:  31%|███       | 530/1728 [03:50<07:32,  2.65it/s]Block (1,11,8) root_id=864691136573242786
Block (3,0,10) root_id=864691136573242786
Block (8,1,10) ok, attempt=1, duration=2.36s

Blocks:  31%|███       | 532/1728 [03:50<05:12,  3.83it/s]Block (0,7,7) root_id=864691136573242786
Block (9,5,5) ok, attempt=1, duration=2.86s

Blocks:  31%|███       | 533/1728 [03:50<04:34,  4.35it/s]Block (10,10,7) root_id=864691136573242786
Block (4,1,0) ok, attempt=1, duration=3.08s

Blocks:  31%|███       | 534/1728 [03:50<04:15,  4.68it/s]Block (11,2,9) root_id=864691136573242786
Block (0,4,2) ok, attempt=1, duration=2.31s
Block (10,2,3) root_id=864691136573242786

Blocks:  31%|███       | 535/1728 [03:50<05:35,  3.56it/s]Block (1,11,8) ok, attempt=1, duration=1.99s

Blocks:  31%|███       | 536/1728 [03:52<09:56,  2.00it/s]Block (9,6,6) root_id=864691136573242786
Block (3,0,10) ok, attempt=1, duration=2.35s
Block (7,9,0) root_id=864691136573242786

Blocks:  31%|███       | 537/1728 [03:52<09:05,  2.18it/s]Block (6,4,4) ok, attempt=1, duration=2.58s
Block (0,6,11) root_id=864691136573242786
Block (3,11,1) ok, attempt=1, duration=2.78s

Blocks:  31%|███       | 539/1728 [03:52<05:49,  3.40it/s]Block (9,9,11) root_id=864691136573242786
Block (10,2,3) ok, attempt=1, duration=1.80s

Blocks:  31%|███▏      | 540/1728 [03:52<05:12,  3.81it/s]Block (5,8,11) root_id=864691136573242786
Block (0,7,7) ok, attempt=1, duration=2.62s
Block (4,4,10) root_id=864691136573242786
Block (11,2,9) ok, attempt=1, duration=2.41s

Blocks:  31%|███▏      | 542/1728 [03:52<03:37,  5.45it/s]Block (11,3,10) root_id=864691136573242786
Block (10,10,7) ok, attempt=1, duration=2.66s
Block (6,11,3) root_id=864691136573242786
Block (9,6,6) ok, attempt=1, duration=2.21s

Blocks:  31%|███▏      | 544/1728 [03:54<07:21,  2.68it/s]Block (1,3,9) root_id=864691136573242786
Block (0,6,11) ok, attempt=1, duration=2.35s
Block (7,9,0) ok, attempt=1, duration=2.39s

Blocks:  32%|███▏      | 545/1728 [03:54<07:58,  2.47it/s]Block (7,1,1) root_id=864691136573242786
Block (5,1,8) root_id=864691136573242786
Block (11,3,10) ok, attempt=1, duration=2.25s

Blocks:  32%|███▏      | 547/1728 [03:55<06:11,  3.18it/s]Block (2,8,5) root_id=864691136573242786
Block (9,9,11) ok, attempt=1, duration=2.63s
Block (7,4,6) root_id=864691136573242786
Block (6,11,3) ok, attempt=1, duration=2.34s
Block (0,11,0) root_id=864691136573242786

Blocks:  32%|███▏      | 549/1728 [03:55<04:38,  4.23it/s]Block (4,4,10) ok, attempt=1, duration=2.69s
Block (8,8,8) root_id=864691136573242786

Blocks:  32%|███▏      | 550/1728 [03:55<04:30,  4.36it/s]Block (5,8,11) ok, attempt=1, duration=2.88s
Block (8,0,4) root_id=864691136573242786

Blocks:  32%|███▏      | 551/1728 [03:55<04:09,  4.72it/s]Block (1,3,9) ok, attempt=1, duration=2.18s

Blocks:  32%|███▏      | 552/1728 [03:56<06:57,  2.82it/s]Block (2,11,10) root_id=864691136573242786
Block (7,1,1) ok, attempt=1, duration=2.43s
Block (6,0,11) root_id=864691136573242786

Blocks:  32%|███▏      | 553/1728 [03:57<09:01,  2.17it/s]Block (7,4,6) ok, attempt=1, duration=2.41s

Blocks:  32%|███▏      | 554/1728 [03:57<08:41,  2.25it/s]Block (3,7,8) root_id=864691136573242786
Block (5,1,8) ok, attempt=1, duration=2.95s
Block (11,10,9) root_id=864691136573242786

Blocks:  32%|███▏      | 555/1728 [03:57<06:59,  2.80it/s]Block (0,11,0) ok, attempt=1, duration=2.53s
Block (10,9,1) root_id=864691136573242786
Block (8,0,4) ok, attempt=1, duration=2.35s

Blocks:  32%|███▏      | 557/1728 [03:58<04:51,  4.02it/s]Block (1,10,8) root_id=864691136573242786
Block (2,8,5) ok, attempt=1, duration=2.93s
Block (9,5,0) root_id=864691136573242786
Block (8,8,8) ok, attempt=1, duration=2.74s

Blocks:  32%|███▏      | 559/1728 [03:58<03:57,  4.92it/s]Block (7,5,7) root_id=864691136573242786
Block (2,11,10) ok, attempt=1, duration=2.61s
Block (2,4,7) root_id=864691136573242786

Blocks:  32%|███▏      | 560/1728 [03:59<06:37,  2.94it/s]Block (6,0,11) ok, attempt=1, duration=2.25s

Blocks:  32%|███▏      | 561/1728 [03:59<06:54,  2.82it/s]Block (11,2,4) root_id=864691136573242786
Block (11,10,9) ok, attempt=1, duration=2.49s

Blocks:  33%|███▎      | 562/1728 [04:00<08:53,  2.19it/s]Block (8,7,3) root_id=864691136573242786
Block (1,10,8) ok, attempt=1, duration=2.32s
Block (6,7,10) root_id=864691136573242786
Block (10,9,1) ok, attempt=1, duration=2.59s

Blocks:  33%|███▎      | 564/1728 [04:00<05:52,  3.30it/s]Block (0,6,6) root_id=864691136573242786
Block (7,5,7) ok, attempt=1, duration=2.32s

Blocks:  33%|███▎      | 565/1728 [04:00<05:12,  3.72it/s]Block (10,1,2) root_id=864691136573242786
Block (3,7,8) ok, attempt=1, duration=3.03s
Block (1,6,10) root_id=864691136573242786
Block (9,5,0) ok, attempt=1, duration=2.80s

Blocks:  33%|███▎      | 567/1728 [04:00<04:13,  4.58it/s]Block (5,8,6) root_id=864691136573242786
Block (11,2,4) ok, attempt=1, duration=1.75s

Blocks:  33%|███▎      | 568/1728 [04:01<04:55,  3.93it/s]Block (5,0,2) root_id=864691136573242786
Block (2,4,7) ok, attempt=1, duration=2.42s

Blocks:  33%|███▎      | 569/1728 [04:01<04:55,  3.92it/s]Block (10,4,7) root_id=864691136573242786
Block (8,7,3) ok, attempt=1, duration=2.17s
Block (4,4,5) root_id=864691136573242786

Blocks:  33%|███▎      | 570/1728 [04:02<08:11,  2.35it/s]Block (0,6,6) ok, attempt=1, duration=2.22s

Blocks:  33%|███▎      | 571/1728 [04:02<07:11,  2.68it/s]Block (7,11,4) root_id=864691136573242786
Block (6,7,10) ok, attempt=1, duration=2.43s
Block (9,8,10) root_id=864691136573242786
Block (10,1,2) ok, attempt=1, duration=2.56s
Block (5,11,11) root_id=864691136573242786

Blocks:  33%|███▎      | 573/1728 [04:03<06:08,  3.13it/s]Block (1,6,10) ok, attempt=1, duration=2.65s

Blocks:  33%|███▎      | 574/1728 [04:03<05:26,  3.53it/s]Block (9,0,6) root_id=864691136573242786
Block (5,8,6) ok, attempt=1, duration=2.78s

Blocks:  33%|███▎      | 575/1728 [04:03<05:41,  3.38it/s]Block (4,7,10) root_id=864691136573242786
Block (5,0,2) ok, attempt=1, duration=2.50s

Blocks:  33%|███▎      | 576/1728 [04:03<04:42,  4.08it/s]Block (8,11,9) root_id=864691136573242786
Block (10,4,7) ok, attempt=1, duration=2.35s

Blocks:  33%|███▎      | 577/1728 [04:03<04:04,  4.71it/s]Block (11,9,3) root_id=864691136573242786
Block (7,11,4) ok, attempt=1, duration=1.65s

Blocks:  33%|███▎      | 578/1728 [04:04<05:13,  3.67it/s]Block (0,2,8) root_id=864691136573242786
Block (4,4,5) ok, attempt=1, duration=2.28s
Block (5,1,3) root_id=864691136573242786

Blocks:  34%|███▎      | 579/1728 [04:04<05:56,  3.23it/s]Block (9,8,10) ok, attempt=1, duration=2.41s
Block (10,5,8) root_id=864691136573242786

Blocks:  34%|███▎      | 580/1728 [04:05<06:49,  2.80it/s]Block (9,0,6) ok, attempt=1, duration=2.47s

Blocks:  34%|███▎      | 581/1728 [04:05<08:15,  2.31it/s]Block (2,8,0) root_id=864691136573242786
Block (11,9,3) ok, attempt=1, duration=2.00s
Block (7,4,1) root_id=864691136573242786
Block (5,11,11) ok, attempt=1, duration=3.04s

Blocks:  34%|███▎      | 583/1728 [04:06<06:16,  3.04it/s]Block (8,8,3) root_id=864691136573242786
Block (4,7,10) ok, attempt=1, duration=2.84s

Blocks:  34%|███▍      | 584/1728 [04:06<06:03,  3.15it/s]Block (5,4,8) root_id=864691136573242786
Block (8,11,9) ok, attempt=1, duration=2.85s

Blocks:  34%|███▍      | 585/1728 [04:06<05:01,  3.79it/s]Block (9,1,7) root_id=864691136573242786
Block (0,2,8) ok, attempt=1, duration=2.58s

Blocks:  34%|███▍      | 586/1728 [04:06<05:08,  3.70it/s]Block (4,8,11) root_id=864691136573242786
Block (5,1,3) ok, attempt=1, duration=2.22s
Block (6,0,6) root_id=864691136573242786
Block (10,5,8) ok, attempt=1, duration=2.47s

Blocks:  34%|███▍      | 588/1728 [04:07<05:59,  3.17it/s]Block (2,11,5) root_id=864691136573242786
Block (7,4,1) ok, attempt=1, duration=2.42s

Blocks:  34%|███▍      | 589/1728 [04:08<07:36,  2.49it/s]Block (4,0,7) root_id=864691136573242786
Block (2,8,0) ok, attempt=1, duration=2.68s

Blocks:  34%|███▍      | 590/1728 [04:08<06:27,  2.94it/s]Block (3,7,3) root_id=864691136573242786
Block (8,8,3) ok, attempt=1, duration=2.35s
Block (11,10,4) root_id=864691136573242786
Block (5,4,8) ok, attempt=1, duration=2.44s

Blocks:  34%|███▍      | 592/1728 [04:08<05:35,  3.38it/s]Block (1,10,3) root_id=864691136573242786
Block (9,1,7) ok, attempt=1, duration=2.55s

Blocks:  34%|███▍      | 593/1728 [04:09<05:17,  3.57it/s]Block (8,3,10) root_id=864691136573242786
Block (6,0,6) ok, attempt=1, duration=2.44s

Blocks:  34%|███▍      | 594/1728 [04:09<04:56,  3.82it/s]Block (7,5,2) root_id=864691136573242786
Block (4,8,11) ok, attempt=1, duration=2.83s

Blocks:  34%|███▍      | 595/1728 [04:09<05:19,  3.55it/s]Block (3,2,10) root_id=864691136573242786
Block (2,11,5) ok, attempt=1, duration=2.51s
Block (2,4,2) root_id=864691136573242786

Blocks:  34%|███▍      | 596/1728 [04:10<06:06,  3.09it/s]Block (3,7,3) ok, attempt=1, duration=2.20s

Blocks:  35%|███▍      | 597/1728 [04:10<07:11,  2.62it/s]Block (0,9,7) root_id=864691136573242786
Block (11,10,4) ok, attempt=1, duration=2.21s
Block (4,11,3) root_id=864691136573242786
Block (4,0,7) ok, attempt=1, duration=2.66s

Blocks:  35%|███▍      | 599/1728 [04:11<05:09,  3.65it/s]Block (7,7,11) root_id=864691136573242786
Block (1,10,3) ok, attempt=1, duration=2.25s

Blocks:  35%|███▍      | 600/1728 [04:11<04:57,  3.79it/s]Block (6,7,5) root_id=864691136573242786
Block (8,3,10) ok, attempt=1, duration=2.60s

Blocks:  35%|███▍      | 601/1728 [04:11<06:29,  2.89it/s]Block (0,6,1) root_id=864691136573242786
Block (7,5,2) ok, attempt=1, duration=2.59s

Blocks:  35%|███▍      | 602/1728 [04:12<05:42,  3.29it/s]Block (1,6,5) root_id=864691136573242786
Block (3,2,10) ok, attempt=1, duration=2.60s

Blocks:  35%|███▍      | 603/1728 [04:12<05:57,  3.15it/s]Block (5,8,1) root_id=864691136573242786
Block (2,4,2) ok, attempt=1, duration=2.33s

Blocks:  35%|███▍      | 604/1728 [04:12<05:13,  3.59it/s]Block (11,5,10) root_id=864691136573242786
Block (0,9,7) ok, attempt=1, duration=2.65s

Blocks:  35%|███▌      | 605/1728 [04:13<08:09,  2.29it/s]Block (10,4,2) root_id=864691136573242786
Block (4,11,3) ok, attempt=1, duration=2.76s

Blocks:  35%|███▌      | 606/1728 [04:13<06:54,  2.70it/s]Block (4,4,0) root_id=864691136573242786
Block (7,7,11) ok, attempt=1, duration=2.62s
Block (9,8,5) root_id=864691136573242786
Block (6,7,5) ok, attempt=1, duration=2.83s

Blocks:  35%|███▌      | 608/1728 [04:14<05:52,  3.18it/s]Block (5,11,6) root_id=864691136573242786
Block (5,8,1) ok, attempt=1, duration=2.15s

Blocks:  35%|███▌      | 609/1728 [04:14<06:26,  2.89it/s]Block (9,0,1) root_id=864691136573242786
Block (1,6,5) ok, attempt=1, duration=2.56s
Block (7,0,8) root_id=864691136573242786
Block (0,6,1) ok, attempt=1, duration=2.84s

Blocks:  35%|███▌      | 611/1728 [04:14<04:24,  4.23it/s]Block (4,7,5) root_id=864691136573242786
Block (11,5,10) ok, attempt=1, duration=2.25s

Blocks:  35%|███▌      | 612/1728 [04:14<03:54,  4.76it/s]Block (8,11,4) root_id=864691136573242786
Block (4,4,0) ok, attempt=1, duration=1.99s

Blocks:  35%|███▌      | 613/1728 [04:15<06:30,  2.86it/s]Block (3,3,10) root_id=864691136573242786
Block (9,8,5) ok, attempt=1, duration=2.13s

Blocks:  36%|███▌      | 614/1728 [04:15<05:44,  3.23it/s]Block (6,11,11) root_id=864691136573242786
Block (10,4,2) ok, attempt=1, duration=2.46s
Block (0,10,7) root_id=864691136573242786
Block (5,11,6) ok, attempt=1, duration=2.47s
Block (11,6,11) root_id=864691136573242786

Blocks:  36%|███▌      | 616/1728 [04:16<06:21,  2.92it/s]Block (8,11,4) ok, attempt=1, duration=1.95s

Blocks:  36%|███▌      | 617/1728 [04:16<05:49,  3.18it/s]Block (10,5,3) root_id=864691136573242786
Block (7,0,8) ok, attempt=1, duration=2.75s
Block (9,1,2) root_id=864691136573242786

Blocks:  36%|███▌      | 618/1728 [04:17<06:55,  2.67it/s]Block (9,0,1) ok, attempt=1, duration=2.81s
Block (7,1,9) root_id=864691136573242786
Block (4,7,5) ok, attempt=1, duration=2.85s
Block (5,4,3) root_id=864691136573242786

Blocks:  36%|███▌      | 620/1728 [04:17<04:50,  3.81it/s]Block (3,3,10) ok, attempt=1, duration=2.20s

Blocks:  36%|███▌      | 621/1728 [04:17<04:48,  3.84it/s]Block (2,11,0) root_id=864691136573242786
Block (6,11,11) ok, attempt=1, duration=2.36s

Blocks:  36%|███▌      | 622/1728 [04:18<05:11,  3.55it/s]Block (4,8,6) root_id=864691136573242786
Block (0,10,7) ok, attempt=1, duration=2.65s

Blocks:  36%|███▌      | 623/1728 [04:18<05:30,  3.34it/s]Block (6,0,1) root_id=864691136573242786
Block (10,5,3) ok, attempt=1, duration=2.06s

Blocks:  36%|███▌      | 624/1728 [04:18<05:45,  3.19it/s]Block (4,0,2) root_id=864691136573242786
Block (11,6,11) ok, attempt=1, duration=2.68s
Block (2,0,9) root_id=864691136573242786

Blocks:  36%|███▌      | 625/1728 [04:19<06:11,  2.97it/s]Block (5,4,3) ok, attempt=1, duration=2.28s

Blocks:  36%|███▌      | 626/1728 [04:19<07:31,  2.44it/s]Block (8,3,5) root_id=864691136573242786
Block (7,1,9) ok, attempt=1, duration=2.75s
Block (3,10,9) root_id=864691136573242786

Blocks:  36%|███▋      | 627/1728 [04:20<06:45,  2.71it/s]Block (9,1,2) ok, attempt=1, duration=2.98s
Block (0,9,2) root_id=864691136573242786

Blocks:  36%|███▋      | 628/1728 [04:20<05:55,  3.09it/s]Block (2,11,0) ok, attempt=1, duration=2.77s

Blocks:  36%|███▋      | 629/1728 [04:20<05:31,  3.31it/s]Block (10,0,9) root_id=864691136573242786
Block (4,8,6) ok, attempt=1, duration=2.71s

Blocks:  36%|███▋      | 630/1728 [04:20<05:24,  3.38it/s]Block (7,7,6) root_id=864691136573242786
Block (6,0,1) ok, attempt=1, duration=2.64s

Blocks:  37%|███▋      | 631/1728 [04:21<05:23,  3.40it/s]Block (6,7,0) root_id=864691136573242786
Block (4,0,2) ok, attempt=1, duration=2.64s
Block (1,6,0) root_id=864691136573242786

Blocks:  37%|███▋      | 632/1728 [04:21<05:45,  3.17it/s]Block (2,0,9) ok, attempt=1, duration=2.56s
Block (8,7,11) root_id=864691136573242786

Blocks:  37%|███▋      | 633/1728 [04:21<05:42,  3.19it/s]Block (8,3,5) ok, attempt=1, duration=2.13s
Block (11,5,5) root_id=864691136573242786

Blocks:  37%|███▋      | 634/1728 [04:21<04:59,  3.65it/s]Block (10,0,9) ok, attempt=1, duration=1.94s

Blocks:  37%|███▋      | 635/1728 [04:22<06:18,  2.89it/s]Block (10,1,10) root_id=864691136573242786
Block (3,10,9) ok, attempt=1, duration=2.43s
Block (9,8,0) root_id=864691136573242786
Block (0,9,2) ok, attempt=1, duration=2.46s

Blocks:  37%|███▋      | 637/1728 [04:22<04:30,  4.04it/s]Block (5,11,1) root_id=864691136573242786
Block (6,7,0) ok, attempt=1, duration=1.93s

Blocks:  37%|███▋      | 638/1728 [04:23<04:47,  3.80it/s]Block (7,8,7) root_id=864691136573242786
Block (7,7,6) ok, attempt=1, duration=2.71s
Block (7,0,3) root_id=864691136573242786

Blocks:  37%|███▋      | 639/1728 [04:23<05:45,  3.15it/s]Block (8,7,11) ok, attempt=1, duration=2.13s

Blocks:  37%|███▋      | 640/1728 [04:23<06:04,  2.99it/s]Block (4,7,0) root_id=864691136573242786
Block (1,6,0) ok, attempt=1, duration=2.52s
Block (5,0,10) root_id=864691136573242786
Block (11,5,5) ok, attempt=1, duration=2.28s

Blocks:  37%|███▋      | 642/1728 [04:24<04:39,  3.89it/s]Block (2,7,7) root_id=864691136573242786
Block (10,1,10) ok, attempt=1, duration=2.79s
Block (0,10,2) root_id=864691136573242786
Block (5,11,1) ok, attempt=1, duration=2.55s
Block (11,6,6) root_id=864691136573242786

Blocks:  37%|███▋      | 643/1728 [04:25<08:11,  2.21it/s]Block (9,8,0) ok, attempt=1, duration=2.81s
Block (6,10,10) root_id=864691136573242786
Block (7,8,7) ok, attempt=1, duration=2.65s
Block (11,9,11) root_id=864691136573242786

Blocks:  37%|███▋      | 646/1728 [04:25<05:16,  3.42it/s]Block (7,0,3) ok, attempt=1, duration=2.23s
Block (4,8,1) root_id=864691136573242786
Block (4,7,0) ok, attempt=1, duration=2.26s

Blocks:  38%|███▊      | 648/1728 [04:26<04:55,  3.65it/s]Block (1,9,10) root_id=864691136573242786
Block (5,0,10) ok, attempt=1, duration=2.26s
Block (0,5,9) root_id=864691136573242786
Block (2,7,7) ok, attempt=1, duration=2.44s
Block (7,4,9) root_id=864691136573242786

Blocks:  38%|███▊      | 650/1728 [04:26<04:44,  3.78it/s]Block (0,10,2) ok, attempt=1, duration=1.73s

Blocks:  38%|███▊      | 651/1728 [04:27<05:07,  3.50it/s]Block (9,11,10) root_id=864691136573242786
Block (11,6,6) ok, attempt=1, duration=2.33s

Blocks:  38%|███▊      | 652/1728 [04:27<06:19,  2.84it/s]Block (8,3,0) root_id=864691136573242786
Block (6,10,10) ok, attempt=1, duration=2.60s
Block (4,10,10) root_id=864691136573242786

Blocks:  38%|███▊      | 653/1728 [04:27<06:04,  2.95it/s]Block (11,9,11) ok, attempt=1, duration=2.80s

Blocks:  38%|███▊      | 654/1728 [04:28<07:09,  2.50it/s]Block (6,3,7) root_id=864691136573242786
Block (1,9,10) ok, attempt=1, duration=2.37s
Block (3,10,4) root_id=864691136573242786
Block (4,8,1) ok, attempt=1, duration=3.01s

Blocks:  38%|███▊      | 656/1728 [04:28<05:07,  3.49it/s]Block (1,10,11) root_id=864691136573242786
Block (9,11,10) ok, attempt=1, duration=1.89s

Blocks:  38%|███▊      | 657/1728 [04:28<04:33,  3.91it/s]Block (10,8,8) root_id=864691136573242786
Block (7,4,9) ok, attempt=1, duration=2.53s

Blocks:  38%|███▊      | 658/1728 [04:29<04:37,  3.85it/s]Block (10,0,4) root_id=864691136573242786
Block (0,5,9) ok, attempt=1, duration=3.00s
Block (7,7,1) root_id=864691136573242786
Block (8,3,0) ok, attempt=1, duration=2.08s

Blocks:  38%|███▊      | 660/1728 [04:29<04:35,  3.88it/s]Block (9,4,7) root_id=864691136573242786
Block (4,10,10) ok, attempt=1, duration=2.04s

Blocks:  38%|███▊      | 661/1728 [04:29<04:36,  3.86it/s]Block (5,7,8) root_id=864691136573242786
Block (3,10,4) ok, attempt=1, duration=2.37s

Blocks:  38%|███▊      | 662/1728 [04:30<07:35,  2.34it/s]Block (4,11,11) root_id=864691136573242786
Block (1,10,11) ok, attempt=1, duration=2.36s
Block (4,3,7) root_id=864691136573242786

Blocks:  38%|███▊      | 663/1728 [04:31<06:38,  2.67it/s]Block (10,8,8) ok, attempt=1, duration=2.30s
Block (8,7,6) root_id=864691136573242786
Block (6,3,7) ok, attempt=1, duration=2.79s

Blocks:  38%|███▊      | 665/1728 [04:31<04:30,  3.93it/s]Block (0,6,9) root_id=864691136573242786
Block (10,0,4) ok, attempt=1, duration=2.63s

Blocks:  39%|███▊      | 666/1728 [04:31<05:32,  3.20it/s]Block (11,5,0) root_id=864691136573242786
Block (7,7,1) ok, attempt=1, duration=2.80s

Blocks:  39%|███▊      | 667/1728 [04:32<05:06,  3.47it/s]Block (10,1,5) root_id=864691136573242786
Block (9,4,7) ok, attempt=1, duration=2.58s
Block (7,8,2) root_id=864691136573242786

Blocks:  39%|███▊      | 668/1728 [04:32<04:53,  3.61it/s]Block (5,7,8) ok, attempt=1, duration=2.92s
Block (5,8,9) root_id=864691136573242786

Blocks:  39%|███▊      | 669/1728 [04:32<06:30,  2.71it/s]Block (8,7,6) ok, attempt=1, duration=2.17s
Block (4,11,11) ok, attempt=1, duration=2.47s

Blocks:  39%|███▉      | 670/1728 [04:33<07:08,  2.47it/s]Block (10,4,10) root_id=864691136573242786
Block (5,0,5) root_id=864691136573242786
Block (4,3,7) ok, attempt=1, duration=2.71s
Block (4,4,8) root_id=864691136573242786

Blocks:  39%|███▉      | 672/1728 [04:33<05:45,  3.06it/s]Block (0,6,9) ok, attempt=1, duration=3.04s
Block (7,11,7) root_id=864691136573242786

Blocks:  39%|███▉      | 673/1728 [04:34<06:28,  2.71it/s]Block (11,5,0) ok, attempt=1, duration=2.76s

Blocks:  39%|███▉      | 674/1728 [04:34<05:53,  2.98it/s]Block (2,7,2) root_id=864691136573242786
Block (7,8,2) ok, attempt=1, duration=2.39s
Block (9,0,9) root_id=864691136573242786
Block (5,8,9) ok, attempt=1, duration=1.94s

Blocks:  39%|███▉      | 676/1728 [04:34<04:24,  3.98it/s]Block (11,6,1) root_id=864691136573242786
Block (10,1,5) ok, attempt=1, duration=3.02s
Block (6,10,5) root_id=864691136573242786

Blocks:  39%|███▉      | 677/1728 [04:35<04:11,  4.19it/s]Block (4,4,8) ok, attempt=1, duration=1.78s

Blocks:  39%|███▉      | 678/1728 [04:35<05:37,  3.11it/s]Block (11,9,6) root_id=864691136573242786
Block (10,4,10) ok, attempt=1, duration=2.53s

Blocks:  39%|███▉      | 679/1728 [04:35<05:27,  3.21it/s]Block (6,2,1) root_id=864691136573242786
Block (5,0,5) ok, attempt=1, duration=2.86s

Blocks:  39%|███▉      | 680/1728 [04:36<05:36,  3.12it/s]Block (1,9,5) root_id=864691136573242786
Block (7,11,7) ok, attempt=1, duration=2.22s

Blocks:  39%|███▉      | 681/1728 [04:36<05:33,  3.14it/s]Block (3,6,11) root_id=864691136573242786
Block (2,7,2) ok, attempt=1, duration=2.36s
Block (0,5,4) root_id=864691136573242786

Blocks:  39%|███▉      | 682/1728 [04:36<05:51,  2.98it/s]Block (6,10,5) ok, attempt=1, duration=2.53s

Blocks:  40%|███▉      | 683/1728 [04:37<07:23,  2.36it/s]Block (9,11,5) root_id=864691136573242786
Block (9,0,9) ok, attempt=1, duration=3.04s

Blocks:  40%|███▉      | 684/1728 [04:37<05:49,  2.99it/s]Block (7,3,8) root_id=864691136573242786
Block (11,6,1) ok, attempt=1, duration=3.10s

Blocks:  40%|███▉      | 685/1728 [04:37<05:21,  3.24it/s]Block (10,11,9) root_id=864691136573242786
Block (11,9,6) ok, attempt=1, duration=2.40s
Block (5,6,2) root_id=864691136573242786
Block (1,9,5) ok, attempt=1, duration=2.13s

Blocks:  40%|███▉      | 687/1728 [04:38<04:36,  3.76it/s]Block (4,10,5) root_id=864691136573242786
Block (6,2,1) ok, attempt=1, duration=2.58s

Blocks:  40%|███▉      | 688/1728 [04:38<03:57,  4.38it/s]Block (6,3,2) root_id=864691136573242786
Block (3,6,11) ok, attempt=1, duration=2.34s
Block (4,2,1) root_id=864691136573242786

Blocks:  40%|███▉      | 689/1728 [04:38<04:49,  3.59it/s]Block (0,5,4) ok, attempt=1, duration=2.05s
Block (1,10,6) root_id=864691136573242786
Block (10,11,9) ok, attempt=1, duration=2.32s

Blocks:  40%|███▉      | 691/1728 [04:40<07:45,  2.23it/s]Block (2,2,8) root_id=864691136573242786
Block (9,11,5) ok, attempt=1, duration=2.74s
Block (6,6,7) root_id=864691136573242786
Block (5,6,2) ok, attempt=1, duration=2.34s
Block (10,8,3) root_id=864691136573242786
Block (7,3,8) ok, attempt=1, duration=3.04s

Blocks:  40%|████      | 694/1728 [04:40<05:22,  3.20it/s]Block (11,1,7) root_id=864691136573242786
Block (6,3,2) ok, attempt=1, duration=2.78s

Blocks:  40%|████      | 695/1728 [04:41<06:00,  2.86it/s]Block (9,4,2) root_id=864691136573242786
Block (4,10,5) ok, attempt=1, duration=2.94s
Block (0,9,10) root_id=864691136573242786
Block (4,2,1) ok, attempt=1, duration=2.64s

Blocks:  40%|████      | 697/1728 [04:41<04:46,  3.60it/s]Block (5,7,3) root_id=864691136573242786
Block (1,10,6) ok, attempt=1, duration=2.65s
Block (4,11,6) root_id=864691136573242786
Block (10,8,3) ok, attempt=1, duration=2.35s

Blocks:  40%|████      | 699/1728 [04:42<06:27,  2.65it/s]Block (4,3,2) root_id=864691136573242786
Block (2,2,8) ok, attempt=1, duration=2.55s
Block (9,7,7) root_id=864691136573242786

Blocks:  41%|████      | 700/1728 [04:42<05:36,  3.05it/s]Block (11,1,7) ok, attempt=1, duration=2.57s
Block (2,3,9) root_id=864691136573242786

Blocks:  41%|████      | 701/1728 [04:43<06:12,  2.76it/s]Block (6,6,7) ok, attempt=1, duration=3.17s

Blocks:  41%|████      | 702/1728 [04:43<05:26,  3.14it/s]Block (8,7,1) root_id=864691136573242786
Block (4,11,6) ok, attempt=1, duration=2.08s
Block (10,1,0) root_id=864691136573242786

Blocks:  41%|████      | 703/1728 [04:43<05:03,  3.38it/s]Block (9,4,2) ok, attempt=1, duration=2.49s
Block (8,6,5) root_id=864691136573242786
Block (0,9,10) ok, attempt=1, duration=2.51s

Blocks:  41%|████      | 705/1728 [04:43<03:19,  5.14it/s]Block (5,0,0) root_id=864691136573242786
Block (5,7,3) ok, attempt=1, duration=2.49s
Block (3,5,5) root_id=864691136573242786

Blocks:  41%|████      | 706/1728 [04:44<03:25,  4.96it/s]Block (9,7,7) ok, attempt=1, duration=1.94s

Blocks:  41%|████      | 707/1728 [04:44<05:35,  3.05it/s]Block (10,4,5) root_id=864691136573242786
Block (4,3,2) ok, attempt=1, duration=2.23s

Blocks:  41%|████      | 708/1728 [04:44<04:55,  3.46it/s]Block (8,9,10) root_id=864691136573242786
Block (2,3,9) ok, attempt=1, duration=2.63s

Blocks:  41%|████      | 709/1728 [04:45<08:09,  2.08it/s]Block (7,11,2) root_id=864691136573242786
Block (8,7,1) ok, attempt=1, duration=2.54s
Block (9,0,4) root_id=864691136573242786
Block (10,1,0) ok, attempt=1, duration=2.37s

Blocks:  41%|████      | 711/1728 [04:46<05:07,  3.31it/s]Block (0,1,11) root_id=864691136573242786
Block (3,5,5) ok, attempt=1, duration=2.24s

Blocks:  41%|████      | 712/1728 [04:46<04:44,  3.58it/s]Block (2,6,1) root_id=864691136573242786
Block (5,0,0) ok, attempt=1, duration=2.53s
Block (6,10,0) root_id=864691136573242786
Block (10,4,5) ok, attempt=1, duration=1.96s

Blocks:  41%|████▏     | 714/1728 [04:46<04:21,  3.88it/s]Block (8,6,5) ok, attempt=1, duration=2.97s
Block (11,9,1) root_id=864691136573242786
Block (5,2,9) root_id=864691136573242786
Block (8,9,10) ok, attempt=1, duration=2.44s

Blocks:  41%|████▏     | 716/1728 [04:47<04:45,  3.55it/s]Block (3,6,6) root_id=864691136573242786
Block (7,11,2) ok, attempt=1, duration=2.09s
Block (1,9,0) root_id=864691136573242786

Blocks:  41%|████▏     | 717/1728 [04:48<06:04,  2.77it/s]Block (0,1,11) ok, attempt=1, duration=2.50s

Blocks:  42%|████▏     | 718/1728 [04:48<06:45,  2.49it/s]Block (8,10,11) root_id=864691136573242786
Block (9,0,4) ok, attempt=1, duration=2.75s

Blocks:  42%|████▏     | 719/1728 [04:48<05:55,  2.84it/s]Block (11,8,5) root_id=864691136573242786
Block (6,10,0) ok, attempt=1, duration=2.69s
Block (8,2,7) root_id=864691136573242786

Blocks:  42%|████▏     | 720/1728 [04:49<05:29,  3.06it/s]Block (2,6,1) ok, attempt=1, duration=3.05s

Blocks:  42%|████▏     | 721/1728 [04:49<05:20,  3.14it/s]Block (3,9,11) root_id=864691136573242786
Block (11,9,1) ok, attempt=1, duration=2.81s
Block (9,11,0) root_id=864691136573242786

Blocks:  42%|████▏     | 722/1728 [04:49<05:02,  3.33it/s]Block (3,6,6) ok, attempt=1, duration=2.56s

Blocks:  42%|████▏     | 723/1728 [04:49<05:18,  3.15it/s]Block (7,3,3) root_id=864691136573242786
Block (5,2,9) ok, attempt=1, duration=3.34s

Blocks:  42%|████▏     | 724/1728 [04:50<04:23,  3.81it/s]Block (10,11,4) root_id=864691136573242786
Block (1,9,0) ok, attempt=1, duration=2.53s

Blocks:  42%|████▏     | 725/1728 [04:50<05:26,  3.07it/s]Block (4,10,0) root_id=864691136573242786
Block (11,8,5) ok, attempt=1, duration=2.28s
Block (5,3,10) root_id=864691136573242786

Blocks:  42%|████▏     | 726/1728 [04:51<06:24,  2.61it/s]Block (8,10,11) ok, attempt=1, duration=2.59s
Block (2,10,7) root_id=864691136573242786
Block (8,2,7) ok, attempt=1, duration=2.31s

Blocks:  42%|████▏     | 728/1728 [04:51<04:30,  3.70it/s]Block (1,10,1) root_id=864691136573242786
Block (3,9,11) ok, attempt=1, duration=2.30s

Blocks:  42%|████▏     | 729/1728 [04:51<04:34,  3.64it/s]Block (6,6,2) root_id=864691136573242786
Block (9,11,0) ok, attempt=1, duration=2.64s

Blocks:  42%|████▏     | 730/1728 [04:52<05:44,  2.90it/s]Block (8,3,8) root_id=864691136573242786
Block (7,3,3) ok, attempt=1, duration=2.57s

Blocks:  42%|████▏     | 731/1728 [04:52<05:41,  2.92it/s]Block (11,1,2) root_id=864691136573242786
Block (10,11,4) ok, attempt=1, duration=2.63s

Blocks:  42%|████▏     | 732/1728 [04:52<04:58,  3.34it/s]Block (3,2,8) root_id=864691136573242786
Block (4,10,0) ok, attempt=1, duration=2.49s

Blocks:  42%|████▏     | 733/1728 [04:53<05:13,  3.17it/s]Block (0,9,5) root_id=864691136573242786
Block (6,6,2) ok, attempt=1, duration=2.10s
Block (11,4,7) root_id=864691136573242786
Block (2,10,7) ok, attempt=1, duration=2.62s

Blocks:  42%|████▏     | 734/1728 [04:53<07:15,  2.28it/s]Block (4,11,1) root_id=864691136573242786
Block (1,10,1) ok, attempt=1, duration=2.69s
Block (9,7,2) root_id=864691136573242786

Blocks:  43%|████▎     | 736/1728 [04:54<04:53,  3.38it/s]Block (5,3,10) ok, attempt=1, duration=3.04s
Block (0,8,9) root_id=864691136573242786
Block (8,3,8) ok, attempt=1, duration=2.26s

Blocks:  43%|████▎     | 738/1728 [04:54<04:16,  3.85it/s]Block (7,7,9) root_id=864691136573242786
Block (11,1,2) ok, attempt=1, duration=2.54s

Blocks:  43%|████▎     | 739/1728 [04:55<05:31,  2.98it/s]Block (5,10,9) root_id=864691136573242786
Block (0,9,5) ok, attempt=1, duration=2.26s
Block (8,6,0) root_id=864691136573242786

Blocks:  43%|████▎     | 740/1728 [04:55<05:11,  3.18it/s]Block (3,2,8) ok, attempt=1, duration=2.71s
Block (11,5,8) root_id=864691136573242786

Blocks:  43%|████▎     | 741/1728 [04:55<04:19,  3.80it/s]Block (4,11,1) ok, attempt=1, duration=2.63s

Blocks:  43%|████▎     | 742/1728 [04:56<07:34,  2.17it/s]Block (3,5,0) root_id=864691136573242786
Block (9,7,2) ok, attempt=1, duration=2.49s

Blocks:  43%|████▎     | 743/1728 [04:56<05:56,  2.76it/s]Block (11,4,7) ok, attempt=1, duration=2.78s
Block (10,4,0) root_id=864691136573242786
Block (8,9,5) root_id=864691136573242786
Block (0,8,9) ok, attempt=1, duration=2.48s
Block (1,5,7) root_id=864691136573242786
Block (7,7,9) ok, attempt=1, duration=2.70s
Block (6,1,8) root_id=864691136573242786

Blocks:  43%|████▎     | 746/1728 [04:57<04:34,  3.58it/s]Block (5,10,9) ok, attempt=1, duration=2.33s

Blocks:  43%|████▎     | 747/1728 [04:57<04:26,  3.68it/s]Block (10,3,4) root_id=864691136573242786
Block (11,5,8) ok, attempt=1, duration=2.27s

Blocks:  43%|████▎     | 748/1728 [04:57<04:29,  3.64it/s]Block (5,2,4) root_id=864691136573242786
Block (8,6,0) ok, attempt=1, duration=2.64s

Blocks:  43%|████▎     | 749/1728 [04:58<04:28,  3.64it/s]Block (10,7,11) root_id=864691136573242786
Block (3,5,0) ok, attempt=1, duration=2.61s

Blocks:  43%|████▎     | 750/1728 [04:59<07:50,  2.08it/s]Block (4,6,7) root_id=864691136573242786
Block (10,4,0) ok, attempt=1, duration=2.66s

Blocks:  43%|████▎     | 751/1728 [04:59<06:25,  2.53it/s]Block (3,6,1) root_id=864691136573242786
Block (8,9,5) ok, attempt=1, duration=2.72s
Block (8,10,6) root_id=864691136573242786
Block (1,5,7) ok, attempt=1, duration=2.81s

Blocks:  44%|████▎     | 753/1728 [04:59<04:28,  3.63it/s]Block (8,2,2) root_id=864691136573242786
Block (10,3,4) ok, attempt=1, duration=2.55s

Blocks:  44%|████▎     | 754/1728 [04:59<05:23,  3.01it/s]Block (11,8,0) root_id=864691136573242786
Block (10,7,11) ok, attempt=1, duration=2.17s

Blocks:  44%|████▎     | 755/1728 [05:00<04:49,  3.37it/s]Block (5,2,4) ok, attempt=1, duration=2.45s
Block (6,2,9) root_id=864691136573242786
Block (3,9,6) root_id=864691136573242786
Block (6,1,8) ok, attempt=1, duration=3.15s
Block (1,1,9) root_id=864691136573242786

Blocks:  44%|████▍     | 757/1728 [05:00<03:21,  4.82it/s]Block (4,6,7) ok, attempt=1, duration=2.00s
Block (5,3,5) root_id=864691136573242786

Blocks:  44%|████▍     | 758/1728 [05:01<05:20,  3.03it/s]Block (3,6,1) ok, attempt=1, duration=2.23s

Blocks:  44%|████▍     | 759/1728 [05:01<05:31,  2.92it/s]Block (2,10,2) root_id=864691136573242786
Block (8,10,6) ok, attempt=1, duration=2.23s
Block (9,3,9) root_id=864691136573242786
Block (8,2,2) ok, attempt=1, duration=2.35s

Blocks:  44%|████▍     | 761/1728 [05:01<04:25,  3.64it/s]Block (5,6,10) root_id=864691136573242786
Block (11,8,0) ok, attempt=1, duration=2.27s

Blocks:  44%|████▍     | 762/1728 [05:02<05:01,  3.20it/s]Block (4,2,9) root_id=864691136573242786
Block (3,9,6) ok, attempt=1, duration=2.52s
Block (1,1,9) ok, attempt=1, duration=2.36s

Blocks:  44%|████▍     | 763/1728 [05:02<05:33,  2.89it/s]Block (11,4,2) root_id=864691136573242786
Block (10,0,7) root_id=864691136573242786
Block (6,2,9) ok, attempt=1, duration=2.88s
Block (0,8,4) root_id=864691136573242786

Blocks:  44%|████▍     | 765/1728 [05:03<04:26,  3.61it/s]Block (5,6,10) ok, attempt=1, duration=1.99s

Blocks:  44%|████▍     | 766/1728 [05:03<06:08,  2.61it/s]Block (7,7,4) root_id=864691136573242786
Block (5,3,5) ok, attempt=1, duration=2.92s

Blocks:  44%|████▍     | 767/1728 [05:04<05:23,  2.97it/s]Block (5,10,4) root_id=864691136573242786
Block (2,10,2) ok, attempt=1, duration=2.84s

Blocks:  44%|████▍     | 768/1728 [05:04<05:15,  3.04it/s]Block (10,6,5) root_id=864691136573242786
Block (4,2,9) ok, attempt=1, duration=2.17s
Block (9,10,8) root_id=864691136573242786

Blocks:  45%|████▍     | 769/1728 [05:04<04:21,  3.67it/s]Block (9,3,9) ok, attempt=1, duration=3.00s
Block (9,2,4) root_id=864691136573242786

Blocks:  45%|████▍     | 770/1728 [05:04<03:36,  4.42it/s]Block (11,4,2) ok, attempt=1, duration=2.64s

Blocks:  45%|████▍     | 771/1728 [05:05<06:18,  2.53it/s]Block (1,5,2) root_id=864691136573242786
Block (10,0,7) ok, attempt=1, duration=2.93s

Blocks:  45%|████▍     | 772/1728 [05:05<05:47,  2.75it/s]Block (7,2,11) root_id=864691136573242786
Block (0,8,4) ok, attempt=1, duration=2.79s

Blocks:  45%|████▍     | 773/1728 [05:05<05:04,  3.13it/s]Block (8,9,0) root_id=864691136573242786
Block (7,7,4) ok, attempt=1, duration=2.44s

Blocks:  45%|████▍     | 774/1728 [05:06<05:29,  2.89it/s]Block (6,9,7) root_id=864691136573242786
Block (5,10,4) ok, attempt=1, duration=2.55s
Block (4,9,8) root_id=864691136573242786

Blocks:  45%|████▍     | 775/1728 [05:06<05:25,  2.93it/s]Block (10,6,5) ok, attempt=1, duration=3.24s
Block (6,1,3) root_id=864691136573242786

Blocks:  45%|████▍     | 776/1728 [05:07<08:19,  1.91it/s]Block (9,10,8) ok, attempt=1, duration=3.19s

Blocks:  45%|████▍     | 777/1728 [05:07<06:18,  2.51it/s]Block (9,2,4) ok, attempt=1, duration=3.12s
Block (10,7,6) root_id=864691136573242786
Block (4,6,2) root_id=864691136573242786
Block (1,5,2) ok, attempt=1, duration=2.65s

Blocks:  45%|████▌     | 779/1728 [05:08<04:40,  3.38it/s]Block (2,6,9) root_id=864691136573242786
Block (7,2,11) ok, attempt=1, duration=2.41s
Block (8,10,1) root_id=864691136573242786
Block (8,9,0) ok, attempt=1, duration=2.51s

Blocks:  45%|████▌     | 781/1728 [05:08<03:55,  4.02it/s]Block (6,2,4) root_id=864691136573242786
Block (4,9,8) ok, attempt=1, duration=2.16s

Blocks:  45%|████▌     | 782/1728 [05:08<04:19,  3.65it/s]Block (3,9,1) root_id=864691136573242786
Block (6,9,7) ok, attempt=1, duration=2.47s
Block (5,3,0) root_id=864691136573242786
Block (10,7,6) ok, attempt=1, duration=2.07s
Block (11,0,9) root_id=864691136573242786

Blocks:  45%|████▌     | 784/1728 [05:09<05:43,  2.75it/s]Block (8,10,1) ok, attempt=1, duration=1.95s

Blocks:  45%|████▌     | 785/1728 [05:10<05:23,  2.91it/s]Block (9,11,8) root_id=864691136573242786
Block (4,6,2) ok, attempt=1, duration=2.67s

Blocks:  45%|████▌     | 786/1728 [05:10<05:20,  2.94it/s]Block (9,3,4) root_id=864691136573242786
Block (6,1,3) ok, attempt=1, duration=2.92s

Blocks:  46%|████▌     | 787/1728 [05:10<04:39,  3.37it/s]Block (0,4,11) root_id=864691136573242786
Block (6,2,4) ok, attempt=1, duration=2.27s

Blocks:  46%|████▌     | 788/1728 [05:10<03:56,  3.97it/s]Block (7,3,11) root_id=864691136573242786
Block (2,6,9) ok, attempt=1, duration=2.93s
Block (5,6,5) root_id=864691136573242786

Blocks:  46%|████▌     | 789/1728 [05:10<04:10,  3.75it/s]Block (5,3,0) ok, attempt=1, duration=2.40s

Blocks:  46%|████▌     | 790/1728 [05:11<03:54,  4.00it/s]Block (4,10,8) root_id=864691136573242786
Block (3,9,1) ok, attempt=1, duration=2.49s
Block (4,2,4) root_id=864691136573242786
Block (11,0,9) ok, attempt=1, duration=2.61s
Block (2,2,11) root_id=864691136573242786

Blocks:  46%|████▌     | 792/1728 [05:12<06:18,  2.47it/s]Block (7,3,11) ok, attempt=1, duration=2.03s
Block (7,6,4) root_id=864691136573242786

Blocks:  46%|████▌     | 793/1728 [05:12<06:07,  2.54it/s]Block (9,3,4) ok, attempt=1, duration=2.47s

Blocks:  46%|████▌     | 794/1728 [05:12<05:02,  3.09it/s]Block (2,5,4) root_id=864691136573242786
Block (9,11,8) ok, attempt=1, duration=2.92s

Blocks:  46%|████▌     | 795/1728 [05:12<04:07,  3.77it/s]Block (8,5,7) root_id=864691136573242786
Block (0,4,11) ok, attempt=1, duration=2.57s

Blocks:  46%|████▌     | 796/1728 [05:13<03:35,  4.32it/s]Block (3,4,7) root_id=864691136573242786
Block (5,6,5) ok, attempt=1, duration=2.38s

Blocks:  46%|████▌     | 797/1728 [05:13<03:39,  4.24it/s]Block (10,6,0) root_id=864691136573242786
Block (4,10,8) ok, attempt=1, duration=2.28s

Blocks:  46%|████▌     | 798/1728 [05:13<03:07,  4.97it/s]Block (9,10,3) root_id=864691136573242786
Block (4,2,4) ok, attempt=1, duration=2.57s
Block (7,10,10) root_id=864691136573242786

Blocks:  46%|████▌     | 799/1728 [05:13<03:54,  3.96it/s]Block (2,2,11) ok, attempt=1, duration=1.81s

Blocks:  46%|████▋     | 800/1728 [05:14<04:18,  3.60it/s]Block (6,9,2) root_id=864691136573242786
Block (10,6,0) ok, attempt=1, duration=1.75s

Blocks:  46%|████▋     | 801/1728 [05:15<07:16,  2.12it/s]Block (7,2,6) root_id=864691136573242786
Block (7,6,4) ok, attempt=1, duration=2.79s
Block (4,9,3) root_id=864691136573242786

Blocks:  46%|████▋     | 802/1728 [05:15<07:00,  2.20it/s]Block (2,5,4) ok, attempt=1, duration=2.97s

Blocks:  46%|████▋     | 803/1728 [05:15<06:18,  2.44it/s]Block (8,6,8) root_id=864691136573242786
Block (8,5,7) ok, attempt=1, duration=2.91s
Block (2,9,10) root_id=864691136573242786
Block (9,10,3) ok, attempt=1, duration=2.62s
Block (3,5,8) root_id=864691136573242786

Blocks:  47%|████▋     | 805/1728 [05:16<04:20,  3.54it/s]Block (3,4,7) ok, attempt=1, duration=3.04s
Block (11,7,7) root_id=864691136573242786
Block (7,10,10) ok, attempt=1, duration=2.52s

Blocks:  47%|████▋     | 807/1728 [05:16<03:23,  4.52it/s]Block (10,7,1) root_id=864691136573242786
Block (6,9,2) ok, attempt=1, duration=2.30s
Block (2,6,4) root_id=864691136573242786

Blocks:  47%|████▋     | 808/1728 [05:16<03:08,  4.89it/s]Block (7,2,6) ok, attempt=1, duration=2.16s

Blocks:  47%|████▋     | 809/1728 [05:17<05:17,  2.90it/s]Block (11,8,8) root_id=864691136573242786
Block (4,9,3) ok, attempt=1, duration=1.91s

Blocks:  47%|████▋     | 810/1728 [05:17<04:30,  3.40it/s]Block (11,0,4) root_id=864691136573242786
Block (2,9,10) ok, attempt=1, duration=2.05s

Blocks:  47%|████▋     | 811/1728 [05:17<05:20,  2.86it/s]Block (3,8,0) root_id=864691136573242786
Block (8,6,8) ok, attempt=1, duration=2.46s

Blocks:  47%|████▋     | 812/1728 [05:18<05:22,  2.84it/s]Block (1,8,7) root_id=864691136573242786
Block (11,7,7) ok, attempt=1, duration=2.30s

Blocks:  47%|████▋     | 813/1728 [05:18<04:29,  3.40it/s]Block (6,4,8) root_id=864691136573242786
Block (3,5,8) ok, attempt=1, duration=2.61s
Block (5,6,0) root_id=864691136573242786

Blocks:  47%|████▋     | 814/1728 [05:18<04:21,  3.49it/s]Block (2,6,4) ok, attempt=1, duration=2.49s

Blocks:  47%|████▋     | 815/1728 [05:18<04:25,  3.44it/s]Block (10,7,1) ok, attempt=1, duration=2.67s
Block (0,4,6) root_id=864691136573242786
Block (3,11,5) root_id=864691136573242786
Block (11,8,8) ok, attempt=1, duration=1.91s

Blocks:  47%|████▋     | 817/1728 [05:19<03:04,  4.94it/s]Block (0,7,11) root_id=864691136573242786
Block (11,0,4) ok, attempt=1, duration=2.17s

Blocks:  47%|████▋     | 818/1728 [05:19<03:52,  3.91it/s]Block (10,10,11) root_id=864691136573242786
Block (3,8,0) ok, attempt=1, duration=2.58s

Blocks:  47%|████▋     | 819/1728 [05:20<06:21,  2.38it/s]Block (10,2,7) root_id=864691136573242786
Block (1,8,7) ok, attempt=1, duration=2.32s

Blocks:  47%|████▋     | 820/1728 [05:20<05:05,  2.97it/s]Block (7,9,4) root_id=864691136573242786
Block (6,4,8) ok, attempt=1, duration=2.63s
Block (2,1,10) root_id=864691136573242786

Blocks:  48%|████▊     | 821/1728 [05:21<05:38,  2.68it/s]Block (0,4,6) ok, attempt=1, duration=2.38s

Blocks:  48%|████▊     | 822/1728 [05:21<05:18,  2.84it/s]Block (5,9,11) root_id=864691136573242786
Block (0,7,11) ok, attempt=1, duration=2.44s

Blocks:  48%|████▊     | 823/1728 [05:21<04:54,  3.07it/s]Block (8,5,2) root_id=864691136573242786
Block (3,11,5) ok, attempt=1, duration=2.72s
Block (5,6,0) ok, attempt=1, duration=3.04s

Blocks:  48%|████▊     | 824/1728 [05:21<03:55,  3.84it/s]Block (9,6,10) root_id=864691136573242786
Block (6,5,9) root_id=864691136573242786
Block (10,10,11) ok, attempt=1, duration=2.51s

Blocks:  48%|████▊     | 826/1728 [05:22<03:25,  4.39it/s]Block (11,11,0) root_id=864691136573242786
Block (7,9,4) ok, attempt=1, duration=2.41s

Blocks:  48%|████▊     | 827/1728 [05:23<05:55,  2.53it/s]Block (4,5,10) root_id=864691136573242786
Block (10,2,7) ok, attempt=1, duration=2.69s

Blocks:  48%|████▊     | 828/1728 [05:23<05:03,  2.96it/s]Block (3,4,2) root_id=864691136573242786
Block (2,1,10) ok, attempt=1, duration=2.22s
Block (1,4,9) root_id=864691136573242786
Block (5,9,11) ok, attempt=1, duration=2.49s
Block (0,0,8) root_id=864691136573242786

Blocks:  48%|████▊     | 830/1728 [05:23<05:05,  2.94it/s]Block (9,6,10) ok, attempt=1, duration=2.49s

Blocks:  48%|████▊     | 831/1728 [05:24<05:05,  2.94it/s]Block (7,10,5) root_id=864691136573242786
Block (8,5,2) ok, attempt=1, duration=2.64s
Block (7,2,1) root_id=864691136573242786
Block (6,5,9) ok, attempt=1, duration=2.58s
Block (8,6,3) root_id=864691136573242786
Block (11,11,0) ok, attempt=1, duration=2.34s

Blocks:  48%|████▊     | 834/1728 [05:24<03:06,  4.79it/s]Block (2,9,5) root_id=864691136573242786
Block (3,4,2) ok, attempt=1, duration=1.98s
Block (3,5,3) root_id=864691136573242786

Blocks:  48%|████▊     | 835/1728 [05:25<04:36,  3.23it/s]Block (4,5,10) ok, attempt=1, duration=2.22s
Block (8,9,8) root_id=864691136573242786
Block (1,4,9) ok, attempt=1, duration=2.33s

Blocks:  48%|████▊     | 837/1728 [05:25<04:06,  3.62it/s]Block (11,7,2) root_id=864691136573242786
Block (0,0,8) ok, attempt=1, duration=2.50s

Blocks:  48%|████▊     | 838/1728 [05:26<05:32,  2.67it/s]Block (6,1,11) root_id=864691136573242786
Block (7,10,5) ok, attempt=1, duration=2.40s

Blocks:  49%|████▊     | 839/1728 [05:26<05:08,  2.89it/s]Block (7,2,1) ok, attempt=1, duration=2.36s
Block (10,3,7) root_id=864691136573242786
Block (0,11,4) root_id=864691136573242786
Block (8,6,3) ok, attempt=1, duration=2.61s

Blocks:  49%|████▊     | 841/1728 [05:26<03:59,  3.71it/s]Block (5,2,7) root_id=864691136573242786
Block (2,9,5) ok, attempt=1, duration=2.60s
Block (11,8,3) root_id=864691136573242786

Blocks:  49%|████▊     | 842/1728 [05:27<03:37,  4.07it/s]Block (8,9,8) ok, attempt=1, duration=2.36s
Block (1,8,2) root_id=864691136573242786

Blocks:  49%|████▉     | 843/1728 [05:27<04:34,  3.22it/s]Block (3,5,3) ok, attempt=1, duration=2.60s

Blocks:  49%|████▉     | 844/1728 [05:27<04:04,  3.62it/s]Block (7,5,11) root_id=864691136573242786
Block (11,7,2) ok, attempt=1, duration=2.28s

Blocks:  49%|████▉     | 845/1728 [05:27<03:27,  4.26it/s]Block (8,1,9) root_id=864691136573242786
Block (0,11,4) ok, attempt=1, duration=2.46s

Blocks:  49%|████▉     | 846/1728 [05:29<07:20,  2.00it/s]Block (0,4,1) root_id=864691136573242786
Block (6,1,11) ok, attempt=1, duration=3.07s

Blocks:  49%|████▉     | 847/1728 [05:29<06:40,  2.20it/s]Block (3,11,0) root_id=864691136573242786
Block (5,2,7) ok, attempt=1, duration=2.60s
Block (6,4,3) root_id=864691136573242786
Block (10,3,7) ok, attempt=1, duration=2.97s
Block (1,11,7) root_id=864691136573242786

Blocks:  49%|████▉     | 849/1728 [05:29<04:13,  3.47it/s]Block (11,8,3) ok, attempt=1, duration=2.66s
Block (2,4,11) root_id=864691136573242786

Blocks:  49%|████▉     | 850/1728 [05:29<03:41,  3.97it/s]Block (1,8,2) ok, attempt=1, duration=2.33s

Blocks:  49%|████▉     | 851/1728 [05:29<03:28,  4.20it/s]Block (3,0,9) root_id=864691136573242786
Block (7,5,11) ok, attempt=1, duration=2.37s

Blocks:  49%|████▉     | 852/1728 [05:30<03:21,  4.34it/s]Block (0,7,6) root_id=864691136573242786
Block (8,1,9) ok, attempt=1, duration=2.39s

Blocks:  49%|████▉     | 853/1728 [05:30<03:04,  4.75it/s]Block (10,10,6) root_id=864691136573242786
Block (0,4,1) ok, attempt=1, duration=1.68s

Blocks:  49%|████▉     | 854/1728 [05:30<04:07,  3.53it/s]Block (10,2,2) root_id=864691136573242786
Block (1,11,7) ok, attempt=1, duration=2.18s

Blocks:  49%|████▉     | 855/1728 [05:31<07:08,  2.04it/s]Block (9,6,5) root_id=864691136573242786
Block (3,11,0) ok, attempt=1, duration=2.41s
Block (5,9,6) root_id=864691136573242786
Block (6,4,3) ok, attempt=1, duration=2.43s

Blocks:  50%|████▉     | 857/1728 [05:31<04:30,  3.22it/s]Block (6,5,4) root_id=864691136573242786
Block (3,0,9) ok, attempt=1, duration=2.16s
Block (4,5,5) root_id=864691136573242786

Blocks:  50%|████▉     | 858/1728 [05:32<03:53,  3.72it/s]Block (2,4,11) ok, attempt=1, duration=2.54s

Blocks:  50%|████▉     | 859/1728 [05:32<03:28,  4.16it/s]Block (9,9,10) root_id=864691136573242786
Block (0,7,6) ok, attempt=1, duration=2.26s

Blocks:  50%|████▉     | 860/1728 [05:32<03:08,  4.61it/s]Block (1,4,4) root_id=864691136573242786
Block (10,10,6) ok, attempt=1, duration=2.26s
Block (3,1,10) root_id=864691136573242786

Blocks:  50%|████▉     | 861/1728 [05:32<02:57,  4.87it/s]Block (10,2,2) ok, attempt=1, duration=2.01s

Blocks:  50%|████▉     | 862/1728 [05:32<02:55,  4.94it/s]Block (0,8,7) root_id=864691136573242786
Block (5,9,6) ok, attempt=1, duration=2.39s

Blocks:  50%|████▉     | 863/1728 [05:34<08:14,  1.75it/s]Block (11,3,9) root_id=864691136573242786
Block (6,5,4) ok, attempt=1, duration=2.62s

Blocks:  50%|█████     | 864/1728 [05:34<07:10,  2.01it/s]Block (7,10,0) root_id=864691136573242786
Block (9,6,5) ok, attempt=1, duration=3.06s

Blocks:  50%|█████     | 865/1728 [05:34<06:12,  2.31it/s]Block (5,10,7) root_id=864691136573242786
Block (4,5,5) ok, attempt=1, duration=3.07s

Blocks:  50%|█████     | 866/1728 [05:35<05:41,  2.53it/s]Block (3,1,10) ok, attempt=1, duration=2.59s
Block (10,6,8) root_id=864691136573242786
Block (2,9,0) root_id=864691136573242786
Block (1,4,4) ok, attempt=1, duration=2.82s
Block (9,10,11) root_id=864691136573242786
Block (9,9,10) ok, attempt=1, duration=3.02s

Blocks:  50%|█████     | 869/1728 [05:35<02:47,  5.13it/s]Block (9,2,7) root_id=864691136573242786
Block (0,8,7) ok, attempt=1, duration=2.75s
Block (8,9,3) root_id=864691136573242786
Block (7,10,0) ok, attempt=1, duration=2.08s

Blocks:  50%|█████     | 871/1728 [05:36<05:15,  2.72it/s]Block (4,9,11) root_id=864691136573242786
Block (11,3,9) ok, attempt=1, duration=2.46s
Block (10,3,2) root_id=864691136573242786
Block (5,10,7) ok, attempt=1, duration=2.50s

Blocks:  51%|█████     | 873/1728 [05:37<05:07,  2.78it/s]Block (8,8,7) root_id=864691136573242786
Block (8,9,3) ok, attempt=1, duration=2.07s

Blocks:  51%|█████     | 874/1728 [05:37<04:48,  2.96it/s]Block (6,0,10) root_id=864691136573242786
Block (9,2,7) ok, attempt=1, duration=2.33s
Block (5,2,2) root_id=864691136573242786
Block (10,6,8) ok, attempt=1, duration=2.52s
Block (3,7,7) root_id=864691136573242786
Block (9,10,11) ok, attempt=1, duration=2.55s

Blocks:  51%|█████     | 877/1728 [05:37<03:01,  4.68it/s]Block (7,5,6) root_id=864691136573242786
Block (2,9,0) ok, attempt=1, duration=2.66s
Block (8,1,4) root_id=864691136573242786
Block (4,9,11) ok, attempt=1, duration=1.55s
Block (2,4,6) root_id=864691136573242786

Blocks:  51%|█████     | 879/1728 [05:38<03:02,  4.66it/s]Block (10,3,2) ok, attempt=1, duration=2.74s
Block (3,8,8) root_id=864691136573242786

Blocks:  51%|█████     | 880/1728 [05:39<05:37,  2.51it/s]Block (6,0,10) ok, attempt=1, duration=2.04s

Blocks:  51%|█████     | 881/1728 [05:39<04:58,  2.83it/s]Block (8,8,7) ok, attempt=1, duration=2.30s
Block (1,11,2) root_id=864691136573242786
Block (8,4,9) root_id=864691136573242786
Block (5,2,2) ok, attempt=1, duration=2.41s
Block (1,0,11) root_id=864691136573242786

Blocks:  51%|█████     | 883/1728 [05:40<04:08,  3.40it/s]Block (7,5,6) ok, attempt=1, duration=2.32s
Block (0,7,1) root_id=864691136573242786
Block (2,4,6) ok, attempt=1, duration=1.93s
Block (10,10,1) root_id=864691136573242786

Blocks:  51%|█████     | 885/1728 [05:40<03:01,  4.66it/s]Block (8,1,4) ok, attempt=1, duration=2.44s
Block (9,6,0) root_id=864691136573242786

Blocks:  51%|█████▏    | 886/1728 [05:40<02:49,  4.96it/s]Block (3,7,7) ok, attempt=1, duration=2.66s
Block (5,9,1) root_id=864691136573242786
Block (3,8,8) ok, attempt=1, duration=2.05s

Blocks:  51%|█████▏    | 888/1728 [05:41<04:52,  2.87it/s]Block (7,6,7) root_id=864691136573242786
Block (10,10,1) ok, attempt=1, duration=1.80s

Blocks:  51%|█████▏    | 889/1728 [05:41<05:09,  2.71it/s]Block (4,5,0) root_id=864691136573242786
Block (1,11,2) ok, attempt=1, duration=2.75s
Block (9,9,5) root_id=864691136573242786

Blocks:  52%|█████▏    | 890/1728 [05:42<05:19,  2.63it/s]Block (8,4,9) ok, attempt=1, duration=2.79s
Block (2,5,7) root_id=864691136573242786
Block (5,9,1) ok, attempt=1, duration=2.42s
Block (11,11,8) root_id=864691136573242786

Blocks:  52%|█████▏    | 892/1728 [05:42<04:17,  3.25it/s]Block (9,6,0) ok, attempt=1, duration=2.58s
Block (8,5,10) root_id=864691136573242786
Block (0,7,1) ok, attempt=1, duration=2.86s

Blocks:  52%|█████▏    | 894/1728 [05:42<03:16,  4.25it/s]Block (11,3,4) root_id=864691136573242786
Block (1,0,11) ok, attempt=1, duration=3.26s
Block (10,6,3) root_id=864691136573242786

Blocks:  52%|█████▏    | 895/1728 [05:43<03:29,  3.97it/s]Block (7,6,7) ok, attempt=1, duration=2.41s

Blocks:  52%|█████▏    | 896/1728 [05:43<04:38,  2.99it/s]Block (8,11,8) root_id=864691136573242786
Block (4,5,0) ok, attempt=1, duration=2.51s

Blocks:  52%|█████▏    | 897/1728 [05:44<05:21,  2.59it/s]Block (0,10,11) root_id=864691136573242786
Block (9,9,5) ok, attempt=1, duration=2.47s
Block (9,2,2) root_id=864691136573242786

Blocks:  52%|█████▏    | 898/1728 [05:44<05:19,  2.60it/s]Block (2,5,7) ok, attempt=1, duration=2.63s

Blocks:  52%|█████▏    | 899/1728 [05:45<04:43,  2.92it/s]Block (5,1,2) root_id=864691136573242786
Block (11,3,4) ok, attempt=1, duration=2.19s
Block (8,8,2) root_id=864691136573242786

Blocks:  52%|█████▏    | 900/1728 [05:45<03:50,  3.60it/s]Block (8,5,10) ok, attempt=1, duration=2.38s
Block (5,4,7) root_id=864691136573242786
Block (11,11,8) ok, attempt=1, duration=2.57s
Block (6,8,9) root_id=864691136573242786

Blocks:  52%|█████▏    | 902/1728 [05:45<02:36,  5.27it/s]Block (10,6,3) ok, attempt=1, duration=2.19s

Blocks:  52%|█████▏    | 903/1728 [05:45<02:24,  5.69it/s]Block (4,8,10) root_id=864691136573242786
Block (8,11,8) ok, attempt=1, duration=1.98s
Block (6,0,5) root_id=864691136573242786

Blocks:  52%|█████▏    | 904/1728 [05:45<03:26,  3.99it/s]Block (0,10,11) ok, attempt=1, duration=2.18s

Blocks:  52%|█████▏    | 905/1728 [05:46<05:06,  2.69it/s]Block (11,7,10) root_id=864691136573242786
Block (9,2,2) ok, attempt=1, duration=2.02s

Blocks:  52%|█████▏    | 906/1728 [05:46<04:31,  3.03it/s]Block (4,0,6) root_id=864691136573242786
Block (5,1,2) ok, attempt=1, duration=2.75s
Block (5,4,7) ok, attempt=1, duration=2.59s

Blocks:  52%|█████▏    | 907/1728 [05:47<06:57,  1.97it/s]Block (1,7,9) root_id=864691136573242786
Block (3,7,2) root_id=864691136573242786
Block (6,8,9) ok, attempt=1, duration=2.65s
Block (11,10,3) root_id=864691136573242786

Blocks:  53%|█████▎    | 909/1728 [05:47<04:21,  3.13it/s]Block (8,8,2) ok, attempt=1, duration=2.96s

Blocks:  53%|█████▎    | 910/1728 [05:48<03:44,  3.65it/s]Block (0,3,8) root_id=864691136573242786
Block (4,8,10) ok, attempt=1, duration=2.67s
Block (7,5,1) root_id=864691136573242786
Block (11,7,10) ok, attempt=1, duration=1.80s

Blocks:  53%|█████▎    | 912/1728 [05:48<03:08,  4.34it/s]Block (5,5,8) root_id=864691136573242786
Block (6,0,5) ok, attempt=1, duration=2.61s
Block (4,1,7) root_id=864691136573242786
Block (4,0,6) ok, attempt=1, duration=2.13s

Blocks:  53%|█████▎    | 914/1728 [05:49<03:20,  4.06it/s]Block (2,4,1) root_id=864691136573242786
Block (11,10,3) ok, attempt=1, duration=2.51s

Blocks:  53%|█████▎    | 915/1728 [05:50<06:51,  1.98it/s]Block (3,8,3) root_id=864691136573242786
Block (3,7,2) ok, attempt=1, duration=2.73s
Block (8,4,4) root_id=864691136573242786
Block (7,5,1) ok, attempt=1, duration=2.60s

Blocks:  53%|█████▎    | 917/1728 [05:50<04:54,  2.76it/s]Block (6,4,11) root_id=864691136573242786
Block (1,7,9) ok, attempt=1, duration=3.03s

Blocks:  53%|█████▎    | 918/1728 [05:50<04:12,  3.21it/s]Block (3,11,8) root_id=864691136573242786
Block (4,1,7) ok, attempt=1, duration=2.59s

Blocks:  53%|█████▎    | 919/1728 [05:51<04:04,  3.31it/s]Block (7,6,2) root_id=864691136573242786
Block (5,5,8) ok, attempt=1, duration=2.79s
Block (9,9,0) root_id=864691136573242786

Blocks:  53%|█████▎    | 920/1728 [05:51<03:25,  3.93it/s]Block (0,3,8) ok, attempt=1, duration=3.13s
Block (10,2,10) root_id=864691136573242786
Block (2,4,1) ok, attempt=1, duration=2.47s

Blocks:  53%|█████▎    | 922/1728 [05:51<02:40,  5.03it/s]Block (7,9,7) root_id=864691136573242786
Block (3,8,3) ok, attempt=1, duration=2.69s

Blocks:  53%|█████▎    | 923/1728 [05:53<07:16,  1.84it/s]Block (2,5,2) root_id=864691136573242786
Block (3,11,8) ok, attempt=1, duration=2.44s

Blocks:  53%|█████▎    | 924/1728 [05:53<05:56,  2.26it/s]Block (11,11,3) root_id=864691136573242786
Block (7,9,7) ok, attempt=1, duration=2.06s

Blocks:  54%|█████▎    | 925/1728 [05:53<05:08,  2.61it/s]Block (8,11,3) root_id=864691136573242786
Block (7,6,2) ok, attempt=1, duration=2.53s
Block (8,4,4) ok, attempt=1, duration=3.12s

Blocks:  54%|█████▎    | 926/1728 [05:53<04:11,  3.19it/s]Block (3,3,9) root_id=864691136573242786
Block (6,11,10) root_id=864691136573242786
Block (6,4,11) ok, attempt=1, duration=2.96s
Block (0,10,6) root_id=864691136573242786
Block (10,2,10) ok, attempt=1, duration=2.57s
Block (11,6,10) root_id=864691136573242786
Block (9,9,0) ok, attempt=1, duration=2.61s
Block (10,5,2) root_id=864691136573242786

Blocks:  54%|█████▍    | 929/1728 [05:53<02:25,  5.51it/s]Block (2,5,2) ok, attempt=1, duration=1.75s

Blocks:  54%|█████▍    | 931/1728 [05:54<04:01,  3.30it/s]Block (9,1,1) root_id=864691136573242786
Block (11,11,3) ok, attempt=1, duration=2.45s
Block (7,1,8) root_id=864691136573242786

Blocks:  54%|█████▍    | 932/1728 [05:55<05:21,  2.47it/s]Block (8,11,3) ok, attempt=1, duration=2.49s
Block (5,4,2) root_id=864691136573242786

Blocks:  54%|█████▍    | 933/1728 [05:56<04:58,  2.66it/s]Block (11,6,10) ok, attempt=1, duration=2.41s

Blocks:  54%|█████▍    | 934/1728 [05:56<04:23,  3.01it/s]Block (6,8,4) root_id=864691136573242786
Block (3,3,9) ok, attempt=1, duration=2.61s
Block (4,8,5) root_id=864691136573242786
Block (6,11,10) ok, attempt=1, duration=2.70s

Blocks:  54%|█████▍    | 936/1728 [05:56<02:57,  4.45it/s]Block (10,5,2) ok, attempt=1, duration=2.51s
Block (6,0,0) root_id=864691136573242786
Block (4,0,1) root_id=864691136573242786
Block (0,10,6) ok, attempt=1, duration=2.72s
Block (1,7,4) root_id=864691136573242786
Block (9,1,1) ok, attempt=1, duration=2.35s
Block (2,0,8) root_id=864691136573242786

Blocks:  54%|█████▍    | 939/1728 [05:57<03:29,  3.76it/s]Block (5,4,2) ok, attempt=1, duration=2.01s
Block (0,11,7) root_id=864691136573242786

Blocks:  54%|█████▍    | 940/1728 [05:58<04:37,  2.84it/s]Block (1,7,4) ok, attempt=1, duration=2.23s

Blocks:  54%|█████▍    | 941/1728 [05:58<05:19,  2.46it/s]Block (8,0,11) root_id=864691136573242786
Block (7,1,8) ok, attempt=1, duration=3.06s
Block (5,5,3) root_id=864691136573242786

Blocks:  55%|█████▍    | 942/1728 [05:58<04:36,  2.84it/s]Block (6,8,4) ok, attempt=1, duration=2.70s

Blocks:  55%|█████▍    | 943/1728 [05:58<03:48,  3.43it/s]Block (10,9,8) root_id=864691136573242786
Block (6,0,0) ok, attempt=1, duration=2.69s

Blocks:  55%|█████▍    | 944/1728 [05:59<03:21,  3.90it/s]Block (4,1,2) root_id=864691136573242786
Block (4,0,1) ok, attempt=1, duration=2.74s
Block (9,5,7) root_id=864691136573242786
Block (4,8,5) ok, attempt=1, duration=2.94s

Blocks:  55%|█████▍    | 946/1728 [05:59<02:19,  5.61it/s]Block (6,4,6) root_id=864691136573242786
Block (0,11,7) ok, attempt=1, duration=1.75s

Blocks:  55%|█████▍    | 947/1728 [05:59<03:29,  3.73it/s]Block (3,11,3) root_id=864691136573242786
Block (2,0,8) ok, attempt=1, duration=2.62s

Blocks:  55%|█████▍    | 948/1728 [05:59<03:00,  4.33it/s]Block (11,2,11) root_id=864691136573242786
Block (5,5,3) ok, attempt=1, duration=2.12s

Blocks:  55%|█████▍    | 949/1728 [06:00<05:44,  2.26it/s]Block (10,2,5) root_id=864691136573242786
Block (8,0,11) ok, attempt=1, duration=2.52s

Blocks:  55%|█████▍    | 950/1728 [06:01<05:02,  2.58it/s]Block (8,7,10) root_id=864691136573242786
Block (4,1,2) ok, attempt=1, duration=2.18s
Block (7,9,2) root_id=864691136573242786
Block (10,9,8) ok, attempt=1, duration=2.53s

Blocks:  55%|█████▌    | 952/1728 [06:01<03:36,  3.58it/s]Block (10,1,9) root_id=864691136573242786
Block (9,5,7) ok, attempt=1, duration=2.57s

Blocks:  55%|█████▌    | 953/1728 [06:01<03:23,  3.81it/s]Block (7,8,6) root_id=864691136573242786
Block (6,4,6) ok, attempt=1, duration=2.63s

Blocks:  55%|█████▌    | 954/1728 [06:01<03:06,  4.15it/s]Block (5,0,9) root_id=864691136573242786
Block (3,11,3) ok, attempt=1, duration=2.22s

Blocks:  55%|█████▌    | 955/1728 [06:02<02:48,  4.59it/s]Block (2,7,6) root_id=864691136573242786
Block (11,2,11) ok, attempt=1, duration=2.32s

Blocks:  55%|█████▌    | 956/1728 [06:02<02:49,  4.55it/s]Block (7,11,11) root_id=864691136573242786
Block (8,7,10) ok, attempt=1, duration=2.45s

Blocks:  55%|█████▌    | 957/1728 [06:03<07:07,  1.80it/s]Block (6,11,5) root_id=864691136573242786
Block (10,2,5) ok, attempt=1, duration=2.77s
Block (1,3,11) root_id=864691136573242786
Block (2,7,6) ok, attempt=1, duration=1.77s

Blocks:  55%|█████▌    | 959/1728 [06:03<04:22,  2.93it/s]Block (0,10,1) root_id=864691136573242786
Block (7,9,2) ok, attempt=1, duration=2.69s

Blocks:  56%|█████▌    | 960/1728 [06:03<03:49,  3.35it/s]Block (10,1,9) ok, attempt=1, duration=2.50s
Block (11,6,5) root_id=864691136573242786
Block (11,9,10) root_id=864691136573242786
Block (7,8,6) ok, attempt=1, duration=2.39s

Blocks:  56%|█████▌    | 962/1728 [06:04<02:31,  5.05it/s]Block (7,1,3) root_id=864691136573242786
Block (7,11,11) ok, attempt=1, duration=1.87s
Block (4,8,0) root_id=864691136573242786
Block (5,0,9) ok, attempt=1, duration=2.38s

Blocks:  56%|█████▌    | 964/1728 [06:04<02:00,  6.33it/s]Block (5,1,10) root_id=864691136573242786
Block (1,3,11) ok, attempt=1, duration=2.59s
Block (2,8,7) root_id=864691136573242786
Block (11,9,10) ok, attempt=1, duration=2.54s

Blocks:  56%|█████▌    | 966/1728 [06:06<06:16,  2.03it/s]Block (7,4,8) root_id=864691136573242786
Block (6,11,5) ok, attempt=1, duration=2.94s
Block (0,11,2) root_id=864691136573242786
Block (4,8,0) ok, attempt=1, duration=2.56s

Blocks:  56%|█████▌    | 968/1728 [06:06<04:31,  2.80it/s]Block (8,8,10) root_id=864691136573242786
Block (0,10,1) ok, attempt=1, duration=2.98s

Blocks:  56%|█████▌    | 969/1728 [06:06<03:54,  3.24it/s]Block (8,0,6) root_id=864691136573242786
Block (7,1,3) ok, attempt=1, duration=2.75s
Block (3,7,10) root_id=864691136573242786
Block (11,6,5) ok, attempt=1, duration=2.97s

Blocks:  56%|█████▌    | 971/1728 [06:06<02:52,  4.38it/s]Block (11,10,11) root_id=864691136573242786
Block (5,1,10) ok, attempt=1, duration=2.79s
Block (10,9,3) root_id=864691136573242786
Block (7,4,8) ok, attempt=1, duration=2.06s

Blocks:  56%|█████▋    | 973/1728 [06:08<05:22,  2.34it/s]Block (1,10,10) root_id=864691136573242786
Block (2,8,7) ok, attempt=1, duration=2.72s

Blocks:  56%|█████▋    | 974/1728 [06:09<05:27,  2.30it/s]Block (9,5,2) root_id=864691136573242786
Block (11,10,11) ok, attempt=1, duration=2.13s
Block (7,5,9) root_id=864691136573242786
Block (8,8,10) ok, attempt=1, duration=2.60s

Blocks:  56%|█████▋    | 976/1728 [06:09<04:01,  3.12it/s]Block (2,4,9) root_id=864691136573242786
Block (0,11,2) ok, attempt=1, duration=2.84s

Blocks:  57%|█████▋    | 977/1728 [06:09<03:33,  3.51it/s]Block (4,11,10) root_id=864691136573242786
Block (8,0,6) ok, attempt=1, duration=2.81s

Blocks:  57%|█████▋    | 978/1728 [06:09<03:15,  3.83it/s]Block (11,2,6) root_id=864691136573242786
Block (10,9,3) ok, attempt=1, duration=2.59s
Block (8,7,5) root_id=864691136573242786
Block (3,7,10) ok, attempt=1, duration=2.94s

Blocks:  57%|█████▋    | 980/1728 [06:09<02:22,  5.24it/s]Block (0,6,8) root_id=864691136573242786
Block (1,10,10) ok, attempt=1, duration=2.44s

Blocks:  57%|█████▋    | 981/1728 [06:11<05:16,  2.36it/s]Block (10,1,4) root_id=864691136573242786
Block (9,5,2) ok, attempt=1, duration=2.27s

Blocks:  57%|█████▋    | 982/1728 [06:11<04:53,  2.54it/s]Block (7,8,1) root_id=864691136573242786
Block (7,5,9) ok, attempt=1, duration=2.47s

Blocks:  57%|█████▋    | 983/1728 [06:11<04:21,  2.85it/s]Block (5,8,8) root_id=864691136573242786
Block (2,4,9) ok, attempt=1, duration=2.31s
Block (5,0,4) root_id=864691136573242786
Block (4,11,10) ok, attempt=1, duration=2.49s

Blocks:  57%|█████▋    | 985/1728 [06:11<03:28,  3.56it/s]Block (10,4,9) root_id=864691136573242786
Block (8,7,5) ok, attempt=1, duration=2.32s
Block (4,4,7) root_id=864691136573242786
Block (11,2,6) ok, attempt=1, duration=2.64s

Blocks:  57%|█████▋    | 987/1728 [06:12<02:55,  4.23it/s]Block (7,11,6) root_id=864691136573242786
Block (0,6,8) ok, attempt=1, duration=2.56s
Block (2,7,1) root_id=864691136573242786
Block (7,8,1) ok, attempt=1, duration=2.33s

Blocks:  57%|█████▋    | 989/1728 [06:13<04:55,  2.50it/s]Block (6,11,0) root_id=864691136573242786
Block (10,1,4) ok, attempt=1, duration=2.84s

Blocks:  57%|█████▋    | 990/1728 [06:13<04:27,  2.75it/s]Block (9,0,8) root_id=864691136573242786
Block (5,8,8) ok, attempt=1, duration=2.39s
Block (11,6,0) root_id=864691136573242786
Block (5,0,4) ok, attempt=1, duration=2.52s
Block (8,11,11) root_id=864691136573242786

Blocks:  57%|█████▋    | 992/1728 [06:14<03:25,  3.58it/s]Block (7,11,6) ok, attempt=1, duration=2.00s

Blocks:  57%|█████▋    | 993/1728 [06:14<02:59,  4.10it/s]Block (11,9,5) root_id=864691136573242786
Block (4,4,7) ok, attempt=1, duration=2.40s

Blocks:  58%|█████▊    | 994/1728 [06:14<02:38,  4.62it/s]Block (0,2,10) root_id=864691136573242786
Block (2,7,1) ok, attempt=1, duration=2.13s
Block (10,4,9) ok, attempt=1, duration=2.54s

Blocks:  58%|█████▊    | 995/1728 [06:14<02:17,  5.32it/s]Block (5,1,5) root_id=864691136573242786
Block (10,5,10) root_id=864691136573242786
Block (6,11,0) ok, attempt=1, duration=2.70s

Blocks:  58%|█████▊    | 997/1728 [06:16<06:05,  2.00it/s]Block (2,8,2) root_id=864691136573242786
Block (11,6,0) ok, attempt=1, duration=2.79s
Block (7,4,3) root_id=864691136573242786

Blocks:  58%|█████▊    | 998/1728 [06:16<05:48,  2.10it/s]Block (10,5,10) ok, attempt=1, duration=2.30s
Block (8,8,5) root_id=864691136573242786
Block (0,2,10) ok, attempt=1, duration=2.48s
Block (5,4,10) root_id=864691136573242786
Block (8,11,11) ok, attempt=1, duration=2.78s

Blocks:  58%|█████▊    | 1001/1728 [06:16<03:12,  3.78it/s]Block (8,0,1) root_id=864691136573242786
Block (9,0,8) ok, attempt=1, duration=3.13s

Blocks:  58%|█████▊    | 1002/1728 [06:17<02:50,  4.27it/s]Block (9,1,9) root_id=864691136573242786
Block (11,9,5) ok, attempt=1, duration=2.85s

Blocks:  58%|█████▊    | 1003/1728 [06:17<02:29,  4.84it/s]Block (2,11,7) root_id=864691136573242786
Block (5,1,5) ok, attempt=1, duration=2.99s

Blocks:  58%|█████▊    | 1004/1728 [06:17<02:53,  4.16it/s]Block (4,0,9) root_id=864691136573242786
Block (4,0,9) ok, attempt=1, duration=1.90s

Blocks:  58%|█████▊    | 1005/1728 [06:19<07:54,  1.52it/s]Block (7,4,3) ok, attempt=1, duration=2.64s
Block (3,7,5) root_id=864691136573242786
Block (11,10,6) root_id=864691136573242786
Block (2,8,2) ok, attempt=1, duration=3.05s
Block (6,3,1) root_id=864691136573242786
Block (2,11,7) ok, attempt=1, duration=2.37s
Block (1,10,5) root_id=864691136573242786

Blocks:  58%|█████▊    | 1008/1728 [06:19<04:03,  2.96it/s]Block (9,1,9) ok, attempt=1, duration=2.55s
Block (6,6,6) root_id=864691136573242786
Block (8,8,5) ok, attempt=1, duration=2.78s
Block (0,9,9) root_id=864691136573242786
Block (5,4,10) ok, attempt=1, duration=2.81s

Blocks:  59%|█████▊    | 1011/1728 [06:19<02:38,  4.52it/s]Block (4,11,5) root_id=864691136573242786
Block (8,0,1) ok, attempt=1, duration=2.84s
Block (11,2,1) root_id=864691136573242786
Block (11,10,6) ok, attempt=1, duration=2.40s

Blocks:  59%|█████▊    | 1013/1728 [06:21<05:29,  2.17it/s]Block (2,3,8) root_id=864691136573242786
Block (4,11,5) ok, attempt=1, duration=2.15s
Block (8,7,0) root_id=864691136573242786
Block (3,7,5) ok, attempt=1, duration=2.57s

Blocks:  59%|█████▊    | 1015/1728 [06:21<04:08,  2.87it/s]Block (6,7,7) root_id=864691136573242786
Block (1,10,5) ok, attempt=1, duration=2.54s
Block (0,6,3) root_id=864691136573242786
Block (6,6,6) ok, attempt=1, duration=2.57s
Block (1,6,7) root_id=864691136573242786

Blocks:  59%|█████▉    | 1017/1728 [06:22<03:14,  3.65it/s]Block (6,3,1) ok, attempt=1, duration=2.77s
Block (5,8,3) root_id=864691136573242786
Block (11,2,1) ok, attempt=1, duration=2.48s

Blocks:  59%|█████▉    | 1019/1728 [06:22<02:27,  4.80it/s]Block (10,4,4) root_id=864691136573242786
Block (0,9,9) ok, attempt=1, duration=2.77s
Block (4,4,2) root_id=864691136573242786
Block (0,6,3) ok, attempt=1, duration=2.06s

Blocks:  59%|█████▉    | 1021/1728 [06:24<04:59,  2.36it/s]Block (9,8,7) root_id=864691136573242786
Block (2,3,8) ok, attempt=1, duration=2.60s

Blocks:  59%|█████▉    | 1022/1728 [06:24<04:42,  2.50it/s]Block (7,11,1) root_id=864691136573242786
Block (5,8,3) ok, attempt=1, duration=2.26s
Block (5,11,8) root_id=864691136573242786
Block (8,7,0) ok, attempt=1, duration=2.77s

Blocks:  59%|█████▉    | 1024/1728 [06:24<03:32,  3.32it/s]Block (9,0,3) root_id=864691136573242786
Block (1,6,7) ok, attempt=1, duration=2.55s

Blocks:  59%|█████▉    | 1025/1728 [06:24<03:06,  3.76it/s]Block (7,0,10) root_id=864691136573242786
Block (6,7,7) ok, attempt=1, duration=2.78s
Block (4,7,7) root_id=864691136573242786
Block (4,4,2) ok, attempt=1, duration=2.62s
Block (8,11,6) root_id=864691136573242786

Blocks:  59%|█████▉    | 1027/1728 [06:24<02:35,  4.51it/s]Block (10,4,4) ok, attempt=1, duration=2.93s
Block (0,10,9) root_id=864691136573242786

Blocks:  59%|█████▉    | 1028/1728 [06:25<02:31,  4.63it/s]Block (7,11,1) ok, attempt=1, duration=1.95s
Block (11,9,0) root_id=864691136573242786

Blocks:  60%|█████▉    | 1029/1728 [06:26<04:57,  2.35it/s]Block (9,8,7) ok, attempt=1, duration=2.60s
Block (5,1,0) root_id=864691136573242786

Blocks:  60%|█████▉    | 1030/1728 [06:26<04:46,  2.44it/s]Block (8,11,6) ok, attempt=1, duration=2.02s

Blocks:  60%|█████▉    | 1031/1728 [06:26<04:26,  2.62it/s]Block (3,6,5) root_id=864691136573242786
Block (5,11,8) ok, attempt=1, duration=2.63s
Block (10,5,5) root_id=864691136573242786
Block (7,0,10) ok, attempt=1, duration=2.58s

Blocks:  60%|█████▉    | 1033/1728 [06:27<03:15,  3.55it/s]Block (9,1,4) root_id=864691136573242786
Block (4,7,7) ok, attempt=1, duration=2.78s

Blocks:  60%|█████▉    | 1034/1728 [06:27<03:04,  3.77it/s]Block (5,4,5) root_id=864691136573242786
Block (9,0,3) ok, attempt=1, duration=2.98s
Block (3,9,10) root_id=864691136573242786
Block (0,10,9) ok, attempt=1, duration=2.49s

Blocks:  60%|█████▉    | 1036/1728 [06:27<02:14,  5.13it/s]Block (2,11,2) root_id=864691136573242786
Block (11,9,0) ok, attempt=1, duration=1.70s
Block (4,0,4) root_id=864691136573242786

Blocks:  60%|██████    | 1037/1728 [06:28<02:40,  4.30it/s]Block (5,1,0) ok, attempt=1, duration=2.40s
Block (11,10,1) root_id=864691136573242786

Blocks:  60%|██████    | 1038/1728 [06:29<04:57,  2.32it/s]Block (3,6,5) ok, attempt=1, duration=2.59s
Block (1,10,0) root_id=864691136573242786

Blocks:  60%|██████    | 1039/1728 [06:29<05:08,  2.24it/s]Block (3,9,10) ok, attempt=1, duration=2.20s

Blocks:  60%|██████    | 1040/1728 [06:29<04:19,  2.65it/s]Block (6,6,1) root_id=864691136573242786
Block (9,1,4) ok, attempt=1, duration=2.68s
Block (8,3,7) root_id=864691136573242786

Blocks:  60%|██████    | 1041/1728 [06:29<03:44,  3.06it/s]Block (10,5,5) ok, attempt=1, duration=3.07s

Blocks:  60%|██████    | 1042/1728 [06:30<03:18,  3.45it/s]Block (3,10,11) root_id=864691136573242786
Block (4,0,4) ok, attempt=1, duration=2.23s

Blocks:  60%|██████    | 1043/1728 [06:30<02:47,  4.08it/s]Block (0,9,4) root_id=864691136573242786
Block (5,4,5) ok, attempt=1, duration=2.94s
Block (4,11,0) root_id=864691136573242786

Blocks:  60%|██████    | 1044/1728 [06:30<02:29,  4.57it/s]Block (2,11,2) ok, attempt=1, duration=2.92s
Block (10,0,11) root_id=864691136573242786

Blocks:  60%|██████    | 1045/1728 [06:30<02:14,  5.09it/s]Block (11,10,1) ok, attempt=1, duration=1.83s
Block (9,7,1) root_id=864691136573242786

Blocks:  61%|██████    | 1046/1728 [06:30<02:40,  4.25it/s]Block (6,6,1) ok, attempt=1, duration=2.28s

Blocks:  61%|██████    | 1047/1728 [06:32<05:41,  2.00it/s]Block (7,7,8) root_id=864691136573242786
Block (1,10,0) ok, attempt=1, duration=2.70s

Blocks:  61%|██████    | 1048/1728 [06:32<04:50,  2.34it/s]Block (6,7,2) root_id=864691136573242786
Block (8,3,7) ok, attempt=1, duration=2.80s

Blocks:  61%|██████    | 1049/1728 [06:32<04:56,  2.29it/s]Block (1,6,2) root_id=864691136573242786
Block (3,10,11) ok, attempt=1, duration=2.64s
Block (11,5,7) root_id=864691136573242786
Block (10,0,11) ok, attempt=1, duration=2.42s

Blocks:  61%|██████    | 1051/1728 [06:33<03:19,  3.39it/s]Block (9,8,2) root_id=864691136573242786
Block (0,9,4) ok, attempt=1, duration=2.84s

Blocks:  61%|██████    | 1052/1728 [06:33<02:46,  4.05it/s]Block (5,11,3) root_id=864691136573242786
Block (4,11,0) ok, attempt=1, duration=2.74s
Block (7,8,9) root_id=864691136573242786
Block (9,7,1) ok, attempt=1, duration=2.49s

Blocks:  61%|██████    | 1054/1728 [06:33<02:18,  4.88it/s]Block (7,0,5) root_id=864691136573242786
Block (7,7,8) ok, attempt=1, duration=2.05s

Blocks:  61%|██████    | 1055/1728 [06:34<03:32,  3.17it/s]Block (4,7,2) root_id=864691136573242786
Block (6,7,2) ok, attempt=1, duration=2.56s
Block (2,7,9) root_id=864691136573242786

Blocks:  61%|██████    | 1056/1728 [06:34<04:43,  2.37it/s]Block (1,6,2) ok, attempt=1, duration=2.28s

Blocks:  61%|██████    | 1057/1728 [06:35<04:03,  2.76it/s]Block (8,11,1) root_id=864691136573242786
Block (9,8,2) ok, attempt=1, duration=2.21s

Blocks:  61%|██████    | 1058/1728 [06:35<03:31,  3.17it/s]Block (11,6,8) root_id=864691136573242786
Block (5,11,3) ok, attempt=1, duration=2.48s
Block (3,6,0) root_id=864691136573242786

Blocks:  61%|██████▏   | 1059/1728 [06:35<03:40,  3.03it/s]Block (11,5,7) ok, attempt=1, duration=2.95s

Blocks:  61%|██████▏   | 1060/1728 [06:35<03:07,  3.56it/s]Block (8,10,5) root_id=864691136573242786
Block (7,0,5) ok, attempt=1, duration=2.56s

Blocks:  61%|██████▏   | 1061/1728 [06:35<02:54,  3.82it/s]Block (10,5,0) root_id=864691136573242786
Block (7,8,9) ok, attempt=1, duration=2.94s

Blocks:  61%|██████▏   | 1062/1728 [06:36<02:35,  4.28it/s]Block (6,2,8) root_id=864691136573242786
Block (4,7,2) ok, attempt=1, duration=2.78s

Blocks:  62%|██████▏   | 1063/1728 [06:36<04:15,  2.60it/s]Block (5,4,0) root_id=864691136573242786
Block (2,7,9) ok, attempt=1, duration=2.53s

Blocks:  62%|██████▏   | 1064/1728 [06:37<04:38,  2.38it/s]Block (3,9,5) root_id=864691136573242786
Block (3,6,0) ok, attempt=1, duration=2.16s
Block (1,1,8) root_id=864691136573242786

Blocks:  62%|██████▏   | 1065/1728 [06:37<04:28,  2.47it/s]Block (8,11,1) ok, attempt=1, duration=2.76s
Block (0,5,11) root_id=864691136573242786
Block (11,6,8) ok, attempt=1, duration=2.74s

Blocks:  62%|██████▏   | 1067/1728 [06:37<02:57,  3.73it/s]Block (5,3,4) root_id=864691136573242786
Block (8,10,5) ok, attempt=1, duration=2.30s
Block (2,10,1) root_id=864691136573242786
Block (10,5,0) ok, attempt=1, duration=2.25s
Block (9,3,8) root_id=864691136573242786

Blocks:  62%|██████▏   | 1069/1728 [06:38<02:21,  4.66it/s]Block (6,2,8) ok, attempt=1, duration=2.49s

Blocks:  62%|██████▏   | 1070/1728 [06:38<02:46,  3.95it/s]Block (5,6,9) root_id=864691136573242786
Block (5,4,0) ok, attempt=1, duration=1.97s
Block (8,3,2) root_id=864691136573242786

Blocks:  62%|██████▏   | 1071/1728 [06:38<02:42,  4.05it/s]Block (3,9,5) ok, attempt=1, duration=1.97s

Blocks:  62%|██████▏   | 1072/1728 [06:39<03:24,  3.20it/s]Block (6,3,9) root_id=864691136573242786
Block (1,1,8) ok, attempt=1, duration=2.12s

Blocks:  62%|██████▏   | 1073/1728 [06:39<04:00,  2.73it/s]Block (4,2,8) root_id=864691136573242786
Block (0,5,11) ok, attempt=1, duration=2.57s

Blocks:  62%|██████▏   | 1074/1728 [06:40<04:25,  2.46it/s]Block (3,10,6) root_id=864691136573242786
Block (5,3,4) ok, attempt=1, duration=2.77s

Blocks:  62%|██████▏   | 1075/1728 [06:40<04:16,  2.54it/s]Block (1,2,9) root_id=864691136573242786
Block (2,10,1) ok, attempt=1, duration=2.88s

Blocks:  62%|██████▏   | 1076/1728 [06:40<03:39,  2.98it/s]Block (10,8,10) root_id=864691136573242786
Block (9,3,8) ok, attempt=1, duration=2.86s
Block (10,0,6) root_id=864691136573242786

Blocks:  62%|██████▏   | 1077/1728 [06:41<03:05,  3.50it/s]Block (5,6,9) ok, attempt=1, duration=2.74s

Blocks:  62%|██████▏   | 1078/1728 [06:41<03:09,  3.43it/s]Block (7,7,3) root_id=864691136573242786
Block (8,3,2) ok, attempt=1, duration=2.57s
Block (9,4,9) root_id=864691136573242786
Block (6,3,9) ok, attempt=1, duration=2.49s
Block (5,7,10) root_id=864691136573242786

Blocks:  62%|██████▎   | 1080/1728 [06:41<02:49,  3.82it/s]Block (4,2,8) ok, attempt=1, duration=2.63s

Blocks:  63%|██████▎   | 1081/1728 [06:42<03:51,  2.80it/s]Block (4,3,9) root_id=864691136573242786
Block (3,10,6) ok, attempt=1, duration=2.67s
Block (8,7,8) root_id=864691136573242786

Blocks:  63%|██████▎   | 1082/1728 [06:43<04:22,  2.47it/s]Block (1,2,9) ok, attempt=1, duration=2.64s

Blocks:  63%|██████▎   | 1083/1728 [06:43<04:07,  2.60it/s]Block (11,5,2) root_id=864691136573242786
Block (10,8,10) ok, attempt=1, duration=2.59s

Blocks:  63%|██████▎   | 1084/1728 [06:43<03:26,  3.11it/s]Block (10,1,7) root_id=864691136573242786
Block (10,0,6) ok, attempt=1, duration=2.54s

Blocks:  63%|██████▎   | 1085/1728 [06:43<02:47,  3.84it/s]Block (7,8,4) root_id=864691136573242786
Block (7,7,3) ok, attempt=1, duration=2.50s

Blocks:  63%|██████▎   | 1086/1728 [06:43<02:47,  3.83it/s]Block (7,0,0) root_id=864691136573242786
Block (9,4,9) ok, attempt=1, duration=2.83s
Block (5,0,7) root_id=864691136573242786

Blocks:  63%|██████▎   | 1087/1728 [06:44<03:03,  3.49it/s]Block (5,7,10) ok, attempt=1, duration=2.57s

Blocks:  63%|██████▎   | 1088/1728 [06:44<02:40,  3.98it/s]Block (2,7,4) root_id=864691136573242786
Block (4,3,9) ok, attempt=1, duration=2.70s

Blocks:  63%|██████▎   | 1089/1728 [06:45<04:27,  2.39it/s]Block (7,11,9) root_id=864691136573242786
Block (8,7,8) ok, attempt=1, duration=2.29s
Block (9,0,11) root_id=864691136573242786

Blocks:  63%|██████▎   | 1090/1728 [06:45<03:28,  3.06it/s]Block (11,5,2) ok, attempt=1, duration=2.67s
Block (11,6,3) root_id=864691136573242786

Blocks:  63%|██████▎   | 1091/1728 [06:46<04:38,  2.29it/s]Block (7,8,4) ok, attempt=1, duration=2.52s

Blocks:  63%|██████▎   | 1092/1728 [06:46<03:37,  2.92it/s]Block (2,6,8) root_id=864691136573242786
Block (10,1,7) ok, attempt=1, duration=2.82s

Blocks:  63%|██████▎   | 1093/1728 [06:46<03:05,  3.42it/s]Block (8,10,0) root_id=864691136573242786
Block (5,0,7) ok, attempt=1, duration=2.15s
Block (6,10,7) root_id=864691136573242786
Block (7,0,0) ok, attempt=1, duration=2.53s

Blocks:  63%|██████▎   | 1095/1728 [06:46<01:54,  5.52it/s]Block (11,9,8) root_id=864691136573242786
Block (2,7,4) ok, attempt=1, duration=2.41s

Blocks:  63%|██████▎   | 1096/1728 [06:46<02:27,  4.29it/s]Block (6,2,3) root_id=864691136573242786
Block (9,0,11) ok, attempt=1, duration=2.59s

Blocks:  63%|██████▎   | 1097/1728 [06:47<04:49,  2.18it/s]Block (3,9,0) root_id=864691136573242786
Block (7,11,9) ok, attempt=1, duration=2.75s
Block (1,9,7) root_id=864691136573242786
Block (11,6,3) ok, attempt=1, duration=2.52s
Block (0,5,6) root_id=864691136573242786

Blocks:  64%|██████▎   | 1099/1728 [06:48<04:11,  2.50it/s]Block (8,10,0) ok, attempt=1, duration=2.52s
Block (9,11,7) root_id=864691136573242786

Blocks:  64%|██████▎   | 1100/1728 [06:48<03:55,  2.66it/s]Block (6,10,7) ok, attempt=1, duration=2.68s
Block (9,3,3) root_id=864691136573242786

Blocks:  64%|██████▎   | 1101/1728 [06:49<03:29,  2.99it/s]Block (2,6,8) ok, attempt=1, duration=2.98s
Block (7,3,10) root_id=864691136573242786
Block (11,9,8) ok, attempt=1, duration=2.78s

Blocks:  64%|██████▍   | 1103/1728 [06:49<02:20,  4.44it/s]Block (10,11,11) root_id=864691136573242786
Block (6,2,3) ok, attempt=1, duration=2.60s
Block (5,6,4) root_id=864691136573242786

Blocks:  64%|██████▍   | 1104/1728 [06:49<02:19,  4.49it/s]Block (1,9,7) ok, attempt=1, duration=2.24s

Blocks:  64%|██████▍   | 1105/1728 [06:50<03:46,  2.75it/s]Block (4,10,7) root_id=864691136573242786
Block (3,9,0) ok, attempt=1, duration=2.64s

Blocks:  64%|██████▍   | 1106/1728 [06:50<03:42,  2.80it/s]Block (6,3,4) root_id=864691136573242786
Block (9,11,7) ok, attempt=1, duration=2.27s

Blocks:  64%|██████▍   | 1107/1728 [06:51<04:17,  2.41it/s]Block (3,10,1) root_id=864691136573242786
Block (7,3,10) ok, attempt=1, duration=2.29s

Blocks:  64%|██████▍   | 1108/1728 [06:51<03:55,  2.63it/s]Block (4,2,3) root_id=864691136573242786
Block (9,3,3) ok, attempt=1, duration=2.40s
Block (2,2,10) root_id=864691136573242786
Block (0,5,6) ok, attempt=1, duration=3.33s

Blocks:  64%|██████▍   | 1110/1728 [06:51<03:17,  3.13it/s]Block (6,6,9) root_id=864691136573242786
Block (5,6,4) ok, attempt=1, duration=2.49s
Block (10,8,5) root_id=864691136573242786
Block (4,10,7) ok, attempt=1, duration=2.08s

Blocks:  64%|██████▍   | 1112/1728 [06:52<02:52,  3.58it/s]Block (6,3,4) ok, attempt=1, duration=1.77s
Block (11,1,9) root_id=864691136573242786
Block (10,0,1) root_id=864691136573242786
Block (10,11,11) ok, attempt=1, duration=3.17s
Block (9,4,4) root_id=864691136573242786
Block (4,2,3) ok, attempt=1, duration=1.74s

Blocks:  65%|██████▍   | 1115/1728 [06:53<02:49,  3.61it/s]Block (5,7,5) root_id=864691136573242786
Block (3,10,1) ok, attempt=1, duration=2.43s

Blocks:  65%|██████▍   | 1116/1728 [06:53<03:02,  3.35it/s]Block (4,11,8) root_id=864691136573242786
Block (2,2,10) ok, attempt=1, duration=2.54s

Blocks:  65%|██████▍   | 1117/1728 [06:54<03:19,  3.06it/s]Block (4,3,4) root_id=864691136573242786
Block (10,8,5) ok, attempt=1, duration=2.29s

Blocks:  65%|██████▍   | 1118/1728 [06:54<03:05,  3.29it/s]Block (9,7,9) root_id=864691136573242786
Block (6,6,9) ok, attempt=1, duration=2.51s

Blocks:  65%|██████▍   | 1119/1728 [06:54<02:45,  3.68it/s]Block (2,3,11) root_id=864691136573242786
Block (9,4,4) ok, attempt=1, duration=2.74s

Blocks:  65%|██████▍   | 1120/1728 [06:55<04:03,  2.49it/s]Block (11,1,9) ok, attempt=1, duration=2.84s
Block (6,9,1) root_id=864691136573242786
Block (8,6,7) root_id=864691136573242786
Block (10,0,1) ok, attempt=1, duration=2.88s
Block (3,5,7) root_id=864691136573242786
Block (5,7,5) ok, attempt=1, duration=2.13s

Blocks:  65%|██████▍   | 1123/1728 [06:55<02:08,  4.71it/s]Block (10,7,0) root_id=864691136573242786
Block (4,11,8) ok, attempt=1, duration=2.04s

Blocks:  65%|██████▌   | 1124/1728 [06:55<02:19,  4.32it/s]Block (10,3,11) root_id=864691136573242786
Block (4,3,4) ok, attempt=1, duration=2.05s
Block (2,6,3) root_id=864691136573242786

Blocks:  65%|██████▌   | 1125/1728 [06:56<02:49,  3.56it/s]Block (9,7,9) ok, attempt=1, duration=2.36s

Blocks:  65%|██████▌   | 1126/1728 [06:56<03:24,  2.94it/s]Block (6,10,2) root_id=864691136573242786
Block (2,3,11) ok, attempt=1, duration=2.55s

Blocks:  65%|██████▌   | 1127/1728 [06:56<03:29,  2.86it/s]Block (5,2,11) root_id=864691136573242786
Block (10,3,11) ok, attempt=1, duration=1.81s
Block (3,6,8) root_id=864691136573242786

Blocks:  65%|██████▌   | 1128/1728 [06:57<03:51,  2.59it/s]Block (8,6,7) ok, attempt=1, duration=2.33s
Block (1,9,2) root_id=864691136573242786
Block (3,5,7) ok, attempt=1, duration=2.42s
Block (11,8,7) root_id=864691136573242786

Blocks:  65%|██████▌   | 1130/1728 [06:57<02:37,  3.81it/s]Block (6,9,1) ok, attempt=1, duration=2.50s
Block (8,2,9) root_id=864691136573242786
Block (10,7,0) ok, attempt=1, duration=2.51s
Block (0,5,1) root_id=864691136573242786

Blocks:  66%|██████▌   | 1132/1728 [06:57<01:54,  5.22it/s]Block (2,6,3) ok, attempt=1, duration=2.21s
Block (11,0,3) root_id=864691136573242786

Blocks:  66%|██████▌   | 1133/1728 [06:58<02:30,  3.95it/s]Block (6,10,2) ok, attempt=1, duration=1.98s

Blocks:  66%|██████▌   | 1134/1728 [06:58<02:35,  3.81it/s]Block (9,11,2) root_id=864691136573242786
Block (5,2,11) ok, attempt=1, duration=2.93s

Blocks:  66%|██████▌   | 1135/1728 [06:59<05:14,  1.89it/s]Block (7,3,5) root_id=864691136573242786
Block (3,6,8) ok, attempt=1, duration=2.71s

Blocks:  66%|██████▌   | 1136/1728 [07:00<04:26,  2.22it/s]Block (10,11,6) root_id=864691136573242786
Block (11,8,7) ok, attempt=1, duration=2.55s
Block (4,10,2) root_id=864691136573242786
Block (0,5,1) ok, attempt=1, duration=2.42s
Block (2,10,9) root_id=864691136573242786
Block (8,2,9) ok, attempt=1, duration=2.77s

Blocks:  66%|██████▌   | 1139/1728 [07:00<02:36,  3.77it/s]Block (6,6,4) root_id=864691136573242786
Block (1,9,2) ok, attempt=1, duration=2.97s
Block (11,1,4) root_id=864691136573242786
Block (11,0,3) ok, attempt=1, duration=2.29s

Blocks:  66%|██████▌   | 1141/1728 [07:00<02:00,  4.87it/s]Block (10,8,0) root_id=864691136573242786
Block (9,11,2) ok, attempt=1, duration=2.30s

Blocks:  66%|██████▌   | 1142/1728 [07:00<02:07,  4.59it/s]Block (6,5,8) root_id=864691136573242786
Block (7,3,5) ok, attempt=1, duration=2.20s

Blocks:  66%|██████▌   | 1143/1728 [07:02<04:15,  2.29it/s]Block (5,7,0) root_id=864691136573242786
Block (4,10,2) ok, attempt=1, duration=2.23s

Blocks:  66%|██████▌   | 1144/1728 [07:02<03:59,  2.44it/s]Block (11,4,9) root_id=864691136573242786
Block (10,11,6) ok, attempt=1, duration=2.49s

Blocks:  66%|██████▋   | 1145/1728 [07:02<03:28,  2.79it/s]Block (1,4,8) root_id=864691136573242786
Block (6,6,4) ok, attempt=1, duration=2.34s

Blocks:  66%|██████▋   | 1146/1728 [07:02<02:54,  3.34it/s]Block (9,7,4) root_id=864691136573242786
Block (2,10,9) ok, attempt=1, duration=2.63s
Block (0,8,11) root_id=864691136573242786
Block (11,1,4) ok, attempt=1, duration=2.46s
Block (7,10,4) root_id=864691136573242786

Blocks:  66%|██████▋   | 1148/1728 [07:02<02:01,  4.77it/s]Block (6,5,8) ok, attempt=1, duration=2.18s

Blocks:  66%|██████▋   | 1149/1728 [07:03<01:49,  5.29it/s]Block (5,10,11) root_id=864691136573242786
Block (10,8,0) ok, attempt=1, duration=2.53s
Block (8,6,2) root_id=864691136573242786
Block (5,7,0) ok, attempt=1, duration=1.79s

Blocks:  67%|██████▋   | 1151/1728 [07:03<02:39,  3.61it/s]Block (2,9,4) root_id=864691136573242786
Block (11,4,9) ok, attempt=1, duration=2.42s

Blocks:  67%|██████▋   | 1152/1728 [07:04<04:06,  2.33it/s]Block (3,5,2) root_id=864691136573242786
Block (0,8,11) ok, attempt=1, duration=2.39s

Blocks:  67%|██████▋   | 1153/1728 [07:05<04:02,  2.37it/s]Block (8,9,7) root_id=864691136573242786
Block (9,7,4) ok, attempt=1, duration=2.62s

Blocks:  67%|██████▋   | 1154/1728 [07:05<03:24,  2.81it/s]Block (9,2,11) root_id=864691136573242786
Block (7,10,4) ok, attempt=1, duration=2.53s
Block (1,5,9) root_id=864691136573242786
Block (8,6,2) ok, attempt=1, duration=2.54s
Block (6,1,10) root_id=864691136573242786

Blocks:  67%|██████▋   | 1156/1728 [07:05<02:29,  3.83it/s]Block (1,4,8) ok, attempt=1, duration=3.11s
Block (0,1,8) root_id=864691136573242786
Block (5,10,11) ok, attempt=1, duration=3.01s

Blocks:  67%|██████▋   | 1158/1728 [07:06<02:16,  4.17it/s]Block (10,3,6) root_id=864691136573242786
Block (2,9,4) ok, attempt=1, duration=2.52s

Blocks:  67%|██████▋   | 1159/1728 [07:06<02:26,  3.87it/s]Block (5,2,6) root_id=864691136573242786
Block (3,5,2) ok, attempt=1, duration=2.30s

Blocks:  67%|██████▋   | 1160/1728 [07:07<03:29,  2.71it/s]Block (4,6,9) root_id=864691136573242786
Block (8,9,7) ok, attempt=1, duration=2.09s

Blocks:  67%|██████▋   | 1161/1728 [07:07<03:03,  3.09it/s]Block (3,6,3) root_id=864691136573242786
Block (1,5,9) ok, attempt=1, duration=2.55s

Blocks:  67%|██████▋   | 1162/1728 [07:08<03:58,  2.37it/s]Block (8,10,8) root_id=864691136573242786
Block (9,2,11) ok, attempt=1, duration=2.96s

Blocks:  67%|██████▋   | 1163/1728 [07:08<03:48,  2.47it/s]Block (8,2,4) root_id=864691136573242786
Block (0,1,8) ok, attempt=1, duration=2.70s
Block (11,8,2) root_id=864691136573242786
Block (6,1,10) ok, attempt=1, duration=2.80s
Block (6,2,11) root_id=864691136573242786
Block (5,2,6) ok, attempt=1, duration=2.44s

Blocks:  67%|██████▋   | 1166/1728 [07:08<02:32,  3.68it/s]Block (3,9,8) root_id=864691136573242786
Block (10,3,6) ok, attempt=1, duration=2.84s
Block (1,1,11) root_id=864691136573242786
Block (4,6,9) ok, attempt=1, duration=2.27s

Blocks:  68%|██████▊   | 1168/1728 [07:09<02:33,  3.65it/s]Block (7,3,0) root_id=864691136573242786
Block (3,6,3) ok, attempt=1, duration=2.29s

Blocks:  68%|██████▊   | 1169/1728 [07:09<02:25,  3.85it/s]Block (10,11,1) root_id=864691136573242786
Block (8,10,8) ok, attempt=1, duration=2.15s
Block (5,3,7) root_id=864691136573242786

Blocks:  68%|██████▊   | 1170/1728 [07:10<03:02,  3.06it/s]Block (8,2,4) ok, attempt=1, duration=2.71s
Block (2,10,4) root_id=864691136573242786

Blocks:  68%|██████▊   | 1171/1728 [07:11<04:19,  2.15it/s]Block (11,8,2) ok, attempt=1, duration=2.81s

Blocks:  68%|██████▊   | 1172/1728 [07:11<03:34,  2.59it/s]Block (9,3,11) root_id=864691136573242786
Block (6,2,11) ok, attempt=1, duration=2.99s

Blocks:  68%|██████▊   | 1173/1728 [07:11<03:08,  2.95it/s]Block (4,2,11) root_id=864691136573242786
Block (7,3,0) ok, attempt=1, duration=2.30s

Blocks:  68%|██████▊   | 1174/1728 [07:11<02:55,  3.15it/s]Block (7,6,11) root_id=864691136573242786
Block (3,9,8) ok, attempt=1, duration=2.96s

Blocks:  68%|██████▊   | 1175/1728 [07:11<02:21,  3.90it/s]Block (6,5,3) root_id=864691136573242786
Block (1,1,11) ok, attempt=1, duration=2.95s
Block (11,4,4) root_id=864691136573242786
Block (10,11,1) ok, attempt=1, duration=2.49s

Blocks:  68%|██████▊   | 1177/1728 [07:12<01:54,  4.82it/s]Block (2,5,11) root_id=864691136573242786
Block (5,3,7) ok, attempt=1, duration=2.16s

Blocks:  68%|██████▊   | 1178/1728 [07:12<01:57,  4.69it/s]Block (1,4,3) root_id=864691136573242786
Block (2,10,4) ok, attempt=1, duration=2.53s

Blocks:  68%|██████▊   | 1179/1728 [07:13<04:31,  2.02it/s]Block (3,1,9) root_id=864691136573242786
Block (9,3,11) ok, attempt=1, duration=2.79s
Block (0,8,6) root_id=864691136573242786

Blocks:  68%|██████▊   | 1180/1728 [07:14<04:18,  2.12it/s]Block (11,4,4) ok, attempt=1, duration=2.33s

Blocks:  68%|██████▊   | 1181/1728 [07:14<03:27,  2.64it/s]Block (5,10,6) root_id=864691136573242786
Block (6,5,3) ok, attempt=1, duration=2.49s

Blocks:  68%|██████▊   | 1182/1728 [07:14<02:45,  3.31it/s]Block (10,6,7) root_id=864691136573242786
Block (4,2,11) ok, attempt=1, duration=2.97s

Blocks:  68%|██████▊   | 1183/1728 [07:14<02:16,  4.01it/s]Block (9,10,10) root_id=864691136573242786
Block (2,5,11) ok, attempt=1, duration=2.37s
Block (9,2,6) root_id=864691136573242786
Block (7,6,11) ok, attempt=1, duration=2.90s
Block (1,5,4) root_id=864691136573242786

Blocks:  69%|██████▊   | 1185/1728 [07:14<01:37,  5.58it/s]Block (1,4,3) ok, attempt=1, duration=2.39s

Blocks:  69%|██████▊   | 1186/1728 [07:14<01:31,  5.94it/s]Block (8,9,2) root_id=864691136573242786
Block (0,8,6) ok, attempt=1, duration=2.57s

Blocks:  69%|██████▊   | 1187/1728 [07:16<05:27,  1.65it/s]Block (6,9,9) root_id=864691136573242786
Block (3,1,9) ok, attempt=1, duration=3.02s
Block (4,9,10) root_id=864691136573242786
Block (5,10,6) ok, attempt=1, duration=2.54s

Blocks:  69%|██████▉   | 1189/1728 [07:16<03:22,  2.66it/s]Block (6,1,5) root_id=864691136573242786
Block (9,10,10) ok, attempt=1, duration=2.49s
Block (9,2,6) ok, attempt=1, duration=2.44s
Block (10,3,1) root_id=864691136573242786

Blocks:  69%|██████▉   | 1190/1728 [07:16<02:57,  3.03it/s]Block (5,2,1) root_id=864691136573242786
Block (1,5,4) ok, attempt=1, duration=2.38s
Block (10,7,8) root_id=864691136573242786
Block (8,9,2) ok, attempt=1, duration=2.31s

Blocks:  69%|██████▉   | 1193/1728 [07:17<01:41,  5.26it/s]Block (4,6,4) root_id=864691136573242786
Block (10,6,7) ok, attempt=1, duration=2.85s
Block (2,6,11) root_id=864691136573242786
Block (4,9,10) ok, attempt=1, duration=2.30s
Block (8,10,3) root_id=864691136573242786

Blocks:  69%|██████▉   | 1195/1728 [07:19<03:53,  2.28it/s]Block (6,9,9) ok, attempt=1, duration=2.60s

Blocks:  69%|██████▉   | 1196/1728 [07:19<03:31,  2.52it/s]Block (6,2,6) root_id=864691136573242786
Block (4,6,4) ok, attempt=1, duration=2.36s

Blocks:  69%|██████▉   | 1197/1728 [07:19<03:11,  2.78it/s]Block (3,9,3) root_id=864691136573242786
Block (5,2,1) ok, attempt=1, duration=2.81s

Blocks:  69%|██████▉   | 1198/1728 [07:19<03:03,  2.89it/s]Block (5,3,2) root_id=864691136573242786
Block (10,3,1) ok, attempt=1, duration=2.95s
Block (3,8,7) root_id=864691136573242786

Blocks:  69%|██████▉   | 1199/1728 [07:19<02:36,  3.37it/s]Block (6,1,5) ok, attempt=1, duration=3.38s

Blocks:  69%|██████▉   | 1200/1728 [07:20<02:29,  3.53it/s]Block (11,0,11) root_id=864691136573242786
Block (10,7,8) ok, attempt=1, duration=3.16s
Block (1,0,10) root_id=864691136573242786
Block (2,6,11) ok, attempt=1, duration=3.14s
Block (9,3,6) root_id=864691136573242786

Blocks:  70%|██████▉   | 1202/1728 [07:20<01:47,  4.91it/s]Block (8,10,3) ok, attempt=1, duration=2.02s

Blocks:  70%|██████▉   | 1203/1728 [07:21<02:45,  3.17it/s]Block (5,6,7) root_id=864691136573242786
Block (6,2,6) ok, attempt=1, duration=2.19s

Blocks:  70%|██████▉   | 1204/1728 [07:21<02:56,  2.97it/s]Block (4,2,6) root_id=864691136573242786
Block (3,9,3) ok, attempt=1, duration=2.28s

Blocks:  70%|██████▉   | 1205/1728 [07:21<02:54,  3.00it/s]Block (7,6,6) root_id=864691136573242786
Block (3,8,7) ok, attempt=1, duration=2.35s

Blocks:  70%|██████▉   | 1206/1728 [07:22<03:19,  2.62it/s]Block (2,5,6) root_id=864691136573242786
Block (5,3,2) ok, attempt=1, duration=2.60s

Blocks:  70%|██████▉   | 1207/1728 [07:22<02:37,  3.30it/s]Block (7,9,11) root_id=864691136573242786
Block (11,0,11) ok, attempt=1, duration=2.47s

Blocks:  70%|██████▉   | 1208/1728 [07:22<02:32,  3.42it/s]Block (11,11,7) root_id=864691136573242786
Block (1,0,10) ok, attempt=1, duration=2.80s

Blocks:  70%|██████▉   | 1209/1728 [07:22<02:43,  3.18it/s]Block (8,5,9) root_id=864691136573242786
Block (9,3,6) ok, attempt=1, duration=2.80s
Block (0,8,1) root_id=864691136573242786

Blocks:  70%|███████   | 1210/1728 [07:23<02:18,  3.74it/s]Block (5,6,7) ok, attempt=1, duration=2.32s
Block (3,4,9) root_id=864691136573242786

Blocks:  70%|███████   | 1211/1728 [07:23<02:08,  4.03it/s]Block (4,2,6) ok, attempt=1, duration=2.61s

Blocks:  70%|███████   | 1212/1728 [07:24<03:14,  2.65it/s]Block (5,10,1) root_id=864691136573242786
Block (7,6,6) ok, attempt=1, duration=2.72s

Blocks:  70%|███████   | 1213/1728 [07:24<03:21,  2.56it/s]Block (10,6,2) root_id=864691136573242786
Block (11,11,7) ok, attempt=1, duration=2.17s
Block (9,10,5) root_id=864691136573242786

Blocks:  70%|███████   | 1214/1728 [07:24<03:13,  2.65it/s]Block (2,5,6) ok, attempt=1, duration=2.74s

Blocks:  70%|███████   | 1215/1728 [07:25<02:47,  3.06it/s]Block (9,2,1) root_id=864691136573242786
Block (7,9,11) ok, attempt=1, duration=2.99s
Block (6,9,4) root_id=864691136573242786

Blocks:  70%|███████   | 1216/1728 [07:25<02:48,  3.03it/s]Block (0,8,1) ok, attempt=1, duration=2.56s

Blocks:  70%|███████   | 1217/1728 [07:25<02:53,  2.95it/s]Block (7,2,8) root_id=864691136573242786
Block (8,5,9) ok, attempt=1, duration=3.04s

Blocks:  70%|███████   | 1218/1728 [07:26<02:51,  2.98it/s]Block (4,9,5) root_id=864691136573242786
Block (3,4,9) ok, attempt=1, duration=2.93s

Blocks:  71%|███████   | 1219/1728 [07:26<02:35,  3.27it/s]Block (6,1,0) root_id=864691136573242786
Block (5,10,1) ok, attempt=1, duration=2.34s

Blocks:  71%|███████   | 1220/1728 [07:26<02:05,  4.05it/s]Block (8,6,10) root_id=864691136573242786
Block (9,10,5) ok, attempt=1, duration=2.36s
Block (3,5,10) root_id=864691136573242786

Blocks:  71%|███████   | 1221/1728 [07:27<03:27,  2.44it/s]Block (10,6,2) ok, attempt=1, duration=2.83s

Blocks:  71%|███████   | 1222/1728 [07:27<02:43,  3.09it/s]Block (11,7,9) root_id=864691136573242786
Block (9,2,1) ok, attempt=1, duration=2.73s

Blocks:  71%|███████   | 1223/1728 [07:27<03:03,  2.75it/s]Block (10,7,3) root_id=864691136573242786
Block (6,9,4) ok, attempt=1, duration=2.88s

Blocks:  71%|███████   | 1224/1728 [07:28<03:21,  2.50it/s]Block (7,2,8) ok, attempt=1, duration=2.53s
Block (2,6,6) root_id=864691136573242786
Block (0,11,11) root_id=864691136573242786
Block (6,1,0) ok, attempt=1, duration=2.29s

Blocks:  71%|███████   | 1226/1728 [07:28<02:25,  3.45it/s]Block (11,8,10) root_id=864691136573242786
Block (4,9,5) ok, attempt=1, duration=2.62s
Block (11,0,6) root_id=864691136573242786

Blocks:  71%|███████   | 1227/1728 [07:28<02:01,  4.11it/s]Block (8,6,10) ok, attempt=1, duration=2.48s

Blocks:  71%|███████   | 1228/1728 [07:28<01:55,  4.31it/s]Block (3,8,2) root_id=864691136573242786
Block (3,5,10) ok, attempt=1, duration=2.03s

Blocks:  71%|███████   | 1229/1728 [07:29<02:10,  3.82it/s]Block (1,8,9) root_id=864691136573242786
Block (11,7,9) ok, attempt=1, duration=2.41s

Blocks:  71%|███████   | 1230/1728 [07:29<02:44,  3.03it/s]Block (6,4,10) root_id=864691136573242786
Block (10,7,3) ok, attempt=1, duration=2.02s
Block (9,3,1) root_id=864691136573242786
Block (2,6,6) ok, attempt=1, duration=2.54s

Blocks:  71%|███████▏  | 1232/1728 [07:30<03:28,  2.38it/s]Block (0,4,8) root_id=864691136573242786
Block (0,11,11) ok, attempt=1, duration=2.72s

Blocks:  71%|███████▏  | 1233/1728 [07:30<03:00,  2.74it/s]Block (3,11,7) root_id=864691136573242786
Block (11,8,10) ok, attempt=1, duration=2.53s

Blocks:  71%|███████▏  | 1234/1728 [07:31<02:32,  3.24it/s]Block (7,6,1) root_id=864691136573242786
Block (3,8,2) ok, attempt=1, duration=2.45s

Blocks:  71%|███████▏  | 1235/1728 [07:31<02:18,  3.55it/s]Block (10,2,9) root_id=864691136573242786
Block (11,0,6) ok, attempt=1, duration=2.74s
Block (2,5,1) root_id=864691136573242786
Block (1,8,9) ok, attempt=1, duration=2.55s

Blocks:  72%|███████▏  | 1237/1728 [07:31<02:03,  3.96it/s]Block (7,9,6) root_id=864691136573242786
Block (9,3,1) ok, attempt=1, duration=2.11s

Blocks:  72%|███████▏  | 1238/1728 [07:31<01:48,  4.52it/s]Block (8,5,4) root_id=864691136573242786
Block (6,4,10) ok, attempt=1, duration=2.42s

Blocks:  72%|███████▏  | 1239/1728 [07:32<01:53,  4.32it/s]Block (11,11,2) root_id=864691136573242786
Block (7,6,1) ok, attempt=1, duration=1.90s
Block (6,5,11) root_id=864691136573242786

Blocks:  72%|███████▏  | 1240/1728 [07:33<03:16,  2.48it/s]Block (0,4,8) ok, attempt=1, duration=2.29s
Block (3,4,4) root_id=864691136573242786
Block (3,11,7) ok, attempt=1, duration=2.22s
Block (1,4,11) root_id=864691136573242786

Blocks:  72%|███████▏  | 1242/1728 [07:33<02:10,  3.73it/s]Block (10,2,9) ok, attempt=1, duration=2.30s

Blocks:  72%|███████▏  | 1243/1728 [07:33<02:29,  3.25it/s]Block (0,0,10) root_id=864691136573242786
Block (7,9,6) ok, attempt=1, duration=2.06s

Blocks:  72%|███████▏  | 1244/1728 [07:33<02:14,  3.60it/s]Block (9,10,0) root_id=864691136573242786
Block (8,5,4) ok, attempt=1, duration=2.20s

Blocks:  72%|███████▏  | 1245/1728 [07:34<02:11,  3.67it/s]Block (7,10,7) root_id=864691136573242786
Block (2,5,1) ok, attempt=1, duration=2.76s
Block (7,2,3) root_id=864691136573242786
Block (11,11,2) ok, attempt=1, duration=2.39s

Blocks:  72%|███████▏  | 1247/1728 [07:34<02:01,  3.96it/s]Block (4,9,0) root_id=864691136573242786
Block (3,4,4) ok, attempt=1, duration=1.95s
Block (2,9,7) root_id=864691136573242786

Blocks:  72%|███████▏  | 1248/1728 [07:35<02:31,  3.17it/s]Block (1,4,11) ok, attempt=1, duration=2.28s

Blocks:  72%|███████▏  | 1249/1728 [07:35<02:44,  2.91it/s]Block (11,7,4) root_id=864691136573242786
Block (6,5,11) ok, attempt=1, duration=2.69s

Blocks:  72%|███████▏  | 1250/1728 [07:35<02:30,  3.17it/s]Block (1,7,3) root_id=864691136573242786
Block (9,10,0) ok, attempt=1, duration=2.31s
Block (10,3,9) root_id=864691136573242786

Blocks:  72%|███████▏  | 1251/1728 [07:36<02:42,  2.93it/s]Block (7,2,3) ok, attempt=1, duration=1.99s
Block (0,11,6) root_id=864691136573242786
Block (7,10,7) ok, attempt=1, duration=2.16s

Blocks:  73%|███████▎  | 1253/1728 [07:36<01:42,  4.61it/s]Block (5,5,2) root_id=864691136573242786
Block (0,0,10) ok, attempt=1, duration=2.79s

Blocks:  73%|███████▎  | 1254/1728 [07:36<01:38,  4.82it/s]Block (10,9,7) root_id=864691136573242786
Block (4,9,0) ok, attempt=1, duration=2.32s
Block (4,1,1) root_id=864691136573242786

Blocks:  73%|███████▎  | 1255/1728 [07:36<02:06,  3.73it/s]Block (2,9,7) ok, attempt=1, duration=2.19s

Blocks:  73%|███████▎  | 1256/1728 [07:37<02:20,  3.36it/s]Block (9,5,6) root_id=864691136573242786
Block (11,7,4) ok, attempt=1, duration=1.85s
Block (1,8,4) root_id=864691136573242786
Block (0,11,6) ok, attempt=1, duration=1.75s

Blocks:  73%|███████▎  | 1258/1728 [07:37<02:29,  3.15it/s]Block (11,0,1) root_id=864691136573242786
Block (1,7,3) ok, attempt=1, duration=2.49s

Blocks:  73%|███████▎  | 1259/1728 [07:38<02:22,  3.29it/s]Block (8,1,11) root_id=864691136573242786
Block (5,5,2) ok, attempt=1, duration=2.23s
Block (0,4,3) root_id=864691136573242786

Blocks:  73%|███████▎  | 1260/1728 [07:38<02:20,  3.33it/s]Block (10,3,9) ok, attempt=1, duration=2.42s
Block (3,11,2) root_id=864691136573242786
Block (10,9,7) ok, attempt=1, duration=2.55s
Block (6,4,5) root_id=864691136573242786

Blocks:  73%|███████▎  | 1262/1728 [07:38<02:09,  3.59it/s]Block (4,1,1) ok, attempt=1, duration=2.62s

Blocks:  73%|███████▎  | 1263/1728 [07:39<02:33,  3.03it/s]Block (1,11,9) root_id=864691136573242786
Block (1,8,4) ok, attempt=1, duration=2.38s

Blocks:  73%|███████▎  | 1264/1728 [07:39<02:20,  3.31it/s]Block (3,0,11) root_id=864691136573242786
Block (9,5,6) ok, attempt=1, duration=2.76s
Block (0,7,8) root_id=864691136573242786

Blocks:  73%|███████▎  | 1265/1728 [07:39<02:21,  3.27it/s]Block (11,0,1) ok, attempt=1, duration=2.58s

Blocks:  73%|███████▎  | 1266/1728 [07:40<02:45,  2.79it/s]Block (10,10,8) root_id=864691136573242786
Block (8,1,11) ok, attempt=1, duration=2.58s

Blocks:  73%|███████▎  | 1267/1728 [07:40<02:37,  2.93it/s]Block (0,4,3) ok, attempt=1, duration=2.34s
Block (10,2,4) root_id=864691136573242786
Block (9,6,7) root_id=864691136573242786
Block (3,11,2) ok, attempt=1, duration=2.37s
Block (7,9,1) root_id=864691136573242786

Blocks:  73%|███████▎  | 1269/1728 [07:40<01:38,  4.66it/s]Block (6,4,5) ok, attempt=1, duration=2.29s

Blocks:  73%|███████▎  | 1270/1728 [07:41<01:53,  4.05it/s]Block (5,9,8) root_id=864691136573242786
Block (1,11,9) ok, attempt=1, duration=2.06s

Blocks:  74%|███████▎  | 1271/1728 [07:41<01:58,  3.87it/s]Block (6,5,6) root_id=864691136573242786
Block (0,7,8) ok, attempt=1, duration=1.94s
Block (4,5,7) root_id=864691136573242786

Blocks:  74%|███████▎  | 1272/1728 [07:41<02:12,  3.43it/s]Block (3,0,11) ok, attempt=1, duration=2.58s

Blocks:  74%|███████▎  | 1273/1728 [07:42<02:18,  3.27it/s]Block (1,4,6) root_id=864691136573242786
Block (10,10,8) ok, attempt=1, duration=2.79s
Block (11,3,11) root_id=864691136573242786

Blocks:  74%|███████▎  | 1274/1728 [07:43<03:50,  1.97it/s]Block (5,9,8) ok, attempt=1, duration=2.04s
Block (1,3,10) root_id=864691136573242786
Block (9,6,7) ok, attempt=1, duration=2.63s

Blocks:  74%|███████▍  | 1276/1728 [07:43<02:22,  3.16it/s]Block (7,10,2) root_id=864691136573242786
Block (10,2,4) ok, attempt=1, duration=2.72s
Block (7,9,1) ok, attempt=1, duration=2.59s
Block (10,6,10) root_id=864691136573242786
Block (2,9,2) root_id=864691136573242786
Block (6,5,6) ok, attempt=1, duration=2.19s

Blocks:  74%|███████▍  | 1279/1728 [07:43<01:33,  4.80it/s]Block (9,2,9) root_id=864691136573242786
Block (4,5,7) ok, attempt=1, duration=2.00s

Blocks:  74%|███████▍  | 1280/1728 [07:43<01:31,  4.89it/s]Block (5,1,9) root_id=864691136573242786
Block (1,4,6) ok, attempt=1, duration=2.21s

Blocks:  74%|███████▍  | 1281/1728 [07:44<02:05,  3.58it/s]Block (2,8,6) root_id=864691136573242786
Block (7,10,2) ok, attempt=1, duration=1.90s

Blocks:  74%|███████▍  | 1282/1728 [07:45<03:05,  2.41it/s]Block (8,8,9) root_id=864691136573242786
Block (1,3,10) ok, attempt=1, duration=2.41s

Blocks:  74%|███████▍  | 1283/1728 [07:45<02:59,  2.48it/s]Block (0,11,1) root_id=864691136573242786
Block (10,6,10) ok, attempt=1, duration=2.42s

Blocks:  74%|███████▍  | 1284/1728 [07:45<02:38,  2.81it/s]Block (8,0,5) root_id=864691136573242786
Block (11,3,11) ok, attempt=1, duration=2.95s
Block (2,11,11) root_id=864691136573242786

Blocks:  74%|███████▍  | 1285/1728 [07:46<02:35,  2.85it/s]Block (2,9,2) ok, attempt=1, duration=2.77s
Block (3,7,9) root_id=864691136573242786
Block (5,1,9) ok, attempt=1, duration=2.70s
Block (11,10,10) root_id=864691136573242786

Blocks:  74%|███████▍  | 1287/1728 [07:46<02:01,  3.62it/s]Block (9,2,9) ok, attempt=1, duration=2.96s
Block (10,9,2) root_id=864691136573242786
Block (2,8,6) ok, attempt=1, duration=2.56s

Blocks:  75%|███████▍  | 1289/1728 [07:47<01:53,  3.86it/s]Block (9,5,1) root_id=864691136573242786
Block (8,8,9) ok, attempt=1, duration=2.39s

Blocks:  75%|███████▍  | 1290/1728 [07:47<02:29,  2.93it/s]Block (7,5,8) root_id=864691136573242786
Block (0,11,1) ok, attempt=1, duration=2.21s

Blocks:  75%|███████▍  | 1291/1728 [07:47<02:12,  3.29it/s]Block (6,4,0) root_id=864691136573242786
Block (8,0,5) ok, attempt=1, duration=2.37s

Blocks:  75%|███████▍  | 1292/1728 [07:48<02:22,  3.07it/s]Block (8,1,6) root_id=864691136573242786
Block (2,11,11) ok, attempt=1, duration=2.44s
Block (2,4,8) root_id=864691136573242786

Blocks:  75%|███████▍  | 1293/1728 [07:48<02:34,  2.82it/s]Block (11,10,10) ok, attempt=1, duration=2.18s
Block (3,8,10) root_id=864691136573242786
Block (3,7,9) ok, attempt=1, duration=2.85s

Blocks:  75%|███████▍  | 1295/1728 [07:49<02:04,  3.49it/s]Block (1,11,4) root_id=864691136573242786
Block (10,9,2) ok, attempt=1, duration=2.50s
Block (8,4,11) root_id=864691136573242786
Block (9,5,1) ok, attempt=1, duration=2.55s
Block (0,7,3) root_id=864691136573242786

Blocks:  75%|███████▌  | 1297/1728 [07:49<01:58,  3.65it/s]Block (7,5,8) ok, attempt=1, duration=2.21s

Blocks:  75%|███████▌  | 1298/1728 [07:49<02:01,  3.55it/s]Block (11,2,5) root_id=864691136573242786
Block (6,4,0) ok, attempt=1, duration=2.09s
Block (10,10,3) root_id=864691136573242786
Block (8,1,6) ok, attempt=1, duration=2.64s

Blocks:  75%|███████▌  | 1300/1728 [07:50<02:35,  2.75it/s]Block (9,6,2) root_id=864691136573242786
Block (3,8,10) ok, attempt=1, duration=2.36s

Blocks:  75%|███████▌  | 1301/1728 [07:51<02:22,  3.00it/s]Block (5,9,3) root_id=864691136573242786
Block (2,4,8) ok, attempt=1, duration=2.51s
Block (7,6,9) root_id=864691136573242786
Block (8,4,11) ok, attempt=1, duration=2.27s

Blocks:  75%|███████▌  | 1303/1728 [07:51<01:52,  3.79it/s]Block (6,5,1) root_id=864691136573242786
Block (0,7,3) ok, attempt=1, duration=2.08s

Blocks:  75%|███████▌  | 1304/1728 [07:51<01:50,  3.84it/s]Block (4,5,2) root_id=864691136573242786
Block (1,11,4) ok, attempt=1, duration=2.63s
Block (9,9,7) root_id=864691136573242786
Block (11,2,5) ok, attempt=1, duration=2.20s

Blocks:  76%|███████▌  | 1306/1728 [07:52<01:44,  4.05it/s]Block (2,5,9) root_id=864691136573242786
Block (10,10,3) ok, attempt=1, duration=2.65s
Block (1,4,1) root_id=864691136573242786

Blocks:  76%|███████▌  | 1307/1728 [07:52<02:06,  3.32it/s]Block (9,6,2) ok, attempt=1, duration=2.16s

Blocks:  76%|███████▌  | 1308/1728 [07:53<02:21,  2.97it/s]Block (11,11,10) root_id=864691136573242786
Block (5,9,3) ok, attempt=1, duration=2.35s

Blocks:  76%|███████▌  | 1309/1728 [07:53<02:27,  2.85it/s]Block (11,3,6) root_id=864691136573242786
Block (7,6,9) ok, attempt=1, duration=2.53s
Block (8,11,10) root_id=864691136573242786

Blocks:  76%|███████▌  | 1310/1728 [07:53<02:17,  3.03it/s]Block (2,5,9) ok, attempt=1, duration=1.92s
Block (0,2,9) root_id=864691136573242786

Blocks:  76%|███████▌  | 1311/1728 [07:54<02:14,  3.10it/s]Block (6,5,1) ok, attempt=1, duration=2.86s

Blocks:  76%|███████▌  | 1312/1728 [07:54<02:04,  3.33it/s]Block (5,1,4) root_id=864691136573242786
Block (9,9,7) ok, attempt=1, duration=2.70s

Blocks:  76%|███████▌  | 1313/1728 [07:54<01:48,  3.82it/s]Block (10,5,9) root_id=864691136573242786
Block (4,5,2) ok, attempt=1, duration=2.80s
Block (2,8,1) root_id=864691136573242786
Block (1,4,1) ok, attempt=1, duration=2.16s
Block (8,8,4) root_id=864691136573242786

Blocks:  76%|███████▌  | 1315/1728 [07:54<01:29,  4.61it/s]Block (11,11,10) ok, attempt=1, duration=1.83s

Blocks:  76%|███████▌  | 1316/1728 [07:54<01:23,  4.96it/s]Block (9,1,8) root_id=864691136573242786
Block (8,11,10) ok, attempt=1, duration=1.59s

Blocks:  76%|███████▌  | 1317/1728 [07:55<01:42,  4.01it/s]Block (5,4,9) root_id=864691136573242786
Block (11,3,6) ok, attempt=1, duration=2.20s

Blocks:  76%|███████▋  | 1318/1728 [07:55<01:54,  3.57it/s]Block (6,8,11) root_id=864691136573242786
Block (0,2,9) ok, attempt=1, duration=2.50s

Blocks:  76%|███████▋  | 1319/1728 [07:56<03:01,  2.25it/s]Block (8,0,0) root_id=864691136573242786
Block (2,8,1) ok, attempt=1, duration=2.44s

Blocks:  76%|███████▋  | 1320/1728 [07:56<02:52,  2.37it/s]Block (6,0,7) root_id=864691136573242786
Block (10,5,9) ok, attempt=1, duration=2.67s

Blocks:  76%|███████▋  | 1321/1728 [07:57<02:23,  2.83it/s]Block (2,11,6) root_id=864691136573242786
Block (5,1,4) ok, attempt=1, duration=2.92s

Blocks:  77%|███████▋  | 1322/1728 [07:57<01:54,  3.56it/s]Block (4,0,8) root_id=864691136573242786
Block (8,8,4) ok, attempt=1, duration=2.56s

Blocks:  77%|███████▋  | 1323/1728 [07:57<01:35,  4.25it/s]Block (3,7,4) root_id=864691136573242786
Block (5,4,9) ok, attempt=1, duration=2.26s

Blocks:  77%|███████▋  | 1324/1728 [07:57<01:35,  4.21it/s]Block (1,7,11) root_id=864691136573242786
Block (9,1,8) ok, attempt=1, duration=2.93s

Blocks:  77%|███████▋  | 1325/1728 [07:57<01:40,  4.02it/s]Block (11,10,5) root_id=864691136573242786
Block (6,8,11) ok, attempt=1, duration=2.44s

Blocks:  77%|███████▋  | 1326/1728 [07:58<01:42,  3.93it/s]Block (0,3,10) root_id=864691136573242786
Block (8,0,0) ok, attempt=1, duration=1.89s

Blocks:  77%|███████▋  | 1327/1728 [07:58<01:51,  3.61it/s]Block (7,5,3) root_id=864691136573242786
Block (3,7,4) ok, attempt=1, duration=2.00s

Blocks:  77%|███████▋  | 1328/1728 [07:59<03:06,  2.15it/s]Block (5,5,10) root_id=864691136573242786
Block (2,11,6) ok, attempt=1, duration=2.28s
Block (8,1,1) root_id=864691136573242786
Block (6,0,7) ok, attempt=1, duration=2.51s
Block (4,1,9) root_id=864691136573242786
Block (4,0,8) ok, attempt=1, duration=2.44s

Blocks:  77%|███████▋  | 1331/1728 [07:59<01:42,  3.86it/s]Block (2,4,3) root_id=864691136573242786
Block (11,10,5) ok, attempt=1, duration=2.05s

Blocks:  77%|███████▋  | 1332/1728 [07:59<01:42,  3.85it/s]Block (3,8,5) root_id=864691136573242786
Block (1,7,11) ok, attempt=1, duration=2.75s

Blocks:  77%|███████▋  | 1333/1728 [08:00<01:58,  3.34it/s]Block (8,4,6) root_id=864691136573242786
Block (7,5,3) ok, attempt=1, duration=2.10s

Blocks:  77%|███████▋  | 1334/1728 [08:00<01:47,  3.65it/s]Block (1,0,8) root_id=864691136573242786
Block (0,3,10) ok, attempt=1, duration=2.68s
Block (11,2,0) root_id=864691136573242786

Blocks:  77%|███████▋  | 1335/1728 [08:00<01:48,  3.64it/s]Block (5,5,10) ok, attempt=1, duration=2.64s

Blocks:  77%|███████▋  | 1336/1728 [08:02<03:23,  1.93it/s]Block (3,11,10) root_id=864691136573242786
Block (2,4,3) ok, attempt=1, duration=2.48s

Blocks:  77%|███████▋  | 1337/1728 [08:02<02:41,  2.42it/s]Block (6,7,6) root_id=864691136573242786
Block (8,1,1) ok, attempt=1, duration=2.94s

Blocks:  77%|███████▋  | 1338/1728 [08:02<02:16,  2.85it/s]Block (1,6,6) root_id=864691136573242786
Block (8,4,6) ok, attempt=1, duration=2.04s
Block (9,9,2) root_id=864691136573242786
Block (4,1,9) ok, attempt=1, duration=3.04s

Blocks:  78%|███████▊  | 1340/1728 [08:02<01:28,  4.39it/s]Block (7,9,9) root_id=864691136573242786
Block (3,8,5) ok, attempt=1, duration=2.72s
Block (11,11,5) root_id=864691136573242786

Blocks:  78%|███████▊  | 1341/1728 [08:02<01:25,  4.51it/s]Block (1,0,8) ok, attempt=1, duration=2.34s

Blocks:  78%|███████▊  | 1342/1728 [08:02<01:23,  4.62it/s]Block (11,3,1) root_id=864691136573242786
Block (11,2,0) ok, attempt=1, duration=2.18s

Blocks:  78%|███████▊  | 1343/1728 [08:03<01:11,  5.37it/s]Block (8,11,5) root_id=864691136573242786
Block (3,11,10) ok, attempt=1, duration=2.08s

Blocks:  78%|███████▊  | 1344/1728 [08:04<02:48,  2.27it/s]Block (3,3,11) root_id=864691136573242786
Block (11,3,1) ok, attempt=1, duration=2.01s

Blocks:  78%|███████▊  | 1345/1728 [08:04<03:30,  1.82it/s]Block (0,10,8) root_id=864691136573242786
Block (6,7,6) ok, attempt=1, duration=2.85s
Block (10,5,4) root_id=864691136573242786
Block (1,6,6) ok, attempt=1, duration=2.78s

Blocks:  78%|███████▊  | 1347/1728 [08:05<02:12,  2.89it/s]Block (9,1,3) root_id=864691136573242786
Block (8,11,5) ok, attempt=1, duration=2.19s
Block (7,1,10) root_id=864691136573242786
Block (7,9,9) ok, attempt=1, duration=2.77s

Blocks:  78%|███████▊  | 1349/1728 [08:05<01:31,  4.14it/s]Block (5,4,4) root_id=864691136573242786
Block (11,11,5) ok, attempt=1, duration=2.70s

Blocks:  78%|███████▊  | 1350/1728 [08:05<01:19,  4.74it/s]Block (2,11,1) root_id=864691136573242786
Block (9,9,2) ok, attempt=1, duration=3.01s
Block (6,8,6) root_id=864691136573242786
Block (3,3,11) ok, attempt=1, duration=1.86s

Blocks:  78%|███████▊  | 1352/1728 [08:05<01:30,  4.13it/s]Block (4,8,7) root_id=864691136573242786
Block (10,5,4) ok, attempt=1, duration=2.35s

Blocks:  78%|███████▊  | 1353/1728 [08:07<03:07,  2.00it/s]Block (6,0,2) root_id=864691136573242786
Block (7,1,10) ok, attempt=1, duration=2.40s
Block (4,0,3) root_id=864691136573242786

Blocks:  78%|███████▊  | 1354/1728 [08:07<02:42,  2.31it/s]Block (0,10,8) ok, attempt=1, duration=2.88s
Block (1,7,6) root_id=864691136573242786

Blocks:  78%|███████▊  | 1355/1728 [08:07<02:21,  2.64it/s]Block (5,4,4) ok, attempt=1, duration=2.62s
Block (2,0,10) root_id=864691136573242786
Block (9,1,3) ok, attempt=1, duration=3.02s
Block (6,8,6) ok, attempt=1, duration=2.74s
Block (0,11,9) root_id=864691136573242786

Blocks:  79%|███████▊  | 1357/1728 [08:08<01:46,  3.48it/s]Block (11,10,0) root_id=864691136573242786
Block (2,11,1) ok, attempt=1, duration=2.98s
Block (5,5,5) root_id=864691136573242786

Blocks:  79%|███████▊  | 1359/1728 [08:08<01:19,  4.63it/s]Block (4,8,7) ok, attempt=1, duration=2.59s
Block (10,9,10) root_id=864691136573242786

Blocks:  79%|███████▊  | 1360/1728 [08:08<01:19,  4.63it/s]Block (6,0,2) ok, attempt=1, duration=1.82s

Blocks:  79%|███████▉  | 1361/1728 [08:09<01:56,  3.16it/s]Block (4,1,4) root_id=864691136573242786
Block (1,7,6) ok, attempt=1, duration=2.41s

Blocks:  79%|███████▉  | 1362/1728 [08:10<02:58,  2.05it/s]Block (9,5,9) root_id=864691136573242786
Block (4,0,3) ok, attempt=1, duration=2.76s

Blocks:  79%|███████▉  | 1363/1728 [08:10<02:24,  2.52it/s]Block (8,4,1) root_id=864691136573242786
Block (2,0,10) ok, attempt=1, duration=2.51s
Block (6,7,1) root_id=864691136573242786
Block (5,5,5) ok, attempt=1, duration=2.20s

Blocks:  79%|███████▉  | 1365/1728 [08:10<01:35,  3.79it/s]Block (1,6,1) root_id=864691136573242786
Block (11,10,0) ok, attempt=1, duration=2.61s

Blocks:  79%|███████▉  | 1366/1728 [08:10<01:32,  3.91it/s]Block (10,1,11) root_id=864691136573242786
Block (0,11,9) ok, attempt=1, duration=2.95s

Blocks:  79%|███████▉  | 1367/1728 [08:11<01:40,  3.59it/s]Block (9,8,1) root_id=864691136573242786
Block (10,9,10) ok, attempt=1, duration=2.78s

Blocks:  79%|███████▉  | 1368/1728 [08:11<01:36,  3.75it/s]Block (5,11,2) root_id=864691136573242786
Block (4,1,4) ok, attempt=1, duration=2.76s

Blocks:  79%|███████▉  | 1369/1728 [08:12<02:12,  2.72it/s]Block (7,8,8) root_id=864691136573242786
Block (8,4,1) ok, attempt=1, duration=2.51s

Blocks:  79%|███████▉  | 1370/1728 [08:12<03:05,  1.93it/s]Block (7,0,4) root_id=864691136573242786
Block (6,7,1) ok, attempt=1, duration=2.73s
Block (4,7,1) root_id=864691136573242786

Blocks:  79%|███████▉  | 1371/1728 [08:13<02:38,  2.25it/s]Block (1,6,1) ok, attempt=1, duration=2.71s
Block (5,0,11) root_id=864691136573242786

Blocks:  79%|███████▉  | 1372/1728 [08:13<02:03,  2.89it/s]Block (9,5,9) ok, attempt=1, duration=3.03s
Block (2,7,8) root_id=864691136573242786
Block (10,1,11) ok, attempt=1, duration=2.54s
Block (8,11,0) root_id=864691136573242786
Block (9,8,1) ok, attempt=1, duration=2.37s
Block (6,11,7) root_id=864691136573242786

Blocks:  80%|███████▉  | 1375/1728 [08:13<01:10,  4.97it/s]Block (5,11,2) ok, attempt=1, duration=2.26s
Block (0,10,3) root_id=864691136573242786

Blocks:  80%|███████▉  | 1376/1728 [08:13<01:07,  5.24it/s]Block (7,8,8) ok, attempt=1, duration=1.69s
Block (11,6,7) root_id=864691136573242786
Block (7,0,4) ok, attempt=1, duration=1.97s

Blocks:  80%|███████▉  | 1378/1728 [08:14<02:00,  2.90it/s]Block (6,8,1) root_id=864691136573242786
Block (5,0,11) ok, attempt=1, duration=2.14s

Blocks:  80%|███████▉  | 1379/1728 [08:15<02:13,  2.61it/s]Block (7,1,5) root_id=864691136573242786
Block (4,7,1) ok, attempt=1, duration=2.62s

Blocks:  80%|███████▉  | 1380/1728 [08:15<02:12,  2.63it/s]Block (4,8,2) root_id=864691136573242786
Block (8,11,0) ok, attempt=1, duration=2.54s
Block (2,8,9) root_id=864691136573242786
Block (0,10,3) ok, attempt=1, duration=2.25s

Blocks:  80%|███████▉  | 1382/1728 [08:15<01:27,  3.97it/s]Block (1,7,1) root_id=864691136573242786
Block (2,7,8) ok, attempt=1, duration=2.69s
Block (7,4,10) root_id=864691136573242786
Block (6,11,7) ok, attempt=1, duration=2.78s
Block (8,0,8) root_id=864691136573242786

Blocks:  80%|████████  | 1384/1728 [08:16<01:20,  4.27it/s]Block (11,6,7) ok, attempt=1, duration=2.68s
Block (6,3,8) root_id=864691136573242786
Block (6,8,1) ok, attempt=1, duration=1.96s

Blocks:  80%|████████  | 1386/1728 [08:16<01:24,  4.04it/s]Block (5,5,0) root_id=864691136573242786
Block (1,7,1) ok, attempt=1, duration=2.30s

Blocks:  80%|████████  | 1387/1728 [08:18<02:37,  2.16it/s]Block (3,10,5) root_id=864691136573242786
Block (7,1,5) ok, attempt=1, duration=2.90s
Block (2,8,9) ok, attempt=1, duration=2.44s

Blocks:  80%|████████  | 1388/1728 [08:18<02:11,  2.58it/s]Block (10,9,5) root_id=864691136573242786
Block (1,2,8) root_id=864691136573242786
Block (4,8,2) ok, attempt=1, duration=2.98s
Block (9,5,4) root_id=864691136573242786

Blocks:  80%|████████  | 1390/1728 [08:18<01:50,  3.06it/s]Block (7,4,10) ok, attempt=1, duration=2.94s

Blocks:  80%|████████  | 1391/1728 [08:18<01:36,  3.50it/s]Block (5,7,9) root_id=864691136573242786
Block (5,5,0) ok, attempt=1, duration=2.38s
Block (4,3,8) root_id=864691136573242786

Blocks:  81%|████████  | 1392/1728 [08:19<01:39,  3.38it/s]Block (6,3,8) ok, attempt=1, duration=2.97s
Block (8,0,8) ok, attempt=1, duration=3.10s

Blocks:  81%|████████  | 1393/1728 [08:19<01:27,  3.85it/s]Block (11,2,8) root_id=864691136573242786
Block (8,7,7) root_id=864691136573242786
Block (1,2,8) ok, attempt=1, duration=2.18s

Blocks:  81%|████████  | 1395/1728 [08:20<02:08,  2.60it/s]Block (0,6,10) root_id=864691136573242786
Block (3,10,5) ok, attempt=1, duration=2.37s
Block (10,1,6) root_id=864691136573242786
Block (10,9,5) ok, attempt=1, duration=2.29s

Blocks:  81%|████████  | 1397/1728 [08:20<01:26,  3.85it/s]Block (7,8,3) root_id=864691136573242786
Block (9,5,4) ok, attempt=1, duration=2.59s

Blocks:  81%|████████  | 1398/1728 [08:21<01:59,  2.75it/s]Block (5,8,10) root_id=864691136573242786
Block (8,7,7) ok, attempt=1, duration=2.21s

Blocks:  81%|████████  | 1399/1728 [08:21<01:50,  2.98it/s]Block (5,0,6) root_id=864691136573242786
Block (4,3,8) ok, attempt=1, duration=2.43s
Block (10,4,11) root_id=864691136573242786
Block (5,7,9) ok, attempt=1, duration=2.84s

Blocks:  81%|████████  | 1401/1728 [08:21<01:16,  4.25it/s]Block (4,4,9) root_id=864691136573242786
Block (11,2,8) ok, attempt=1, duration=2.52s
Block (7,11,8) root_id=864691136573242786

Blocks:  81%|████████  | 1402/1728 [08:21<01:10,  4.60it/s]Block (7,8,3) ok, attempt=1, duration=2.14s

Blocks:  81%|████████  | 1403/1728 [08:22<01:59,  2.73it/s]Block (2,7,3) root_id=864691136573242786
Block (10,1,6) ok, attempt=1, duration=2.50s

Blocks:  81%|████████▏ | 1404/1728 [08:23<01:53,  2.85it/s]Block (6,11,2) root_id=864691136573242786
Block (0,6,10) ok, attempt=1, duration=2.90s

Blocks:  81%|████████▏ | 1405/1728 [08:23<01:53,  2.84it/s]Block (1,3,8) root_id=864691136573242786
Block (7,11,8) ok, attempt=1, duration=2.02s

Blocks:  81%|████████▏ | 1406/1728 [08:23<02:08,  2.51it/s]Block (9,0,10) root_id=864691136573242786
Block (5,0,6) ok, attempt=1, duration=2.56s
Block (11,6,2) root_id=864691136573242786

Blocks:  81%|████████▏ | 1407/1728 [08:24<01:51,  2.87it/s]Block (5,8,10) ok, attempt=1, duration=2.91s
Block (11,9,7) root_id=864691136573242786

Blocks:  81%|████████▏ | 1408/1728 [08:24<01:30,  3.55it/s]Block (10,4,11) ok, attempt=1, duration=2.67s
Block (7,1,0) root_id=864691136573242786
Block (4,4,9) ok, attempt=1, duration=2.75s

Blocks:  82%|████████▏ | 1410/1728 [08:24<01:06,  4.80it/s]Block (5,1,7) root_id=864691136573242786
Block (6,11,2) ok, attempt=1, duration=1.94s
Block (2,7,3) ok, attempt=1, duration=2.28s

Blocks:  82%|████████▏ | 1411/1728 [08:25<01:30,  3.50it/s]Block (2,8,4) root_id=864691136573242786
Block (7,4,5) root_id=864691136573242786
Block (1,3,8) ok, attempt=1, duration=2.52s

Blocks:  82%|████████▏ | 1413/1728 [08:25<01:50,  2.85it/s]Block (9,1,11) root_id=864691136573242786
Block (9,0,10) ok, attempt=1, duration=2.18s

Blocks:  82%|████████▏ | 1414/1728 [08:26<01:38,  3.18it/s]Block (8,0,3) root_id=864691136573242786
Block (11,6,2) ok, attempt=1, duration=2.51s

Blocks:  82%|████████▏ | 1415/1728 [08:26<01:56,  2.68it/s]Block (2,11,9) root_id=864691136573242786
Block (11,9,7) ok, attempt=1, duration=2.94s

Blocks:  82%|████████▏ | 1416/1728 [08:27<02:09,  2.41it/s]Block (4,0,11) root_id=864691136573242786
Block (5,1,7) ok, attempt=1, duration=2.75s
Block (11,10,8) root_id=864691136573242786
Block (2,8,4) ok, attempt=1, duration=2.53s

Blocks:  82%|████████▏ | 1418/1728 [08:27<01:37,  3.17it/s]Block (6,3,3) root_id=864691136573242786
Block (7,1,0) ok, attempt=1, duration=3.29s
Block (3,10,0) root_id=864691136573242786
Block (7,4,5) ok, attempt=1, duration=2.79s

Blocks:  82%|████████▏ | 1420/1728 [08:27<01:17,  3.96it/s]Block (10,9,0) root_id=864691136573242786
Block (9,1,11) ok, attempt=1, duration=2.10s
Block (1,10,7) root_id=864691136573242786

Blocks:  82%|████████▏ | 1421/1728 [08:28<01:11,  4.29it/s]Block (8,0,3) ok, attempt=1, duration=2.38s
Block (6,6,8) root_id=864691136573242786

Blocks:  82%|████████▏ | 1422/1728 [08:28<01:27,  3.48it/s]Block (2,11,9) ok, attempt=1, duration=2.42s
Block (10,8,4) root_id=864691136573242786

Blocks:  82%|████████▏ | 1423/1728 [08:29<01:51,  2.73it/s]Block (11,10,8) ok, attempt=1, duration=2.36s
Block (9,4,3) root_id=864691136573242786

Blocks:  82%|████████▏ | 1424/1728 [08:29<02:05,  2.42it/s]Block (4,0,11) ok, attempt=1, duration=2.50s
Block (0,9,11) root_id=864691136573242786
Block (6,3,3) ok, attempt=1, duration=2.49s

Blocks:  83%|████████▎ | 1426/1728 [08:30<01:38,  3.07it/s]Block (5,7,4) root_id=864691136573242786
Block (3,10,0) ok, attempt=1, duration=2.63s

Blocks:  83%|████████▎ | 1427/1728 [08:30<01:29,  3.36it/s]Block (4,11,7) root_id=864691136573242786
Block (1,10,7) ok, attempt=1, duration=2.50s
Block (4,3,3) root_id=864691136573242786

Blocks:  83%|████████▎ | 1428/1728 [08:30<01:27,  3.43it/s]Block (10,9,0) ok, attempt=1, duration=2.76s
Block (9,7,8) root_id=864691136573242786
Block (6,6,8) ok, attempt=1, duration=2.34s

Blocks:  83%|████████▎ | 1430/1728 [08:30<01:09,  4.30it/s]Block (11,2,3) root_id=864691136573242786
Block (10,8,4) ok, attempt=1, duration=2.32s

Blocks:  83%|████████▎ | 1431/1728 [08:31<01:32,  3.20it/s]Block (2,3,10) root_id=864691136573242786
Block (0,9,11) ok, attempt=1, duration=1.91s
Block (8,7,2) root_id=864691136573242786

Blocks:  83%|████████▎ | 1432/1728 [08:31<01:28,  3.36it/s]Block (4,11,7) ok, attempt=1, duration=2.11s
Block (6,7,9) root_id=864691136573242786

Blocks:  83%|████████▎ | 1433/1728 [08:32<01:59,  2.46it/s]Block (9,4,3) ok, attempt=1, duration=2.81s
Block (0,6,5) root_id=864691136573242786
Block (5,7,4) ok, attempt=1, duration=2.55s

Blocks:  83%|████████▎ | 1435/1728 [08:32<01:22,  3.54it/s]Block (10,1,1) root_id=864691136573242786
Block (11,2,3) ok, attempt=1, duration=2.20s

Blocks:  83%|████████▎ | 1436/1728 [08:33<01:31,  3.18it/s]Block (1,6,9) root_id=864691136573242786
Block (9,7,8) ok, attempt=1, duration=2.71s

Blocks:  83%|████████▎ | 1437/1728 [08:33<01:30,  3.22it/s]Block (5,8,5) root_id=864691136573242786
Block (4,3,3) ok, attempt=1, duration=2.91s
Block (5,0,1) root_id=864691136573242786

Blocks:  83%|████████▎ | 1438/1728 [08:33<01:14,  3.87it/s]Block (2,3,10) ok, attempt=1, duration=2.07s
Block (10,4,6) root_id=864691136573242786
Block (8,7,2) ok, attempt=1, duration=2.18s

Blocks:  83%|████████▎ | 1440/1728 [08:33<01:05,  4.40it/s]Block (4,4,4) root_id=864691136573242786
Block (6,7,9) ok, attempt=1, duration=2.37s

Blocks:  83%|████████▎ | 1441/1728 [08:34<01:52,  2.54it/s]Block (9,8,9) root_id=864691136573242786
Block (10,1,1) ok, attempt=1, duration=2.51s
Block (7,11,3) root_id=864691136573242786

Blocks:  83%|████████▎ | 1442/1728 [08:35<01:52,  2.53it/s]Block (0,6,5) ok, attempt=1, duration=2.89s
Block (5,11,10) root_id=864691136573242786

Blocks:  84%|████████▎ | 1443/1728 [08:35<01:36,  2.96it/s]Block (5,8,5) ok, attempt=1, duration=2.31s

Blocks:  84%|████████▎ | 1444/1728 [08:35<01:33,  3.04it/s]Block (9,0,5) root_id=864691136573242786
Block (10,4,6) ok, attempt=1, duration=2.20s
Block (4,7,9) root_id=864691136573242786
Block (1,6,9) ok, attempt=1, duration=2.80s

Blocks:  84%|████████▎ | 1446/1728 [08:35<01:04,  4.38it/s]Block (11,9,2) root_id=864691136573242786
Block (5,0,1) ok, attempt=1, duration=2.44s
Block (3,6,7) root_id=864691136573242786
Block (4,4,4) ok, attempt=1, duration=2.30s

Blocks:  84%|████████▍ | 1448/1728 [08:36<00:54,  5.14it/s]Block (10,5,7) root_id=864691136573242786
Block (9,8,9) ok, attempt=1, duration=2.07s
Block (1,9,1) root_id=864691136573242786

Blocks:  84%|████████▍ | 1449/1728 [08:36<01:25,  3.27it/s]Block (7,11,3) ok, attempt=1, duration=2.29s

Blocks:  84%|████████▍ | 1450/1728 [08:37<01:44,  2.66it/s]Block (9,1,6) root_id=864691136573242786
Block (5,11,10) ok, attempt=1, duration=2.57s
Block (0,5,0) root_id=864691136573242786

Blocks:  84%|████████▍ | 1451/1728 [08:37<01:51,  2.47it/s]Block (11,9,2) ok, attempt=1, duration=2.36s

Blocks:  84%|████████▍ | 1452/1728 [08:38<01:42,  2.70it/s]Block (7,4,0) root_id=864691136573242786
Block (3,6,7) ok, attempt=1, duration=2.44s

Blocks:  84%|████████▍ | 1453/1728 [08:38<01:22,  3.31it/s]Block (2,11,4) root_id=864691136573242786
Block (10,5,7) ok, attempt=1, duration=2.30s

Blocks:  84%|████████▍ | 1454/1728 [08:38<01:07,  4.05it/s]Block (10,11,5) root_id=864691136573242786
Block (4,7,9) ok, attempt=1, duration=2.83s
Block (5,3,11) root_id=864691136573242786

Blocks:  84%|████████▍ | 1455/1728 [08:38<00:56,  4.86it/s]Block (9,0,5) ok, attempt=1, duration=3.12s
Block (2,10,8) root_id=864691136573242786

Blocks:  84%|████████▍ | 1456/1728 [08:38<00:58,  4.66it/s]Block (1,9,1) ok, attempt=1, duration=2.30s

Blocks:  84%|████████▍ | 1457/1728 [08:39<01:09,  3.89it/s]Block (1,10,2) root_id=864691136573242786
Block (9,1,6) ok, attempt=1, duration=2.40s

Blocks:  84%|████████▍ | 1458/1728 [08:39<01:46,  2.53it/s]Block (6,6,3) root_id=864691136573242786
Block (0,5,0) ok, attempt=1, duration=2.66s
Block (8,3,9) root_id=864691136573242786

Blocks:  84%|████████▍ | 1459/1728 [08:40<02:14,  2.00it/s]Block (7,4,0) ok, attempt=1, duration=2.71s

Blocks:  84%|████████▍ | 1460/1728 [08:40<01:58,  2.26it/s]Block (3,2,9) root_id=864691136573242786
Block (2,10,8) ok, attempt=1, duration=2.27s

Blocks:  85%|████████▍ | 1461/1728 [08:41<01:33,  2.86it/s]Block (0,9,6) root_id=864691136573242786
Block (2,11,4) ok, attempt=1, duration=2.81s
Block (5,3,11) ok, attempt=1, duration=2.61s
Block (4,11,2) root_id=864691136573242786
Block (9,7,3) root_id=864691136573242786

Blocks:  85%|████████▍ | 1463/1728 [08:41<00:57,  4.59it/s]Block (10,11,5) ok, attempt=1, duration=2.75s
Block (7,7,10) root_id=864691136573242786
Block (1,10,2) ok, attempt=1, duration=2.26s

Blocks:  85%|████████▍ | 1465/1728 [08:41<00:46,  5.70it/s]Block (6,7,4) root_id=864691136573242786
Block (6,6,3) ok, attempt=1, duration=1.77s

Blocks:  85%|████████▍ | 1466/1728 [08:41<00:49,  5.30it/s]Block (0,6,0) root_id=864691136573242786
Block (8,3,9) ok, attempt=1, duration=2.01s

Blocks:  85%|████████▍ | 1467/1728 [08:42<01:37,  2.67it/s]Block (1,6,4) root_id=864691136573242786
Block (3,2,9) ok, attempt=1, duration=2.37s

Blocks:  85%|████████▍ | 1468/1728 [08:43<01:59,  2.18it/s]Block (5,8,0) root_id=864691136573242786
Block (4,11,2) ok, attempt=1, duration=2.52s

Blocks:  85%|████████▌ | 1469/1728 [08:43<01:51,  2.31it/s]Block (11,5,9) root_id=864691136573242786
Block (9,7,3) ok, attempt=1, duration=2.57s
Block (10,4,1) root_id=864691136573242786
Block (0,9,6) ok, attempt=1, duration=2.75s

Blocks:  85%|████████▌ | 1471/1728 [08:43<01:10,  3.66it/s]Block (9,8,4) root_id=864691136573242786
Block (7,7,10) ok, attempt=1, duration=2.65s
Block (5,11,5) root_id=864691136573242786
Block (6,7,4) ok, attempt=1, duration=2.72s

Blocks:  85%|████████▌ | 1473/1728 [08:44<00:59,  4.32it/s]Block (0,6,0) ok, attempt=1, duration=2.48s
Block (7,8,11) root_id=864691136573242786
Block (9,0,0) root_id=864691136573242786
Block (1,6,4) ok, attempt=1, duration=2.14s

Blocks:  85%|████████▌ | 1475/1728 [08:44<01:06,  3.83it/s]Block (7,0,7) root_id=864691136573242786
Block (5,8,0) ok, attempt=1, duration=2.44s

Blocks:  85%|████████▌ | 1476/1728 [08:45<01:42,  2.45it/s]Block (4,7,4) root_id=864691136573242786
Block (11,5,9) ok, attempt=1, duration=2.13s
Block (2,7,11) root_id=864691136573242786
Block (9,8,4) ok, attempt=1, duration=2.45s

Blocks:  86%|████████▌ | 1478/1728 [08:46<01:27,  2.84it/s]Block (3,6,2) root_id=864691136573242786
Block (5,11,5) ok, attempt=1, duration=2.62s

Blocks:  86%|████████▌ | 1479/1728 [08:46<01:21,  3.07it/s]Block (8,10,7) root_id=864691136573242786
Block (7,8,11) ok, attempt=1, duration=2.51s

Blocks:  86%|████████▌ | 1480/1728 [08:46<01:11,  3.49it/s]Block (8,2,3) root_id=864691136573242786
Block (10,4,1) ok, attempt=1, duration=3.05s

Blocks:  86%|████████▌ | 1481/1728 [08:46<01:02,  3.93it/s]Block (6,2,10) root_id=864691136573242786
Block (9,0,0) ok, attempt=1, duration=2.76s
Block (3,9,7) root_id=864691136573242786

Blocks:  86%|████████▌ | 1482/1728 [08:46<00:52,  4.64it/s]Block (7,0,7) ok, attempt=1, duration=2.61s

Blocks:  86%|████████▌ | 1483/1728 [08:47<01:10,  3.49it/s]Block (1,1,10) root_id=864691136573242786
Block (4,7,4) ok, attempt=1, duration=1.92s

Blocks:  86%|████████▌ | 1484/1728 [08:47<01:10,  3.44it/s]Block (10,11,0) root_id=864691136573242786
Block (8,10,7) ok, attempt=1, duration=2.02s
Block (5,3,6) root_id=864691136573242786

Blocks:  86%|████████▌ | 1485/1728 [08:48<01:51,  2.19it/s]Block (3,6,2) ok, attempt=1, duration=2.50s

Blocks:  86%|████████▌ | 1486/1728 [08:48<01:32,  2.61it/s]Block (2,10,3) root_id=864691136573242786
Block (2,7,11) ok, attempt=1, duration=3.20s

Blocks:  86%|████████▌ | 1487/1728 [08:48<01:22,  2.91it/s]Block (9,3,10) root_id=864691136573242786
Block (3,9,7) ok, attempt=1, duration=2.56s

Blocks:  86%|████████▌ | 1488/1728 [08:49<01:30,  2.66it/s]Block (5,6,11) root_id=864691136573242786
Block (8,2,3) ok, attempt=1, duration=2.86s
Block (8,3,4) root_id=864691136573242786
Block (6,2,10) ok, attempt=1, duration=3.13s

Blocks:  86%|████████▌ | 1490/1728 [08:49<01:14,  3.19it/s]Block (6,3,11) root_id=864691136573242786
Block (10,11,0) ok, attempt=1, duration=2.64s

Blocks:  86%|████████▋ | 1491/1728 [08:50<01:17,  3.04it/s]Block (4,2,10) root_id=864691136573242786
Block (1,1,10) ok, attempt=1, duration=3.12s

Blocks:  86%|████████▋ | 1492/1728 [08:50<01:09,  3.39it/s]Block (3,10,8) root_id=864691136573242786
Block (2,10,3) ok, attempt=1, duration=2.74s

Blocks:  86%|████████▋ | 1493/1728 [08:51<01:53,  2.07it/s]Block (0,9,1) root_id=864691136573242786
Block (5,3,6) ok, attempt=1, duration=3.13s

Blocks:  86%|████████▋ | 1494/1728 [08:51<01:30,  2.60it/s]Block (1,2,11) root_id=864691136573242786
Block (9,3,10) ok, attempt=1, duration=3.04s

Blocks:  87%|████████▋ | 1495/1728 [08:52<01:31,  2.55it/s]Block (11,4,3) root_id=864691136573242786
Block (8,3,4) ok, attempt=1, duration=2.67s

Blocks:  87%|████████▋ | 1496/1728 [08:52<01:16,  3.05it/s]Block (10,0,8) root_id=864691136573242786
Block (5,6,11) ok, attempt=1, duration=2.81s
Block (7,7,5) root_id=864691136573242786
Block (3,10,8) ok, attempt=1, duration=2.04s

Blocks:  87%|████████▋ | 1498/1728 [08:52<00:58,  3.92it/s]Block (9,4,11) root_id=864691136573242786
Block (6,3,11) ok, attempt=1, duration=2.65s
Block (4,3,11) root_id=864691136573242786
Block (4,2,10) ok, attempt=1, duration=2.60s

Blocks:  87%|████████▋ | 1500/1728 [08:52<00:51,  4.40it/s]Block (11,5,4) root_id=864691136573242786
Block (0,9,1) ok, attempt=1, duration=2.49s

Blocks:  87%|████████▋ | 1501/1728 [08:53<01:33,  2.42it/s]Block (1,5,3) root_id=864691136573242786
Block (1,2,11) ok, attempt=1, duration=2.54s

Blocks:  87%|████████▋ | 1502/1728 [08:54<01:20,  2.80it/s]Block (6,9,8) root_id=864691136573242786
Block (10,0,8) ok, attempt=1, duration=2.22s

Blocks:  87%|████████▋ | 1503/1728 [08:54<01:14,  3.01it/s]Block (11,4,3) ok, attempt=1, duration=2.39s
Block (5,11,0) root_id=864691136573242786
Block (7,0,2) root_id=864691136573242786
Block (7,7,5) ok, attempt=1, duration=2.65s

Blocks:  87%|████████▋ | 1505/1728 [08:54<01:06,  3.37it/s]Block (10,7,7) root_id=864691136573242786
Block (11,5,4) ok, attempt=1, duration=2.22s

Blocks:  87%|████████▋ | 1506/1728 [08:55<01:01,  3.59it/s]Block (2,6,10) root_id=864691136573242786
Block (4,3,11) ok, attempt=1, duration=2.62s
Block (8,10,2) root_id=864691136573242786
Block (9,4,11) ok, attempt=1, duration=2.76s

Blocks:  87%|████████▋ | 1508/1728 [08:55<00:44,  4.96it/s]Block (6,10,9) root_id=864691136573242786
Block (5,11,0) ok, attempt=1, duration=2.00s

Blocks:  87%|████████▋ | 1509/1728 [08:56<01:28,  2.47it/s]Block (6,2,5) root_id=864691136573242786
Block (1,5,3) ok, attempt=1, duration=2.63s
Block (3,9,2) root_id=864691136573242786

Blocks:  87%|████████▋ | 1510/1728 [08:56<01:18,  2.78it/s]Block (7,0,2) ok, attempt=1, duration=2.53s

Blocks:  87%|████████▋ | 1511/1728 [08:56<01:16,  2.85it/s]Block (1,9,9) root_id=864691136573242786
Block (6,9,8) ok, attempt=1, duration=2.84s
Block (0,5,8) root_id=864691136573242786
Block (2,6,10) ok, attempt=1, duration=2.10s

Blocks:  88%|████████▊ | 1513/1728 [08:57<00:55,  3.85it/s]Block (5,3,1) root_id=864691136573242786
Block (8,10,2) ok, attempt=1, duration=2.15s

Blocks:  88%|████████▊ | 1514/1728 [08:57<00:48,  4.45it/s]Block (11,0,10) root_id=864691136573242786
Block (10,7,7) ok, attempt=1, duration=2.61s

Blocks:  88%|████████▊ | 1515/1728 [08:57<00:45,  4.68it/s]Block (9,11,9) root_id=864691136573242786
Block (6,10,9) ok, attempt=1, duration=2.44s

Blocks:  88%|████████▊ | 1516/1728 [08:57<00:45,  4.67it/s]Block (9,3,5) root_id=864691136573242786
Block (3,9,2) ok, attempt=1, duration=2.45s

Blocks:  88%|████████▊ | 1517/1728 [08:59<01:50,  1.91it/s]Block (5,6,6) root_id=864691136573242786
Block (0,5,8) ok, attempt=1, duration=2.21s

Blocks:  88%|████████▊ | 1518/1728 [08:59<01:27,  2.39it/s]Block (4,10,9) root_id=864691136573242786
Block (6,2,5) ok, attempt=1, duration=2.94s

Blocks:  88%|████████▊ | 1519/1728 [08:59<01:10,  2.98it/s]Block (6,3,6) root_id=864691136573242786
Block (1,9,9) ok, attempt=1, duration=2.63s

Blocks:  88%|████████▊ | 1520/1728 [08:59<01:03,  3.26it/s]Block (3,10,3) root_id=864691136573242786
Block (5,3,1) ok, attempt=1, duration=2.47s

Blocks:  88%|████████▊ | 1521/1728 [08:59<00:51,  4.04it/s]Block (4,2,5) root_id=864691136573242786
Block (11,0,10) ok, attempt=1, duration=2.72s

Blocks:  88%|████████▊ | 1522/1728 [09:00<00:59,  3.44it/s]Block (6,6,11) root_id=864691136573242786
Block (9,11,9) ok, attempt=1, duration=2.59s
Block (10,8,7) root_id=864691136573242786
Block (9,3,5) ok, attempt=1, duration=2.58s

Blocks:  88%|████████▊ | 1524/1728 [09:00<00:42,  4.82it/s]Block (11,1,11) root_id=864691136573242786
Block (5,6,6) ok, attempt=1, duration=1.69s

Blocks:  88%|████████▊ | 1525/1728 [09:00<00:54,  3.73it/s]Block (10,0,3) root_id=864691136573242786
Block (3,10,3) ok, attempt=1, duration=2.06s
Block (4,10,9) ok, attempt=1, duration=2.43s

Blocks:  88%|████████▊ | 1526/1728 [09:01<01:28,  2.29it/s]Block (9,4,6) root_id=864691136573242786
Block (7,7,0) root_id=864691136573242786
Block (6,3,6) ok, attempt=1, duration=2.56s

Blocks:  88%|████████▊ | 1528/1728 [09:01<01:00,  3.29it/s]Block (5,7,7) root_id=864691136573242786
Block (10,8,7) ok, attempt=1, duration=2.38s

Blocks:  88%|████████▊ | 1529/1728 [09:02<01:12,  2.75it/s]Block (4,3,6) root_id=864691136573242786
Block (11,1,11) ok, attempt=1, duration=2.35s

Blocks:  89%|████████▊ | 1530/1728 [09:02<01:02,  3.19it/s]Block (9,7,11) root_id=864691136573242786
Block (4,2,5) ok, attempt=1, duration=3.09s
Block (7,10,11) root_id=864691136573242786

Blocks:  89%|████████▊ | 1531/1728 [09:02<00:54,  3.62it/s]Block (6,6,11) ok, attempt=1, duration=2.74s
Block (6,9,3) root_id=864691136573242786
Block (10,0,3) ok, attempt=1, duration=2.33s

Blocks:  89%|████████▊ | 1533/1728 [09:03<00:42,  4.63it/s]Block (8,6,9) root_id=864691136573242786
Block (7,7,0) ok, attempt=1, duration=2.32s
Block (2,9,11) root_id=864691136573242786

Blocks:  89%|████████▉ | 1534/1728 [09:04<01:14,  2.60it/s]Block (9,4,6) ok, attempt=1, duration=2.54s
Block (3,5,9) root_id=864691136573242786

Blocks:  89%|████████▉ | 1535/1728 [09:04<01:04,  3.00it/s]Block (5,7,7) ok, attempt=1, duration=2.83s

Blocks:  89%|████████▉ | 1536/1728 [09:04<01:14,  2.58it/s]Block (10,7,2) root_id=864691136573242786
Block (9,7,11) ok, attempt=1, duration=2.37s
Block (2,6,5) root_id=864691136573242786

Blocks:  89%|████████▉ | 1537/1728 [09:05<01:09,  2.76it/s]Block (6,9,3) ok, attempt=1, duration=2.25s
Block (6,10,4) root_id=864691136573242786
Block (4,3,6) ok, attempt=1, duration=2.73s

Blocks:  89%|████████▉ | 1539/1728 [09:05<00:45,  4.13it/s]Block (6,2,0) root_id=864691136573242786
Block (7,10,11) ok, attempt=1, duration=2.67s
Block (3,6,10) root_id=864691136573242786

Blocks:  89%|████████▉ | 1540/1728 [09:05<00:45,  4.11it/s]Block (8,6,9) ok, attempt=1, duration=2.85s

Blocks:  89%|████████▉ | 1541/1728 [09:05<00:56,  3.30it/s]Block (1,9,4) root_id=864691136573242786
Block (3,5,9) ok, attempt=1, duration=2.09s

Blocks:  89%|████████▉ | 1542/1728 [09:06<00:58,  3.19it/s]Block (11,8,9) root_id=864691136573242786
Block (2,9,11) ok, attempt=1, duration=2.32s
Block (8,2,11) root_id=864691136573242786
Block (10,7,2) ok, attempt=1, duration=2.40s

Blocks:  89%|████████▉ | 1544/1728 [09:07<01:07,  2.74it/s]Block (0,5,3) root_id=864691136573242786
Block (6,10,4) ok, attempt=1, duration=2.35s

Blocks:  89%|████████▉ | 1545/1728 [09:07<01:03,  2.89it/s]Block (11,0,5) root_id=864691136573242786
Block (2,6,5) ok, attempt=1, duration=2.61s

Blocks:  89%|████████▉ | 1546/1728 [09:07<00:56,  3.23it/s]Block (9,11,4) root_id=864691136573242786
Block (6,2,0) ok, attempt=1, duration=2.63s

Blocks:  90%|████████▉ | 1547/1728 [09:07<00:51,  3.54it/s]Block (9,3,0) root_id=864691136573242786
Block (3,6,10) ok, attempt=1, duration=2.55s
Block (5,6,1) root_id=864691136573242786

Blocks:  90%|████████▉ | 1548/1728 [09:08<00:44,  4.02it/s]Block (1,9,4) ok, attempt=1, duration=2.48s

Blocks:  90%|████████▉ | 1549/1728 [09:08<00:53,  3.35it/s]Block (7,3,7) root_id=864691136573242786
Block (11,8,9) ok, attempt=1, duration=2.53s

Blocks:  90%|████████▉ | 1550/1728 [09:08<00:58,  3.04it/s]Block (4,10,4) root_id=864691136573242786
Block (8,2,11) ok, attempt=1, duration=2.60s
Block (10,11,8) root_id=864691136573242786
Block (0,5,3) ok, attempt=1, duration=2.29s

Blocks:  90%|████████▉ | 1552/1728 [09:09<00:56,  3.13it/s]Block (2,10,11) root_id=864691136573242786
Block (11,0,5) ok, attempt=1, duration=2.19s

Blocks:  90%|████████▉ | 1553/1728 [09:09<00:50,  3.49it/s]Block (4,2,0) root_id=864691136573242786
Block (9,11,4) ok, attempt=1, duration=2.26s

Blocks:  90%|████████▉ | 1554/1728 [09:09<00:49,  3.54it/s]Block (11,1,6) root_id=864691136573242786
Block (9,3,0) ok, attempt=1, duration=2.44s
Block (10,8,2) root_id=864691136573242786

Blocks:  90%|████████▉ | 1555/1728 [09:10<00:53,  3.23it/s]Block (5,6,1) ok, attempt=1, duration=2.92s

Blocks:  90%|█████████ | 1556/1728 [09:10<01:09,  2.49it/s]Block (9,4,1) root_id=864691136573242786
Block (7,3,7) ok, attempt=1, duration=2.66s

Blocks:  90%|█████████ | 1557/1728 [09:11<00:57,  3.00it/s]Block (6,5,10) root_id=864691136573242786
Block (4,10,4) ok, attempt=1, duration=2.55s

Blocks:  90%|█████████ | 1558/1728 [09:11<00:55,  3.08it/s]Block (5,7,2) root_id=864691136573242786
Block (10,11,8) ok, attempt=1, duration=2.64s

Blocks:  90%|█████████ | 1559/1728 [09:11<00:47,  3.53it/s]Block (11,4,11) root_id=864691136573242786
Block (2,10,11) ok, attempt=1, duration=2.51s

Blocks:  90%|█████████ | 1560/1728 [09:11<00:52,  3.20it/s]Block (4,3,1) root_id=864691136573242786
Block (4,2,0) ok, attempt=1, duration=2.42s

Blocks:  90%|█████████ | 1561/1728 [09:12<00:42,  3.92it/s]Block (1,4,10) root_id=864691136573242786
Block (11,1,6) ok, attempt=1, duration=2.45s
Block (9,7,6) root_id=864691136573242786

Blocks:  90%|█████████ | 1562/1728 [09:12<00:43,  3.83it/s]Block (10,8,2) ok, attempt=1, duration=2.11s
Block (0,0,9) root_id=864691136573242786
Block (6,5,10) ok, attempt=1, duration=1.98s

Blocks:  91%|█████████ | 1564/1728 [09:13<00:49,  3.29it/s]Block (7,10,6) root_id=864691136573242786
Block (9,4,1) ok, attempt=1, duration=2.34s

Blocks:  91%|█████████ | 1565/1728 [09:13<00:45,  3.59it/s]Block (7,2,2) root_id=864691136573242786
Block (5,7,2) ok, attempt=1, duration=2.51s

Blocks:  91%|█████████ | 1566/1728 [09:13<01:01,  2.66it/s]Block (8,6,4) root_id=864691136573242786
Block (11,4,11) ok, attempt=1, duration=2.46s
Block (2,9,6) root_id=864691136573242786

Blocks:  91%|█████████ | 1567/1728 [09:14<00:49,  3.24it/s]Block (1,4,10) ok, attempt=1, duration=2.19s

Blocks:  91%|█████████ | 1568/1728 [09:14<00:45,  3.53it/s]Block (3,5,4) root_id=864691136573242786
Block (4,3,1) ok, attempt=1, duration=2.34s
Block (8,9,9) root_id=864691136573242786
Block (9,7,6) ok, attempt=1, duration=2.50s

Blocks:  91%|█████████ | 1570/1728 [09:14<00:45,  3.46it/s]Block (1,5,11) root_id=864691136573242786
Block (7,10,6) ok, attempt=1, duration=2.05s

Blocks:  91%|█████████ | 1571/1728 [09:15<00:44,  3.53it/s]Block (0,1,10) root_id=864691136573242786
Block (0,0,9) ok, attempt=1, duration=3.04s

Blocks:  91%|█████████ | 1572/1728 [09:15<00:46,  3.37it/s]Block (10,3,8) root_id=864691136573242786
Block (7,2,2) ok, attempt=1, duration=2.22s
Block (2,6,0) root_id=864691136573242786
Block (8,6,4) ok, attempt=1, duration=2.38s

Blocks:  91%|█████████ | 1574/1728 [09:16<00:53,  2.86it/s]Block (5,2,8) root_id=864691136573242786
Block (2,9,6) ok, attempt=1, duration=2.33s
Block (4,6,11) root_id=864691136573242786
Block (8,9,9) ok, attempt=1, duration=2.22s

Blocks:  91%|█████████ | 1576/1728 [09:16<00:40,  3.77it/s]Block (8,10,10) root_id=864691136573242786
Block (3,5,4) ok, attempt=1, duration=2.50s
Block (8,2,6) root_id=864691136573242786

Blocks:  91%|█████████▏| 1577/1728 [09:16<00:38,  3.90it/s]Block (1,5,11) ok, attempt=1, duration=2.36s

Blocks:  91%|█████████▏| 1578/1728 [09:17<00:44,  3.34it/s]Block (11,8,4) root_id=864691136573242786
Block (0,1,10) ok, attempt=1, duration=2.33s

Blocks:  91%|█████████▏| 1579/1728 [09:17<00:42,  3.47it/s]Block (10,3,8) ok, attempt=1, duration=2.05s
Block (11,0,0) root_id=864691136573242786
Block (7,3,2) root_id=864691136573242786
Block (2,6,0) ok, attempt=1, duration=2.30s

Blocks:  91%|█████████▏| 1581/1728 [09:17<00:34,  4.21it/s]Block (10,11,3) root_id=864691136573242786
Block (4,6,11) ok, attempt=1, duration=2.14s

Blocks:  92%|█████████▏| 1582/1728 [09:18<00:50,  2.88it/s]Block (5,3,9) root_id=864691136573242786
Block (5,2,8) ok, attempt=1, duration=2.27s
Block (2,10,6) root_id=864691136573242786
Block (8,10,10) ok, attempt=1, duration=2.36s

Blocks:  92%|█████████▏| 1584/1728 [09:18<00:41,  3.48it/s]Block (11,1,1) root_id=864691136573242786
Block (11,8,4) ok, attempt=1, duration=2.35s
Block (8,2,6) ok, attempt=1, duration=2.80s

Blocks:  92%|█████████▏| 1585/1728 [09:19<00:52,  2.71it/s]Block (5,9,7) root_id=864691136573242786
Block (6,5,5) root_id=864691136573242786
Block (7,3,2) ok, attempt=1, duration=2.13s
Block (4,5,6) root_id=864691136573242786
Block (11,0,0) ok, attempt=1, duration=2.36s

Blocks:  92%|█████████▏| 1588/1728 [09:19<00:31,  4.39it/s]Block (11,4,6) root_id=864691136573242786
Block (10,11,3) ok, attempt=1, duration=2.21s

Blocks:  92%|█████████▏| 1589/1728 [09:20<00:31,  4.47it/s]Block (1,4,5) root_id=864691136573242786
Block (5,3,9) ok, attempt=1, duration=2.76s

Blocks:  92%|█████████▏| 1590/1728 [09:21<01:01,  2.25it/s]Block (3,1,11) root_id=864691136573242786
Block (2,10,6) ok, attempt=1, duration=2.79s
Block (0,8,8) root_id=864691136573242786
Block (11,1,1) ok, attempt=1, duration=2.90s

Blocks:  92%|█████████▏| 1592/1728 [09:21<00:51,  2.65it/s]Block (7,10,1) root_id=864691136573242786
Block (6,5,5) ok, attempt=1, duration=2.70s

Blocks:  92%|█████████▏| 1593/1728 [09:22<00:53,  2.53it/s]Block (5,10,8) root_id=864691136573242786
Block (11,4,6) ok, attempt=1, duration=2.47s
Block (5,9,7) ok, attempt=1, duration=2.77s
Block (10,6,9) root_id=864691136573242786
Block (2,9,1) root_id=864691136573242786
Block (4,5,6) ok, attempt=1, duration=3.08s

Blocks:  92%|█████████▏| 1596/1728 [09:22<00:36,  3.58it/s]Block (9,2,8) root_id=864691136573242786
Block (1,4,5) ok, attempt=1, duration=2.87s

Blocks:  92%|█████████▏| 1597/1728 [09:22<00:33,  3.88it/s]Block (1,5,6) root_id=864691136573242786
Block (3,1,11) ok, attempt=1, duration=2.04s

Blocks:  92%|█████████▏| 1598/1728 [09:23<00:38,  3.39it/s]Block (8,9,4) root_id=864691136573242786
Block (0,8,8) ok, attempt=1, duration=2.05s

Blocks:  93%|█████████▎| 1599/1728 [09:23<00:32,  3.99it/s]Block (6,9,11) root_id=864691136573242786
Block (7,10,1) ok, attempt=1, duration=2.48s

Blocks:  93%|█████████▎| 1600/1728 [09:24<00:51,  2.48it/s]Block (6,1,7) root_id=864691136573242786
Block (5,10,8) ok, attempt=1, duration=2.45s

Blocks:  93%|█████████▎| 1601/1728 [09:24<00:52,  2.42it/s]Block (10,3,3) root_id=864691136573242786
Block (10,6,9) ok, attempt=1, duration=3.05s

Blocks:  93%|█████████▎| 1602/1728 [09:25<00:59,  2.13it/s]Block (5,2,3) root_id=864691136573242786
Block (2,9,1) ok, attempt=1, duration=3.09s
Block (10,7,10) root_id=864691136573242786
Block (9,2,8) ok, attempt=1, duration=2.84s
Block (4,6,6) root_id=864691136573242786

Blocks:  93%|█████████▎| 1604/1728 [09:25<00:38,  3.19it/s]Block (8,9,4) ok, attempt=1, duration=2.37s
Block (8,2,1) root_id=864691136573242786

Blocks:  93%|█████████▎| 1605/1728 [09:25<00:33,  3.72it/s]Block (1,5,6) ok, attempt=1, duration=2.87s
Block (8,1,5) root_id=864691136573242786
Block (6,9,11) ok, attempt=1, duration=2.86s
Block (3,8,9) root_id=864691136573242786

Blocks:  93%|█████████▎| 1607/1728 [09:26<00:33,  3.59it/s]Block (10,3,3) ok, attempt=1, duration=1.90s

Blocks:  93%|█████████▎| 1608/1728 [09:26<00:35,  3.41it/s]Block (1,11,3) root_id=864691136573242786
Block (6,1,7) ok, attempt=1, duration=2.53s

Blocks:  93%|█████████▎| 1609/1728 [09:26<00:31,  3.74it/s]Block (8,4,10) root_id=864691136573242786
Block (10,7,10) ok, attempt=1, duration=1.65s
Block (0,7,2) root_id=864691136573242786

Blocks:  93%|█████████▎| 1610/1728 [09:27<00:31,  3.78it/s]Block (5,2,3) ok, attempt=1, duration=2.15s

Blocks:  93%|█████████▎| 1611/1728 [09:27<00:36,  3.23it/s]Block (10,10,2) root_id=864691136573242786
Block (4,6,6) ok, attempt=1, duration=2.39s

Blocks:  93%|█████████▎| 1612/1728 [09:27<00:40,  2.88it/s]Block (9,6,1) root_id=864691136573242786
Block (8,2,1) ok, attempt=1, duration=2.32s
Block (5,9,2) root_id=864691136573242786
Block (8,1,5) ok, attempt=1, duration=2.56s

Blocks:  93%|█████████▎| 1614/1728 [09:28<00:31,  3.65it/s]Block (7,6,8) root_id=864691136573242786
Block (3,8,9) ok, attempt=1, duration=2.16s

Blocks:  93%|█████████▎| 1615/1728 [09:28<00:27,  4.16it/s]Block (6,5,0) root_id=864691136573242786
Block (1,11,3) ok, attempt=1, duration=2.19s

Blocks:  94%|█████████▎| 1616/1728 [09:28<00:31,  3.57it/s]Block (4,5,1) root_id=864691136573242786
Block (8,4,10) ok, attempt=1, duration=2.28s

Blocks:  94%|█████████▎| 1617/1728 [09:29<00:30,  3.66it/s]Block (11,4,1) root_id=864691136573242786
Block (0,7,2) ok, attempt=1, duration=2.15s

Blocks:  94%|█████████▎| 1618/1728 [09:29<00:25,  4.28it/s]Block (2,5,8) root_id=864691136573242786
Block (10,10,2) ok, attempt=1, duration=2.04s

Blocks:  94%|█████████▎| 1619/1728 [09:29<00:28,  3.86it/s]Block (9,9,6) root_id=864691136573242786
Block (5,9,2) ok, attempt=1, duration=2.27s

Blocks:  94%|█████████▍| 1620/1728 [09:30<00:43,  2.51it/s]Block (11,11,9) root_id=864691136573242786
Block (9,6,1) ok, attempt=1, duration=2.41s
Block (1,4,0) root_id=864691136573242786
Block (7,6,8) ok, attempt=1, duration=2.35s
Block (6,5,0) ok, attempt=1, duration=2.23s
Block (11,3,5) root_id=864691136573242786
Block (8,5,11) root_id=864691136573242786

Blocks:  94%|█████████▍| 1622/1728 [09:30<00:32,  3.28it/s]Block (4,5,1) ok, attempt=1, duration=2.17s

Blocks:  94%|█████████▍| 1624/1728 [09:31<00:26,  3.98it/s]Block (0,8,3) root_id=864691136573242786
Block (11,4,1) ok, attempt=1, duration=2.25s

Blocks:  94%|█████████▍| 1625/1728 [09:31<00:28,  3.68it/s]Block (3,4,11) root_id=864691136573242786
Block (2,5,8) ok, attempt=1, duration=2.48s

Blocks:  94%|█████████▍| 1626/1728 [09:31<00:29,  3.45it/s]Block (5,10,3) root_id=864691136573242786
Block (9,9,6) ok, attempt=1, duration=2.21s
Block (10,6,4) root_id=864691136573242786
Block (1,4,0) ok, attempt=1, duration=2.63s
Block (11,3,5) ok, attempt=1, duration=2.32s

Blocks:  94%|█████████▍| 1628/1728 [09:33<00:43,  2.31it/s]Block (9,2,3) root_id=864691136573242786
Block (9,10,7) root_id=864691136573242786
Block (11,11,9) ok, attempt=1, duration=2.80s

Blocks:  94%|█████████▍| 1630/1728 [09:33<00:28,  3.41it/s]Block (1,5,1) root_id=864691136573242786
Block (0,8,3) ok, attempt=1, duration=2.16s
Block (6,9,6) root_id=864691136573242786
Block (8,5,11) ok, attempt=1, duration=2.57s
Block (7,2,10) root_id=864691136573242786

Blocks:  94%|█████████▍| 1632/1728 [09:33<00:20,  4.58it/s]Block (10,6,4) ok, attempt=1, duration=1.69s

Blocks:  95%|█████████▍| 1633/1728 [09:33<00:20,  4.68it/s]Block (4,9,7) root_id=864691136573242786
Block (5,10,3) ok, attempt=1, duration=1.78s
Block (6,1,2) root_id=864691136573242786
Block (3,4,11) ok, attempt=1, duration=2.26s

Blocks:  95%|█████████▍| 1635/1728 [09:33<00:15,  5.92it/s]Block (6,8,10) root_id=864691136573242786
Block (6,9,6) ok, attempt=1, duration=2.08s

Blocks:  95%|█████████▍| 1636/1728 [09:35<00:43,  2.12it/s]Block (11,7,11) root_id=864691136573242786
Block (9,2,3) ok, attempt=1, duration=2.47s

Blocks:  95%|█████████▍| 1637/1728 [09:35<00:37,  2.45it/s]Block (10,7,5) root_id=864691136573242786
Block (1,5,1) ok, attempt=1, duration=2.41s
Block (4,6,1) root_id=864691136573242786
Block (9,10,7) ok, attempt=1, duration=2.69s

Blocks:  95%|█████████▍| 1639/1728 [09:35<00:25,  3.44it/s]Block (1,7,10) root_id=864691136573242786
Block (7,2,10) ok, attempt=1, duration=3.11s

Blocks:  95%|█████████▍| 1640/1728 [09:36<00:33,  2.66it/s]Block (6,8,10) ok, attempt=1, duration=2.79s
Block (0,3,9) root_id=864691136573242786
Block (5,5,9) root_id=864691136573242786
Block (4,9,7) ok, attempt=1, duration=3.69s

Blocks:  95%|█████████▌| 1642/1728 [09:37<00:33,  2.60it/s]Block (8,1,0) root_id=864691136573242786
Block (6,1,2) ok, attempt=1, duration=3.78s

Blocks:  95%|█████████▌| 1643/1728 [09:37<00:27,  3.06it/s]Block (4,1,8) root_id=864691136573242786
Block (11,7,11) ok, attempt=1, duration=2.90s

Blocks:  95%|█████████▌| 1644/1728 [09:38<00:38,  2.16it/s]Block (11,0,8) root_id=864691136573242786
Block (10,7,5) ok, attempt=1, duration=3.61s

Blocks:  95%|█████████▌| 1645/1728 [09:39<00:47,  1.75it/s]Block (3,8,4) root_id=864691136573242786
Block (1,7,10) ok, attempt=1, duration=3.89s

Blocks:  95%|█████████▌| 1646/1728 [09:39<00:45,  1.81it/s]Block (1,8,11) root_id=864691136573242786
Block (4,6,1) ok, attempt=1, duration=4.47s

Blocks:  95%|█████████▌| 1647/1728 [09:40<00:41,  1.93it/s]Block (8,4,5) root_id=864691136573242786
Block (0,3,9) ok, attempt=1, duration=4.25s

Blocks:  95%|█████████▌| 1648/1728 [09:40<00:43,  1.83it/s]Block (0,4,10) root_id=864691136573242786
Block (5,5,9) ok, attempt=1, duration=4.27s
Block (3,11,9) root_id=864691136573242786
Block (8,1,0) ok, attempt=1, duration=4.09s

Blocks:  95%|█████████▌| 1650/1728 [09:41<00:34,  2.27it/s]Block (4,1,8) ok, attempt=1, duration=4.00s
Block (7,6,3) root_id=864691136573242786
Block (9,9,1) root_id=864691136573242786
Block (11,0,8) ok, attempt=1, duration=3.62s

Blocks:  96%|█████████▌| 1652/1728 [09:41<00:28,  2.63it/s]Block (10,2,11) root_id=864691136573242786
Block (3,8,4) ok, attempt=1, duration=3.63s

Blocks:  96%|█████████▌| 1653/1728 [09:42<00:36,  2.03it/s]Block (7,9,8) root_id=864691136573242786
Block (1,8,11) ok, attempt=1, duration=4.72s

Blocks:  96%|█████████▌| 1654/1728 [09:44<00:55,  1.33it/s]Block (8,4,5) ok, attempt=1, duration=4.34s
Block (2,5,3) root_id=864691136573242786
Block (8,5,6) root_id=864691136573242786
Block (0,4,10) ok, attempt=1, duration=4.28s

Blocks:  96%|█████████▌| 1656/1728 [09:44<00:41,  1.76it/s]Block (3,11,9) ok, attempt=1, duration=4.26s
Block (11,11,4) root_id=864691136573242786
Block (11,3,0) root_id=864691136573242786
Block (7,6,3) ok, attempt=1, duration=4.22s

Blocks:  96%|█████████▌| 1658/1728 [09:45<00:35,  1.95it/s]Block (3,4,6) root_id=864691136573242786
Block (9,9,1) ok, attempt=1, duration=4.53s
Block (10,2,11) ok, attempt=1, duration=4.02s

Blocks:  96%|█████████▌| 1660/1728 [09:46<00:27,  2.52it/s]Block (7,10,9) root_id=864691136573242786
Block (9,10,2) root_id=864691136573242786
Block (7,9,8) ok, attempt=1, duration=3.45s
Block (7,2,5) root_id=864691136573242786
Block (8,5,6) ok, attempt=1, duration=4.01s

Blocks:  96%|█████████▌| 1662/1728 [09:48<00:42,  1.56it/s]Block (4,9,2) root_id=864691136573242786
Block (11,11,4) ok, attempt=1, duration=3.74s

Blocks:  96%|█████████▌| 1663/1728 [09:48<00:37,  1.74it/s]Block (2,9,9) root_id=864691136573242786
Block (11,3,0) ok, attempt=1, duration=4.44s

Blocks:  96%|█████████▋| 1664/1728 [09:49<00:39,  1.63it/s]Block (6,8,5) root_id=864691136573242786
Block (3,4,6) ok, attempt=1, duration=3.81s

Blocks:  96%|█████████▋| 1665/1728 [09:49<00:33,  1.88it/s]Block (2,5,3) ok, attempt=1, duration=5.37s
Block (11,7,6) root_id=864691136573242786
Block (7,2,5) ok, attempt=1, duration=3.58s
Block (1,7,5) root_id=864691136573242786
Block (0,11,8) root_id=864691136573242786
Block (9,10,2) ok, attempt=1, duration=4.46s

Blocks:  97%|█████████▋| 1668/1728 [09:50<00:22,  2.69it/s]Block (7,10,9) ok, attempt=1, duration=4.50s
Block (5,5,4) root_id=864691136573242786
Block (10,9,9) root_id=864691136573242786
Block (6,8,5) ok, attempt=1, duration=3.07s
Block (4,1,3) root_id=864691136573242786

Blocks:  97%|█████████▋| 1670/1728 [09:52<00:37,  1.56it/s]Block (11,7,6) ok, attempt=1, duration=3.12s

Blocks:  97%|█████████▋| 1671/1728 [09:52<00:30,  1.85it/s]Block (9,5,8) root_id=864691136573242786
Block (4,9,2) ok, attempt=1, duration=4.88s

Blocks:  97%|█████████▋| 1672/1728 [09:53<00:28,  1.95it/s]Block (1,8,6) root_id=864691136573242786
Block (10,9,9) ok, attempt=1, duration=3.60s
Block (1,7,5) ok, attempt=1, duration=4.27s
Block (6,4,7) root_id=864691136573242786
Block (8,4,0) root_id=864691136573242786
Block (2,9,9) ok, attempt=1, duration=5.32s
Block (0,4,5) root_id=864691136573242786

Blocks:  97%|█████████▋| 1673/1728 [09:53<00:31,  1.76it/s]Block (5,5,4) ok, attempt=1, duration=3.68s
Block (3,11,4) root_id=864691136573242786
Block (0,11,8) ok, attempt=1, duration=5.39s

Blocks:  97%|█████████▋| 1677/1728 [09:55<00:20,  2.45it/s]Block (1,11,11) root_id=864691136573242786
Block (4,1,3) ok, attempt=1, duration=3.68s
Block (0,7,10) root_id=864691136573242786

Blocks:  97%|█████████▋| 1678/1728 [09:56<00:25,  1.95it/s]Block (1,11,11) ok, attempt=1, duration=2.46s
Block (6,4,7) ok, attempt=1, duration=3.65s

Blocks:  97%|█████████▋| 1679/1728 [09:57<00:34,  1.44it/s]Block (10,10,10) root_id=864691136573242786
Block (9,5,8) ok, attempt=1, duration=4.81s
Block (10,2,6) root_id=864691136573242786
Block (9,6,9) root_id=864691136573242786
Block (1,8,6) ok, attempt=1, duration=4.48s
Block (7,9,3) root_id=864691136573242786
Block (3,11,4) ok, attempt=1, duration=3.89s

Blocks:  97%|█████████▋| 1683/1728 [09:57<00:16,  2.74it/s]Block (2,1,9) root_id=864691136573242786
Block (8,4,0) ok, attempt=1, duration=3.99s
Block (5,9,10) root_id=864691136573242786
Block (0,4,5) ok, attempt=1, duration=4.04s
Block (8,5,1) root_id=864691136573242786

Blocks:  98%|█████████▊| 1685/1728 [09:58<00:12,  3.52it/s]Block (0,7,10) ok, attempt=1, duration=2.23s
Block (4,5,9) root_id=864691136573242786

Blocks:  98%|█████████▊| 1686/1728 [09:58<00:12,  3.33it/s]Block (7,9,3) ok, attempt=1, duration=2.25s
Block (3,4,1) root_id=864691136573242786

Blocks:  98%|█████████▊| 1687/1728 [09:59<00:22,  1.85it/s]Block (9,6,9) ok, attempt=1, duration=2.56s

Blocks:  98%|█████████▊| 1688/1728 [10:00<00:18,  2.12it/s]Block (6,11,6) root_id=864691136573242786
Block (10,10,10) ok, attempt=1, duration=2.71s

Blocks:  98%|█████████▊| 1689/1728 [10:00<00:15,  2.55it/s]Block (7,2,0) root_id=864691136573242786
Block (4,5,9) ok, attempt=1, duration=2.10s

Blocks:  98%|█████████▊| 1690/1728 [10:00<00:12,  2.96it/s]Block (6,8,0) root_id=864691136573242786
Block (10,2,6) ok, attempt=1, duration=2.92s
Block (7,1,4) root_id=864691136573242786
Block (8,5,1) ok, attempt=1, duration=2.63s

Blocks:  98%|█████████▊| 1692/1728 [10:00<00:08,  4.38it/s]Block (11,7,1) root_id=864691136573242786
Block (5,9,10) ok, attempt=1, duration=2.85s

Blocks:  98%|█████████▊| 1693/1728 [10:00<00:07,  4.83it/s]Block (5,1,11) root_id=864691136573242786
Block (2,1,9) ok, attempt=1, duration=3.05s

Blocks:  98%|█████████▊| 1694/1728 [10:00<00:06,  5.20it/s]Block (2,8,8) root_id=864691136573242786
Block (3,4,1) ok, attempt=1, duration=2.30s

Blocks:  98%|█████████▊| 1695/1728 [10:02<00:16,  2.04it/s]Block (1,7,0) root_id=864691136573242786
Block (7,2,0) ok, attempt=1, duration=2.57s
Block (8,8,11) root_id=864691136573242786

Blocks:  98%|█████████▊| 1696/1728 [10:02<00:17,  1.88it/s]Block (6,11,6) ok, attempt=1, duration=2.72s
Block (0,11,3) root_id=864691136573242786
Block (6,8,0) ok, attempt=1, duration=2.55s

Blocks:  98%|█████████▊| 1698/1728 [10:03<00:09,  3.05it/s]Block (8,0,7) root_id=864691136573242786
Block (2,8,8) ok, attempt=1, duration=2.28s

Blocks:  98%|█████████▊| 1699/1728 [10:03<00:08,  3.45it/s]Block (3,7,11) root_id=864691136573242786
Block (7,1,4) ok, attempt=1, duration=2.73s
Block (10,9,4) root_id=864691136573242786
Block (11,7,1) ok, attempt=1, duration=2.73s
Block (5,1,11) ok, attempt=1, duration=2.60s

Blocks:  98%|█████████▊| 1701/1728 [10:03<00:05,  4.77it/s]Block (9,5,3) root_id=864691136573242786
Block (1,8,1) root_id=864691136573242786
Block (1,7,0) ok, attempt=1, duration=1.51s

Blocks:  99%|█████████▊| 1703/1728 [10:03<00:05,  4.93it/s]Block (7,5,10) root_id=864691136573242786
Block (8,8,11) ok, attempt=1, duration=2.41s

Blocks:  99%|█████████▊| 1704/1728 [10:05<00:11,  2.08it/s]Block (6,4,2) root_id=864691136573242786
Block (0,11,3) ok, attempt=1, duration=2.50s

Blocks:  99%|█████████▊| 1705/1728 [10:05<00:09,  2.53it/s]Block (8,1,8) root_id=864691136573242786
Block (8,0,7) ok, attempt=1, duration=2.64s

Blocks:  99%|█████████▊| 1706/1728 [10:05<00:07,  2.76it/s]Block (0,4,0) root_id=864691136573242786
Block (9,5,3) ok, attempt=1, duration=2.37s
Block (2,4,10) root_id=864691136573242786
Block (3,7,11) ok, attempt=1, duration=2.58s

Blocks:  99%|█████████▉| 1708/1728 [10:05<00:04,  4.26it/s]Block (1,11,6) root_id=864691136573242786
Block (1,8,1) ok, attempt=1, duration=2.47s
Block (3,0,8) root_id=864691136573242786
Block (10,9,4) ok, attempt=1, duration=2.66s

Blocks:  99%|█████████▉| 1710/1728 [10:05<00:03,  5.66it/s]Block (0,7,5) root_id=864691136573242786
Block (7,5,10) ok, attempt=1, duration=2.27s
Block (11,2,7) root_id=864691136573242786
Block (6,4,2) ok, attempt=1, duration=2.07s

Blocks:  99%|█████████▉| 1712/1728 [10:07<00:05,  2.73it/s]Block (10,10,5) root_id=864691136573242786
Block (8,1,8) ok, attempt=1, duration=2.79s

Blocks:  99%|█████████▉| 1713/1728 [10:08<00:06,  2.18it/s]Block (10,2,1) root_id=864691136573242786
Block (0,4,0) ok, attempt=1, duration=2.67s

Blocks:  99%|█████████▉| 1714/1728 [10:08<00:05,  2.59it/s]Block (9,6,4) root_id=864691136573242786
Block (0,7,5) ok, attempt=1, duration=2.52s

Blocks:  99%|█████████▉| 1715/1728 [10:08<00:04,  3.06it/s]Block (5,9,5) root_id=864691136573242786
Block (3,0,8) ok, attempt=1, duration=2.64s
Block (4,5,4) root_id=864691136573242786
Block (2,4,10) ok, attempt=1, duration=2.79s
Block (9,9,9) root_id=864691136573242786
Block (1,11,6) ok, attempt=1, duration=2.85s

Blocks:  99%|█████████▉| 1718/1728 [10:08<00:01,  5.38it/s]Block (11,3,8) root_id=864691136573242786
Block (11,2,7) ok, attempt=1, duration=2.73s
Block (6,11,1) root_id=864691136573242786
Block (10,10,5) ok, attempt=1, duration=1.79s

Blocks: 100%|█████████▉| 1720/1728 [10:09<00:01,  4.60it/s]Block (0,2,11) root_id=864691136573242786
Block (9,6,4) ok, attempt=1, duration=2.44s

Blocks: 100%|█████████▉| 1721/1728 [10:10<00:03,  2.10it/s]Block (10,2,1) ok, attempt=1, duration=2.82s

Blocks: 100%|█████████▉| 1722/1728 [10:11<00:02,  2.33it/s]Block (9,9,9) ok, attempt=1, duration=2.56s
Block (11,3,8) ok, attempt=1, duration=2.53s

Blocks: 100%|█████████▉| 1724/1728 [10:11<00:01,  3.45it/s]Block (5,9,5) ok, attempt=1, duration=2.75s
Block (4,5,4) ok, attempt=1, duration=2.77s

Blocks: 100%|█████████▉| 1726/1728 [10:11<00:00,  4.73it/s]Block (6,11,1) ok, attempt=1, duration=2.57s
Block (0,2,11) ok, attempt=1, duration=2.21s

Blocks: 100%|██████████| 1728/1728 [10:11<00:00,  6.35it/s]
Blocks: 100%|██████████| 1728/1728 [10:11<00:00,  2.83it/s]
End root_id=864691136573242786, blocks_failed=0

Batch fetching meshes for: [864691135349070551, 864691135841929187, 864691136595483810, 864691135081667063, 864691135927347156, 864691135815506767, 864691135946059812, 864691135473092146, 864691135865103580, 864691136911632625, 864691136926438986, 864691135567741420, 864691135133482656, 864691135995191722, 864691135947170596, 864691135755638226, 864691136116447908, 864691135807347229, 864691135058889115, 864691136238373436, 864691136539123618, 864691134989182074, 864691135494379664, 864691136583041186]

Downloading Meshes:   0%|          | 0/24 [00:00<?, ?it/s]
Downloading Meshes:   4%|▍         | 1/24 [00:08<03:17,  8.59s/it]
Downloading Meshes:   8%|▊         | 2/24 [01:20<16:52, 46.01s/it]
Downloading Meshes:  12%|█▎        | 3/24 [03:17<27:21, 78.18s/it]
Downloading Meshes:  17%|█▋        | 4/24 [04:00<21:26, 64.32s/it]
Downloading Meshes:  21%|██        | 5/24 [04:52<18:58, 59.90s/it]
Downloading Meshes:  25%|██▌       | 6/24 [05:36<16:23, 54.64s/it]
Downloading Meshes:  29%|██▉       | 7/24 [06:14<13:55, 49.18s/it]
Downloading Meshes:  33%|███▎      | 8/24 [06:59<12:46, 47.88s/it]
Downloading Meshes:  38%|███▊      | 9/24 [07:35<11:01, 44.10s/it]
Downloading Meshes:  42%|████▏     | 10/24 [08:18<10:10, 43.62s/it]
Downloading Meshes:  46%|████▌     | 11/24 [08:40<08:02, 37.13s/it]
Downloading Meshes:  50%|█████     | 12/24 [09:19<07:31, 37.62s/it]
Downloading Meshes:  54%|█████▍    | 13/24 [09:41<06:03, 33.06s/it]
Downloading Meshes:  58%|█████▊    | 14/24 [10:10<05:18, 31.81s/it]
Downloading Meshes:  62%|██████▎   | 15/24 [10:22<03:52, 25.87s/it]
Downloading Meshes:  67%|██████▋   | 16/24 [10:48<03:25, 25.72s/it]
Downloading Meshes:  71%|███████   | 17/24 [11:15<03:02, 26.05s/it]
Downloading Meshes:  75%|███████▌  | 18/24 [11:54<02:59, 29.98s/it]
Downloading Meshes:  79%|███████▉  | 19/24 [12:59<03:22, 40.53s/it]
Downloading Meshes:  83%|████████▎ | 20/24 [13:27<02:27, 36.84s/it]
Downloading Meshes:  88%|████████▊ | 21/24 [13:49<01:36, 32.24s/it]
Downloading Meshes:  92%|█████████▏| 22/24 [14:29<01:09, 34.82s/it]
Downloading Meshes:  96%|█████████▌| 23/24 [14:44<00:28, 28.86s/it]
Downloading Meshes: 100%|██████████| 24/24 [15:18<00:00, 30.31s/it]
Downloading Meshes: 100%|██████████| 24/24 [15:18<00:00, 38.27s/it]
/cis/home/rwang183/my_documents/BDD/SpineDetect-shengwen-branch/SpineDetect/tpm_simulator/microns_env/lib/python3.12/site-packages/meshmash/utils.py:36: PyVistaDeprecationWarning: Parameter 'use_all_points' is deprecated since VTK < 9.2 is no longer supported. This parameter has no effect and is always `True`.
  edge_data = poly.extract_all_edges(use_all_points=True, clear_data=True)
/cis/home/rwang183/my_documents/BDD/SpineDetect-shengwen-branch/SpineDetect/tpm_simulator/microns_env/lib/python3.12/site-packages/meshmash/utils.py:36: PyVistaDeprecationWarning: Parameter 'use_all_points' is deprecated since VTK < 9.2 is no longer supported. This parameter has no effect and is always `True`.
  edge_data = poly.extract_all_edges(use_all_points=True, clear_data=True)
/cis/home/rwang183/my_documents/BDD/SpineDetect-shengwen-branch/SpineDetect/tpm_simulator/microns_env/lib/python3.12/site-packages/meshmash/utils.py:36: PyVistaDeprecationWarning: Parameter 'use_all_points' is deprecated since VTK < 9.2 is no longer supported. This parameter has no effect and is always `True`.
  edge_data = poly.extract_all_edges(use_all_points=True, clear_data=True)
Warning: deduplication not currently supported for this layer's variable layered draco meshes
Warning: deduplication not currently supported for this layer's variable layered draco meshes
Warning: deduplication not currently supported for this layer's variable layered draco meshes
Warning: deduplication not currently supported for this layer's variable layered draco meshes
Warning: deduplication not currently supported for this layer's variable layered draco meshes
Warning: deduplication not currently supported for this layer's variable layered draco meshes
Warning: deduplication not currently supported for this layer's variable layered draco meshes
Warning: deduplication not currently supported for this layer's variable layered draco meshes
Warning: deduplication not currently supported for this layer's variable layered draco meshes
Warning: deduplication not currently supported for this layer's variable layered draco meshes
Warning: deduplication not currently supported for this layer's variable layered draco meshes
Warning: deduplication not currently supported for this layer's variable layered draco meshes
Warning: deduplication not currently supported for this layer's variable layered draco meshes
Warning: deduplication not currently supported for this layer's variable layered draco meshes
Warning: deduplication not currently supported for this layer's variable layered draco meshes
Warning: deduplication not currently supported for this layer's variable layered draco meshes
Warning: deduplication not currently supported for this layer's variable layered draco meshes
Warning: deduplication not currently supported for this layer's variable layered draco meshes
Warning: deduplication not currently supported for this layer's variable layered draco meshes
Warning: deduplication not currently supported for this layer's variable layered draco meshes
Warning: deduplication not currently supported for this layer's variable layered draco meshes
Warning: deduplication not currently supported for this layer's variable layered draco meshes
Warning: deduplication not currently supported for this layer's variable layered draco meshes
Warning: deduplication not currently supported for this layer's variable layered draco meshes

Processing downloaded mesh for 864691135494379664...
  Healing standard mesh...
  Successfully loaded locked & clean mesh: 543827 vertices

Processing downloaded mesh for 864691135058889115...
  Healing standard mesh...
  Successfully loaded locked & clean mesh: 4002263 vertices

Processing downloaded mesh for 864691135807347229...
  Healing standard mesh...
  Successfully loaded locked & clean mesh: 7299088 vertices

Processing downloaded mesh for 864691135133482656...
  Healing standard mesh...
  Successfully loaded locked & clean mesh: 2447226 vertices

Processing downloaded mesh for 864691136595483810...
  Healing standard mesh...
  Successfully loaded locked & clean mesh: 3136651 vertices

Processing downloaded mesh for 864691136539123618...
  Healing standard mesh...
  Successfully loaded locked & clean mesh: 2852651 vertices

Processing downloaded mesh for 864691135946059812...
  Healing standard mesh...
  Successfully loaded locked & clean mesh: 2124710 vertices

Processing downloaded mesh for 864691135947170596...
  Healing standard mesh...
  Successfully loaded locked & clean mesh: 2651631 vertices

Processing downloaded mesh for 864691136116447908...
  Healing standard mesh...
  Successfully loaded locked & clean mesh: 1821365 vertices

Processing downloaded mesh for 864691136583041186...
  Healing standard mesh...
  Successfully loaded locked & clean mesh: 2878012 vertices

Processing downloaded mesh for 864691135995191722...
  Healing standard mesh...
  Successfully loaded locked & clean mesh: 1210123 vertices

Processing downloaded mesh for 864691135473092146...
  Healing standard mesh...
  Successfully loaded locked & clean mesh: 2146311 vertices

Processing downloaded mesh for 864691136238373436...
  Healing standard mesh...
  Successfully loaded locked & clean mesh: 1137614 vertices

Processing downloaded mesh for 864691136926438986...
  Healing standard mesh...
  Successfully loaded locked & clean mesh: 1816051 vertices

Processing downloaded mesh for 864691135815506767...
  Healing standard mesh...
  Successfully loaded locked & clean mesh: 521061 vertices

Processing downloaded mesh for 864691135755638226...
  Healing standard mesh...
  Successfully loaded locked & clean mesh: 1388258 vertices

Processing downloaded mesh for 864691135927347156...
  Healing standard mesh...
  Successfully loaded locked & clean mesh: 1583093 vertices

Processing downloaded mesh for 864691135349070551...
  Healing standard mesh...
  Successfully loaded locked & clean mesh: 2450180 vertices

Processing downloaded mesh for 864691135865103580...
  Healing standard mesh...
  Successfully loaded locked & clean mesh: 3825033 vertices

Processing downloaded mesh for 864691135841929187...
  Healing standard mesh...
  Successfully loaded locked & clean mesh: 1660509 vertices

Processing downloaded mesh for 864691135567741420...
  Healing standard mesh...
  Successfully loaded locked & clean mesh: 1226492 vertices

Processing downloaded mesh for 864691136911632625...
  Healing standard mesh...
  Successfully loaded locked & clean mesh: 2597024 vertices

Processing downloaded mesh for 864691135081667063...
  Healing standard mesh...
  Successfully loaded locked & clean mesh: 1092115 vertices

Processing downloaded mesh for 864691134989182074...
  Healing standard mesh...
  Successfully loaded locked & clean mesh: 1942295 vertices

Processing root_id: 864691135349070551
  Loaded mesh with 2450180 vertices and 4918843 faces.
Subdividing mesh...
Meshes in queue: 3
Meshes in queue: 4
Finding overlapping submeshes...
Computing HKS across submeshes...

Applying function compute_hks:   0%|          | 0/60 [00:00<?, ?it/s]
Applying function compute_hks:   2%|▏         | 1/60 [00:10<10:06, 10.29s/it]
Applying function compute_hks:   5%|▌         | 3/60 [00:15<04:27,  4.70s/it]
Applying function compute_hks:   7%|▋         | 4/60 [00:16<02:56,  3.16s/it]
Applying function compute_hks:   8%|▊         | 5/60 [00:17<02:20,  2.55s/it]
Applying function compute_hks:  10%|█         | 6/60 [00:19<02:09,  2.40s/it]
Applying function compute_hks:  12%|█▏        | 7/60 [00:20<01:39,  1.87s/it]
Applying function compute_hks:  13%|█▎        | 8/60 [00:20<01:08,  1.32s/it]
Applying function compute_hks:  15%|█▌        | 9/60 [00:20<00:56,  1.10s/it]
Applying function compute_hks:  17%|█▋        | 10/60 [00:21<00:49,  1.00it/s]
Applying function compute_hks:  18%|█▊        | 11/60 [00:23<00:58,  1.20s/it]
Applying function compute_hks:  20%|██        | 12/60 [00:24<00:52,  1.09s/it]
Applying function compute_hks:  22%|██▏       | 13/60 [00:26<01:04,  1.37s/it]
Applying function compute_hks:  23%|██▎       | 14/60 [00:26<00:53,  1.16s/it]
Applying function compute_hks:  25%|██▌       | 15/60 [00:26<00:39,  1.14it/s]
Applying function compute_hks:  27%|██▋       | 16/60 [00:27<00:30,  1.46it/s]
Applying function compute_hks:  28%|██▊       | 17/60 [00:27<00:27,  1.54it/s]
Applying function compute_hks:  30%|███       | 18/60 [00:28<00:21,  1.93it/s]
Applying function compute_hks:  32%|███▏      | 19/60 [00:28<00:16,  2.47it/s]
Applying function compute_hks:  33%|███▎      | 20/60 [00:28<00:13,  3.04it/s]
Applying function compute_hks:  35%|███▌      | 21/60 [00:28<00:14,  2.65it/s]
Applying function compute_hks:  37%|███▋      | 22/60 [00:29<00:18,  2.08it/s]
Applying function compute_hks:  38%|███▊      | 23/60 [00:30<00:24,  1.54it/s]
Applying function compute_hks:  42%|████▏     | 25/60 [00:30<00:14,  2.40it/s]
Applying function compute_hks:  43%|████▎     | 26/60 [00:31<00:17,  1.97it/s]
Applying function compute_hks:  45%|████▌     | 27/60 [00:31<00:15,  2.19it/s]
Applying function compute_hks:  47%|████▋     | 28/60 [00:33<00:21,  1.46it/s]
Applying function compute_hks:  48%|████▊     | 29/60 [00:33<00:17,  1.78it/s]
Applying function compute_hks:  50%|█████     | 30/60 [00:33<00:14,  2.12it/s]
Applying function compute_hks:  53%|█████▎    | 32/60 [00:33<00:07,  3.52it/s]
Applying function compute_hks:  55%|█████▌    | 33/60 [00:34<00:12,  2.24it/s]
Applying function compute_hks:  58%|█████▊    | 35/60 [00:35<00:11,  2.10it/s]
Applying function compute_hks:  60%|██████    | 36/60 [00:36<00:11,  2.08it/s]
Applying function compute_hks:  62%|██████▏   | 37/60 [00:38<00:19,  1.21it/s]
Applying function compute_hks:  63%|██████▎   | 38/60 [00:38<00:16,  1.35it/s]
Applying function compute_hks:  67%|██████▋   | 40/60 [00:39<00:10,  1.89it/s]
Applying function compute_hks:  70%|███████   | 42/60 [00:40<00:09,  1.98it/s]
Applying function compute_hks:  72%|███████▏  | 43/60 [00:40<00:07,  2.35it/s]
Applying function compute_hks:  73%|███████▎  | 44/60 [00:41<00:11,  1.42it/s]
Applying function compute_hks:  75%|███████▌  | 45/60 [00:43<00:15,  1.02s/it]
Applying function compute_hks:  77%|███████▋  | 46/60 [00:45<00:15,  1.11s/it]
Applying function compute_hks:  78%|███████▊  | 47/60 [00:48<00:20,  1.58s/it]
Applying function compute_hks:  80%|████████  | 48/60 [00:48<00:15,  1.28s/it]
Applying function compute_hks:  82%|████████▏ | 49/60 [00:48<00:10,  1.05it/s]
Applying function compute_hks:  83%|████████▎ | 50/60 [00:52<00:18,  1.83s/it]
Applying function compute_hks:  85%|████████▌ | 51/60 [00:53<00:12,  1.41s/it]
Applying function compute_hks:  87%|████████▋ | 52/60 [00:53<00:10,  1.26s/it]
Applying function compute_hks:  88%|████████▊ | 53/60 [00:54<00:07,  1.06s/it]
Applying function compute_hks:  92%|█████████▏| 55/60 [00:54<00:03,  1.50it/s]
Applying function compute_hks:  93%|█████████▎| 56/60 [00:55<00:02,  1.72it/s]
Applying function compute_hks:  95%|█████████▌| 57/60 [00:55<00:01,  1.70it/s]
Applying function compute_hks:  97%|█████████▋| 58/60 [00:56<00:01,  1.37it/s]
Applying function compute_hks:  98%|█████████▊| 59/60 [00:57<00:00,  1.61it/s]
Applying function compute_hks: 100%|██████████| 60/60 [00:58<00:00,  1.24it/s]
Applying function compute_hks: 100%|██████████| 60/60 [00:58<00:00,  1.02it/s]

Applying function agglomerate_mesh:   0%|          | 0/60 [00:00<?, ?it/s]/cis/home/rwang183/my_documents/BDD/SpineDetect-shengwen-branch/SpineDetect/tpm_simulator/microns_env/lib/python3.12/site-packages/meshmash/utils.py:36: PyVistaDeprecationWarning: Parameter 'use_all_points' is deprecated since VTK < 9.2 is no longer supported. This parameter has no effect and is always `True`.
  edge_data = poly.extract_all_edges(use_all_points=True, clear_data=True)
/cis/home/rwang183/my_documents/BDD/SpineDetect-shengwen-branch/SpineDetect/tpm_simulator/microns_env/lib/python3.12/site-packages/meshmash/utils.py:36: PyVistaDeprecationWarning: Parameter 'use_all_points' is deprecated since VTK < 9.2 is no longer supported. This parameter has no effect and is always `True`.
  edge_data = poly.extract_all_edges(use_all_points=True, clear_data=True)
/cis/home/rwang183/my_documents/BDD/SpineDetect-shengwen-branch/SpineDetect/tpm_simulator/microns_env/lib/python3.12/site-packages/meshmash/utils.py:36: PyVistaDeprecationWarning: Parameter 'use_all_points' is deprecated since VTK < 9.2 is no longer supported. This parameter has no effect and is always `True`.
  edge_data = poly.extract_all_edges(use_all_points=True, clear_data=True)
/cis/home/rwang183/my_documents/BDD/SpineDetect-shengwen-branch/SpineDetect/tpm_simulator/microns_env/lib/python3.12/site-packages/meshmash/utils.py:36: PyVistaDeprecationWarning: Parameter 'use_all_points' is deprecated since VTK < 9.2 is no longer supported. This parameter has no effect and is always `True`.
  edge_data = poly.extract_all_edges(use_all_points=True, clear_data=True)
/cis/home/rwang183/my_documents/BDD/SpineDetect-shengwen-branch/SpineDetect/tpm_simulator/microns_env/lib/python3.12/site-packages/meshmash/utils.py:36: PyVistaDeprecationWarning: Parameter 'use_all_points' is deprecated since VTK < 9.2 is no longer supported. This parameter has no effect and is always `True`.
  edge_data = poly.extract_all_edges(use_all_points=True, clear_data=True)
/cis/home/rwang183/my_documents/BDD/SpineDetect-shengwen-branch/SpineDetect/tpm_simulator/microns_env/lib/python3.12/site-packages/meshmash/utils.py:36: PyVistaDeprecationWarning: Parameter 'use_all_points' is deprecated since VTK < 9.2 is no longer supported. This parameter has no effect and is always `True`.
  edge_data = poly.extract_all_edges(use_all_points=True, clear_data=True)
/cis/home/rwang183/my_documents/BDD/SpineDetect-shengwen-branch/SpineDetect/tpm_simulator/microns_env/lib/python3.12/site-packages/meshmash/utils.py:36: PyVistaDeprecationWarning: Parameter 'use_all_points' is deprecated since VTK < 9.2 is no longer supported. This parameter has no effect and is always `True`.
  edge_data = poly.extract_all_edges(use_all_points=True, clear_data=True)
/cis/home/rwang183/my_documents/BDD/SpineDetect-shengwen-branch/SpineDetect/tpm_simulator/microns_env/lib/python3.12/site-packages/meshmash/utils.py:36: PyVistaDeprecationWarning: Parameter 'use_all_points' is deprecated since VTK < 9.2 is no longer supported. This parameter has no effect and is always `True`.
  edge_data = poly.extract_all_edges(use_all_points=True, clear_data=True)
/cis/home/rwang183/my_documents/BDD/SpineDetect-shengwen-branch/SpineDetect/tpm_simulator/microns_env/lib/python3.12/site-packages/meshmash/utils.py:36: PyVistaDeprecationWarning: Parameter 'use_all_points' is deprecated since VTK < 9.2 is no longer supported. This parameter has no effect and is always `True`.
  edge_data = poly.extract_all_edges(use_all_points=True, clear_data=True)
/cis/home/rwang183/my_documents/BDD/SpineDetect-shengwen-branch/SpineDetect/tpm_simulator/microns_env/lib/python3.12/site-packages/meshmash/utils.py:36: PyVistaDeprecationWarning: Parameter 'use_all_points' is deprecated since VTK < 9.2 is no longer supported. This parameter has no effect and is always `True`.
  edge_data = poly.extract_all_edges(use_all_points=True, clear_data=True)
/cis/home/rwang183/my_documents/BDD/SpineDetect-shengwen-branch/SpineDetect/tpm_simulator/microns_env/lib/python3.12/site-packages/meshmash/utils.py:36: PyVistaDeprecationWarning: Parameter 'use_all_points' is deprecated since VTK < 9.2 is no longer supported. This parameter has no effect and is always `True`.
  edge_data = poly.extract_all_edges(use_all_points=True, clear_data=True)
/cis/home/rwang183/my_documents/BDD/SpineDetect-shengwen-branch/SpineDetect/tpm_simulator/microns_env/lib/python3.12/site-packages/meshmash/utils.py:36: PyVistaDeprecationWarning: Parameter 'use_all_points' is deprecated since VTK < 9.2 is no longer supported. This parameter has no effect and is always `True`.
  edge_data = poly.extract_all_edges(use_all_points=True, clear_data=True)
/cis/home/rwang183/my_documents/BDD/SpineDetect-shengwen-branch/SpineDetect/tpm_simulator/microns_env/lib/python3.12/site-packages/meshmash/utils.py:36: PyVistaDeprecationWarning: Parameter 'use_all_points' is deprecated since VTK < 9.2 is no longer supported. This parameter has no effect and is always `True`.
  edge_data = poly.extract_all_edges(use_all_points=True, clear_data=True)
/cis/home/rwang183/my_documents/BDD/SpineDetect-shengwen-branch/SpineDetect/tpm_simulator/microns_env/lib/python3.12/site-packages/meshmash/utils.py:36: PyVistaDeprecationWarning: Parameter 'use_all_points' is deprecated since VTK < 9.2 is no longer supported. This parameter has no effect and is always `True`.
  edge_data = poly.extract_all_edges(use_all_points=True, clear_data=True)
/cis/home/rwang183/my_documents/BDD/SpineDetect-shengwen-branch/SpineDetect/tpm_simulator/microns_env/lib/python3.12/site-packages/meshmash/utils.py:36: PyVistaDeprecationWarning: Parameter 'use_all_points' is deprecated since VTK < 9.2 is no longer supported. This parameter has no effect and is always `True`.
  edge_data = poly.extract_all_edges(use_all_points=True, clear_data=True)
/cis/home/rwang183/my_documents/BDD/SpineDetect-shengwen-branch/SpineDetect/tpm_simulator/microns_env/lib/python3.12/site-packages/meshmash/utils.py:36: PyVistaDeprecationWarning: Parameter 'use_all_points' is deprecated since VTK < 9.2 is no longer supported. This parameter has no effect and is always `True`.
  edge_data = poly.extract_all_edges(use_all_points=True, clear_data=True)
/cis/home/rwang183/my_documents/BDD/SpineDetect-shengwen-branch/SpineDetect/tpm_simulator/microns_env/lib/python3.12/site-packages/meshmash/utils.py:36: PyVistaDeprecationWarning: Parameter 'use_all_points' is deprecated since VTK < 9.2 is no longer supported. This parameter has no effect and is always `True`.
  edge_data = poly.extract_all_edges(use_all_points=True, clear_data=True)
/cis/home/rwang183/my_documents/BDD/SpineDetect-shengwen-branch/SpineDetect/tpm_simulator/microns_env/lib/python3.12/site-packages/meshmash/utils.py:36: PyVistaDeprecationWarning: Parameter 'use_all_points' is deprecated since VTK < 9.2 is no longer supported. This parameter has no effect and is always `True`.
  edge_data = poly.extract_all_edges(use_all_points=True, clear_data=True)
/cis/home/rwang183/my_documents/BDD/SpineDetect-shengwen-branch/SpineDetect/tpm_simulator/microns_env/lib/python3.12/site-packages/meshmash/utils.py:36: PyVistaDeprecationWarning: Parameter 'use_all_points' is deprecated since VTK < 9.2 is no longer supported. This parameter has no effect and is always `True`.
  edge_data = poly.extract_all_edges(use_all_points=True, clear_data=True)
/cis/home/rwang183/my_documents/BDD/SpineDetect-shengwen-branch/SpineDetect/tpm_simulator/microns_env/lib/python3.12/site-packages/meshmash/utils.py:36: PyVistaDeprecationWarning: Parameter 'use_all_points' is deprecated since VTK < 9.2 is no longer supported. This parameter has no effect and is always `True`.
  edge_data = poly.extract_all_edges(use_all_points=True, clear_data=True)
/cis/home/rwang183/my_documents/BDD/SpineDetect-shengwen-branch/SpineDetect/tpm_simulator/microns_env/lib/python3.12/site-packages/meshmash/utils.py:36: PyVistaDeprecationWarning: Parameter 'use_all_points' is deprecated since VTK < 9.2 is no longer supported. This parameter has no effect and is always `True`.
  edge_data = poly.extract_all_edges(use_all_points=True, clear_data=True)
/cis/home/rwang183/my_documents/BDD/SpineDetect-shengwen-branch/SpineDetect/tpm_simulator/microns_env/lib/python3.12/site-packages/meshmash/utils.py:36: PyVistaDeprecationWarning: Parameter 'use_all_points' is deprecated since VTK < 9.2 is no longer supported. This parameter has no effect and is always `True`.
  edge_data = poly.extract_all_edges(use_all_points=True, clear_data=True)
/cis/home/rwang183/my_documents/BDD/SpineDetect-shengwen-branch/SpineDetect/tpm_simulator/microns_env/lib/python3.12/site-packages/meshmash/utils.py:36: PyVistaDeprecationWarning: Parameter 'use_all_points' is deprecated since VTK < 9.2 is no longer supported. This parameter has no effect and is always `True`.
  edge_data = poly.extract_all_edges(use_all_points=True, clear_data=True)
/cis/home/rwang183/my_documents/BDD/SpineDetect-shengwen-branch/SpineDetect/tpm_simulator/microns_env/lib/python3.12/site-packages/meshmash/utils.py:36: PyVistaDeprecationWarning: Parameter 'use_all_points' is deprecated since VTK < 9.2 is no longer supported. This parameter has no effect and is always `True`.
  edge_data = poly.extract_all_edges(use_all_points=True, clear_data=True)
/cis/home/rwang183/my_documents/BDD/SpineDetect-shengwen-branch/SpineDetect/tpm_simulator/microns_env/lib/python3.12/site-packages/meshmash/utils.py:36: PyVistaDeprecationWarning: Parameter 'use_all_points' is deprecated since VTK < 9.2 is no longer supported. This parameter has no effect and is always `True`.
  edge_data = poly.extract_all_edges(use_all_points=True, clear_data=True)
/cis/home/rwang183/my_documents/BDD/SpineDetect-shengwen-branch/SpineDetect/tpm_simulator/microns_env/lib/python3.12/site-packages/meshmash/utils.py:36: PyVistaDeprecationWarning: Parameter 'use_all_points' is deprecated since VTK < 9.2 is no longer supported. This parameter has no effect and is always `True`.
  edge_data = poly.extract_all_edges(use_all_points=True, clear_data=True)
/cis/home/rwang183/my_documents/BDD/SpineDetect-shengwen-branch/SpineDetect/tpm_simulator/microns_env/lib/python3.12/site-packages/meshmash/utils.py:36: PyVistaDeprecationWarning: Parameter 'use_all_points' is deprecated since VTK < 9.2 is no longer supported. This parameter has no effect and is always `True`.
  edge_data = poly.extract_all_edges(use_all_points=True, clear_data=True)
/cis/home/rwang183/my_documents/BDD/SpineDetect-shengwen-branch/SpineDetect/tpm_simulator/microns_env/lib/python3.12/site-packages/meshmash/utils.py:36: PyVistaDeprecationWarning: Parameter 'use_all_points' is deprecated since VTK < 9.2 is no longer supported. This parameter has no effect and is always `True`.
  edge_data = poly.extract_all_edges(use_all_points=True, clear_data=True)
/cis/home/rwang183/my_documents/BDD/SpineDetect-shengwen-branch/SpineDetect/tpm_simulator/microns_env/lib/python3.12/site-packages/meshmash/utils.py:36: PyVistaDeprecationWarning: Parameter 'use_all_points' is deprecated since VTK < 9.2 is no longer supported. This parameter has no effect and is always `True`.
  edge_data = poly.extract_all_edges(use_all_points=True, clear_data=True)
/cis/home/rwang183/my_documents/BDD/SpineDetect-shengwen-branch/SpineDetect/tpm_simulator/microns_env/lib/python3.12/site-packages/meshmash/utils.py:36: PyVistaDeprecationWarning: Parameter 'use_all_points' is deprecated since VTK < 9.2 is no longer supported. This parameter has no effect and is always `True`.
  edge_data = poly.extract_all_edges(use_all_points=True, clear_data=True)
/cis/home/rwang183/my_documents/BDD/SpineDetect-shengwen-branch/SpineDetect/tpm_simulator/microns_env/lib/python3.12/site-packages/meshmash/utils.py:36: PyVistaDeprecationWarning: Parameter 'use_all_points' is deprecated since VTK < 9.2 is no longer supported. This parameter has no effect and is always `True`.
  edge_data = poly.extract_all_edges(use_all_points=True, clear_data=True)
/cis/home/rwang183/my_documents/BDD/SpineDetect-shengwen-branch/SpineDetect/tpm_simulator/microns_env/lib/python3.12/site-packages/meshmash/utils.py:36: PyVistaDeprecationWarning: Parameter 'use_all_points' is deprecated since VTK < 9.2 is no longer supported. This parameter has no effect and is always `True`.
  edge_data = poly.extract_all_edges(use_all_points=True, clear_data=True)
/cis/home/rwang183/my_documents/BDD/SpineDetect-shengwen-branch/SpineDetect/tpm_simulator/microns_env/lib/python3.12/site-packages/meshmash/utils.py:36: PyVistaDeprecationWarning: Parameter 'use_all_points' is deprecated since VTK < 9.2 is no longer supported. This parameter has no effect and is always `True`.
  edge_data = poly.extract_all_edges(use_all_points=True, clear_data=True)
/cis/home/rwang183/my_documents/BDD/SpineDetect-shengwen-branch/SpineDetect/tpm_simulator/microns_env/lib/python3.12/site-packages/meshmash/utils.py:36: PyVistaDeprecationWarning: Parameter 'use_all_points' is deprecated since VTK < 9.2 is no longer supported. This parameter has no effect and is always `True`.
  edge_data = poly.extract_all_edges(use_all_points=True, clear_data=True)
/cis/home/rwang183/my_documents/BDD/SpineDetect-shengwen-branch/SpineDetect/tpm_simulator/microns_env/lib/python3.12/site-packages/meshmash/utils.py:36: PyVistaDeprecationWarning: Parameter 'use_all_points' is deprecated since VTK < 9.2 is no longer supported. This parameter has no effect and is always `True`.
  edge_data = poly.extract_all_edges(use_all_points=True, clear_data=True)

Applying function agglomerate_mesh:   2%|▏         | 1/60 [00:00<00:47,  1.25it/s]/cis/home/rwang183/my_documents/BDD/SpineDetect-shengwen-branch/SpineDetect/tpm_simulator/microns_env/lib/python3.12/site-packages/meshmash/utils.py:36: PyVistaDeprecationWarning: Parameter 'use_all_points' is deprecated since VTK < 9.2 is no longer supported. This parameter has no effect and is always `True`.
  edge_data = poly.extract_all_edges(use_all_points=True, clear_data=True)
/cis/home/rwang183/my_documents/BDD/SpineDetect-shengwen-branch/SpineDetect/tpm_simulator/microns_env/lib/python3.12/site-packages/meshmash/utils.py:36: PyVistaDeprecationWarning: Parameter 'use_all_points' is deprecated since VTK < 9.2 is no longer supported. This parameter has no effect and is always `True`.
  edge_data = poly.extract_all_edges(use_all_points=True, clear_data=True)
/cis/home/rwang183/my_documents/BDD/SpineDetect-shengwen-branch/SpineDetect/tpm_simulator/microns_env/lib/python3.12/site-packages/meshmash/utils.py:36: PyVistaDeprecationWarning: Parameter 'use_all_points' is deprecated since VTK < 9.2 is no longer supported. This parameter has no effect and is always `True`.
  edge_data = poly.extract_all_edges(use_all_points=True, clear_data=True)
/cis/home/rwang183/my_documents/BDD/SpineDetect-shengwen-branch/SpineDetect/tpm_simulator/microns_env/lib/python3.12/site-packages/meshmash/utils.py:36: PyVistaDeprecationWarning: Parameter 'use_all_points' is deprecated since VTK < 9.2 is no longer supported. This parameter has no effect and is always `True`.
  edge_data = poly.extract_all_edges(use_all_points=True, clear_data=True)
/cis/home/rwang183/my_documents/BDD/SpineDetect-shengwen-branch/SpineDetect/tpm_simulator/microns_env/lib/python3.12/site-packages/meshmash/utils.py:36: PyVistaDeprecationWarning: Parameter 'use_all_points' is deprecated since VTK < 9.2 is no longer supported. This parameter has no effect and is always `True`.
  edge_data = poly.extract_all_edges(use_all_points=True, clear_data=True)

Applying function agglomerate_mesh:   5%|▌         | 3/60 [00:01<00:29,  1.95it/s]
Applying function agglomerate_mesh:   7%|▋         | 4/60 [00:01<00:21,  2.62it/s]
Applying function agglomerate_mesh:  10%|█         | 6/60 [00:01<00:12,  4.49it/s]
Applying function agglomerate_mesh:  17%|█▋        | 10/60 [00:02<00:06,  7.66it/s]
Applying function agglomerate_mesh:  20%|██        | 12/60 [00:02<00:05,  8.11it/s]
Applying function agglomerate_mesh:  27%|██▋       | 16/60 [00:02<00:03, 12.20it/s]
Applying function agglomerate_mesh:  32%|███▏      | 19/60 [00:02<00:03, 13.00it/s]
Applying function agglomerate_mesh:  35%|███▌      | 21/60 [00:02<00:02, 14.06it/s]
Applying function agglomerate_mesh:  40%|████      | 24/60 [00:02<00:02, 16.34it/s]
Applying function agglomerate_mesh:  45%|████▌     | 27/60 [00:03<00:02, 15.98it/s]
Applying function agglomerate_mesh:  48%|████▊     | 29/60 [00:03<00:02, 13.30it/s]/cis/home/rwang183/my_documents/BDD/SpineDetect-shengwen-branch/SpineDetect/tpm_simulator/microns_env/lib/python3.12/site-packages/meshmash/utils.py:36: PyVistaDeprecationWarning: Parameter 'use_all_points' is deprecated since VTK < 9.2 is no longer supported. This parameter has no effect and is always `True`.
  edge_data = poly.extract_all_edges(use_all_points=True, clear_data=True)
/cis/home/rwang183/my_documents/BDD/SpineDetect-shengwen-branch/SpineDetect/tpm_simulator/microns_env/lib/python3.12/site-packages/meshmash/utils.py:36: PyVistaDeprecationWarning: Parameter 'use_all_points' is deprecated since VTK < 9.2 is no longer supported. This parameter has no effect and is always `True`.
  edge_data = poly.extract_all_edges(use_all_points=True, clear_data=True)
/cis/home/rwang183/my_documents/BDD/SpineDetect-shengwen-branch/SpineDetect/tpm_simulator/microns_env/lib/python3.12/site-packages/meshmash/utils.py:36: PyVistaDeprecationWarning: Parameter 'use_all_points' is deprecated since VTK < 9.2 is no longer supported. This parameter has no effect and is always `True`.
  edge_data = poly.extract_all_edges(use_all_points=True, clear_data=True)
/cis/home/rwang183/my_documents/BDD/SpineDetect-shengwen-branch/SpineDetect/tpm_simulator/microns_env/lib/python3.12/site-packages/meshmash/utils.py:36: PyVistaDeprecationWarning: Parameter 'use_all_points' is deprecated since VTK < 9.2 is no longer supported. This parameter has no effect and is always `True`.
  edge_data = poly.extract_all_edges(use_all_points=True, clear_data=True)
/cis/home/rwang183/my_documents/BDD/SpineDetect-shengwen-branch/SpineDetect/tpm_simulator/microns_env/lib/python3.12/site-packages/meshmash/utils.py:36: PyVistaDeprecationWarning: Parameter 'use_all_points' is deprecated since VTK < 9.2 is no longer supported. This parameter has no effect and is always `True`.
  edge_data = poly.extract_all_edges(use_all_points=True, clear_data=True)
/cis/home/rwang183/my_documents/BDD/SpineDetect-shengwen-branch/SpineDetect/tpm_simulator/microns_env/lib/python3.12/site-packages/meshmash/utils.py:36: PyVistaDeprecationWarning: Parameter 'use_all_points' is deprecated since VTK < 9.2 is no longer supported. This parameter has no effect and is always `True`.
  edge_data = poly.extract_all_edges(use_all_points=True, clear_data=True)
/cis/home/rwang183/my_documents/BDD/SpineDetect-shengwen-branch/SpineDetect/tpm_simulator/microns_env/lib/python3.12/site-packages/meshmash/utils.py:36: PyVistaDeprecationWarning: Parameter 'use_all_points' is deprecated since VTK < 9.2 is no longer supported. This parameter has no effect and is always `True`.
  edge_data = poly.extract_all_edges(use_all_points=True, clear_data=True)
/cis/home/rwang183/my_documents/BDD/SpineDetect-shengwen-branch/SpineDetect/tpm_simulator/microns_env/lib/python3.12/site-packages/meshmash/utils.py:36: PyVistaDeprecationWarning: Parameter 'use_all_points' is deprecated since VTK < 9.2 is no longer supported. This parameter has no effect and is always `True`.
  edge_data = poly.extract_all_edges(use_all_points=True, clear_data=True)
/cis/home/rwang183/my_documents/BDD/SpineDetect-shengwen-branch/SpineDetect/tpm_simulator/microns_env/lib/python3.12/site-packages/meshmash/utils.py:36: PyVistaDeprecationWarning: Parameter 'use_all_points' is deprecated since VTK < 9.2 is no longer supported. This parameter has no effect and is always `True`.
  edge_data = poly.extract_all_edges(use_all_points=True, clear_data=True)
/cis/home/rwang183/my_documents/BDD/SpineDetect-shengwen-branch/SpineDetect/tpm_simulator/microns_env/lib/python3.12/site-packages/meshmash/utils.py:36: PyVistaDeprecationWarning: Parameter 'use_all_points' is deprecated since VTK < 9.2 is no longer supported. This parameter has no effect and is always `True`.
  edge_data = poly.extract_all_edges(use_all_points=True, clear_data=True)
/cis/home/rwang183/my_documents/BDD/SpineDetect-shengwen-branch/SpineDetect/tpm_simulator/microns_env/lib/python3.12/site-packages/meshmash/utils.py:36: PyVistaDeprecationWarning: Parameter 'use_all_points' is deprecated since VTK < 9.2 is no longer supported. This parameter has no effect and is always `True`.
  edge_data = poly.extract_all_edges(use_all_points=True, clear_data=True)
/cis/home/rwang183/my_documents/BDD/SpineDetect-shengwen-branch/SpineDetect/tpm_simulator/microns_env/lib/python3.12/site-packages/meshmash/utils.py:36: PyVistaDeprecationWarning: Parameter 'use_all_points' is deprecated since VTK < 9.2 is no longer supported. This parameter has no effect and is always `True`.
  edge_data = poly.extract_all_edges(use_all_points=True, clear_data=True)
/cis/home/rwang183/my_documents/BDD/SpineDetect-shengwen-branch/SpineDetect/tpm_simulator/microns_env/lib/python3.12/site-packages/meshmash/utils.py:36: PyVistaDeprecationWarning: Parameter 'use_all_points' is deprecated since VTK < 9.2 is no longer supported. This parameter has no effect and is always `True`.
  edge_data = poly.extract_all_edges(use_all_points=True, clear_data=True)
/cis/home/rwang183/my_documents/BDD/SpineDetect-shengwen-branch/SpineDetect/tpm_simulator/microns_env/lib/python3.12/site-packages/meshmash/utils.py:36: PyVistaDeprecationWarning: Parameter 'use_all_points' is deprecated since VTK < 9.2 is no longer supported. This parameter has no effect and is always `True`.
  edge_data = poly.extract_all_edges(use_all_points=True, clear_data=True)
/cis/home/rwang183/my_documents/BDD/SpineDetect-shengwen-branch/SpineDetect/tpm_simulator/microns_env/lib/python3.12/site-packages/meshmash/utils.py:36: PyVistaDeprecationWarning: Parameter 'use_all_points' is deprecated since VTK < 9.2 is no longer supported. This parameter has no effect and is always `True`.
  edge_data = poly.extract_all_edges(use_all_points=True, clear_data=True)

Applying function agglomerate_mesh:  57%|█████▋    | 34/60 [00:03<00:02, 10.67it/s]/cis/home/rwang183/my_documents/BDD/SpineDetect-shengwen-branch/SpineDetect/tpm_simulator/microns_env/lib/python3.12/site-packages/meshmash/utils.py:36: PyVistaDeprecationWarning: Parameter 'use_all_points' is deprecated since VTK < 9.2 is no longer supported. This parameter has no effect and is always `True`.
  edge_data = poly.extract_all_edges(use_all_points=True, clear_data=True)
/cis/home/rwang183/my_documents/BDD/SpineDetect-shengwen-branch/SpineDetect/tpm_simulator/microns_env/lib/python3.12/site-packages/meshmash/utils.py:36: PyVistaDeprecationWarning: Parameter 'use_all_points' is deprecated since VTK < 9.2 is no longer supported. This parameter has no effect and is always `True`.
  edge_data = poly.extract_all_edges(use_all_points=True, clear_data=True)
/cis/home/rwang183/my_documents/BDD/SpineDetect-shengwen-branch/SpineDetect/tpm_simulator/microns_env/lib/python3.12/site-packages/meshmash/utils.py:36: PyVistaDeprecationWarning: Parameter 'use_all_points' is deprecated since VTK < 9.2 is no longer supported. This parameter has no effect and is always `True`.
  edge_data = poly.extract_all_edges(use_all_points=True, clear_data=True)
/cis/home/rwang183/my_documents/BDD/SpineDetect-shengwen-branch/SpineDetect/tpm_simulator/microns_env/lib/python3.12/site-packages/meshmash/utils.py:36: PyVistaDeprecationWarning: Parameter 'use_all_points' is deprecated since VTK < 9.2 is no longer supported. This parameter has no effect and is always `True`.
  edge_data = poly.extract_all_edges(use_all_points=True, clear_data=True)
/cis/home/rwang183/my_documents/BDD/SpineDetect-shengwen-branch/SpineDetect/tpm_simulator/microns_env/lib/python3.12/site-packages/meshmash/utils.py:36: PyVistaDeprecationWarning: Parameter 'use_all_points' is deprecated since VTK < 9.2 is no longer supported. This parameter has no effect and is always `True`.
  edge_data = poly.extract_all_edges(use_all_points=True, clear_data=True)

Applying function agglomerate_mesh:  60%|██████    | 36/60 [00:04<00:02, 10.83it/s]
Applying function agglomerate_mesh:  63%|██████▎   | 38/60 [00:04<00:02,  9.07it/s]
Applying function agglomerate_mesh:  67%|██████▋   | 40/60 [00:04<00:02,  7.81it/s]
Applying function agglomerate_mesh:  68%|██████▊   | 41/60 [00:05<00:03,  6.11it/s]
Applying function agglomerate_mesh:  70%|███████   | 42/60 [00:05<00:03,  5.98it/s]
Applying function agglomerate_mesh:  75%|███████▌  | 45/60 [00:05<00:01,  9.07it/s]
Applying function agglomerate_mesh:  78%|███████▊  | 47/60 [00:05<00:01, 10.78it/s]
Applying function agglomerate_mesh:  82%|████████▏ | 49/60 [00:05<00:00, 12.17it/s]
Applying function agglomerate_mesh:  85%|████████▌ | 51/60 [00:05<00:00, 13.67it/s]
Applying function agglomerate_mesh:  88%|████████▊ | 53/60 [00:06<00:01,  6.94it/s]
Applying function agglomerate_mesh:  92%|█████████▏| 55/60 [00:06<00:00,  6.28it/s]
Applying function agglomerate_mesh:  95%|█████████▌| 57/60 [00:06<00:00,  6.99it/s]
Applying function agglomerate_mesh:  98%|█████████▊| 59/60 [00:07<00:00,  8.29it/s]
Applying function agglomerate_mesh: 100%|██████████| 60/60 [00:07<00:00,  8.23it/s]
/cis/home/rwang183/my_documents/BDD/SpineDetect-shengwen-branch/SpineDetect/tpm_simulator/microns_env/lib/python3.12/site-packages/meshmash/utils.py:26: PyVistaDeprecationWarning: Parameter 'use_all_points' is deprecated since VTK < 9.2 is no longer supported. This parameter has no effect and is always `True`.
  edge_data = poly.extract_all_edges(use_all_points=True, clear_data=True)
/cis/home/rwang183/my_documents/BDD/SpineDetect-shengwen-branch/SpineDetect/tpm_simulator/microns_env/lib/python3.12/site-packages/meshmash/utils.py:36: PyVistaDeprecationWarning: Parameter 'use_all_points' is deprecated since VTK < 9.2 is no longer supported. This parameter has no effect and is always `True`.
  edge_data = poly.extract_all_edges(use_all_points=True, clear_data=True)
/cis/home/rwang183/my_documents/BDD/SpineDetect-shengwen-branch/SpineDetect/tpm_simulator/microns_env/lib/python3.12/site-packages/meshmash/utils.py:36: PyVistaDeprecationWarning: Parameter 'use_all_points' is deprecated since VTK < 9.2 is no longer supported. This parameter has no effect and is always `True`.
  edge_data = poly.extract_all_edges(use_all_points=True, clear_data=True)
/cis/home/rwang183/my_documents/BDD/SpineDetect-shengwen-branch/SpineDetect/tpm_simulator/microns_env/lib/python3.12/site-packages/meshmash/utils.py:36: PyVistaDeprecationWarning: Parameter 'use_all_points' is deprecated since VTK < 9.2 is no longer supported. This parameter has no effect and is always `True`.
  edge_data = poly.extract_all_edges(use_all_points=True, clear_data=True)
/cis/home/rwang183/my_documents/BDD/SpineDetect-shengwen-branch/SpineDetect/tpm_simulator/microns_env/lib/python3.12/site-packages/meshmash/utils.py:36: PyVistaDeprecationWarning: Parameter 'use_all_points' is deprecated since VTK < 9.2 is no longer supported. This parameter has no effect and is always `True`.
  edge_data = poly.extract_all_edges(use_all_points=True, clear_data=True)
  Success! HKS computed for root_id 864691135349070551.

Processing root_id: 864691135841929187
  Loaded mesh with 1660509 vertices and 3318028 faces.
Subdividing mesh...
Meshes in queue: 1
Finding overlapping submeshes...
Computing HKS across submeshes...

Applying function compute_hks:   0%|          | 0/38 [00:00<?, ?it/s]
Applying function compute_hks:   3%|▎         | 1/38 [00:04<02:32,  4.13s/it]
Applying function compute_hks:   5%|▌         | 2/38 [00:04<01:15,  2.09s/it]
Applying function compute_hks:   8%|▊         | 3/38 [00:06<01:09,  1.99s/it]
Applying function compute_hks:  11%|█         | 4/38 [00:07<00:52,  1.54s/it]
Applying function compute_hks:  13%|█▎        | 5/38 [00:07<00:37,  1.13s/it]
Applying function compute_hks:  18%|█▊        | 7/38 [00:08<00:19,  1.63it/s]
Applying function compute_hks:  21%|██        | 8/38 [00:08<00:15,  1.90it/s]
Applying function compute_hks:  24%|██▎       | 9/38 [00:09<00:17,  1.69it/s]
Applying function compute_hks:  26%|██▋       | 10/38 [00:09<00:15,  1.79it/s]
Applying function compute_hks:  29%|██▉       | 11/38 [00:09<00:12,  2.21it/s]
Applying function compute_hks:  32%|███▏      | 12/38 [00:10<00:12,  2.08it/s]
Applying function compute_hks:  37%|███▋      | 14/38 [00:10<00:07,  3.12it/s]
Applying function compute_hks:  39%|███▉      | 15/38 [00:10<00:06,  3.42it/s]
Applying function compute_hks:  42%|████▏     | 16/38 [00:11<00:07,  2.96it/s]
Applying function compute_hks:  45%|████▍     | 17/38 [00:12<00:09,  2.11it/s]
Applying function compute_hks:  50%|█████     | 19/38 [00:13<00:09,  2.04it/s]
Applying function compute_hks:  53%|█████▎    | 20/38 [00:13<00:08,  2.12it/s]
Applying function compute_hks:  55%|█████▌    | 21/38 [00:14<00:10,  1.68it/s]
Applying function compute_hks:  61%|██████    | 23/38 [00:15<00:06,  2.20it/s]
Applying function compute_hks:  63%|██████▎   | 24/38 [00:15<00:07,  1.86it/s]
Applying function compute_hks:  66%|██████▌   | 25/38 [00:16<00:08,  1.48it/s]
Applying function compute_hks:  71%|███████   | 27/38 [00:17<00:04,  2.21it/s]
Applying function compute_hks:  74%|███████▎  | 28/38 [00:17<00:04,  2.04it/s]
Applying function compute_hks:  76%|███████▋  | 29/38 [00:18<00:04,  2.11it/s]
Applying function compute_hks:  79%|███████▉  | 30/38 [00:19<00:05,  1.36it/s]
Applying function compute_hks:  82%|████████▏ | 31/38 [00:22<00:08,  1.28s/it]
Applying function compute_hks:  87%|████████▋ | 33/38 [00:24<00:05,  1.12s/it]
Applying function compute_hks:  89%|████████▉ | 34/38 [00:33<00:11,  2.96s/it]
Applying function compute_hks:  92%|█████████▏| 35/38 [00:33<00:07,  2.39s/it]
Applying function compute_hks:  95%|█████████▍| 36/38 [00:35<00:04,  2.05s/it]
Applying function compute_hks:  97%|█████████▋| 37/38 [00:35<00:01,  1.52s/it]
Applying function compute_hks: 100%|██████████| 38/38 [00:35<00:00,  1.20s/it]
Applying function compute_hks: 100%|██████████| 38/38 [00:35<00:00,  1.07it/s]

Applying function agglomerate_mesh:   0%|          | 0/38 [00:00<?, ?it/s]/cis/home/rwang183/my_documents/BDD/SpineDetect-shengwen-branch/SpineDetect/tpm_simulator/microns_env/lib/python3.12/site-packages/meshmash/utils.py:36: PyVistaDeprecationWarning: Parameter 'use_all_points' is deprecated since VTK < 9.2 is no longer supported. This parameter has no effect and is always `True`.
  edge_data = poly.extract_all_edges(use_all_points=True, clear_data=True)
/cis/home/rwang183/my_documents/BDD/SpineDetect-shengwen-branch/SpineDetect/tpm_simulator/microns_env/lib/python3.12/site-packages/meshmash/utils.py:36: PyVistaDeprecationWarning: Parameter 'use_all_points' is deprecated since VTK < 9.2 is no longer supported. This parameter has no effect and is always `True`.
  edge_data = poly.extract_all_edges(use_all_points=True, clear_data=True)
/cis/home/rwang183/my_documents/BDD/SpineDetect-shengwen-branch/SpineDetect/tpm_simulator/microns_env/lib/python3.12/site-packages/meshmash/utils.py:36: PyVistaDeprecationWarning: Parameter 'use_all_points' is deprecated since VTK < 9.2 is no longer supported. This parameter has no effect and is always `True`.
  edge_data = poly.extract_all_edges(use_all_points=True, clear_data=True)
/cis/home/rwang183/my_documents/BDD/SpineDetect-shengwen-branch/SpineDetect/tpm_simulator/microns_env/lib/python3.12/site-packages/meshmash/utils.py:36: PyVistaDeprecationWarning: Parameter 'use_all_points' is deprecated since VTK < 9.2 is no longer supported. This parameter has no effect and is always `True`.
  edge_data = poly.extract_all_edges(use_all_points=True, clear_data=True)
/cis/home/rwang183/my_documents/BDD/SpineDetect-shengwen-branch/SpineDetect/tpm_simulator/microns_env/lib/python3.12/site-packages/meshmash/utils.py:36: PyVistaDeprecationWarning: Parameter 'use_all_points' is deprecated since VTK < 9.2 is no longer supported. This parameter has no effect and is always `True`.
  edge_data = poly.extract_all_edges(use_all_points=True, clear_data=True)
/cis/home/rwang183/my_documents/BDD/SpineDetect-shengwen-branch/SpineDetect/tpm_simulator/microns_env/lib/python3.12/site-packages/meshmash/utils.py:36: PyVistaDeprecationWarning: Parameter 'use_all_points' is deprecated since VTK < 9.2 is no longer supported. This parameter has no effect and is always `True`.
  edge_data = poly.extract_all_edges(use_all_points=True, clear_data=True)
/cis/home/rwang183/my_documents/BDD/SpineDetect-shengwen-branch/SpineDetect/tpm_simulator/microns_env/lib/python3.12/site-packages/meshmash/utils.py:36: PyVistaDeprecationWarning: Parameter 'use_all_points' is deprecated since VTK < 9.2 is no longer supported. This parameter has no effect and is always `True`.
  edge_data = poly.extract_all_edges(use_all_points=True, clear_data=True)
/cis/home/rwang183/my_documents/BDD/SpineDetect-shengwen-branch/SpineDetect/tpm_simulator/microns_env/lib/python3.12/site-packages/meshmash/utils.py:36: PyVistaDeprecationWarning: Parameter 'use_all_points' is deprecated since VTK < 9.2 is no longer supported. This parameter has no effect and is always `True`.
  edge_data = poly.extract_all_edges(use_all_points=True, clear_data=True)
/cis/home/rwang183/my_documents/BDD/SpineDetect-shengwen-branch/SpineDetect/tpm_simulator/microns_env/lib/python3.12/site-packages/meshmash/utils.py:36: PyVistaDeprecationWarning: Parameter 'use_all_points' is deprecated since VTK < 9.2 is no longer supported. This parameter has no effect and is always `True`.
  edge_data = poly.extract_all_edges(use_all_points=True, clear_data=True)
/cis/home/rwang183/my_documents/BDD/SpineDetect-shengwen-branch/SpineDetect/tpm_simulator/microns_env/lib/python3.12/site-packages/meshmash/utils.py:36: PyVistaDeprecationWarning: Parameter 'use_all_points' is deprecated since VTK < 9.2 is no longer supported. This parameter has no effect and is always `True`.
  edge_data = poly.extract_all_edges(use_all_points=True, clear_data=True)
/cis/home/rwang183/my_documents/BDD/SpineDetect-shengwen-branch/SpineDetect/tpm_simulator/microns_env/lib/python3.12/site-packages/meshmash/utils.py:36: PyVistaDeprecationWarning: Parameter 'use_all_points' is deprecated since VTK < 9.2 is no longer supported. This parameter has no effect and is always `True`.
  edge_data = poly.extract_all_edges(use_all_points=True, clear_data=True)
/cis/home/rwang183/my_documents/BDD/SpineDetect-shengwen-branch/SpineDetect/tpm_simulator/microns_env/lib/python3.12/site-packages/meshmash/utils.py:36: PyVistaDeprecationWarning: Parameter 'use_all_points' is deprecated since VTK < 9.2 is no longer supported. This parameter has no effect and is always `True`.
  edge_data = poly.extract_all_edges(use_all_points=True, clear_data=True)
/cis/home/rwang183/my_documents/BDD/SpineDetect-shengwen-branch/SpineDetect/tpm_simulator/microns_env/lib/python3.12/site-packages/meshmash/utils.py:36: PyVistaDeprecationWarning: Parameter 'use_all_points' is deprecated since VTK < 9.2 is no longer supported. This parameter has no effect and is always `True`.
  edge_data = poly.extract_all_edges(use_all_points=True, clear_data=True)
/cis/home/rwang183/my_documents/BDD/SpineDetect-shengwen-branch/SpineDetect/tpm_simulator/microns_env/lib/python3.12/site-packages/meshmash/utils.py:36: PyVistaDeprecationWarning: Parameter 'use_all_points' is deprecated since VTK < 9.2 is no longer supported. This parameter has no effect and is always `True`.
  edge_data = poly.extract_all_edges(use_all_points=True, clear_data=True)
/cis/home/rwang183/my_documents/BDD/SpineDetect-shengwen-branch/SpineDetect/tpm_simulator/microns_env/lib/python3.12/site-packages/meshmash/utils.py:36: PyVistaDeprecationWarning: Parameter 'use_all_points' is deprecated since VTK < 9.2 is no longer supported. This parameter has no effect and is always `True`.
  edge_data = poly.extract_all_edges(use_all_points=True, clear_data=True)
/cis/home/rwang183/my_documents/BDD/SpineDetect-shengwen-branch/SpineDetect/tpm_simulator/microns_env/lib/python3.12/site-packages/meshmash/utils.py:36: PyVistaDeprecationWarning: Parameter 'use_all_points' is deprecated since VTK < 9.2 is no longer supported. This parameter has no effect and is always `True`.
  edge_data = poly.extract_all_edges(use_all_points=True, clear_data=True)
/cis/home/rwang183/my_documents/BDD/SpineDetect-shengwen-branch/SpineDetect/tpm_simulator/microns_env/lib/python3.12/site-packages/meshmash/utils.py:36: PyVistaDeprecationWarning: Parameter 'use_all_points' is deprecated since VTK < 9.2 is no longer supported. This parameter has no effect and is always `True`.
  edge_data = poly.extract_all_edges(use_all_points=True, clear_data=True)
/cis/home/rwang183/my_documents/BDD/SpineDetect-shengwen-branch/SpineDetect/tpm_simulator/microns_env/lib/python3.12/site-packages/meshmash/utils.py:36: PyVistaDeprecationWarning: Parameter 'use_all_points' is deprecated since VTK < 9.2 is no longer supported. This parameter has no effect and is always `True`.
  edge_data = poly.extract_all_edges(use_all_points=True, clear_data=True)
/cis/home/rwang183/my_documents/BDD/SpineDetect-shengwen-branch/SpineDetect/tpm_simulator/microns_env/lib/python3.12/site-packages/meshmash/utils.py:36: PyVistaDeprecationWarning: Parameter 'use_all_points' is deprecated since VTK < 9.2 is no longer supported. This parameter has no effect and is always `True`.
  edge_data = poly.extract_all_edges(use_all_points=True, clear_data=True)
/cis/home/rwang183/my_documents/BDD/SpineDetect-shengwen-branch/SpineDetect/tpm_simulator/microns_env/lib/python3.12/site-packages/meshmash/utils.py:36: PyVistaDeprecationWarning: Parameter 'use_all_points' is deprecated since VTK < 9.2 is no longer supported. This parameter has no effect and is always `True`.
  edge_data = poly.extract_all_edges(use_all_points=True, clear_data=True)
/cis/home/rwang183/my_documents/BDD/SpineDetect-shengwen-branch/SpineDetect/tpm_simulator/microns_env/lib/python3.12/site-packages/meshmash/utils.py:36: PyVistaDeprecationWarning: Parameter 'use_all_points' is deprecated since VTK < 9.2 is no longer supported. This parameter has no effect and is always `True`.
  edge_data = poly.extract_all_edges(use_all_points=True, clear_data=True)
/cis/home/rwang183/my_documents/BDD/SpineDetect-shengwen-branch/SpineDetect/tpm_simulator/microns_env/lib/python3.12/site-packages/meshmash/utils.py:36: PyVistaDeprecationWarning: Parameter 'use_all_points' is deprecated since VTK < 9.2 is no longer supported. This parameter has no effect and is always `True`.
  edge_data = poly.extract_all_edges(use_all_points=True, clear_data=True)
/cis/home/rwang183/my_documents/BDD/SpineDetect-shengwen-branch/SpineDetect/tpm_simulator/microns_env/lib/python3.12/site-packages/meshmash/utils.py:36: PyVistaDeprecationWarning: Parameter 'use_all_points' is deprecated since VTK < 9.2 is no longer supported. This parameter has no effect and is always `True`.
  edge_data = poly.extract_all_edges(use_all_points=True, clear_data=True)
/cis/home/rwang183/my_documents/BDD/SpineDetect-shengwen-branch/SpineDetect/tpm_simulator/microns_env/lib/python3.12/site-packages/meshmash/utils.py:36: PyVistaDeprecationWarning: Parameter 'use_all_points' is deprecated since VTK < 9.2 is no longer supported. This parameter has no effect and is always `True`.
  edge_data = poly.extract_all_edges(use_all_points=True, clear_data=True)
/cis/home/rwang183/my_documents/BDD/SpineDetect-shengwen-branch/SpineDetect/tpm_simulator/microns_env/lib/python3.12/site-packages/meshmash/utils.py:36: PyVistaDeprecationWarning: Parameter 'use_all_points' is deprecated since VTK < 9.2 is no longer supported. This parameter has no effect and is always `True`.
  edge_data = poly.extract_all_edges(use_all_points=True, clear_data=True)
/cis/home/rwang183/my_documents/BDD/SpineDetect-shengwen-branch/SpineDetect/tpm_simulator/microns_env/lib/python3.12/site-packages/meshmash/utils.py:36: PyVistaDeprecationWarning: Parameter 'use_all_points' is deprecated since VTK < 9.2 is no longer supported. This parameter has no effect and is always `True`.
  edge_data = poly.extract_all_edges(use_all_points=True, clear_data=True)
/cis/home/rwang183/my_documents/BDD/SpineDetect-shengwen-branch/SpineDetect/tpm_simulator/microns_env/lib/python3.12/site-packages/meshmash/utils.py:36: PyVistaDeprecationWarning: Parameter 'use_all_points' is deprecated since VTK < 9.2 is no longer supported. This parameter has no effect and is always `True`.
  edge_data = poly.extract_all_edges(use_all_points=True, clear_data=True)
/cis/home/rwang183/my_documents/BDD/SpineDetect-shengwen-branch/SpineDetect/tpm_simulator/microns_env/lib/python3.12/site-packages/meshmash/utils.py:36: PyVistaDeprecationWarning: Parameter 'use_all_points' is deprecated since VTK < 9.2 is no longer supported. This parameter has no effect and is always `True`.
  edge_data = poly.extract_all_edges(use_all_points=True, clear_data=True)
/cis/home/rwang183/my_documents/BDD/SpineDetect-shengwen-branch/SpineDetect/tpm_simulator/microns_env/lib/python3.12/site-packages/meshmash/utils.py:36: PyVistaDeprecationWarning: Parameter 'use_all_points' is deprecated since VTK < 9.2 is no longer supported. This parameter has no effect and is always `True`.
  edge_data = poly.extract_all_edges(use_all_points=True, clear_data=True)
/cis/home/rwang183/my_documents/BDD/SpineDetect-shengwen-branch/SpineDetect/tpm_simulator/microns_env/lib/python3.12/site-packages/meshmash/utils.py:36: PyVistaDeprecationWarning: Parameter 'use_all_points' is deprecated since VTK < 9.2 is no longer supported. This parameter has no effect and is always `True`.
  edge_data = poly.extract_all_edges(use_all_points=True, clear_data=True)
/cis/home/rwang183/my_documents/BDD/SpineDetect-shengwen-branch/SpineDetect/tpm_simulator/microns_env/lib/python3.12/site-packages/meshmash/utils.py:36: PyVistaDeprecationWarning: Parameter 'use_all_points' is deprecated since VTK < 9.2 is no longer supported. This parameter has no effect and is always `True`.
  edge_data = poly.extract_all_edges(use_all_points=True, clear_data=True)
/cis/home/rwang183/my_documents/BDD/SpineDetect-shengwen-branch/SpineDetect/tpm_simulator/microns_env/lib/python3.12/site-packages/meshmash/utils.py:36: PyVistaDeprecationWarning: Parameter 'use_all_points' is deprecated since VTK < 9.2 is no longer supported. This parameter has no effect and is always `True`.
  edge_data = poly.extract_all_edges(use_all_points=True, clear_data=True)
/cis/home/rwang183/my_documents/BDD/SpineDetect-shengwen-branch/SpineDetect/tpm_simulator/microns_env/lib/python3.12/site-packages/meshmash/utils.py:36: PyVistaDeprecationWarning: Parameter 'use_all_points' is deprecated since VTK < 9.2 is no longer supported. This parameter has no effect and is always `True`.
  edge_data = poly.extract_all_edges(use_all_points=True, clear_data=True)
/cis/home/rwang183/my_documents/BDD/SpineDetect-shengwen-branch/SpineDetect/tpm_simulator/microns_env/lib/python3.12/site-packages/meshmash/utils.py:36: PyVistaDeprecationWarning: Parameter 'use_all_points' is deprecated since VTK < 9.2 is no longer supported. This parameter has no effect and is always `True`.
  edge_data = poly.extract_all_edges(use_all_points=True, clear_data=True)
/cis/home/rwang183/my_documents/BDD/SpineDetect-shengwen-branch/SpineDetect/tpm_simulator/microns_env/lib/python3.12/site-packages/meshmash/utils.py:36: PyVistaDeprecationWarning: Parameter 'use_all_points' is deprecated since VTK < 9.2 is no longer supported. This parameter has no effect and is always `True`.
  edge_data = poly.extract_all_edges(use_all_points=True, clear_data=True)
/cis/home/rwang183/my_documents/BDD/SpineDetect-shengwen-branch/SpineDetect/tpm_simulator/microns_env/lib/python3.12/site-packages/meshmash/utils.py:36: PyVistaDeprecationWarning: Parameter 'use_all_points' is deprecated since VTK < 9.2 is no longer supported. This parameter has no effect and is always `True`.
  edge_data = poly.extract_all_edges(use_all_points=True, clear_data=True)
/cis/home/rwang183/my_documents/BDD/SpineDetect-shengwen-branch/SpineDetect/tpm_simulator/microns_env/lib/python3.12/site-packages/meshmash/utils.py:36: PyVistaDeprecationWarning: Parameter 'use_all_points' is deprecated since VTK < 9.2 is no longer supported. This parameter has no effect and is always `True`.
  edge_data = poly.extract_all_edges(use_all_points=True, clear_data=True)
/cis/home/rwang183/my_documents/BDD/SpineDetect-shengwen-branch/SpineDetect/tpm_simulator/microns_env/lib/python3.12/site-packages/meshmash/utils.py:36: PyVistaDeprecationWarning: Parameter 'use_all_points' is deprecated since VTK < 9.2 is no longer supported. This parameter has no effect and is always `True`.
  edge_data = poly.extract_all_edges(use_all_points=True, clear_data=True)

Applying function agglomerate_mesh:   3%|▎         | 1/38 [00:00<00:36,  1.02it/s]
Applying function agglomerate_mesh:   8%|▊         | 3/38 [00:01<00:10,  3.38it/s]
Applying function agglomerate_mesh:  13%|█▎        | 5/38 [00:01<00:06,  5.47it/s]
Applying function agglomerate_mesh:  24%|██▎       | 9/38 [00:01<00:02, 10.87it/s]
Applying function agglomerate_mesh:  34%|███▍      | 13/38 [00:01<00:01, 16.01it/s]
Applying function agglomerate_mesh:  42%|████▏     | 16/38 [00:01<00:01, 16.53it/s]
Applying function agglomerate_mesh:  53%|█████▎    | 20/38 [00:01<00:00, 18.52it/s]
Applying function agglomerate_mesh:  66%|██████▌   | 25/38 [00:02<00:00, 20.82it/s]
Applying function agglomerate_mesh:  74%|███████▎  | 28/38 [00:02<00:00, 21.94it/s]
Applying function agglomerate_mesh:  84%|████████▍ | 32/38 [00:02<00:00, 15.89it/s]
Applying function agglomerate_mesh:  92%|█████████▏| 35/38 [00:02<00:00, 11.50it/s]
Applying function agglomerate_mesh: 100%|██████████| 38/38 [00:03<00:00,  9.45it/s]
Applying function agglomerate_mesh: 100%|██████████| 38/38 [00:03<00:00, 10.65it/s]
/cis/home/rwang183/my_documents/BDD/SpineDetect-shengwen-branch/SpineDetect/tpm_simulator/microns_env/lib/python3.12/site-packages/meshmash/utils.py:26: PyVistaDeprecationWarning: Parameter 'use_all_points' is deprecated since VTK < 9.2 is no longer supported. This parameter has no effect and is always `True`.
  edge_data = poly.extract_all_edges(use_all_points=True, clear_data=True)
/cis/home/rwang183/my_documents/BDD/SpineDetect-shengwen-branch/SpineDetect/tpm_simulator/microns_env/lib/python3.12/site-packages/meshmash/utils.py:36: PyVistaDeprecationWarning: Parameter 'use_all_points' is deprecated since VTK < 9.2 is no longer supported. This parameter has no effect and is always `True`.
  edge_data = poly.extract_all_edges(use_all_points=True, clear_data=True)
/cis/home/rwang183/my_documents/BDD/SpineDetect-shengwen-branch/SpineDetect/tpm_simulator/microns_env/lib/python3.12/site-packages/meshmash/utils.py:36: PyVistaDeprecationWarning: Parameter 'use_all_points' is deprecated since VTK < 9.2 is no longer supported. This parameter has no effect and is always `True`.
  edge_data = poly.extract_all_edges(use_all_points=True, clear_data=True)
/cis/home/rwang183/my_documents/BDD/SpineDetect-shengwen-branch/SpineDetect/tpm_simulator/microns_env/lib/python3.12/site-packages/meshmash/utils.py:36: PyVistaDeprecationWarning: Parameter 'use_all_points' is deprecated since VTK < 9.2 is no longer supported. This parameter has no effect and is always `True`.
  edge_data = poly.extract_all_edges(use_all_points=True, clear_data=True)
/cis/home/rwang183/my_documents/BDD/SpineDetect-shengwen-branch/SpineDetect/tpm_simulator/microns_env/lib/python3.12/site-packages/meshmash/utils.py:36: PyVistaDeprecationWarning: Parameter 'use_all_points' is deprecated since VTK < 9.2 is no longer supported. This parameter has no effect and is always `True`.
  edge_data = poly.extract_all_edges(use_all_points=True, clear_data=True)
  Success! HKS computed for root_id 864691135841929187.

Processing root_id: 864691136595483810
  Loaded mesh with 3136651 vertices and 6306940 faces.
Subdividing mesh...
Meshes in queue: 4
Meshes in queue: 7
Finding overlapping submeshes...
Computing HKS across submeshes...

Applying function compute_hks:   0%|          | 0/71 [00:00<?, ?it/s]
Applying function compute_hks:   1%|▏         | 1/71 [00:00<00:29,  2.37it/s]
Applying function compute_hks:   3%|▎         | 2/71 [00:05<03:41,  3.21s/it]
Applying function compute_hks:   4%|▍         | 3/71 [00:07<02:55,  2.58s/it]
Applying function compute_hks:   6%|▌         | 4/71 [00:07<01:59,  1.79s/it]
Applying function compute_hks:   8%|▊         | 6/71 [00:08<01:01,  1.05it/s]
Applying function compute_hks:  10%|▉         | 7/71 [00:09<00:55,  1.16it/s]
Applying function compute_hks:  13%|█▎        | 9/71 [00:09<00:33,  1.86it/s]
Applying function compute_hks:  15%|█▌        | 11/71 [00:09<00:27,  2.18it/s]
Applying function compute_hks:  17%|█▋        | 12/71 [00:10<00:24,  2.38it/s]
Applying function compute_hks:  18%|█▊        | 13/71 [00:10<00:22,  2.59it/s]
Applying function compute_hks:  20%|█▉        | 14/71 [00:11<00:27,  2.04it/s]
Applying function compute_hks:  21%|██        | 15/71 [00:11<00:29,  1.93it/s]
Applying function compute_hks:  23%|██▎       | 16/71 [00:13<00:37,  1.47it/s]
Applying function compute_hks:  24%|██▍       | 17/71 [00:13<00:28,  1.90it/s]
Applying function compute_hks:  25%|██▌       | 18/71 [00:13<00:25,  2.09it/s]
Applying function compute_hks:  28%|██▊       | 20/71 [00:13<00:15,  3.20it/s]
Applying function compute_hks:  30%|██▉       | 21/71 [00:13<00:14,  3.51it/s]
Applying function compute_hks:  32%|███▏      | 23/71 [00:14<00:11,  4.25it/s]
Applying function compute_hks:  34%|███▍      | 24/71 [00:14<00:11,  4.07it/s]
Applying function compute_hks:  35%|███▌      | 25/71 [00:14<00:10,  4.30it/s]
Applying function compute_hks:  37%|███▋      | 26/71 [00:15<00:12,  3.46it/s]
Applying function compute_hks:  38%|███▊      | 27/71 [00:16<00:21,  2.07it/s]
Applying function compute_hks:  41%|████      | 29/71 [00:17<00:23,  1.82it/s]
Applying function compute_hks:  45%|████▌     | 32/71 [00:17<00:12,  3.24it/s]
Applying function compute_hks:  46%|████▋     | 33/71 [00:17<00:11,  3.35it/s]
Applying function compute_hks:  48%|████▊     | 34/71 [00:18<00:14,  2.48it/s]
Applying function compute_hks:  49%|████▉     | 35/71 [00:18<00:13,  2.77it/s]
Applying function compute_hks:  51%|█████     | 36/71 [00:19<00:11,  2.99it/s]
Applying function compute_hks:  52%|█████▏    | 37/71 [00:19<00:11,  3.06it/s]
Applying function compute_hks:  54%|█████▎    | 38/71 [00:19<00:10,  3.08it/s]
Applying function compute_hks:  55%|█████▍    | 39/71 [00:20<00:16,  1.95it/s]
Applying function compute_hks:  58%|█████▊    | 41/71 [00:21<00:10,  2.83it/s]
Applying function compute_hks:  59%|█████▉    | 42/71 [00:21<00:10,  2.76it/s]
Applying function compute_hks:  61%|██████    | 43/71 [00:21<00:10,  2.78it/s]
Applying function compute_hks:  62%|██████▏   | 44/71 [00:22<00:09,  2.88it/s]
Applying function compute_hks:  65%|██████▍   | 46/71 [00:22<00:06,  3.82it/s]
Applying function compute_hks:  66%|██████▌   | 47/71 [00:22<00:07,  3.23it/s]
Applying function compute_hks:  69%|██████▉   | 49/71 [00:23<00:06,  3.49it/s]
Applying function compute_hks:  70%|███████   | 50/71 [00:24<00:09,  2.32it/s]
Applying function compute_hks:  72%|███████▏  | 51/71 [00:25<00:12,  1.58it/s]
Applying function compute_hks:  73%|███████▎  | 52/71 [00:25<00:09,  2.01it/s]
Applying function compute_hks:  75%|███████▍  | 53/71 [00:25<00:07,  2.44it/s]
Applying function compute_hks:  76%|███████▌  | 54/71 [00:26<00:05,  2.92it/s]
Applying function compute_hks:  77%|███████▋  | 55/71 [00:26<00:05,  2.67it/s]
Applying function compute_hks:  79%|███████▉  | 56/71 [00:27<00:09,  1.52it/s]
Applying function compute_hks:  80%|████████  | 57/71 [00:28<00:08,  1.63it/s]
Applying function compute_hks:  82%|████████▏ | 58/71 [00:29<00:09,  1.40it/s]
Applying function compute_hks:  83%|████████▎ | 59/71 [00:31<00:12,  1.03s/it]
Applying function compute_hks:  85%|████████▍ | 60/71 [00:31<00:08,  1.27it/s]
Applying function compute_hks:  86%|████████▌ | 61/71 [00:40<00:33,  3.38s/it]
Applying function compute_hks:  87%|████████▋ | 62/71 [00:41<00:23,  2.60s/it]
Applying function compute_hks:  90%|█████████ | 64/71 [00:41<00:10,  1.45s/it]
Applying function compute_hks:  92%|█████████▏| 65/71 [00:41<00:06,  1.13s/it]
Applying function compute_hks:  93%|█████████▎| 66/71 [00:42<00:04,  1.01it/s]
Applying function compute_hks:  94%|█████████▍| 67/71 [00:42<00:03,  1.33it/s]
Applying function compute_hks:  96%|█████████▌| 68/71 [00:43<00:02,  1.45it/s]
Applying function compute_hks:  97%|█████████▋| 69/71 [00:44<00:01,  1.35it/s]
Applying function compute_hks:  99%|█████████▊| 70/71 [00:44<00:00,  1.48it/s]
Applying function compute_hks: 100%|██████████| 71/71 [00:44<00:00,  1.67it/s]
Applying function compute_hks: 100%|██████████| 71/71 [00:45<00:00,  1.58it/s]

Applying function agglomerate_mesh:   0%|          | 0/71 [00:00<?, ?it/s]/cis/home/rwang183/my_documents/BDD/SpineDetect-shengwen-branch/SpineDetect/tpm_simulator/microns_env/lib/python3.12/site-packages/meshmash/utils.py:36: PyVistaDeprecationWarning: Parameter 'use_all_points' is deprecated since VTK < 9.2 is no longer supported. This parameter has no effect and is always `True`.
  edge_data = poly.extract_all_edges(use_all_points=True, clear_data=True)
/cis/home/rwang183/my_documents/BDD/SpineDetect-shengwen-branch/SpineDetect/tpm_simulator/microns_env/lib/python3.12/site-packages/meshmash/utils.py:36: PyVistaDeprecationWarning: Parameter 'use_all_points' is deprecated since VTK < 9.2 is no longer supported. This parameter has no effect and is always `True`.
  edge_data = poly.extract_all_edges(use_all_points=True, clear_data=True)
/cis/home/rwang183/my_documents/BDD/SpineDetect-shengwen-branch/SpineDetect/tpm_simulator/microns_env/lib/python3.12/site-packages/meshmash/utils.py:36: PyVistaDeprecationWarning: Parameter 'use_all_points' is deprecated since VTK < 9.2 is no longer supported. This parameter has no effect and is always `True`.
  edge_data = poly.extract_all_edges(use_all_points=True, clear_data=True)
/cis/home/rwang183/my_documents/BDD/SpineDetect-shengwen-branch/SpineDetect/tpm_simulator/microns_env/lib/python3.12/site-packages/meshmash/utils.py:36: PyVistaDeprecationWarning: Parameter 'use_all_points' is deprecated since VTK < 9.2 is no longer supported. This parameter has no effect and is always `True`.
  edge_data = poly.extract_all_edges(use_all_points=True, clear_data=True)
/cis/home/rwang183/my_documents/BDD/SpineDetect-shengwen-branch/SpineDetect/tpm_simulator/microns_env/lib/python3.12/site-packages/meshmash/utils.py:36: PyVistaDeprecationWarning: Parameter 'use_all_points' is deprecated since VTK < 9.2 is no longer supported. This parameter has no effect and is always `True`.
  edge_data = poly.extract_all_edges(use_all_points=True, clear_data=True)
/cis/home/rwang183/my_documents/BDD/SpineDetect-shengwen-branch/SpineDetect/tpm_simulator/microns_env/lib/python3.12/site-packages/meshmash/utils.py:36: PyVistaDeprecationWarning: Parameter 'use_all_points' is deprecated since VTK < 9.2 is no longer supported. This parameter has no effect and is always `True`.
  edge_data = poly.extract_all_edges(use_all_points=True, clear_data=True)
/cis/home/rwang183/my_documents/BDD/SpineDetect-shengwen-branch/SpineDetect/tpm_simulator/microns_env/lib/python3.12/site-packages/meshmash/utils.py:36: PyVistaDeprecationWarning: Parameter 'use_all_points' is deprecated since VTK < 9.2 is no longer supported. This parameter has no effect and is always `True`.
  edge_data = poly.extract_all_edges(use_all_points=True, clear_data=True)
/cis/home/rwang183/my_documents/BDD/SpineDetect-shengwen-branch/SpineDetect/tpm_simulator/microns_env/lib/python3.12/site-packages/meshmash/utils.py:36: PyVistaDeprecationWarning: Parameter 'use_all_points' is deprecated since VTK < 9.2 is no longer supported. This parameter has no effect and is always `True`.
  edge_data = poly.extract_all_edges(use_all_points=True, clear_data=True)
/cis/home/rwang183/my_documents/BDD/SpineDetect-shengwen-branch/SpineDetect/tpm_simulator/microns_env/lib/python3.12/site-packages/meshmash/utils.py:36: PyVistaDeprecationWarning: Parameter 'use_all_points' is deprecated since VTK < 9.2 is no longer supported. This parameter has no effect and is always `True`.
  edge_data = poly.extract_all_edges(use_all_points=True, clear_data=True)
/cis/home/rwang183/my_documents/BDD/SpineDetect-shengwen-branch/SpineDetect/tpm_simulator/microns_env/lib/python3.12/site-packages/meshmash/utils.py:36: PyVistaDeprecationWarning: Parameter 'use_all_points' is deprecated since VTK < 9.2 is no longer supported. This parameter has no effect and is always `True`.
  edge_data = poly.extract_all_edges(use_all_points=True, clear_data=True)
/cis/home/rwang183/my_documents/BDD/SpineDetect-shengwen-branch/SpineDetect/tpm_simulator/microns_env/lib/python3.12/site-packages/meshmash/utils.py:36: PyVistaDeprecationWarning: Parameter 'use_all_points' is deprecated since VTK < 9.2 is no longer supported. This parameter has no effect and is always `True`.
  edge_data = poly.extract_all_edges(use_all_points=True, clear_data=True)
/cis/home/rwang183/my_documents/BDD/SpineDetect-shengwen-branch/SpineDetect/tpm_simulator/microns_env/lib/python3.12/site-packages/meshmash/utils.py:36: PyVistaDeprecationWarning: Parameter 'use_all_points' is deprecated since VTK < 9.2 is no longer supported. This parameter has no effect and is always `True`.
  edge_data = poly.extract_all_edges(use_all_points=True, clear_data=True)
/cis/home/rwang183/my_documents/BDD/SpineDetect-shengwen-branch/SpineDetect/tpm_simulator/microns_env/lib/python3.12/site-packages/meshmash/utils.py:36: PyVistaDeprecationWarning: Parameter 'use_all_points' is deprecated since VTK < 9.2 is no longer supported. This parameter has no effect and is always `True`.
  edge_data = poly.extract_all_edges(use_all_points=True, clear_data=True)
/cis/home/rwang183/my_documents/BDD/SpineDetect-shengwen-branch/SpineDetect/tpm_simulator/microns_env/lib/python3.12/site-packages/meshmash/utils.py:36: PyVistaDeprecationWarning: Parameter 'use_all_points' is deprecated since VTK < 9.2 is no longer supported. This parameter has no effect and is always `True`.
  edge_data = poly.extract_all_edges(use_all_points=True, clear_data=True)
/cis/home/rwang183/my_documents/BDD/SpineDetect-shengwen-branch/SpineDetect/tpm_simulator/microns_env/lib/python3.12/site-packages/meshmash/utils.py:36: PyVistaDeprecationWarning: Parameter 'use_all_points' is deprecated since VTK < 9.2 is no longer supported. This parameter has no effect and is always `True`.
  edge_data = poly.extract_all_edges(use_all_points=True, clear_data=True)
/cis/home/rwang183/my_documents/BDD/SpineDetect-shengwen-branch/SpineDetect/tpm_simulator/microns_env/lib/python3.12/site-packages/meshmash/utils.py:36: PyVistaDeprecationWarning: Parameter 'use_all_points' is deprecated since VTK < 9.2 is no longer supported. This parameter has no effect and is always `True`.
  edge_data = poly.extract_all_edges(use_all_points=True, clear_data=True)
/cis/home/rwang183/my_documents/BDD/SpineDetect-shengwen-branch/SpineDetect/tpm_simulator/microns_env/lib/python3.12/site-packages/meshmash/utils.py:36: PyVistaDeprecationWarning: Parameter 'use_all_points' is deprecated since VTK < 9.2 is no longer supported. This parameter has no effect and is always `True`.
  edge_data = poly.extract_all_edges(use_all_points=True, clear_data=True)
/cis/home/rwang183/my_documents/BDD/SpineDetect-shengwen-branch/SpineDetect/tpm_simulator/microns_env/lib/python3.12/site-packages/meshmash/utils.py:36: PyVistaDeprecationWarning: Parameter 'use_all_points' is deprecated since VTK < 9.2 is no longer supported. This parameter has no effect and is always `True`.
  edge_data = poly.extract_all_edges(use_all_points=True, clear_data=True)
/cis/home/rwang183/my_documents/BDD/SpineDetect-shengwen-branch/SpineDetect/tpm_simulator/microns_env/lib/python3.12/site-packages/meshmash/utils.py:36: PyVistaDeprecationWarning: Parameter 'use_all_points' is deprecated since VTK < 9.2 is no longer supported. This parameter has no effect and is always `True`.
  edge_data = poly.extract_all_edges(use_all_points=True, clear_data=True)
/cis/home/rwang183/my_documents/BDD/SpineDetect-shengwen-branch/SpineDetect/tpm_simulator/microns_env/lib/python3.12/site-packages/meshmash/utils.py:36: PyVistaDeprecationWarning: Parameter 'use_all_points' is deprecated since VTK < 9.2 is no longer supported. This parameter has no effect and is always `True`.
  edge_data = poly.extract_all_edges(use_all_points=True, clear_data=True)
/cis/home/rwang183/my_documents/BDD/SpineDetect-shengwen-branch/SpineDetect/tpm_simulator/microns_env/lib/python3.12/site-packages/meshmash/utils.py:36: PyVistaDeprecationWarning: Parameter 'use_all_points' is deprecated since VTK < 9.2 is no longer supported. This parameter has no effect and is always `True`.
  edge_data = poly.extract_all_edges(use_all_points=True, clear_data=True)
/cis/home/rwang183/my_documents/BDD/SpineDetect-shengwen-branch/SpineDetect/tpm_simulator/microns_env/lib/python3.12/site-packages/meshmash/utils.py:36: PyVistaDeprecationWarning: Parameter 'use_all_points' is deprecated since VTK < 9.2 is no longer supported. This parameter has no effect and is always `True`.
  edge_data = poly.extract_all_edges(use_all_points=True, clear_data=True)
/cis/home/rwang183/my_documents/BDD/SpineDetect-shengwen-branch/SpineDetect/tpm_simulator/microns_env/lib/python3.12/site-packages/meshmash/utils.py:36: PyVistaDeprecationWarning: Parameter 'use_all_points' is deprecated since VTK < 9.2 is no longer supported. This parameter has no effect and is always `True`.
  edge_data = poly.extract_all_edges(use_all_points=True, clear_data=True)
/cis/home/rwang183/my_documents/BDD/SpineDetect-shengwen-branch/SpineDetect/tpm_simulator/microns_env/lib/python3.12/site-packages/meshmash/utils.py:36: PyVistaDeprecationWarning: Parameter 'use_all_points' is deprecated since VTK < 9.2 is no longer supported. This parameter has no effect and is always `True`.
  edge_data = poly.extract_all_edges(use_all_points=True, clear_data=True)
/cis/home/rwang183/my_documents/BDD/SpineDetect-shengwen-branch/SpineDetect/tpm_simulator/microns_env/lib/python3.12/site-packages/meshmash/utils.py:36: PyVistaDeprecationWarning: Parameter 'use_all_points' is deprecated since VTK < 9.2 is no longer supported. This parameter has no effect and is always `True`.
  edge_data = poly.extract_all_edges(use_all_points=True, clear_data=True)
/cis/home/rwang183/my_documents/BDD/SpineDetect-shengwen-branch/SpineDetect/tpm_simulator/microns_env/lib/python3.12/site-packages/meshmash/utils.py:36: PyVistaDeprecationWarning: Parameter 'use_all_points' is deprecated since VTK < 9.2 is no longer supported. This parameter has no effect and is always `True`.
  edge_data = poly.extract_all_edges(use_all_points=True, clear_data=True)
/cis/home/rwang183/my_documents/BDD/SpineDetect-shengwen-branch/SpineDetect/tpm_simulator/microns_env/lib/python3.12/site-packages/meshmash/utils.py:36: PyVistaDeprecationWarning: Parameter 'use_all_points' is deprecated since VTK < 9.2 is no longer supported. This parameter has no effect and is always `True`.
  edge_data = poly.extract_all_edges(use_all_points=True, clear_data=True)
/cis/home/rwang183/my_documents/BDD/SpineDetect-shengwen-branch/SpineDetect/tpm_simulator/microns_env/lib/python3.12/site-packages/meshmash/utils.py:36: PyVistaDeprecationWarning: Parameter 'use_all_points' is deprecated since VTK < 9.2 is no longer supported. This parameter has no effect and is always `True`.
  edge_data = poly.extract_all_edges(use_all_points=True, clear_data=True)
/cis/home/rwang183/my_documents/BDD/SpineDetect-shengwen-branch/SpineDetect/tpm_simulator/microns_env/lib/python3.12/site-packages/meshmash/utils.py:36: PyVistaDeprecationWarning: Parameter 'use_all_points' is deprecated since VTK < 9.2 is no longer supported. This parameter has no effect and is always `True`.
  edge_data = poly.extract_all_edges(use_all_points=True, clear_data=True)
/cis/home/rwang183/my_documents/BDD/SpineDetect-shengwen-branch/SpineDetect/tpm_simulator/microns_env/lib/python3.12/site-packages/meshmash/utils.py:36: PyVistaDeprecationWarning: Parameter 'use_all_points' is deprecated since VTK < 9.2 is no longer supported. This parameter has no effect and is always `True`.
  edge_data = poly.extract_all_edges(use_all_points=True, clear_data=True)
/cis/home/rwang183/my_documents/BDD/SpineDetect-shengwen-branch/SpineDetect/tpm_simulator/microns_env/lib/python3.12/site-packages/meshmash/utils.py:36: PyVistaDeprecationWarning: Parameter 'use_all_points' is deprecated since VTK < 9.2 is no longer supported. This parameter has no effect and is always `True`.
  edge_data = poly.extract_all_edges(use_all_points=True, clear_data=True)
/cis/home/rwang183/my_documents/BDD/SpineDetect-shengwen-branch/SpineDetect/tpm_simulator/microns_env/lib/python3.12/site-packages/meshmash/utils.py:36: PyVistaDeprecationWarning: Parameter 'use_all_points' is deprecated since VTK < 9.2 is no longer supported. This parameter has no effect and is always `True`.
  edge_data = poly.extract_all_edges(use_all_points=True, clear_data=True)
/cis/home/rwang183/my_documents/BDD/SpineDetect-shengwen-branch/SpineDetect/tpm_simulator/microns_env/lib/python3.12/site-packages/meshmash/utils.py:36: PyVistaDeprecationWarning: Parameter 'use_all_points' is deprecated since VTK < 9.2 is no longer supported. This parameter has no effect and is always `True`.
  edge_data = poly.extract_all_edges(use_all_points=True, clear_data=True)
/cis/home/rwang183/my_documents/BDD/SpineDetect-shengwen-branch/SpineDetect/tpm_simulator/microns_env/lib/python3.12/site-packages/meshmash/utils.py:36: PyVistaDeprecationWarning: Parameter 'use_all_points' is deprecated since VTK < 9.2 is no longer supported. This parameter has no effect and is always `True`.
  edge_data = poly.extract_all_edges(use_all_points=True, clear_data=True)
/cis/home/rwang183/my_documents/BDD/SpineDetect-shengwen-branch/SpineDetect/tpm_simulator/microns_env/lib/python3.12/site-packages/meshmash/utils.py:36: PyVistaDeprecationWarning: Parameter 'use_all_points' is deprecated since VTK < 9.2 is no longer supported. This parameter has no effect and is always `True`.
  edge_data = poly.extract_all_edges(use_all_points=True, clear_data=True)
/cis/home/rwang183/my_documents/BDD/SpineDetect-shengwen-branch/SpineDetect/tpm_simulator/microns_env/lib/python3.12/site-packages/meshmash/utils.py:36: PyVistaDeprecationWarning: Parameter 'use_all_points' is deprecated since VTK < 9.2 is no longer supported. This parameter has no effect and is always `True`.
  edge_data = poly.extract_all_edges(use_all_points=True, clear_data=True)
/cis/home/rwang183/my_documents/BDD/SpineDetect-shengwen-branch/SpineDetect/tpm_simulator/microns_env/lib/python3.12/site-packages/meshmash/utils.py:36: PyVistaDeprecationWarning: Parameter 'use_all_points' is deprecated since VTK < 9.2 is no longer supported. This parameter has no effect and is always `True`.
  edge_data = poly.extract_all_edges(use_all_points=True, clear_data=True)
/cis/home/rwang183/my_documents/BDD/SpineDetect-shengwen-branch/SpineDetect/tpm_simulator/microns_env/lib/python3.12/site-packages/meshmash/utils.py:36: PyVistaDeprecationWarning: Parameter 'use_all_points' is deprecated since VTK < 9.2 is no longer supported. This parameter has no effect and is always `True`.
  edge_data = poly.extract_all_edges(use_all_points=True, clear_data=True)
/cis/home/rwang183/my_documents/BDD/SpineDetect-shengwen-branch/SpineDetect/tpm_simulator/microns_env/lib/python3.12/site-packages/meshmash/utils.py:36: PyVistaDeprecationWarning: Parameter 'use_all_points' is deprecated since VTK < 9.2 is no longer supported. This parameter has no effect and is always `True`.
  edge_data = poly.extract_all_edges(use_all_points=True, clear_data=True)
/cis/home/rwang183/my_documents/BDD/SpineDetect-shengwen-branch/SpineDetect/tpm_simulator/microns_env/lib/python3.12/site-packages/meshmash/utils.py:36: PyVistaDeprecationWarning: Parameter 'use_all_points' is deprecated since VTK < 9.2 is no longer supported. This parameter has no effect and is always `True`.
  edge_data = poly.extract_all_edges(use_all_points=True, clear_data=True)
/cis/home/rwang183/my_documents/BDD/SpineDetect-shengwen-branch/SpineDetect/tpm_simulator/microns_env/lib/python3.12/site-packages/meshmash/utils.py:36: PyVistaDeprecationWarning: Parameter 'use_all_points' is deprecated since VTK < 9.2 is no longer supported. This parameter has no effect and is always `True`.
  edge_data = poly.extract_all_edges(use_all_points=True, clear_data=True)
/cis/home/rwang183/my_documents/BDD/SpineDetect-shengwen-branch/SpineDetect/tpm_simulator/microns_env/lib/python3.12/site-packages/meshmash/utils.py:36: PyVistaDeprecationWarning: Parameter 'use_all_points' is deprecated since VTK < 9.2 is no longer supported. This parameter has no effect and is always `True`.
  edge_data = poly.extract_all_edges(use_all_points=True, clear_data=True)
/cis/home/rwang183/my_documents/BDD/SpineDetect-shengwen-branch/SpineDetect/tpm_simulator/microns_env/lib/python3.12/site-packages/meshmash/utils.py:36: PyVistaDeprecationWarning: Parameter 'use_all_points' is deprecated since VTK < 9.2 is no longer supported. This parameter has no effect and is always `True`.
  edge_data = poly.extract_all_edges(use_all_points=True, clear_data=True)
/cis/home/rwang183/my_documents/BDD/SpineDetect-shengwen-branch/SpineDetect/tpm_simulator/microns_env/lib/python3.12/site-packages/meshmash/utils.py:36: PyVistaDeprecationWarning: Parameter 'use_all_points' is deprecated since VTK < 9.2 is no longer supported. This parameter has no effect and is always `True`.
  edge_data = poly.extract_all_edges(use_all_points=True, clear_data=True)
/cis/home/rwang183/my_documents/BDD/SpineDetect-shengwen-branch/SpineDetect/tpm_simulator/microns_env/lib/python3.12/site-packages/meshmash/utils.py:36: PyVistaDeprecationWarning: Parameter 'use_all_points' is deprecated since VTK < 9.2 is no longer supported. This parameter has no effect and is always `True`.
  edge_data = poly.extract_all_edges(use_all_points=True, clear_data=True)
/cis/home/rwang183/my_documents/BDD/SpineDetect-shengwen-branch/SpineDetect/tpm_simulator/microns_env/lib/python3.12/site-packages/meshmash/utils.py:36: PyVistaDeprecationWarning: Parameter 'use_all_points' is deprecated since VTK < 9.2 is no longer supported. This parameter has no effect and is always `True`.
  edge_data = poly.extract_all_edges(use_all_points=True, clear_data=True)
/cis/home/rwang183/my_documents/BDD/SpineDetect-shengwen-branch/SpineDetect/tpm_simulator/microns_env/lib/python3.12/site-packages/meshmash/utils.py:36: PyVistaDeprecationWarning: Parameter 'use_all_points' is deprecated since VTK < 9.2 is no longer supported. This parameter has no effect and is always `True`.
  edge_data = poly.extract_all_edges(use_all_points=True, clear_data=True)
/cis/home/rwang183/my_documents/BDD/SpineDetect-shengwen-branch/SpineDetect/tpm_simulator/microns_env/lib/python3.12/site-packages/meshmash/utils.py:36: PyVistaDeprecationWarning: Parameter 'use_all_points' is deprecated since VTK < 9.2 is no longer supported. This parameter has no effect and is always `True`.
  edge_data = poly.extract_all_edges(use_all_points=True, clear_data=True)
/cis/home/rwang183/my_documents/BDD/SpineDetect-shengwen-branch/SpineDetect/tpm_simulator/microns_env/lib/python3.12/site-packages/meshmash/utils.py:36: PyVistaDeprecationWarning: Parameter 'use_all_points' is deprecated since VTK < 9.2 is no longer supported. This parameter has no effect and is always `True`.
  edge_data = poly.extract_all_edges(use_all_points=True, clear_data=True)
/cis/home/rwang183/my_documents/BDD/SpineDetect-shengwen-branch/SpineDetect/tpm_simulator/microns_env/lib/python3.12/site-packages/meshmash/utils.py:36: PyVistaDeprecationWarning: Parameter 'use_all_points' is deprecated since VTK < 9.2 is no longer supported. This parameter has no effect and is always `True`.
  edge_data = poly.extract_all_edges(use_all_points=True, clear_data=True)
/cis/home/rwang183/my_documents/BDD/SpineDetect-shengwen-branch/SpineDetect/tpm_simulator/microns_env/lib/python3.12/site-packages/meshmash/utils.py:36: PyVistaDeprecationWarning: Parameter 'use_all_points' is deprecated since VTK < 9.2 is no longer supported. This parameter has no effect and is always `True`.
  edge_data = poly.extract_all_edges(use_all_points=True, clear_data=True)
/cis/home/rwang183/my_documents/BDD/SpineDetect-shengwen-branch/SpineDetect/tpm_simulator/microns_env/lib/python3.12/site-packages/meshmash/utils.py:36: PyVistaDeprecationWarning: Parameter 'use_all_points' is deprecated since VTK < 9.2 is no longer supported. This parameter has no effect and is always `True`.
  edge_data = poly.extract_all_edges(use_all_points=True, clear_data=True)
/cis/home/rwang183/my_documents/BDD/SpineDetect-shengwen-branch/SpineDetect/tpm_simulator/microns_env/lib/python3.12/site-packages/meshmash/utils.py:36: PyVistaDeprecationWarning: Parameter 'use_all_points' is deprecated since VTK < 9.2 is no longer supported. This parameter has no effect and is always `True`.
  edge_data = poly.extract_all_edges(use_all_points=True, clear_data=True)
/cis/home/rwang183/my_documents/BDD/SpineDetect-shengwen-branch/SpineDetect/tpm_simulator/microns_env/lib/python3.12/site-packages/meshmash/utils.py:36: PyVistaDeprecationWarning: Parameter 'use_all_points' is deprecated since VTK < 9.2 is no longer supported. This parameter has no effect and is always `True`.
  edge_data = poly.extract_all_edges(use_all_points=True, clear_data=True)
/cis/home/rwang183/my_documents/BDD/SpineDetect-shengwen-branch/SpineDetect/tpm_simulator/microns_env/lib/python3.12/site-packages/meshmash/utils.py:36: PyVistaDeprecationWarning: Parameter 'use_all_points' is deprecated since VTK < 9.2 is no longer supported. This parameter has no effect and is always `True`.
  edge_data = poly.extract_all_edges(use_all_points=True, clear_data=True)
/cis/home/rwang183/my_documents/BDD/SpineDetect-shengwen-branch/SpineDetect/tpm_simulator/microns_env/lib/python3.12/site-packages/meshmash/utils.py:36: PyVistaDeprecationWarning: Parameter 'use_all_points' is deprecated since VTK < 9.2 is no longer supported. This parameter has no effect and is always `True`.
  edge_data = poly.extract_all_edges(use_all_points=True, clear_data=True)
/cis/home/rwang183/my_documents/BDD/SpineDetect-shengwen-branch/SpineDetect/tpm_simulator/microns_env/lib/python3.12/site-packages/meshmash/utils.py:36: PyVistaDeprecationWarning: Parameter 'use_all_points' is deprecated since VTK < 9.2 is no longer supported. This parameter has no effect and is always `True`.
  edge_data = poly.extract_all_edges(use_all_points=True, clear_data=True)
/cis/home/rwang183/my_documents/BDD/SpineDetect-shengwen-branch/SpineDetect/tpm_simulator/microns_env/lib/python3.12/site-packages/meshmash/utils.py:36: PyVistaDeprecationWarning: Parameter 'use_all_points' is deprecated since VTK < 9.2 is no longer supported. This parameter has no effect and is always `True`.
  edge_data = poly.extract_all_edges(use_all_points=True, clear_data=True)
/cis/home/rwang183/my_documents/BDD/SpineDetect-shengwen-branch/SpineDetect/tpm_simulator/microns_env/lib/python3.12/site-packages/meshmash/utils.py:36: PyVistaDeprecationWarning: Parameter 'use_all_points' is deprecated since VTK < 9.2 is no longer supported. This parameter has no effect and is always `True`.
  edge_data = poly.extract_all_edges(use_all_points=True, clear_data=True)
/cis/home/rwang183/my_documents/BDD/SpineDetect-shengwen-branch/SpineDetect/tpm_simulator/microns_env/lib/python3.12/site-packages/meshmash/utils.py:36: PyVistaDeprecationWarning: Parameter 'use_all_points' is deprecated since VTK < 9.2 is no longer supported. This parameter has no effect and is always `True`.
  edge_data = poly.extract_all_edges(use_all_points=True, clear_data=True)
/cis/home/rwang183/my_documents/BDD/SpineDetect-shengwen-branch/SpineDetect/tpm_simulator/microns_env/lib/python3.12/site-packages/meshmash/utils.py:36: PyVistaDeprecationWarning: Parameter 'use_all_points' is deprecated since VTK < 9.2 is no longer supported. This parameter has no effect and is always `True`.
  edge_data = poly.extract_all_edges(use_all_points=True, clear_data=True)
/cis/home/rwang183/my_documents/BDD/SpineDetect-shengwen-branch/SpineDetect/tpm_simulator/microns_env/lib/python3.12/site-packages/meshmash/utils.py:36: PyVistaDeprecationWarning: Parameter 'use_all_points' is deprecated since VTK < 9.2 is no longer supported. This parameter has no effect and is always `True`.
  edge_data = poly.extract_all_edges(use_all_points=True, clear_data=True)
/cis/home/rwang183/my_documents/BDD/SpineDetect-shengwen-branch/SpineDetect/tpm_simulator/microns_env/lib/python3.12/site-packages/meshmash/utils.py:36: PyVistaDeprecationWarning: Parameter 'use_all_points' is deprecated since VTK < 9.2 is no longer supported. This parameter has no effect and is always `True`.
  edge_data = poly.extract_all_edges(use_all_points=True, clear_data=True)
/cis/home/rwang183/my_documents/BDD/SpineDetect-shengwen-branch/SpineDetect/tpm_simulator/microns_env/lib/python3.12/site-packages/meshmash/utils.py:36: PyVistaDeprecationWarning: Parameter 'use_all_points' is deprecated since VTK < 9.2 is no longer supported. This parameter has no effect and is always `True`.
  edge_data = poly.extract_all_edges(use_all_points=True, clear_data=True)
/cis/home/rwang183/my_documents/BDD/SpineDetect-shengwen-branch/SpineDetect/tpm_simulator/microns_env/lib/python3.12/site-packages/meshmash/utils.py:36: PyVistaDeprecationWarning: Parameter 'use_all_points' is deprecated since VTK < 9.2 is no longer supported. This parameter has no effect and is always `True`.
  edge_data = poly.extract_all_edges(use_all_points=True, clear_data=True)
/cis/home/rwang183/my_documents/BDD/SpineDetect-shengwen-branch/SpineDetect/tpm_simulator/microns_env/lib/python3.12/site-packages/meshmash/utils.py:36: PyVistaDeprecationWarning: Parameter 'use_all_points' is deprecated since VTK < 9.2 is no longer supported. This parameter has no effect and is always `True`.
  edge_data = poly.extract_all_edges(use_all_points=True, clear_data=True)
/cis/home/rwang183/my_documents/BDD/SpineDetect-shengwen-branch/SpineDetect/tpm_simulator/microns_env/lib/python3.12/site-packages/meshmash/utils.py:36: PyVistaDeprecationWarning: Parameter 'use_all_points' is deprecated since VTK < 9.2 is no longer supported. This parameter has no effect and is always `True`.
  edge_data = poly.extract_all_edges(use_all_points=True, clear_data=True)
/cis/home/rwang183/my_documents/BDD/SpineDetect-shengwen-branch/SpineDetect/tpm_simulator/microns_env/lib/python3.12/site-packages/meshmash/utils.py:36: PyVistaDeprecationWarning: Parameter 'use_all_points' is deprecated since VTK < 9.2 is no longer supported. This parameter has no effect and is always `True`.
  edge_data = poly.extract_all_edges(use_all_points=True, clear_data=True)
/cis/home/rwang183/my_documents/BDD/SpineDetect-shengwen-branch/SpineDetect/tpm_simulator/microns_env/lib/python3.12/site-packages/meshmash/utils.py:36: PyVistaDeprecationWarning: Parameter 'use_all_points' is deprecated since VTK < 9.2 is no longer supported. This parameter has no effect and is always `True`.
  edge_data = poly.extract_all_edges(use_all_points=True, clear_data=True)
/cis/home/rwang183/my_documents/BDD/SpineDetect-shengwen-branch/SpineDetect/tpm_simulator/microns_env/lib/python3.12/site-packages/meshmash/utils.py:36: PyVistaDeprecationWarning: Parameter 'use_all_points' is deprecated since VTK < 9.2 is no longer supported. This parameter has no effect and is always `True`.
  edge_data = poly.extract_all_edges(use_all_points=True, clear_data=True)

Applying function agglomerate_mesh:   1%|▏         | 1/71 [00:00<01:09,  1.01it/s]/cis/home/rwang183/my_documents/BDD/SpineDetect-shengwen-branch/SpineDetect/tpm_simulator/microns_env/lib/python3.12/site-packages/meshmash/utils.py:36: PyVistaDeprecationWarning: Parameter 'use_all_points' is deprecated since VTK < 9.2 is no longer supported. This parameter has no effect and is always `True`.
  edge_data = poly.extract_all_edges(use_all_points=True, clear_data=True)

Applying function agglomerate_mesh:   3%|▎         | 2/71 [00:01<00:57,  1.19it/s]
Applying function agglomerate_mesh:   6%|▌         | 4/71 [00:01<00:24,  2.76it/s]
Applying function agglomerate_mesh:  11%|█▏        | 8/71 [00:01<00:09,  6.74it/s]
Applying function agglomerate_mesh:  25%|██▌       | 18/71 [00:02<00:02, 18.75it/s]
Applying function agglomerate_mesh:  35%|███▌      | 25/71 [00:02<00:01, 25.93it/s]
Applying function agglomerate_mesh:  44%|████▎     | 31/71 [00:02<00:01, 31.89it/s]
Applying function agglomerate_mesh:  52%|█████▏    | 37/71 [00:02<00:01, 31.76it/s]
Applying function agglomerate_mesh:  59%|█████▉    | 42/71 [00:02<00:00, 32.26it/s]
Applying function agglomerate_mesh:  66%|██████▌   | 47/71 [00:02<00:00, 34.77it/s]
Applying function agglomerate_mesh:  73%|███████▎  | 52/71 [00:02<00:00, 33.67it/s]
Applying function agglomerate_mesh:  79%|███████▉  | 56/71 [00:03<00:00, 29.40it/s]
Applying function agglomerate_mesh:  85%|████████▍ | 60/71 [00:03<00:00, 15.20it/s]
Applying function agglomerate_mesh:  89%|████████▊ | 63/71 [00:04<00:00, 14.32it/s]
Applying function agglomerate_mesh:  94%|█████████▍| 67/71 [00:04<00:00, 17.47it/s]
Applying function agglomerate_mesh:  99%|█████████▊| 70/71 [00:04<00:00, 14.25it/s]
Applying function agglomerate_mesh: 100%|██████████| 71/71 [00:04<00:00, 14.91it/s]
/cis/home/rwang183/my_documents/BDD/SpineDetect-shengwen-branch/SpineDetect/tpm_simulator/microns_env/lib/python3.12/site-packages/meshmash/utils.py:26: PyVistaDeprecationWarning: Parameter 'use_all_points' is deprecated since VTK < 9.2 is no longer supported. This parameter has no effect and is always `True`.
  edge_data = poly.extract_all_edges(use_all_points=True, clear_data=True)
/cis/home/rwang183/my_documents/BDD/SpineDetect-shengwen-branch/SpineDetect/tpm_simulator/microns_env/lib/python3.12/site-packages/meshmash/utils.py:36: PyVistaDeprecationWarning: Parameter 'use_all_points' is deprecated since VTK < 9.2 is no longer supported. This parameter has no effect and is always `True`.
  edge_data = poly.extract_all_edges(use_all_points=True, clear_data=True)
/cis/home/rwang183/my_documents/BDD/SpineDetect-shengwen-branch/SpineDetect/tpm_simulator/microns_env/lib/python3.12/site-packages/meshmash/utils.py:36: PyVistaDeprecationWarning: Parameter 'use_all_points' is deprecated since VTK < 9.2 is no longer supported. This parameter has no effect and is always `True`.
  edge_data = poly.extract_all_edges(use_all_points=True, clear_data=True)
/cis/home/rwang183/my_documents/BDD/SpineDetect-shengwen-branch/SpineDetect/tpm_simulator/microns_env/lib/python3.12/site-packages/meshmash/utils.py:36: PyVistaDeprecationWarning: Parameter 'use_all_points' is deprecated since VTK < 9.2 is no longer supported. This parameter has no effect and is always `True`.
  edge_data = poly.extract_all_edges(use_all_points=True, clear_data=True)
/cis/home/rwang183/my_documents/BDD/SpineDetect-shengwen-branch/SpineDetect/tpm_simulator/microns_env/lib/python3.12/site-packages/meshmash/utils.py:36: PyVistaDeprecationWarning: Parameter 'use_all_points' is deprecated since VTK < 9.2 is no longer supported. This parameter has no effect and is always `True`.
  edge_data = poly.extract_all_edges(use_all_points=True, clear_data=True)
  Success! HKS computed for root_id 864691136595483810.

Processing root_id: 864691135081667063
  Loaded mesh with 1092115 vertices and 2197274 faces.
Subdividing mesh...
Meshes in queue: 1
Finding overlapping submeshes...
Computing HKS across submeshes...

Applying function compute_hks:   0%|          | 0/25 [00:00<?, ?it/s]
Applying function compute_hks:   4%|▍         | 1/25 [00:04<01:46,  4.43s/it]
Applying function compute_hks:   8%|▊         | 2/25 [00:04<00:49,  2.13s/it]
Applying function compute_hks:  12%|█▏        | 3/25 [00:05<00:30,  1.37s/it]
Applying function compute_hks:  16%|█▌        | 4/25 [00:06<00:25,  1.23s/it]
Applying function compute_hks:  20%|██        | 5/25 [00:07<00:21,  1.09s/it]
Applying function compute_hks:  28%|██▊       | 7/25 [00:07<00:12,  1.41it/s]
Applying function compute_hks:  32%|███▏      | 8/25 [00:08<00:10,  1.59it/s]
Applying function compute_hks:  36%|███▌      | 9/25 [00:09<00:11,  1.36it/s]
Applying function compute_hks:  40%|████      | 10/25 [00:10<00:14,  1.03it/s]
Applying function compute_hks:  48%|████▊     | 12/25 [00:11<00:07,  1.67it/s]
Applying function compute_hks:  52%|█████▏    | 13/25 [00:11<00:06,  2.00it/s]
Applying function compute_hks:  56%|█████▌    | 14/25 [00:11<00:04,  2.38it/s]
Applying function compute_hks:  60%|██████    | 15/25 [00:15<00:14,  1.43s/it]
Applying function compute_hks:  64%|██████▍   | 16/25 [00:16<00:11,  1.30s/it]
Applying function compute_hks:  68%|██████▊   | 17/25 [00:26<00:28,  3.58s/it]
Applying function compute_hks:  72%|███████▏  | 18/25 [00:27<00:20,  2.94s/it]
Applying function compute_hks:  80%|████████  | 20/25 [00:29<00:10,  2.10s/it]
Applying function compute_hks:  84%|████████▍ | 21/25 [00:29<00:06,  1.62s/it]
Applying function compute_hks:  88%|████████▊ | 22/25 [00:30<00:04,  1.50s/it]
Applying function compute_hks:  92%|█████████▏| 23/25 [00:31<00:02,  1.15s/it]
Applying function compute_hks:  96%|█████████▌| 24/25 [00:32<00:01,  1.16s/it]
Applying function compute_hks: 100%|██████████| 25/25 [00:33<00:00,  1.10s/it]
Applying function compute_hks: 100%|██████████| 25/25 [00:33<00:00,  1.33s/it]

Applying function agglomerate_mesh:   0%|          | 0/25 [00:00<?, ?it/s]/cis/home/rwang183/my_documents/BDD/SpineDetect-shengwen-branch/SpineDetect/tpm_simulator/microns_env/lib/python3.12/site-packages/meshmash/utils.py:36: PyVistaDeprecationWarning: Parameter 'use_all_points' is deprecated since VTK < 9.2 is no longer supported. This parameter has no effect and is always `True`.
  edge_data = poly.extract_all_edges(use_all_points=True, clear_data=True)
/cis/home/rwang183/my_documents/BDD/SpineDetect-shengwen-branch/SpineDetect/tpm_simulator/microns_env/lib/python3.12/site-packages/meshmash/utils.py:36: PyVistaDeprecationWarning: Parameter 'use_all_points' is deprecated since VTK < 9.2 is no longer supported. This parameter has no effect and is always `True`.
  edge_data = poly.extract_all_edges(use_all_points=True, clear_data=True)
/cis/home/rwang183/my_documents/BDD/SpineDetect-shengwen-branch/SpineDetect/tpm_simulator/microns_env/lib/python3.12/site-packages/meshmash/utils.py:36: PyVistaDeprecationWarning: Parameter 'use_all_points' is deprecated since VTK < 9.2 is no longer supported. This parameter has no effect and is always `True`.
  edge_data = poly.extract_all_edges(use_all_points=True, clear_data=True)
/cis/home/rwang183/my_documents/BDD/SpineDetect-shengwen-branch/SpineDetect/tpm_simulator/microns_env/lib/python3.12/site-packages/meshmash/utils.py:36: PyVistaDeprecationWarning: Parameter 'use_all_points' is deprecated since VTK < 9.2 is no longer supported. This parameter has no effect and is always `True`.
  edge_data = poly.extract_all_edges(use_all_points=True, clear_data=True)
/cis/home/rwang183/my_documents/BDD/SpineDetect-shengwen-branch/SpineDetect/tpm_simulator/microns_env/lib/python3.12/site-packages/meshmash/utils.py:36: PyVistaDeprecationWarning: Parameter 'use_all_points' is deprecated since VTK < 9.2 is no longer supported. This parameter has no effect and is always `True`.
  edge_data = poly.extract_all_edges(use_all_points=True, clear_data=True)
/cis/home/rwang183/my_documents/BDD/SpineDetect-shengwen-branch/SpineDetect/tpm_simulator/microns_env/lib/python3.12/site-packages/meshmash/utils.py:36: PyVistaDeprecationWarning: Parameter 'use_all_points' is deprecated since VTK < 9.2 is no longer supported. This parameter has no effect and is always `True`.
  edge_data = poly.extract_all_edges(use_all_points=True, clear_data=True)
/cis/home/rwang183/my_documents/BDD/SpineDetect-shengwen-branch/SpineDetect/tpm_simulator/microns_env/lib/python3.12/site-packages/meshmash/utils.py:36: PyVistaDeprecationWarning: Parameter 'use_all_points' is deprecated since VTK < 9.2 is no longer supported. This parameter has no effect and is always `True`.
  edge_data = poly.extract_all_edges(use_all_points=True, clear_data=True)
/cis/home/rwang183/my_documents/BDD/SpineDetect-shengwen-branch/SpineDetect/tpm_simulator/microns_env/lib/python3.12/site-packages/meshmash/utils.py:36: PyVistaDeprecationWarning: Parameter 'use_all_points' is deprecated since VTK < 9.2 is no longer supported. This parameter has no effect and is always `True`.
  edge_data = poly.extract_all_edges(use_all_points=True, clear_data=True)
/cis/home/rwang183/my_documents/BDD/SpineDetect-shengwen-branch/SpineDetect/tpm_simulator/microns_env/lib/python3.12/site-packages/meshmash/utils.py:36: PyVistaDeprecationWarning: Parameter 'use_all_points' is deprecated since VTK < 9.2 is no longer supported. This parameter has no effect and is always `True`.
  edge_data = poly.extract_all_edges(use_all_points=True, clear_data=True)
/cis/home/rwang183/my_documents/BDD/SpineDetect-shengwen-branch/SpineDetect/tpm_simulator/microns_env/lib/python3.12/site-packages/meshmash/utils.py:36: PyVistaDeprecationWarning: Parameter 'use_all_points' is deprecated since VTK < 9.2 is no longer supported. This parameter has no effect and is always `True`.
  edge_data = poly.extract_all_edges(use_all_points=True, clear_data=True)
/cis/home/rwang183/my_documents/BDD/SpineDetect-shengwen-branch/SpineDetect/tpm_simulator/microns_env/lib/python3.12/site-packages/meshmash/utils.py:36: PyVistaDeprecationWarning: Parameter 'use_all_points' is deprecated since VTK < 9.2 is no longer supported. This parameter has no effect and is always `True`.
  edge_data = poly.extract_all_edges(use_all_points=True, clear_data=True)
/cis/home/rwang183/my_documents/BDD/SpineDetect-shengwen-branch/SpineDetect/tpm_simulator/microns_env/lib/python3.12/site-packages/meshmash/utils.py:36: PyVistaDeprecationWarning: Parameter 'use_all_points' is deprecated since VTK < 9.2 is no longer supported. This parameter has no effect and is always `True`.
  edge_data = poly.extract_all_edges(use_all_points=True, clear_data=True)
/cis/home/rwang183/my_documents/BDD/SpineDetect-shengwen-branch/SpineDetect/tpm_simulator/microns_env/lib/python3.12/site-packages/meshmash/utils.py:36: PyVistaDeprecationWarning: Parameter 'use_all_points' is deprecated since VTK < 9.2 is no longer supported. This parameter has no effect and is always `True`.
  edge_data = poly.extract_all_edges(use_all_points=True, clear_data=True)
/cis/home/rwang183/my_documents/BDD/SpineDetect-shengwen-branch/SpineDetect/tpm_simulator/microns_env/lib/python3.12/site-packages/meshmash/utils.py:36: PyVistaDeprecationWarning: Parameter 'use_all_points' is deprecated since VTK < 9.2 is no longer supported. This parameter has no effect and is always `True`.
  edge_data = poly.extract_all_edges(use_all_points=True, clear_data=True)
/cis/home/rwang183/my_documents/BDD/SpineDetect-shengwen-branch/SpineDetect/tpm_simulator/microns_env/lib/python3.12/site-packages/meshmash/utils.py:36: PyVistaDeprecationWarning: Parameter 'use_all_points' is deprecated since VTK < 9.2 is no longer supported. This parameter has no effect and is always `True`.
  edge_data = poly.extract_all_edges(use_all_points=True, clear_data=True)
/cis/home/rwang183/my_documents/BDD/SpineDetect-shengwen-branch/SpineDetect/tpm_simulator/microns_env/lib/python3.12/site-packages/meshmash/utils.py:36: PyVistaDeprecationWarning: Parameter 'use_all_points' is deprecated since VTK < 9.2 is no longer supported. This parameter has no effect and is always `True`.
  edge_data = poly.extract_all_edges(use_all_points=True, clear_data=True)
/cis/home/rwang183/my_documents/BDD/SpineDetect-shengwen-branch/SpineDetect/tpm_simulator/microns_env/lib/python3.12/site-packages/meshmash/utils.py:36: PyVistaDeprecationWarning: Parameter 'use_all_points' is deprecated since VTK < 9.2 is no longer supported. This parameter has no effect and is always `True`.
  edge_data = poly.extract_all_edges(use_all_points=True, clear_data=True)
/cis/home/rwang183/my_documents/BDD/SpineDetect-shengwen-branch/SpineDetect/tpm_simulator/microns_env/lib/python3.12/site-packages/meshmash/utils.py:36: PyVistaDeprecationWarning: Parameter 'use_all_points' is deprecated since VTK < 9.2 is no longer supported. This parameter has no effect and is always `True`.
  edge_data = poly.extract_all_edges(use_all_points=True, clear_data=True)
/cis/home/rwang183/my_documents/BDD/SpineDetect-shengwen-branch/SpineDetect/tpm_simulator/microns_env/lib/python3.12/site-packages/meshmash/utils.py:36: PyVistaDeprecationWarning: Parameter 'use_all_points' is deprecated since VTK < 9.2 is no longer supported. This parameter has no effect and is always `True`.
  edge_data = poly.extract_all_edges(use_all_points=True, clear_data=True)
/cis/home/rwang183/my_documents/BDD/SpineDetect-shengwen-branch/SpineDetect/tpm_simulator/microns_env/lib/python3.12/site-packages/meshmash/utils.py:36: PyVistaDeprecationWarning: Parameter 'use_all_points' is deprecated since VTK < 9.2 is no longer supported. This parameter has no effect and is always `True`.
  edge_data = poly.extract_all_edges(use_all_points=True, clear_data=True)
/cis/home/rwang183/my_documents/BDD/SpineDetect-shengwen-branch/SpineDetect/tpm_simulator/microns_env/lib/python3.12/site-packages/meshmash/utils.py:36: PyVistaDeprecationWarning: Parameter 'use_all_points' is deprecated since VTK < 9.2 is no longer supported. This parameter has no effect and is always `True`.
  edge_data = poly.extract_all_edges(use_all_points=True, clear_data=True)
/cis/home/rwang183/my_documents/BDD/SpineDetect-shengwen-branch/SpineDetect/tpm_simulator/microns_env/lib/python3.12/site-packages/meshmash/utils.py:36: PyVistaDeprecationWarning: Parameter 'use_all_points' is deprecated since VTK < 9.2 is no longer supported. This parameter has no effect and is always `True`.
  edge_data = poly.extract_all_edges(use_all_points=True, clear_data=True)
/cis/home/rwang183/my_documents/BDD/SpineDetect-shengwen-branch/SpineDetect/tpm_simulator/microns_env/lib/python3.12/site-packages/meshmash/utils.py:36: PyVistaDeprecationWarning: Parameter 'use_all_points' is deprecated since VTK < 9.2 is no longer supported. This parameter has no effect and is always `True`.
  edge_data = poly.extract_all_edges(use_all_points=True, clear_data=True)
/cis/home/rwang183/my_documents/BDD/SpineDetect-shengwen-branch/SpineDetect/tpm_simulator/microns_env/lib/python3.12/site-packages/meshmash/utils.py:36: PyVistaDeprecationWarning: Parameter 'use_all_points' is deprecated since VTK < 9.2 is no longer supported. This parameter has no effect and is always `True`.
  edge_data = poly.extract_all_edges(use_all_points=True, clear_data=True)
/cis/home/rwang183/my_documents/BDD/SpineDetect-shengwen-branch/SpineDetect/tpm_simulator/microns_env/lib/python3.12/site-packages/meshmash/utils.py:36: PyVistaDeprecationWarning: Parameter 'use_all_points' is deprecated since VTK < 9.2 is no longer supported. This parameter has no effect and is always `True`.
  edge_data = poly.extract_all_edges(use_all_points=True, clear_data=True)

Applying function agglomerate_mesh:   4%|▍         | 1/25 [00:00<00:23,  1.03it/s]
Applying function agglomerate_mesh:   8%|▊         | 2/25 [00:01<00:10,  2.11it/s]
Applying function agglomerate_mesh:  20%|██        | 5/25 [00:01<00:03,  6.30it/s]
Applying function agglomerate_mesh:  28%|██▊       | 7/25 [00:01<00:02,  7.11it/s]
Applying function agglomerate_mesh:  40%|████      | 10/25 [00:01<00:01,  9.31it/s]
Applying function agglomerate_mesh:  56%|█████▌    | 14/25 [00:01<00:00, 13.25it/s]
Applying function agglomerate_mesh:  64%|██████▍   | 16/25 [00:02<00:00,  9.70it/s]
Applying function agglomerate_mesh:  72%|███████▏  | 18/25 [00:02<00:01,  6.81it/s]
Applying function agglomerate_mesh:  80%|████████  | 20/25 [00:02<00:00,  6.95it/s]
Applying function agglomerate_mesh:  88%|████████▊ | 22/25 [00:03<00:00,  8.26it/s]
Applying function agglomerate_mesh: 100%|██████████| 25/25 [00:03<00:00,  9.72it/s]
Applying function agglomerate_mesh: 100%|██████████| 25/25 [00:03<00:00,  7.31it/s]
/cis/home/rwang183/my_documents/BDD/SpineDetect-shengwen-branch/SpineDetect/tpm_simulator/microns_env/lib/python3.12/site-packages/meshmash/utils.py:26: PyVistaDeprecationWarning: Parameter 'use_all_points' is deprecated since VTK < 9.2 is no longer supported. This parameter has no effect and is always `True`.
  edge_data = poly.extract_all_edges(use_all_points=True, clear_data=True)
/cis/home/rwang183/my_documents/BDD/SpineDetect-shengwen-branch/SpineDetect/tpm_simulator/microns_env/lib/python3.12/site-packages/meshmash/utils.py:36: PyVistaDeprecationWarning: Parameter 'use_all_points' is deprecated since VTK < 9.2 is no longer supported. This parameter has no effect and is always `True`.
  edge_data = poly.extract_all_edges(use_all_points=True, clear_data=True)
/cis/home/rwang183/my_documents/BDD/SpineDetect-shengwen-branch/SpineDetect/tpm_simulator/microns_env/lib/python3.12/site-packages/meshmash/utils.py:36: PyVistaDeprecationWarning: Parameter 'use_all_points' is deprecated since VTK < 9.2 is no longer supported. This parameter has no effect and is always `True`.
  edge_data = poly.extract_all_edges(use_all_points=True, clear_data=True)
/cis/home/rwang183/my_documents/BDD/SpineDetect-shengwen-branch/SpineDetect/tpm_simulator/microns_env/lib/python3.12/site-packages/meshmash/utils.py:36: PyVistaDeprecationWarning: Parameter 'use_all_points' is deprecated since VTK < 9.2 is no longer supported. This parameter has no effect and is always `True`.
  edge_data = poly.extract_all_edges(use_all_points=True, clear_data=True)
/cis/home/rwang183/my_documents/BDD/SpineDetect-shengwen-branch/SpineDetect/tpm_simulator/microns_env/lib/python3.12/site-packages/meshmash/utils.py:36: PyVistaDeprecationWarning: Parameter 'use_all_points' is deprecated since VTK < 9.2 is no longer supported. This parameter has no effect and is always `True`.
  edge_data = poly.extract_all_edges(use_all_points=True, clear_data=True)
  Success! HKS computed for root_id 864691135081667063.

Processing root_id: 864691135927347156
  Loaded mesh with 1583093 vertices and 3165025 faces.
Subdividing mesh...
Meshes in queue: 3
Finding overlapping submeshes...
Computing HKS across submeshes...

Applying function compute_hks:   0%|          | 0/38 [00:00<?, ?it/s]
Applying function compute_hks:   3%|▎         | 1/38 [00:00<00:07,  4.74it/s]
Applying function compute_hks:   5%|▌         | 2/38 [00:00<00:10,  3.49it/s]
Applying function compute_hks:   8%|▊         | 3/38 [00:03<00:55,  1.58s/it]
Applying function compute_hks:  11%|█         | 4/38 [00:04<00:47,  1.40s/it]
Applying function compute_hks:  13%|█▎        | 5/38 [00:04<00:31,  1.04it/s]
Applying function compute_hks:  16%|█▌        | 6/38 [00:05<00:22,  1.42it/s]
Applying function compute_hks:  18%|█▊        | 7/38 [00:05<00:16,  1.89it/s]
Applying function compute_hks:  21%|██        | 8/38 [00:05<00:15,  1.90it/s]
Applying function compute_hks:  26%|██▋       | 10/38 [00:06<00:13,  2.03it/s]
Applying function compute_hks:  29%|██▉       | 11/38 [00:06<00:11,  2.45it/s]
Applying function compute_hks:  32%|███▏      | 12/38 [00:07<00:11,  2.27it/s]
Applying function compute_hks:  34%|███▍      | 13/38 [00:08<00:16,  1.54it/s]
Applying function compute_hks:  37%|███▋      | 14/38 [00:09<00:15,  1.55it/s]
Applying function compute_hks:  42%|████▏     | 16/38 [00:09<00:08,  2.62it/s]
Applying function compute_hks:  45%|████▍     | 17/38 [00:10<00:10,  2.05it/s]
Applying function compute_hks:  50%|█████     | 19/38 [00:12<00:13,  1.39it/s]
Applying function compute_hks:  53%|█████▎    | 20/38 [00:12<00:11,  1.57it/s]
Applying function compute_hks:  55%|█████▌    | 21/38 [00:12<00:08,  1.92it/s]
Applying function compute_hks:  58%|█████▊    | 22/38 [00:15<00:15,  1.02it/s]
Applying function compute_hks:  61%|██████    | 23/38 [00:16<00:17,  1.14s/it]
Applying function compute_hks:  63%|██████▎   | 24/38 [00:17<00:13,  1.00it/s]
Applying function compute_hks:  66%|██████▌   | 25/38 [00:18<00:13,  1.02s/it]
Applying function compute_hks:  68%|██████▊   | 26/38 [00:25<00:34,  2.91s/it]
Applying function compute_hks:  71%|███████   | 27/38 [00:30<00:36,  3.29s/it]
Applying function compute_hks:  74%|███████▎  | 28/38 [00:31<00:28,  2.81s/it]
Applying function compute_hks:  76%|███████▋  | 29/38 [00:33<00:20,  2.32s/it]
Applying function compute_hks:  79%|███████▉  | 30/38 [00:34<00:15,  1.98s/it]
Applying function compute_hks:  82%|████████▏ | 31/38 [00:35<00:11,  1.69s/it]
Applying function compute_hks:  84%|████████▍ | 32/38 [00:35<00:07,  1.23s/it]
Applying function compute_hks:  87%|████████▋ | 33/38 [00:35<00:05,  1.03s/it]
Applying function compute_hks:  89%|████████▉ | 34/38 [00:36<00:03,  1.33it/s]
Applying function compute_hks:  92%|█████████▏| 35/38 [00:36<00:01,  1.53it/s]
Applying function compute_hks:  95%|█████████▍| 36/38 [00:36<00:01,  1.81it/s]
Applying function compute_hks:  97%|█████████▋| 37/38 [00:36<00:00,  2.26it/s]
Applying function compute_hks: 100%|██████████| 38/38 [00:37<00:00,  2.71it/s]
Applying function compute_hks: 100%|██████████| 38/38 [00:37<00:00,  1.02it/s]

Applying function agglomerate_mesh:   0%|          | 0/38 [00:00<?, ?it/s]/cis/home/rwang183/my_documents/BDD/SpineDetect-shengwen-branch/SpineDetect/tpm_simulator/microns_env/lib/python3.12/site-packages/meshmash/utils.py:36: PyVistaDeprecationWarning: Parameter 'use_all_points' is deprecated since VTK < 9.2 is no longer supported. This parameter has no effect and is always `True`.
  edge_data = poly.extract_all_edges(use_all_points=True, clear_data=True)
/cis/home/rwang183/my_documents/BDD/SpineDetect-shengwen-branch/SpineDetect/tpm_simulator/microns_env/lib/python3.12/site-packages/meshmash/utils.py:36: PyVistaDeprecationWarning: Parameter 'use_all_points' is deprecated since VTK < 9.2 is no longer supported. This parameter has no effect and is always `True`.
  edge_data = poly.extract_all_edges(use_all_points=True, clear_data=True)
/cis/home/rwang183/my_documents/BDD/SpineDetect-shengwen-branch/SpineDetect/tpm_simulator/microns_env/lib/python3.12/site-packages/meshmash/utils.py:36: PyVistaDeprecationWarning: Parameter 'use_all_points' is deprecated since VTK < 9.2 is no longer supported. This parameter has no effect and is always `True`.
  edge_data = poly.extract_all_edges(use_all_points=True, clear_data=True)
/cis/home/rwang183/my_documents/BDD/SpineDetect-shengwen-branch/SpineDetect/tpm_simulator/microns_env/lib/python3.12/site-packages/meshmash/utils.py:36: PyVistaDeprecationWarning: Parameter 'use_all_points' is deprecated since VTK < 9.2 is no longer supported. This parameter has no effect and is always `True`.
  edge_data = poly.extract_all_edges(use_all_points=True, clear_data=True)
/cis/home/rwang183/my_documents/BDD/SpineDetect-shengwen-branch/SpineDetect/tpm_simulator/microns_env/lib/python3.12/site-packages/meshmash/utils.py:36: PyVistaDeprecationWarning: Parameter 'use_all_points' is deprecated since VTK < 9.2 is no longer supported. This parameter has no effect and is always `True`.
  edge_data = poly.extract_all_edges(use_all_points=True, clear_data=True)
/cis/home/rwang183/my_documents/BDD/SpineDetect-shengwen-branch/SpineDetect/tpm_simulator/microns_env/lib/python3.12/site-packages/meshmash/utils.py:36: PyVistaDeprecationWarning: Parameter 'use_all_points' is deprecated since VTK < 9.2 is no longer supported. This parameter has no effect and is always `True`.
  edge_data = poly.extract_all_edges(use_all_points=True, clear_data=True)
/cis/home/rwang183/my_documents/BDD/SpineDetect-shengwen-branch/SpineDetect/tpm_simulator/microns_env/lib/python3.12/site-packages/meshmash/utils.py:36: PyVistaDeprecationWarning: Parameter 'use_all_points' is deprecated since VTK < 9.2 is no longer supported. This parameter has no effect and is always `True`.
  edge_data = poly.extract_all_edges(use_all_points=True, clear_data=True)
/cis/home/rwang183/my_documents/BDD/SpineDetect-shengwen-branch/SpineDetect/tpm_simulator/microns_env/lib/python3.12/site-packages/meshmash/utils.py:36: PyVistaDeprecationWarning: Parameter 'use_all_points' is deprecated since VTK < 9.2 is no longer supported. This parameter has no effect and is always `True`.
  edge_data = poly.extract_all_edges(use_all_points=True, clear_data=True)
/cis/home/rwang183/my_documents/BDD/SpineDetect-shengwen-branch/SpineDetect/tpm_simulator/microns_env/lib/python3.12/site-packages/meshmash/utils.py:36: PyVistaDeprecationWarning: Parameter 'use_all_points' is deprecated since VTK < 9.2 is no longer supported. This parameter has no effect and is always `True`.
  edge_data = poly.extract_all_edges(use_all_points=True, clear_data=True)
/cis/home/rwang183/my_documents/BDD/SpineDetect-shengwen-branch/SpineDetect/tpm_simulator/microns_env/lib/python3.12/site-packages/meshmash/utils.py:36: PyVistaDeprecationWarning: Parameter 'use_all_points' is deprecated since VTK < 9.2 is no longer supported. This parameter has no effect and is always `True`.
  edge_data = poly.extract_all_edges(use_all_points=True, clear_data=True)
/cis/home/rwang183/my_documents/BDD/SpineDetect-shengwen-branch/SpineDetect/tpm_simulator/microns_env/lib/python3.12/site-packages/meshmash/utils.py:36: PyVistaDeprecationWarning: Parameter 'use_all_points' is deprecated since VTK < 9.2 is no longer supported. This parameter has no effect and is always `True`.
  edge_data = poly.extract_all_edges(use_all_points=True, clear_data=True)
/cis/home/rwang183/my_documents/BDD/SpineDetect-shengwen-branch/SpineDetect/tpm_simulator/microns_env/lib/python3.12/site-packages/meshmash/utils.py:36: PyVistaDeprecationWarning: Parameter 'use_all_points' is deprecated since VTK < 9.2 is no longer supported. This parameter has no effect and is always `True`.
  edge_data = poly.extract_all_edges(use_all_points=True, clear_data=True)
/cis/home/rwang183/my_documents/BDD/SpineDetect-shengwen-branch/SpineDetect/tpm_simulator/microns_env/lib/python3.12/site-packages/meshmash/utils.py:36: PyVistaDeprecationWarning: Parameter 'use_all_points' is deprecated since VTK < 9.2 is no longer supported. This parameter has no effect and is always `True`.
  edge_data = poly.extract_all_edges(use_all_points=True, clear_data=True)
/cis/home/rwang183/my_documents/BDD/SpineDetect-shengwen-branch/SpineDetect/tpm_simulator/microns_env/lib/python3.12/site-packages/meshmash/utils.py:36: PyVistaDeprecationWarning: Parameter 'use_all_points' is deprecated since VTK < 9.2 is no longer supported. This parameter has no effect and is always `True`.
  edge_data = poly.extract_all_edges(use_all_points=True, clear_data=True)
/cis/home/rwang183/my_documents/BDD/SpineDetect-shengwen-branch/SpineDetect/tpm_simulator/microns_env/lib/python3.12/site-packages/meshmash/utils.py:36: PyVistaDeprecationWarning: Parameter 'use_all_points' is deprecated since VTK < 9.2 is no longer supported. This parameter has no effect and is always `True`.
  edge_data = poly.extract_all_edges(use_all_points=True, clear_data=True)
/cis/home/rwang183/my_documents/BDD/SpineDetect-shengwen-branch/SpineDetect/tpm_simulator/microns_env/lib/python3.12/site-packages/meshmash/utils.py:36: PyVistaDeprecationWarning: Parameter 'use_all_points' is deprecated since VTK < 9.2 is no longer supported. This parameter has no effect and is always `True`.
  edge_data = poly.extract_all_edges(use_all_points=True, clear_data=True)
/cis/home/rwang183/my_documents/BDD/SpineDetect-shengwen-branch/SpineDetect/tpm_simulator/microns_env/lib/python3.12/site-packages/meshmash/utils.py:36: PyVistaDeprecationWarning: Parameter 'use_all_points' is deprecated since VTK < 9.2 is no longer supported. This parameter has no effect and is always `True`.
  edge_data = poly.extract_all_edges(use_all_points=True, clear_data=True)
/cis/home/rwang183/my_documents/BDD/SpineDetect-shengwen-branch/SpineDetect/tpm_simulator/microns_env/lib/python3.12/site-packages/meshmash/utils.py:36: PyVistaDeprecationWarning: Parameter 'use_all_points' is deprecated since VTK < 9.2 is no longer supported. This parameter has no effect and is always `True`.
  edge_data = poly.extract_all_edges(use_all_points=True, clear_data=True)
/cis/home/rwang183/my_documents/BDD/SpineDetect-shengwen-branch/SpineDetect/tpm_simulator/microns_env/lib/python3.12/site-packages/meshmash/utils.py:36: PyVistaDeprecationWarning: Parameter 'use_all_points' is deprecated since VTK < 9.2 is no longer supported. This parameter has no effect and is always `True`.
  edge_data = poly.extract_all_edges(use_all_points=True, clear_data=True)
/cis/home/rwang183/my_documents/BDD/SpineDetect-shengwen-branch/SpineDetect/tpm_simulator/microns_env/lib/python3.12/site-packages/meshmash/utils.py:36: PyVistaDeprecationWarning: Parameter 'use_all_points' is deprecated since VTK < 9.2 is no longer supported. This parameter has no effect and is always `True`.
  edge_data = poly.extract_all_edges(use_all_points=True, clear_data=True)
/cis/home/rwang183/my_documents/BDD/SpineDetect-shengwen-branch/SpineDetect/tpm_simulator/microns_env/lib/python3.12/site-packages/meshmash/utils.py:36: PyVistaDeprecationWarning: Parameter 'use_all_points' is deprecated since VTK < 9.2 is no longer supported. This parameter has no effect and is always `True`.
  edge_data = poly.extract_all_edges(use_all_points=True, clear_data=True)
/cis/home/rwang183/my_documents/BDD/SpineDetect-shengwen-branch/SpineDetect/tpm_simulator/microns_env/lib/python3.12/site-packages/meshmash/utils.py:36: PyVistaDeprecationWarning: Parameter 'use_all_points' is deprecated since VTK < 9.2 is no longer supported. This parameter has no effect and is always `True`.
  edge_data = poly.extract_all_edges(use_all_points=True, clear_data=True)
/cis/home/rwang183/my_documents/BDD/SpineDetect-shengwen-branch/SpineDetect/tpm_simulator/microns_env/lib/python3.12/site-packages/meshmash/utils.py:36: PyVistaDeprecationWarning: Parameter 'use_all_points' is deprecated since VTK < 9.2 is no longer supported. This parameter has no effect and is always `True`.
  edge_data = poly.extract_all_edges(use_all_points=True, clear_data=True)
/cis/home/rwang183/my_documents/BDD/SpineDetect-shengwen-branch/SpineDetect/tpm_simulator/microns_env/lib/python3.12/site-packages/meshmash/utils.py:36: PyVistaDeprecationWarning: Parameter 'use_all_points' is deprecated since VTK < 9.2 is no longer supported. This parameter has no effect and is always `True`.
  edge_data = poly.extract_all_edges(use_all_points=True, clear_data=True)
/cis/home/rwang183/my_documents/BDD/SpineDetect-shengwen-branch/SpineDetect/tpm_simulator/microns_env/lib/python3.12/site-packages/meshmash/utils.py:36: PyVistaDeprecationWarning: Parameter 'use_all_points' is deprecated since VTK < 9.2 is no longer supported. This parameter has no effect and is always `True`.
  edge_data = poly.extract_all_edges(use_all_points=True, clear_data=True)
/cis/home/rwang183/my_documents/BDD/SpineDetect-shengwen-branch/SpineDetect/tpm_simulator/microns_env/lib/python3.12/site-packages/meshmash/utils.py:36: PyVistaDeprecationWarning: Parameter 'use_all_points' is deprecated since VTK < 9.2 is no longer supported. This parameter has no effect and is always `True`.
  edge_data = poly.extract_all_edges(use_all_points=True, clear_data=True)
/cis/home/rwang183/my_documents/BDD/SpineDetect-shengwen-branch/SpineDetect/tpm_simulator/microns_env/lib/python3.12/site-packages/meshmash/utils.py:36: PyVistaDeprecationWarning: Parameter 'use_all_points' is deprecated since VTK < 9.2 is no longer supported. This parameter has no effect and is always `True`.
  edge_data = poly.extract_all_edges(use_all_points=True, clear_data=True)
/cis/home/rwang183/my_documents/BDD/SpineDetect-shengwen-branch/SpineDetect/tpm_simulator/microns_env/lib/python3.12/site-packages/meshmash/utils.py:36: PyVistaDeprecationWarning: Parameter 'use_all_points' is deprecated since VTK < 9.2 is no longer supported. This parameter has no effect and is always `True`.
  edge_data = poly.extract_all_edges(use_all_points=True, clear_data=True)
/cis/home/rwang183/my_documents/BDD/SpineDetect-shengwen-branch/SpineDetect/tpm_simulator/microns_env/lib/python3.12/site-packages/meshmash/utils.py:36: PyVistaDeprecationWarning: Parameter 'use_all_points' is deprecated since VTK < 9.2 is no longer supported. This parameter has no effect and is always `True`.
  edge_data = poly.extract_all_edges(use_all_points=True, clear_data=True)
/cis/home/rwang183/my_documents/BDD/SpineDetect-shengwen-branch/SpineDetect/tpm_simulator/microns_env/lib/python3.12/site-packages/meshmash/utils.py:36: PyVistaDeprecationWarning: Parameter 'use_all_points' is deprecated since VTK < 9.2 is no longer supported. This parameter has no effect and is always `True`.
  edge_data = poly.extract_all_edges(use_all_points=True, clear_data=True)
/cis/home/rwang183/my_documents/BDD/SpineDetect-shengwen-branch/SpineDetect/tpm_simulator/microns_env/lib/python3.12/site-packages/meshmash/utils.py:36: PyVistaDeprecationWarning: Parameter 'use_all_points' is deprecated since VTK < 9.2 is no longer supported. This parameter has no effect and is always `True`.
  edge_data = poly.extract_all_edges(use_all_points=True, clear_data=True)
/cis/home/rwang183/my_documents/BDD/SpineDetect-shengwen-branch/SpineDetect/tpm_simulator/microns_env/lib/python3.12/site-packages/meshmash/utils.py:36: PyVistaDeprecationWarning: Parameter 'use_all_points' is deprecated since VTK < 9.2 is no longer supported. This parameter has no effect and is always `True`.
  edge_data = poly.extract_all_edges(use_all_points=True, clear_data=True)

Applying function agglomerate_mesh:   3%|▎         | 1/38 [00:00<00:17,  2.08it/s]/cis/home/rwang183/my_documents/BDD/SpineDetect-shengwen-branch/SpineDetect/tpm_simulator/microns_env/lib/python3.12/site-packages/meshmash/utils.py:36: PyVistaDeprecationWarning: Parameter 'use_all_points' is deprecated since VTK < 9.2 is no longer supported. This parameter has no effect and is always `True`.
  edge_data = poly.extract_all_edges(use_all_points=True, clear_data=True)
/cis/home/rwang183/my_documents/BDD/SpineDetect-shengwen-branch/SpineDetect/tpm_simulator/microns_env/lib/python3.12/site-packages/meshmash/utils.py:36: PyVistaDeprecationWarning: Parameter 'use_all_points' is deprecated since VTK < 9.2 is no longer supported. This parameter has no effect and is always `True`.
  edge_data = poly.extract_all_edges(use_all_points=True, clear_data=True)
/cis/home/rwang183/my_documents/BDD/SpineDetect-shengwen-branch/SpineDetect/tpm_simulator/microns_env/lib/python3.12/site-packages/meshmash/utils.py:36: PyVistaDeprecationWarning: Parameter 'use_all_points' is deprecated since VTK < 9.2 is no longer supported. This parameter has no effect and is always `True`.
  edge_data = poly.extract_all_edges(use_all_points=True, clear_data=True)
/cis/home/rwang183/my_documents/BDD/SpineDetect-shengwen-branch/SpineDetect/tpm_simulator/microns_env/lib/python3.12/site-packages/meshmash/utils.py:36: PyVistaDeprecationWarning: Parameter 'use_all_points' is deprecated since VTK < 9.2 is no longer supported. This parameter has no effect and is always `True`.
  edge_data = poly.extract_all_edges(use_all_points=True, clear_data=True)
/cis/home/rwang183/my_documents/BDD/SpineDetect-shengwen-branch/SpineDetect/tpm_simulator/microns_env/lib/python3.12/site-packages/meshmash/utils.py:36: PyVistaDeprecationWarning: Parameter 'use_all_points' is deprecated since VTK < 9.2 is no longer supported. This parameter has no effect and is always `True`.
  edge_data = poly.extract_all_edges(use_all_points=True, clear_data=True)
/cis/home/rwang183/my_documents/BDD/SpineDetect-shengwen-branch/SpineDetect/tpm_simulator/microns_env/lib/python3.12/site-packages/meshmash/utils.py:36: PyVistaDeprecationWarning: Parameter 'use_all_points' is deprecated since VTK < 9.2 is no longer supported. This parameter has no effect and is always `True`.
  edge_data = poly.extract_all_edges(use_all_points=True, clear_data=True)

Applying function agglomerate_mesh:   5%|▌         | 2/38 [00:00<00:12,  2.84it/s]
Applying function agglomerate_mesh:   8%|▊         | 3/38 [00:01<00:11,  3.13it/s]
Applying function agglomerate_mesh:  11%|█         | 4/38 [00:01<00:08,  4.02it/s]
Applying function agglomerate_mesh:  13%|█▎        | 5/38 [00:01<00:07,  4.68it/s]
Applying function agglomerate_mesh:  21%|██        | 8/38 [00:01<00:03,  8.96it/s]
Applying function agglomerate_mesh:  34%|███▍      | 13/38 [00:01<00:01, 16.96it/s]
Applying function agglomerate_mesh:  42%|████▏     | 16/38 [00:01<00:01, 18.14it/s]
Applying function agglomerate_mesh:  50%|█████     | 19/38 [00:01<00:01, 17.20it/s]
Applying function agglomerate_mesh:  58%|█████▊    | 22/38 [00:02<00:00, 17.54it/s]
Applying function agglomerate_mesh:  63%|██████▎   | 24/38 [00:02<00:01,  9.86it/s]
Applying function agglomerate_mesh:  68%|██████▊   | 26/38 [00:02<00:01,  8.17it/s]
Applying function agglomerate_mesh:  74%|███████▎  | 28/38 [00:03<00:01,  9.34it/s]
Applying function agglomerate_mesh:  82%|████████▏ | 31/38 [00:03<00:00, 11.72it/s]
Applying function agglomerate_mesh:  87%|████████▋ | 33/38 [00:03<00:00, 12.26it/s]
Applying function agglomerate_mesh: 100%|██████████| 38/38 [00:03<00:00, 17.18it/s]
Applying function agglomerate_mesh: 100%|██████████| 38/38 [00:03<00:00, 10.50it/s]
/cis/home/rwang183/my_documents/BDD/SpineDetect-shengwen-branch/SpineDetect/tpm_simulator/microns_env/lib/python3.12/site-packages/meshmash/utils.py:26: PyVistaDeprecationWarning: Parameter 'use_all_points' is deprecated since VTK < 9.2 is no longer supported. This parameter has no effect and is always `True`.
  edge_data = poly.extract_all_edges(use_all_points=True, clear_data=True)
/cis/home/rwang183/my_documents/BDD/SpineDetect-shengwen-branch/SpineDetect/tpm_simulator/microns_env/lib/python3.12/site-packages/meshmash/utils.py:36: PyVistaDeprecationWarning: Parameter 'use_all_points' is deprecated since VTK < 9.2 is no longer supported. This parameter has no effect and is always `True`.
  edge_data = poly.extract_all_edges(use_all_points=True, clear_data=True)
/cis/home/rwang183/my_documents/BDD/SpineDetect-shengwen-branch/SpineDetect/tpm_simulator/microns_env/lib/python3.12/site-packages/meshmash/utils.py:36: PyVistaDeprecationWarning: Parameter 'use_all_points' is deprecated since VTK < 9.2 is no longer supported. This parameter has no effect and is always `True`.
  edge_data = poly.extract_all_edges(use_all_points=True, clear_data=True)
/cis/home/rwang183/my_documents/BDD/SpineDetect-shengwen-branch/SpineDetect/tpm_simulator/microns_env/lib/python3.12/site-packages/meshmash/utils.py:36: PyVistaDeprecationWarning: Parameter 'use_all_points' is deprecated since VTK < 9.2 is no longer supported. This parameter has no effect and is always `True`.
  edge_data = poly.extract_all_edges(use_all_points=True, clear_data=True)
/cis/home/rwang183/my_documents/BDD/SpineDetect-shengwen-branch/SpineDetect/tpm_simulator/microns_env/lib/python3.12/site-packages/meshmash/utils.py:36: PyVistaDeprecationWarning: Parameter 'use_all_points' is deprecated since VTK < 9.2 is no longer supported. This parameter has no effect and is always `True`.
  edge_data = poly.extract_all_edges(use_all_points=True, clear_data=True)
  Success! HKS computed for root_id 864691135927347156.

Processing root_id: 864691135815506767
  Loaded mesh with 521061 vertices and 1049013 faces.
Subdividing mesh...
Meshes in queue: 1
Finding overlapping submeshes...
Computing HKS across submeshes...

Applying function compute_hks:   0%|          | 0/13 [00:00<?, ?it/s]
Applying function compute_hks:   8%|▊         | 1/13 [00:05<01:01,  5.16s/it]
Applying function compute_hks:  15%|█▌        | 2/13 [00:07<00:37,  3.37s/it]
Applying function compute_hks:  23%|██▎       | 3/13 [00:09<00:28,  2.80s/it]
Applying function compute_hks:  31%|███       | 4/13 [00:11<00:22,  2.45s/it]
Applying function compute_hks:  38%|███▊      | 5/13 [00:16<00:26,  3.33s/it]
Applying function compute_hks:  46%|████▌     | 6/13 [00:16<00:16,  2.30s/it]
Applying function compute_hks:  54%|█████▍    | 7/13 [00:18<00:14,  2.33s/it]
Applying function compute_hks:  62%|██████▏   | 8/13 [00:20<00:11,  2.24s/it]
Applying function compute_hks:  69%|██████▉   | 9/13 [00:25<00:11,  2.93s/it]
Applying function compute_hks:  77%|███████▋  | 10/13 [00:27<00:07,  2.58s/it]
Applying function compute_hks:  85%|████████▍ | 11/13 [00:35<00:08,  4.40s/it]
Applying function compute_hks:  92%|█████████▏| 12/13 [00:37<00:03,  3.47s/it]
Applying function compute_hks: 100%|██████████| 13/13 [00:37<00:00,  2.56s/it]
Applying function compute_hks: 100%|██████████| 13/13 [00:37<00:00,  2.89s/it]

Applying function agglomerate_mesh:   0%|          | 0/13 [00:00<?, ?it/s]/cis/home/rwang183/my_documents/BDD/SpineDetect-shengwen-branch/SpineDetect/tpm_simulator/microns_env/lib/python3.12/site-packages/meshmash/utils.py:36: PyVistaDeprecationWarning: Parameter 'use_all_points' is deprecated since VTK < 9.2 is no longer supported. This parameter has no effect and is always `True`.
  edge_data = poly.extract_all_edges(use_all_points=True, clear_data=True)
/cis/home/rwang183/my_documents/BDD/SpineDetect-shengwen-branch/SpineDetect/tpm_simulator/microns_env/lib/python3.12/site-packages/meshmash/utils.py:36: PyVistaDeprecationWarning: Parameter 'use_all_points' is deprecated since VTK < 9.2 is no longer supported. This parameter has no effect and is always `True`.
  edge_data = poly.extract_all_edges(use_all_points=True, clear_data=True)
/cis/home/rwang183/my_documents/BDD/SpineDetect-shengwen-branch/SpineDetect/tpm_simulator/microns_env/lib/python3.12/site-packages/meshmash/utils.py:36: PyVistaDeprecationWarning: Parameter 'use_all_points' is deprecated since VTK < 9.2 is no longer supported. This parameter has no effect and is always `True`.
  edge_data = poly.extract_all_edges(use_all_points=True, clear_data=True)
/cis/home/rwang183/my_documents/BDD/SpineDetect-shengwen-branch/SpineDetect/tpm_simulator/microns_env/lib/python3.12/site-packages/meshmash/utils.py:36: PyVistaDeprecationWarning: Parameter 'use_all_points' is deprecated since VTK < 9.2 is no longer supported. This parameter has no effect and is always `True`.
  edge_data = poly.extract_all_edges(use_all_points=True, clear_data=True)
/cis/home/rwang183/my_documents/BDD/SpineDetect-shengwen-branch/SpineDetect/tpm_simulator/microns_env/lib/python3.12/site-packages/meshmash/utils.py:36: PyVistaDeprecationWarning: Parameter 'use_all_points' is deprecated since VTK < 9.2 is no longer supported. This parameter has no effect and is always `True`.
  edge_data = poly.extract_all_edges(use_all_points=True, clear_data=True)
/cis/home/rwang183/my_documents/BDD/SpineDetect-shengwen-branch/SpineDetect/tpm_simulator/microns_env/lib/python3.12/site-packages/meshmash/utils.py:36: PyVistaDeprecationWarning: Parameter 'use_all_points' is deprecated since VTK < 9.2 is no longer supported. This parameter has no effect and is always `True`.
  edge_data = poly.extract_all_edges(use_all_points=True, clear_data=True)
/cis/home/rwang183/my_documents/BDD/SpineDetect-shengwen-branch/SpineDetect/tpm_simulator/microns_env/lib/python3.12/site-packages/meshmash/utils.py:36: PyVistaDeprecationWarning: Parameter 'use_all_points' is deprecated since VTK < 9.2 is no longer supported. This parameter has no effect and is always `True`.
  edge_data = poly.extract_all_edges(use_all_points=True, clear_data=True)
/cis/home/rwang183/my_documents/BDD/SpineDetect-shengwen-branch/SpineDetect/tpm_simulator/microns_env/lib/python3.12/site-packages/meshmash/utils.py:36: PyVistaDeprecationWarning: Parameter 'use_all_points' is deprecated since VTK < 9.2 is no longer supported. This parameter has no effect and is always `True`.
  edge_data = poly.extract_all_edges(use_all_points=True, clear_data=True)
/cis/home/rwang183/my_documents/BDD/SpineDetect-shengwen-branch/SpineDetect/tpm_simulator/microns_env/lib/python3.12/site-packages/meshmash/utils.py:36: PyVistaDeprecationWarning: Parameter 'use_all_points' is deprecated since VTK < 9.2 is no longer supported. This parameter has no effect and is always `True`.
  edge_data = poly.extract_all_edges(use_all_points=True, clear_data=True)
/cis/home/rwang183/my_documents/BDD/SpineDetect-shengwen-branch/SpineDetect/tpm_simulator/microns_env/lib/python3.12/site-packages/meshmash/utils.py:36: PyVistaDeprecationWarning: Parameter 'use_all_points' is deprecated since VTK < 9.2 is no longer supported. This parameter has no effect and is always `True`.
  edge_data = poly.extract_all_edges(use_all_points=True, clear_data=True)
/cis/home/rwang183/my_documents/BDD/SpineDetect-shengwen-branch/SpineDetect/tpm_simulator/microns_env/lib/python3.12/site-packages/meshmash/utils.py:36: PyVistaDeprecationWarning: Parameter 'use_all_points' is deprecated since VTK < 9.2 is no longer supported. This parameter has no effect and is always `True`.
  edge_data = poly.extract_all_edges(use_all_points=True, clear_data=True)
/cis/home/rwang183/my_documents/BDD/SpineDetect-shengwen-branch/SpineDetect/tpm_simulator/microns_env/lib/python3.12/site-packages/meshmash/utils.py:36: PyVistaDeprecationWarning: Parameter 'use_all_points' is deprecated since VTK < 9.2 is no longer supported. This parameter has no effect and is always `True`.
  edge_data = poly.extract_all_edges(use_all_points=True, clear_data=True)
/cis/home/rwang183/my_documents/BDD/SpineDetect-shengwen-branch/SpineDetect/tpm_simulator/microns_env/lib/python3.12/site-packages/meshmash/utils.py:36: PyVistaDeprecationWarning: Parameter 'use_all_points' is deprecated since VTK < 9.2 is no longer supported. This parameter has no effect and is always `True`.
  edge_data = poly.extract_all_edges(use_all_points=True, clear_data=True)

Applying function agglomerate_mesh:   8%|▊         | 1/13 [00:00<00:11,  1.06it/s]
Applying function agglomerate_mesh:  15%|█▌        | 2/13 [00:01<00:05,  2.10it/s]
Applying function agglomerate_mesh:  23%|██▎       | 3/13 [00:01<00:03,  3.13it/s]
Applying function agglomerate_mesh:  38%|███▊      | 5/13 [00:01<00:02,  3.71it/s]
Applying function agglomerate_mesh:  46%|████▌     | 6/13 [00:01<00:01,  4.19it/s]
Applying function agglomerate_mesh:  62%|██████▏   | 8/13 [00:01<00:00,  6.09it/s]
Applying function agglomerate_mesh:  69%|██████▉   | 9/13 [00:02<00:00,  4.73it/s]
Applying function agglomerate_mesh:  77%|███████▋  | 10/13 [00:02<00:00,  5.26it/s]
Applying function agglomerate_mesh:  85%|████████▍ | 11/13 [00:02<00:00,  5.15it/s]
Applying function agglomerate_mesh: 100%|██████████| 13/13 [00:02<00:00,  6.83it/s]
Applying function agglomerate_mesh: 100%|██████████| 13/13 [00:02<00:00,  4.38it/s]
/cis/home/rwang183/my_documents/BDD/SpineDetect-shengwen-branch/SpineDetect/tpm_simulator/microns_env/lib/python3.12/site-packages/meshmash/utils.py:26: PyVistaDeprecationWarning: Parameter 'use_all_points' is deprecated since VTK < 9.2 is no longer supported. This parameter has no effect and is always `True`.
  edge_data = poly.extract_all_edges(use_all_points=True, clear_data=True)
/cis/home/rwang183/my_documents/BDD/SpineDetect-shengwen-branch/SpineDetect/tpm_simulator/microns_env/lib/python3.12/site-packages/meshmash/utils.py:36: PyVistaDeprecationWarning: Parameter 'use_all_points' is deprecated since VTK < 9.2 is no longer supported. This parameter has no effect and is always `True`.
  edge_data = poly.extract_all_edges(use_all_points=True, clear_data=True)
/cis/home/rwang183/my_documents/BDD/SpineDetect-shengwen-branch/SpineDetect/tpm_simulator/microns_env/lib/python3.12/site-packages/meshmash/utils.py:36: PyVistaDeprecationWarning: Parameter 'use_all_points' is deprecated since VTK < 9.2 is no longer supported. This parameter has no effect and is always `True`.
  edge_data = poly.extract_all_edges(use_all_points=True, clear_data=True)
/cis/home/rwang183/my_documents/BDD/SpineDetect-shengwen-branch/SpineDetect/tpm_simulator/microns_env/lib/python3.12/site-packages/meshmash/utils.py:36: PyVistaDeprecationWarning: Parameter 'use_all_points' is deprecated since VTK < 9.2 is no longer supported. This parameter has no effect and is always `True`.
  edge_data = poly.extract_all_edges(use_all_points=True, clear_data=True)
/cis/home/rwang183/my_documents/BDD/SpineDetect-shengwen-branch/SpineDetect/tpm_simulator/microns_env/lib/python3.12/site-packages/meshmash/utils.py:36: PyVistaDeprecationWarning: Parameter 'use_all_points' is deprecated since VTK < 9.2 is no longer supported. This parameter has no effect and is always `True`.
  edge_data = poly.extract_all_edges(use_all_points=True, clear_data=True)
  Success! HKS computed for root_id 864691135815506767.

Processing root_id: 864691135946059812
  Loaded mesh with 2124710 vertices and 4245927 faces.
Subdividing mesh...
Meshes in queue: 3
Meshes in queue: 1
Finding overlapping submeshes...
Computing HKS across submeshes...

Applying function compute_hks:   0%|          | 0/52 [00:00<?, ?it/s]
Applying function compute_hks:   2%|▏         | 1/52 [00:00<00:12,  4.17it/s]
Applying function compute_hks:   6%|▌         | 3/52 [00:03<01:03,  1.29s/it]
Applying function compute_hks:   8%|▊         | 4/52 [00:03<00:46,  1.04it/s]
Applying function compute_hks:  10%|▉         | 5/52 [00:04<00:37,  1.24it/s]
Applying function compute_hks:  12%|█▏        | 6/52 [00:05<00:47,  1.02s/it]
Applying function compute_hks:  15%|█▌        | 8/52 [00:06<00:28,  1.54it/s]
Applying function compute_hks:  17%|█▋        | 9/52 [00:06<00:22,  1.90it/s]
Applying function compute_hks:  19%|█▉        | 10/52 [00:06<00:20,  2.08it/s]
Applying function compute_hks:  21%|██        | 11/52 [00:07<00:23,  1.75it/s]
Applying function compute_hks:  23%|██▎       | 12/52 [00:07<00:19,  2.04it/s]
Applying function compute_hks:  27%|██▋       | 14/52 [00:08<00:12,  2.94it/s]
Applying function compute_hks:  29%|██▉       | 15/52 [00:08<00:14,  2.53it/s]
Applying function compute_hks:  31%|███       | 16/52 [00:09<00:15,  2.31it/s]
Applying function compute_hks:  33%|███▎      | 17/52 [00:10<00:20,  1.68it/s]
Applying function compute_hks:  35%|███▍      | 18/52 [00:11<00:20,  1.68it/s]
Applying function compute_hks:  37%|███▋      | 19/52 [00:11<00:16,  1.97it/s]
Applying function compute_hks:  38%|███▊      | 20/52 [00:11<00:13,  2.31it/s]
Applying function compute_hks:  42%|████▏     | 22/52 [00:12<00:13,  2.16it/s]
Applying function compute_hks:  44%|████▍     | 23/52 [00:12<00:11,  2.58it/s]
Applying function compute_hks:  48%|████▊     | 25/52 [00:13<00:10,  2.70it/s]
Applying function compute_hks:  52%|█████▏    | 27/52 [00:13<00:08,  2.97it/s]
Applying function compute_hks:  54%|█████▍    | 28/52 [00:14<00:07,  3.36it/s]
Applying function compute_hks:  56%|█████▌    | 29/52 [00:14<00:06,  3.49it/s]
Applying function compute_hks:  58%|█████▊    | 30/52 [00:15<00:09,  2.40it/s]
Applying function compute_hks:  60%|█████▉    | 31/52 [00:16<00:11,  1.79it/s]
Applying function compute_hks:  62%|██████▏   | 32/52 [00:16<00:10,  1.97it/s]
Applying function compute_hks:  63%|██████▎   | 33/52 [00:17<00:10,  1.86it/s]
Applying function compute_hks:  65%|██████▌   | 34/52 [00:17<00:08,  2.02it/s]
Applying function compute_hks:  67%|██████▋   | 35/52 [00:18<00:09,  1.82it/s]
Applying function compute_hks:  71%|███████   | 37/52 [00:18<00:05,  2.71it/s]
Applying function compute_hks:  75%|███████▌  | 39/52 [00:18<00:03,  3.41it/s]
Applying function compute_hks:  77%|███████▋  | 40/52 [00:20<00:07,  1.71it/s]
Applying function compute_hks:  79%|███████▉  | 41/52 [00:22<00:10,  1.06it/s]
Applying function compute_hks:  81%|████████  | 42/52 [00:30<00:27,  2.70s/it]
Applying function compute_hks:  83%|████████▎ | 43/52 [00:34<00:27,  3.08s/it]
Applying function compute_hks:  85%|████████▍ | 44/52 [00:34<00:18,  2.27s/it]
Applying function compute_hks:  87%|████████▋ | 45/52 [00:36<00:15,  2.24s/it]
Applying function compute_hks:  88%|████████▊ | 46/52 [00:38<00:12,  2.07s/it]
Applying function compute_hks:  92%|█████████▏| 48/52 [00:39<00:05,  1.33s/it]
Applying function compute_hks:  94%|█████████▍| 49/52 [00:40<00:03,  1.27s/it]
Applying function compute_hks:  96%|█████████▌| 50/52 [00:40<00:01,  1.03it/s]
Applying function compute_hks:  98%|█████████▊| 51/52 [00:40<00:00,  1.21it/s]
Applying function compute_hks: 100%|██████████| 52/52 [00:41<00:00,  1.44it/s]
Applying function compute_hks: 100%|██████████| 52/52 [00:41<00:00,  1.25it/s]

Applying function agglomerate_mesh:   0%|          | 0/52 [00:00<?, ?it/s]/cis/home/rwang183/my_documents/BDD/SpineDetect-shengwen-branch/SpineDetect/tpm_simulator/microns_env/lib/python3.12/site-packages/meshmash/utils.py:36: PyVistaDeprecationWarning: Parameter 'use_all_points' is deprecated since VTK < 9.2 is no longer supported. This parameter has no effect and is always `True`.
  edge_data = poly.extract_all_edges(use_all_points=True, clear_data=True)
/cis/home/rwang183/my_documents/BDD/SpineDetect-shengwen-branch/SpineDetect/tpm_simulator/microns_env/lib/python3.12/site-packages/meshmash/utils.py:36: PyVistaDeprecationWarning: Parameter 'use_all_points' is deprecated since VTK < 9.2 is no longer supported. This parameter has no effect and is always `True`.
  edge_data = poly.extract_all_edges(use_all_points=True, clear_data=True)
/cis/home/rwang183/my_documents/BDD/SpineDetect-shengwen-branch/SpineDetect/tpm_simulator/microns_env/lib/python3.12/site-packages/meshmash/utils.py:36: PyVistaDeprecationWarning: Parameter 'use_all_points' is deprecated since VTK < 9.2 is no longer supported. This parameter has no effect and is always `True`.
  edge_data = poly.extract_all_edges(use_all_points=True, clear_data=True)
/cis/home/rwang183/my_documents/BDD/SpineDetect-shengwen-branch/SpineDetect/tpm_simulator/microns_env/lib/python3.12/site-packages/meshmash/utils.py:36: PyVistaDeprecationWarning: Parameter 'use_all_points' is deprecated since VTK < 9.2 is no longer supported. This parameter has no effect and is always `True`.
  edge_data = poly.extract_all_edges(use_all_points=True, clear_data=True)
/cis/home/rwang183/my_documents/BDD/SpineDetect-shengwen-branch/SpineDetect/tpm_simulator/microns_env/lib/python3.12/site-packages/meshmash/utils.py:36: PyVistaDeprecationWarning: Parameter 'use_all_points' is deprecated since VTK < 9.2 is no longer supported. This parameter has no effect and is always `True`.
  edge_data = poly.extract_all_edges(use_all_points=True, clear_data=True)
/cis/home/rwang183/my_documents/BDD/SpineDetect-shengwen-branch/SpineDetect/tpm_simulator/microns_env/lib/python3.12/site-packages/meshmash/utils.py:36: PyVistaDeprecationWarning: Parameter 'use_all_points' is deprecated since VTK < 9.2 is no longer supported. This parameter has no effect and is always `True`.
  edge_data = poly.extract_all_edges(use_all_points=True, clear_data=True)
/cis/home/rwang183/my_documents/BDD/SpineDetect-shengwen-branch/SpineDetect/tpm_simulator/microns_env/lib/python3.12/site-packages/meshmash/utils.py:36: PyVistaDeprecationWarning: Parameter 'use_all_points' is deprecated since VTK < 9.2 is no longer supported. This parameter has no effect and is always `True`.
  edge_data = poly.extract_all_edges(use_all_points=True, clear_data=True)
/cis/home/rwang183/my_documents/BDD/SpineDetect-shengwen-branch/SpineDetect/tpm_simulator/microns_env/lib/python3.12/site-packages/meshmash/utils.py:36: PyVistaDeprecationWarning: Parameter 'use_all_points' is deprecated since VTK < 9.2 is no longer supported. This parameter has no effect and is always `True`.
  edge_data = poly.extract_all_edges(use_all_points=True, clear_data=True)
/cis/home/rwang183/my_documents/BDD/SpineDetect-shengwen-branch/SpineDetect/tpm_simulator/microns_env/lib/python3.12/site-packages/meshmash/utils.py:36: PyVistaDeprecationWarning: Parameter 'use_all_points' is deprecated since VTK < 9.2 is no longer supported. This parameter has no effect and is always `True`.
  edge_data = poly.extract_all_edges(use_all_points=True, clear_data=True)
/cis/home/rwang183/my_documents/BDD/SpineDetect-shengwen-branch/SpineDetect/tpm_simulator/microns_env/lib/python3.12/site-packages/meshmash/utils.py:36: PyVistaDeprecationWarning: Parameter 'use_all_points' is deprecated since VTK < 9.2 is no longer supported. This parameter has no effect and is always `True`.
  edge_data = poly.extract_all_edges(use_all_points=True, clear_data=True)
/cis/home/rwang183/my_documents/BDD/SpineDetect-shengwen-branch/SpineDetect/tpm_simulator/microns_env/lib/python3.12/site-packages/meshmash/utils.py:36: PyVistaDeprecationWarning: Parameter 'use_all_points' is deprecated since VTK < 9.2 is no longer supported. This parameter has no effect and is always `True`.
  edge_data = poly.extract_all_edges(use_all_points=True, clear_data=True)
/cis/home/rwang183/my_documents/BDD/SpineDetect-shengwen-branch/SpineDetect/tpm_simulator/microns_env/lib/python3.12/site-packages/meshmash/utils.py:36: PyVistaDeprecationWarning: Parameter 'use_all_points' is deprecated since VTK < 9.2 is no longer supported. This parameter has no effect and is always `True`.
  edge_data = poly.extract_all_edges(use_all_points=True, clear_data=True)
/cis/home/rwang183/my_documents/BDD/SpineDetect-shengwen-branch/SpineDetect/tpm_simulator/microns_env/lib/python3.12/site-packages/meshmash/utils.py:36: PyVistaDeprecationWarning: Parameter 'use_all_points' is deprecated since VTK < 9.2 is no longer supported. This parameter has no effect and is always `True`.
  edge_data = poly.extract_all_edges(use_all_points=True, clear_data=True)
/cis/home/rwang183/my_documents/BDD/SpineDetect-shengwen-branch/SpineDetect/tpm_simulator/microns_env/lib/python3.12/site-packages/meshmash/utils.py:36: PyVistaDeprecationWarning: Parameter 'use_all_points' is deprecated since VTK < 9.2 is no longer supported. This parameter has no effect and is always `True`.
  edge_data = poly.extract_all_edges(use_all_points=True, clear_data=True)
/cis/home/rwang183/my_documents/BDD/SpineDetect-shengwen-branch/SpineDetect/tpm_simulator/microns_env/lib/python3.12/site-packages/meshmash/utils.py:36: PyVistaDeprecationWarning: Parameter 'use_all_points' is deprecated since VTK < 9.2 is no longer supported. This parameter has no effect and is always `True`.
  edge_data = poly.extract_all_edges(use_all_points=True, clear_data=True)
/cis/home/rwang183/my_documents/BDD/SpineDetect-shengwen-branch/SpineDetect/tpm_simulator/microns_env/lib/python3.12/site-packages/meshmash/utils.py:36: PyVistaDeprecationWarning: Parameter 'use_all_points' is deprecated since VTK < 9.2 is no longer supported. This parameter has no effect and is always `True`.
  edge_data = poly.extract_all_edges(use_all_points=True, clear_data=True)
/cis/home/rwang183/my_documents/BDD/SpineDetect-shengwen-branch/SpineDetect/tpm_simulator/microns_env/lib/python3.12/site-packages/meshmash/utils.py:36: PyVistaDeprecationWarning: Parameter 'use_all_points' is deprecated since VTK < 9.2 is no longer supported. This parameter has no effect and is always `True`.
  edge_data = poly.extract_all_edges(use_all_points=True, clear_data=True)
/cis/home/rwang183/my_documents/BDD/SpineDetect-shengwen-branch/SpineDetect/tpm_simulator/microns_env/lib/python3.12/site-packages/meshmash/utils.py:36: PyVistaDeprecationWarning: Parameter 'use_all_points' is deprecated since VTK < 9.2 is no longer supported. This parameter has no effect and is always `True`.
  edge_data = poly.extract_all_edges(use_all_points=True, clear_data=True)
/cis/home/rwang183/my_documents/BDD/SpineDetect-shengwen-branch/SpineDetect/tpm_simulator/microns_env/lib/python3.12/site-packages/meshmash/utils.py:36: PyVistaDeprecationWarning: Parameter 'use_all_points' is deprecated since VTK < 9.2 is no longer supported. This parameter has no effect and is always `True`.
  edge_data = poly.extract_all_edges(use_all_points=True, clear_data=True)
/cis/home/rwang183/my_documents/BDD/SpineDetect-shengwen-branch/SpineDetect/tpm_simulator/microns_env/lib/python3.12/site-packages/meshmash/utils.py:36: PyVistaDeprecationWarning: Parameter 'use_all_points' is deprecated since VTK < 9.2 is no longer supported. This parameter has no effect and is always `True`.
  edge_data = poly.extract_all_edges(use_all_points=True, clear_data=True)
/cis/home/rwang183/my_documents/BDD/SpineDetect-shengwen-branch/SpineDetect/tpm_simulator/microns_env/lib/python3.12/site-packages/meshmash/utils.py:36: PyVistaDeprecationWarning: Parameter 'use_all_points' is deprecated since VTK < 9.2 is no longer supported. This parameter has no effect and is always `True`.
  edge_data = poly.extract_all_edges(use_all_points=True, clear_data=True)
/cis/home/rwang183/my_documents/BDD/SpineDetect-shengwen-branch/SpineDetect/tpm_simulator/microns_env/lib/python3.12/site-packages/meshmash/utils.py:36: PyVistaDeprecationWarning: Parameter 'use_all_points' is deprecated since VTK < 9.2 is no longer supported. This parameter has no effect and is always `True`.
  edge_data = poly.extract_all_edges(use_all_points=True, clear_data=True)
/cis/home/rwang183/my_documents/BDD/SpineDetect-shengwen-branch/SpineDetect/tpm_simulator/microns_env/lib/python3.12/site-packages/meshmash/utils.py:36: PyVistaDeprecationWarning: Parameter 'use_all_points' is deprecated since VTK < 9.2 is no longer supported. This parameter has no effect and is always `True`.
  edge_data = poly.extract_all_edges(use_all_points=True, clear_data=True)
/cis/home/rwang183/my_documents/BDD/SpineDetect-shengwen-branch/SpineDetect/tpm_simulator/microns_env/lib/python3.12/site-packages/meshmash/utils.py:36: PyVistaDeprecationWarning: Parameter 'use_all_points' is deprecated since VTK < 9.2 is no longer supported. This parameter has no effect and is always `True`.
  edge_data = poly.extract_all_edges(use_all_points=True, clear_data=True)
/cis/home/rwang183/my_documents/BDD/SpineDetect-shengwen-branch/SpineDetect/tpm_simulator/microns_env/lib/python3.12/site-packages/meshmash/utils.py:36: PyVistaDeprecationWarning: Parameter 'use_all_points' is deprecated since VTK < 9.2 is no longer supported. This parameter has no effect and is always `True`.
  edge_data = poly.extract_all_edges(use_all_points=True, clear_data=True)
/cis/home/rwang183/my_documents/BDD/SpineDetect-shengwen-branch/SpineDetect/tpm_simulator/microns_env/lib/python3.12/site-packages/meshmash/utils.py:36: PyVistaDeprecationWarning: Parameter 'use_all_points' is deprecated since VTK < 9.2 is no longer supported. This parameter has no effect and is always `True`.
  edge_data = poly.extract_all_edges(use_all_points=True, clear_data=True)
/cis/home/rwang183/my_documents/BDD/SpineDetect-shengwen-branch/SpineDetect/tpm_simulator/microns_env/lib/python3.12/site-packages/meshmash/utils.py:36: PyVistaDeprecationWarning: Parameter 'use_all_points' is deprecated since VTK < 9.2 is no longer supported. This parameter has no effect and is always `True`.
  edge_data = poly.extract_all_edges(use_all_points=True, clear_data=True)
/cis/home/rwang183/my_documents/BDD/SpineDetect-shengwen-branch/SpineDetect/tpm_simulator/microns_env/lib/python3.12/site-packages/meshmash/utils.py:36: PyVistaDeprecationWarning: Parameter 'use_all_points' is deprecated since VTK < 9.2 is no longer supported. This parameter has no effect and is always `True`.
  edge_data = poly.extract_all_edges(use_all_points=True, clear_data=True)
/cis/home/rwang183/my_documents/BDD/SpineDetect-shengwen-branch/SpineDetect/tpm_simulator/microns_env/lib/python3.12/site-packages/meshmash/utils.py:36: PyVistaDeprecationWarning: Parameter 'use_all_points' is deprecated since VTK < 9.2 is no longer supported. This parameter has no effect and is always `True`.
  edge_data = poly.extract_all_edges(use_all_points=True, clear_data=True)
/cis/home/rwang183/my_documents/BDD/SpineDetect-shengwen-branch/SpineDetect/tpm_simulator/microns_env/lib/python3.12/site-packages/meshmash/utils.py:36: PyVistaDeprecationWarning: Parameter 'use_all_points' is deprecated since VTK < 9.2 is no longer supported. This parameter has no effect and is always `True`.
  edge_data = poly.extract_all_edges(use_all_points=True, clear_data=True)
/cis/home/rwang183/my_documents/BDD/SpineDetect-shengwen-branch/SpineDetect/tpm_simulator/microns_env/lib/python3.12/site-packages/meshmash/utils.py:36: PyVistaDeprecationWarning: Parameter 'use_all_points' is deprecated since VTK < 9.2 is no longer supported. This parameter has no effect and is always `True`.
  edge_data = poly.extract_all_edges(use_all_points=True, clear_data=True)
/cis/home/rwang183/my_documents/BDD/SpineDetect-shengwen-branch/SpineDetect/tpm_simulator/microns_env/lib/python3.12/site-packages/meshmash/utils.py:36: PyVistaDeprecationWarning: Parameter 'use_all_points' is deprecated since VTK < 9.2 is no longer supported. This parameter has no effect and is always `True`.
  edge_data = poly.extract_all_edges(use_all_points=True, clear_data=True)
/cis/home/rwang183/my_documents/BDD/SpineDetect-shengwen-branch/SpineDetect/tpm_simulator/microns_env/lib/python3.12/site-packages/meshmash/utils.py:36: PyVistaDeprecationWarning: Parameter 'use_all_points' is deprecated since VTK < 9.2 is no longer supported. This parameter has no effect and is always `True`.
  edge_data = poly.extract_all_edges(use_all_points=True, clear_data=True)
/cis/home/rwang183/my_documents/BDD/SpineDetect-shengwen-branch/SpineDetect/tpm_simulator/microns_env/lib/python3.12/site-packages/meshmash/utils.py:36: PyVistaDeprecationWarning: Parameter 'use_all_points' is deprecated since VTK < 9.2 is no longer supported. This parameter has no effect and is always `True`.
  edge_data = poly.extract_all_edges(use_all_points=True, clear_data=True)
/cis/home/rwang183/my_documents/BDD/SpineDetect-shengwen-branch/SpineDetect/tpm_simulator/microns_env/lib/python3.12/site-packages/meshmash/utils.py:36: PyVistaDeprecationWarning: Parameter 'use_all_points' is deprecated since VTK < 9.2 is no longer supported. This parameter has no effect and is always `True`.
  edge_data = poly.extract_all_edges(use_all_points=True, clear_data=True)
/cis/home/rwang183/my_documents/BDD/SpineDetect-shengwen-branch/SpineDetect/tpm_simulator/microns_env/lib/python3.12/site-packages/meshmash/utils.py:36: PyVistaDeprecationWarning: Parameter 'use_all_points' is deprecated since VTK < 9.2 is no longer supported. This parameter has no effect and is always `True`.
  edge_data = poly.extract_all_edges(use_all_points=True, clear_data=True)
/cis/home/rwang183/my_documents/BDD/SpineDetect-shengwen-branch/SpineDetect/tpm_simulator/microns_env/lib/python3.12/site-packages/meshmash/utils.py:36: PyVistaDeprecationWarning: Parameter 'use_all_points' is deprecated since VTK < 9.2 is no longer supported. This parameter has no effect and is always `True`.
  edge_data = poly.extract_all_edges(use_all_points=True, clear_data=True)
/cis/home/rwang183/my_documents/BDD/SpineDetect-shengwen-branch/SpineDetect/tpm_simulator/microns_env/lib/python3.12/site-packages/meshmash/utils.py:36: PyVistaDeprecationWarning: Parameter 'use_all_points' is deprecated since VTK < 9.2 is no longer supported. This parameter has no effect and is always `True`.
  edge_data = poly.extract_all_edges(use_all_points=True, clear_data=True)
/cis/home/rwang183/my_documents/BDD/SpineDetect-shengwen-branch/SpineDetect/tpm_simulator/microns_env/lib/python3.12/site-packages/meshmash/utils.py:36: PyVistaDeprecationWarning: Parameter 'use_all_points' is deprecated since VTK < 9.2 is no longer supported. This parameter has no effect and is always `True`.
  edge_data = poly.extract_all_edges(use_all_points=True, clear_data=True)
/cis/home/rwang183/my_documents/BDD/SpineDetect-shengwen-branch/SpineDetect/tpm_simulator/microns_env/lib/python3.12/site-packages/meshmash/utils.py:36: PyVistaDeprecationWarning: Parameter 'use_all_points' is deprecated since VTK < 9.2 is no longer supported. This parameter has no effect and is always `True`.
  edge_data = poly.extract_all_edges(use_all_points=True, clear_data=True)
/cis/home/rwang183/my_documents/BDD/SpineDetect-shengwen-branch/SpineDetect/tpm_simulator/microns_env/lib/python3.12/site-packages/meshmash/utils.py:36: PyVistaDeprecationWarning: Parameter 'use_all_points' is deprecated since VTK < 9.2 is no longer supported. This parameter has no effect and is always `True`.
  edge_data = poly.extract_all_edges(use_all_points=True, clear_data=True)
/cis/home/rwang183/my_documents/BDD/SpineDetect-shengwen-branch/SpineDetect/tpm_simulator/microns_env/lib/python3.12/site-packages/meshmash/utils.py:36: PyVistaDeprecationWarning: Parameter 'use_all_points' is deprecated since VTK < 9.2 is no longer supported. This parameter has no effect and is always `True`.
  edge_data = poly.extract_all_edges(use_all_points=True, clear_data=True)
/cis/home/rwang183/my_documents/BDD/SpineDetect-shengwen-branch/SpineDetect/tpm_simulator/microns_env/lib/python3.12/site-packages/meshmash/utils.py:36: PyVistaDeprecationWarning: Parameter 'use_all_points' is deprecated since VTK < 9.2 is no longer supported. This parameter has no effect and is always `True`.
  edge_data = poly.extract_all_edges(use_all_points=True, clear_data=True)
/cis/home/rwang183/my_documents/BDD/SpineDetect-shengwen-branch/SpineDetect/tpm_simulator/microns_env/lib/python3.12/site-packages/meshmash/utils.py:36: PyVistaDeprecationWarning: Parameter 'use_all_points' is deprecated since VTK < 9.2 is no longer supported. This parameter has no effect and is always `True`.
  edge_data = poly.extract_all_edges(use_all_points=True, clear_data=True)
/cis/home/rwang183/my_documents/BDD/SpineDetect-shengwen-branch/SpineDetect/tpm_simulator/microns_env/lib/python3.12/site-packages/meshmash/utils.py:36: PyVistaDeprecationWarning: Parameter 'use_all_points' is deprecated since VTK < 9.2 is no longer supported. This parameter has no effect and is always `True`.
  edge_data = poly.extract_all_edges(use_all_points=True, clear_data=True)
/cis/home/rwang183/my_documents/BDD/SpineDetect-shengwen-branch/SpineDetect/tpm_simulator/microns_env/lib/python3.12/site-packages/meshmash/utils.py:36: PyVistaDeprecationWarning: Parameter 'use_all_points' is deprecated since VTK < 9.2 is no longer supported. This parameter has no effect and is always `True`.
  edge_data = poly.extract_all_edges(use_all_points=True, clear_data=True)
/cis/home/rwang183/my_documents/BDD/SpineDetect-shengwen-branch/SpineDetect/tpm_simulator/microns_env/lib/python3.12/site-packages/meshmash/utils.py:36: PyVistaDeprecationWarning: Parameter 'use_all_points' is deprecated since VTK < 9.2 is no longer supported. This parameter has no effect and is always `True`.
  edge_data = poly.extract_all_edges(use_all_points=True, clear_data=True)

Applying function agglomerate_mesh:   2%|▏         | 1/52 [00:00<00:32,  1.55it/s]/cis/home/rwang183/my_documents/BDD/SpineDetect-shengwen-branch/SpineDetect/tpm_simulator/microns_env/lib/python3.12/site-packages/meshmash/utils.py:36: PyVistaDeprecationWarning: Parameter 'use_all_points' is deprecated since VTK < 9.2 is no longer supported. This parameter has no effect and is always `True`.
  edge_data = poly.extract_all_edges(use_all_points=True, clear_data=True)
/cis/home/rwang183/my_documents/BDD/SpineDetect-shengwen-branch/SpineDetect/tpm_simulator/microns_env/lib/python3.12/site-packages/meshmash/utils.py:36: PyVistaDeprecationWarning: Parameter 'use_all_points' is deprecated since VTK < 9.2 is no longer supported. This parameter has no effect and is always `True`.
  edge_data = poly.extract_all_edges(use_all_points=True, clear_data=True)
/cis/home/rwang183/my_documents/BDD/SpineDetect-shengwen-branch/SpineDetect/tpm_simulator/microns_env/lib/python3.12/site-packages/meshmash/utils.py:36: PyVistaDeprecationWarning: Parameter 'use_all_points' is deprecated since VTK < 9.2 is no longer supported. This parameter has no effect and is always `True`.
  edge_data = poly.extract_all_edges(use_all_points=True, clear_data=True)
/cis/home/rwang183/my_documents/BDD/SpineDetect-shengwen-branch/SpineDetect/tpm_simulator/microns_env/lib/python3.12/site-packages/meshmash/utils.py:36: PyVistaDeprecationWarning: Parameter 'use_all_points' is deprecated since VTK < 9.2 is no longer supported. This parameter has no effect and is always `True`.
  edge_data = poly.extract_all_edges(use_all_points=True, clear_data=True)
/cis/home/rwang183/my_documents/BDD/SpineDetect-shengwen-branch/SpineDetect/tpm_simulator/microns_env/lib/python3.12/site-packages/meshmash/utils.py:36: PyVistaDeprecationWarning: Parameter 'use_all_points' is deprecated since VTK < 9.2 is no longer supported. This parameter has no effect and is always `True`.
  edge_data = poly.extract_all_edges(use_all_points=True, clear_data=True)

Applying function agglomerate_mesh:   6%|▌         | 3/52 [00:01<00:17,  2.81it/s]
Applying function agglomerate_mesh:   8%|▊         | 4/52 [00:01<00:14,  3.43it/s]
Applying function agglomerate_mesh:  12%|█▏        | 6/52 [00:01<00:08,  5.67it/s]
Applying function agglomerate_mesh:  17%|█▋        | 9/52 [00:01<00:04,  9.69it/s]
Applying function agglomerate_mesh:  33%|███▎      | 17/52 [00:01<00:01, 22.33it/s]
Applying function agglomerate_mesh:  40%|████      | 21/52 [00:01<00:01, 22.36it/s]
Applying function agglomerate_mesh:  56%|█████▌    | 29/52 [00:02<00:00, 28.60it/s]
Applying function agglomerate_mesh:  69%|██████▉   | 36/52 [00:02<00:00, 36.21it/s]
Applying function agglomerate_mesh:  79%|███████▉  | 41/52 [00:03<00:00, 13.03it/s]
Applying function agglomerate_mesh:  87%|████████▋ | 45/52 [00:03<00:00, 11.30it/s]
Applying function agglomerate_mesh:  92%|█████████▏| 48/52 [00:04<00:00, 10.81it/s]
Applying function agglomerate_mesh: 100%|██████████| 52/52 [00:04<00:00, 13.40it/s]
Applying function agglomerate_mesh: 100%|██████████| 52/52 [00:04<00:00, 12.28it/s]
/cis/home/rwang183/my_documents/BDD/SpineDetect-shengwen-branch/SpineDetect/tpm_simulator/microns_env/lib/python3.12/site-packages/meshmash/utils.py:26: PyVistaDeprecationWarning: Parameter 'use_all_points' is deprecated since VTK < 9.2 is no longer supported. This parameter has no effect and is always `True`.
  edge_data = poly.extract_all_edges(use_all_points=True, clear_data=True)
/cis/home/rwang183/my_documents/BDD/SpineDetect-shengwen-branch/SpineDetect/tpm_simulator/microns_env/lib/python3.12/site-packages/meshmash/utils.py:36: PyVistaDeprecationWarning: Parameter 'use_all_points' is deprecated since VTK < 9.2 is no longer supported. This parameter has no effect and is always `True`.
  edge_data = poly.extract_all_edges(use_all_points=True, clear_data=True)
/cis/home/rwang183/my_documents/BDD/SpineDetect-shengwen-branch/SpineDetect/tpm_simulator/microns_env/lib/python3.12/site-packages/meshmash/utils.py:36: PyVistaDeprecationWarning: Parameter 'use_all_points' is deprecated since VTK < 9.2 is no longer supported. This parameter has no effect and is always `True`.
  edge_data = poly.extract_all_edges(use_all_points=True, clear_data=True)
/cis/home/rwang183/my_documents/BDD/SpineDetect-shengwen-branch/SpineDetect/tpm_simulator/microns_env/lib/python3.12/site-packages/meshmash/utils.py:36: PyVistaDeprecationWarning: Parameter 'use_all_points' is deprecated since VTK < 9.2 is no longer supported. This parameter has no effect and is always `True`.
  edge_data = poly.extract_all_edges(use_all_points=True, clear_data=True)
/cis/home/rwang183/my_documents/BDD/SpineDetect-shengwen-branch/SpineDetect/tpm_simulator/microns_env/lib/python3.12/site-packages/meshmash/utils.py:36: PyVistaDeprecationWarning: Parameter 'use_all_points' is deprecated since VTK < 9.2 is no longer supported. This parameter has no effect and is always `True`.
  edge_data = poly.extract_all_edges(use_all_points=True, clear_data=True)
  Success! HKS computed for root_id 864691135946059812.

Processing root_id: 864691135473092146
  Loaded mesh with 2146311 vertices and 4308355 faces.
Subdividing mesh...
Meshes in queue: 2
Finding overlapping submeshes...
Computing HKS across submeshes...

Applying function compute_hks:   0%|          | 0/50 [00:00<?, ?it/s]
Applying function compute_hks:   2%|▏         | 1/50 [00:02<02:06,  2.57s/it]
Applying function compute_hks:   4%|▍         | 2/50 [00:07<03:01,  3.78s/it]
Applying function compute_hks:   6%|▌         | 3/50 [00:07<01:46,  2.27s/it]
Applying function compute_hks:   8%|▊         | 4/50 [00:08<01:17,  1.67s/it]
Applying function compute_hks:  10%|█         | 5/50 [00:10<01:23,  1.85s/it]
Applying function compute_hks:  12%|█▏        | 6/50 [00:11<01:04,  1.47s/it]
Applying function compute_hks:  14%|█▍        | 7/50 [00:11<00:47,  1.11s/it]
Applying function compute_hks:  16%|█▌        | 8/50 [00:11<00:33,  1.25it/s]
Applying function compute_hks:  18%|█▊        | 9/50 [00:12<00:24,  1.67it/s]
Applying function compute_hks:  20%|██        | 10/50 [00:12<00:18,  2.16it/s]
Applying function compute_hks:  22%|██▏       | 11/50 [00:12<00:14,  2.78it/s]
Applying function compute_hks:  24%|██▍       | 12/50 [00:13<00:19,  1.97it/s]
Applying function compute_hks:  26%|██▌       | 13/50 [00:13<00:18,  1.98it/s]
Applying function compute_hks:  30%|███       | 15/50 [00:13<00:10,  3.28it/s]
Applying function compute_hks:  32%|███▏      | 16/50 [00:14<00:13,  2.61it/s]
Applying function compute_hks:  34%|███▍      | 17/50 [00:14<00:11,  2.92it/s]
Applying function compute_hks:  36%|███▌      | 18/50 [00:15<00:16,  1.92it/s]
Applying function compute_hks:  38%|███▊      | 19/50 [00:16<00:18,  1.66it/s]
Applying function compute_hks:  40%|████      | 20/50 [00:17<00:20,  1.48it/s]
Applying function compute_hks:  42%|████▏     | 21/50 [00:17<00:17,  1.69it/s]
Applying function compute_hks:  44%|████▍     | 22/50 [00:18<00:19,  1.44it/s]
Applying function compute_hks:  46%|████▌     | 23/50 [00:19<00:16,  1.61it/s]
Applying function compute_hks:  48%|████▊     | 24/50 [00:19<00:12,  2.10it/s]
Applying function compute_hks:  52%|█████▏    | 26/50 [00:19<00:10,  2.35it/s]
Applying function compute_hks:  56%|█████▌    | 28/50 [00:20<00:06,  3.16it/s]
Applying function compute_hks:  58%|█████▊    | 29/50 [00:20<00:05,  3.61it/s]
Applying function compute_hks:  60%|██████    | 30/50 [00:20<00:05,  3.96it/s]
Applying function compute_hks:  62%|██████▏   | 31/50 [00:20<00:04,  4.26it/s]
Applying function compute_hks:  64%|██████▍   | 32/50 [00:21<00:07,  2.31it/s]
Applying function compute_hks:  66%|██████▌   | 33/50 [00:22<00:08,  2.04it/s]
Applying function compute_hks:  68%|██████▊   | 34/50 [00:22<00:06,  2.39it/s]
Applying function compute_hks:  70%|███████   | 35/50 [00:23<00:08,  1.79it/s]
Applying function compute_hks:  72%|███████▏  | 36/50 [00:24<00:10,  1.36it/s]
Applying function compute_hks:  74%|███████▍  | 37/50 [00:24<00:07,  1.63it/s]
Applying function compute_hks:  76%|███████▌  | 38/50 [00:25<00:07,  1.58it/s]
Applying function compute_hks:  78%|███████▊  | 39/50 [00:26<00:06,  1.70it/s]
Applying function compute_hks:  80%|████████  | 40/50 [00:26<00:05,  1.77it/s]
Applying function compute_hks:  82%|████████▏ | 41/50 [00:30<00:14,  1.65s/it]
Applying function compute_hks:  84%|████████▍ | 42/50 [00:31<00:09,  1.22s/it]
Applying function compute_hks:  86%|████████▌ | 43/50 [00:37<00:19,  2.86s/it]
Applying function compute_hks:  88%|████████▊ | 44/50 [00:40<00:17,  2.92s/it]
Applying function compute_hks:  90%|█████████ | 45/50 [00:41<00:10,  2.15s/it]
Applying function compute_hks:  92%|█████████▏| 46/50 [00:41<00:06,  1.61s/it]
Applying function compute_hks:  94%|█████████▍| 47/50 [00:41<00:03,  1.22s/it]
Applying function compute_hks:  96%|█████████▌| 48/50 [00:41<00:01,  1.12it/s]
Applying function compute_hks:  98%|█████████▊| 49/50 [00:42<00:00,  1.36it/s]
Applying function compute_hks: 100%|██████████| 50/50 [00:42<00:00,  1.59it/s]
Applying function compute_hks: 100%|██████████| 50/50 [00:42<00:00,  1.17it/s]

Applying function agglomerate_mesh:   0%|          | 0/50 [00:00<?, ?it/s]/cis/home/rwang183/my_documents/BDD/SpineDetect-shengwen-branch/SpineDetect/tpm_simulator/microns_env/lib/python3.12/site-packages/meshmash/utils.py:36: PyVistaDeprecationWarning: Parameter 'use_all_points' is deprecated since VTK < 9.2 is no longer supported. This parameter has no effect and is always `True`.
  edge_data = poly.extract_all_edges(use_all_points=True, clear_data=True)
/cis/home/rwang183/my_documents/BDD/SpineDetect-shengwen-branch/SpineDetect/tpm_simulator/microns_env/lib/python3.12/site-packages/meshmash/utils.py:36: PyVistaDeprecationWarning: Parameter 'use_all_points' is deprecated since VTK < 9.2 is no longer supported. This parameter has no effect and is always `True`.
  edge_data = poly.extract_all_edges(use_all_points=True, clear_data=True)
/cis/home/rwang183/my_documents/BDD/SpineDetect-shengwen-branch/SpineDetect/tpm_simulator/microns_env/lib/python3.12/site-packages/meshmash/utils.py:36: PyVistaDeprecationWarning: Parameter 'use_all_points' is deprecated since VTK < 9.2 is no longer supported. This parameter has no effect and is always `True`.
  edge_data = poly.extract_all_edges(use_all_points=True, clear_data=True)
/cis/home/rwang183/my_documents/BDD/SpineDetect-shengwen-branch/SpineDetect/tpm_simulator/microns_env/lib/python3.12/site-packages/meshmash/utils.py:36: PyVistaDeprecationWarning: Parameter 'use_all_points' is deprecated since VTK < 9.2 is no longer supported. This parameter has no effect and is always `True`.
  edge_data = poly.extract_all_edges(use_all_points=True, clear_data=True)
/cis/home/rwang183/my_documents/BDD/SpineDetect-shengwen-branch/SpineDetect/tpm_simulator/microns_env/lib/python3.12/site-packages/meshmash/utils.py:36: PyVistaDeprecationWarning: Parameter 'use_all_points' is deprecated since VTK < 9.2 is no longer supported. This parameter has no effect and is always `True`.
  edge_data = poly.extract_all_edges(use_all_points=True, clear_data=True)
/cis/home/rwang183/my_documents/BDD/SpineDetect-shengwen-branch/SpineDetect/tpm_simulator/microns_env/lib/python3.12/site-packages/meshmash/utils.py:36: PyVistaDeprecationWarning: Parameter 'use_all_points' is deprecated since VTK < 9.2 is no longer supported. This parameter has no effect and is always `True`.
  edge_data = poly.extract_all_edges(use_all_points=True, clear_data=True)
/cis/home/rwang183/my_documents/BDD/SpineDetect-shengwen-branch/SpineDetect/tpm_simulator/microns_env/lib/python3.12/site-packages/meshmash/utils.py:36: PyVistaDeprecationWarning: Parameter 'use_all_points' is deprecated since VTK < 9.2 is no longer supported. This parameter has no effect and is always `True`.
  edge_data = poly.extract_all_edges(use_all_points=True, clear_data=True)
/cis/home/rwang183/my_documents/BDD/SpineDetect-shengwen-branch/SpineDetect/tpm_simulator/microns_env/lib/python3.12/site-packages/meshmash/utils.py:36: PyVistaDeprecationWarning: Parameter 'use_all_points' is deprecated since VTK < 9.2 is no longer supported. This parameter has no effect and is always `True`.
  edge_data = poly.extract_all_edges(use_all_points=True, clear_data=True)
/cis/home/rwang183/my_documents/BDD/SpineDetect-shengwen-branch/SpineDetect/tpm_simulator/microns_env/lib/python3.12/site-packages/meshmash/utils.py:36: PyVistaDeprecationWarning: Parameter 'use_all_points' is deprecated since VTK < 9.2 is no longer supported. This parameter has no effect and is always `True`.
  edge_data = poly.extract_all_edges(use_all_points=True, clear_data=True)
/cis/home/rwang183/my_documents/BDD/SpineDetect-shengwen-branch/SpineDetect/tpm_simulator/microns_env/lib/python3.12/site-packages/meshmash/utils.py:36: PyVistaDeprecationWarning: Parameter 'use_all_points' is deprecated since VTK < 9.2 is no longer supported. This parameter has no effect and is always `True`.
  edge_data = poly.extract_all_edges(use_all_points=True, clear_data=True)
/cis/home/rwang183/my_documents/BDD/SpineDetect-shengwen-branch/SpineDetect/tpm_simulator/microns_env/lib/python3.12/site-packages/meshmash/utils.py:36: PyVistaDeprecationWarning: Parameter 'use_all_points' is deprecated since VTK < 9.2 is no longer supported. This parameter has no effect and is always `True`.
  edge_data = poly.extract_all_edges(use_all_points=True, clear_data=True)
/cis/home/rwang183/my_documents/BDD/SpineDetect-shengwen-branch/SpineDetect/tpm_simulator/microns_env/lib/python3.12/site-packages/meshmash/utils.py:36: PyVistaDeprecationWarning: Parameter 'use_all_points' is deprecated since VTK < 9.2 is no longer supported. This parameter has no effect and is always `True`.
  edge_data = poly.extract_all_edges(use_all_points=True, clear_data=True)
/cis/home/rwang183/my_documents/BDD/SpineDetect-shengwen-branch/SpineDetect/tpm_simulator/microns_env/lib/python3.12/site-packages/meshmash/utils.py:36: PyVistaDeprecationWarning: Parameter 'use_all_points' is deprecated since VTK < 9.2 is no longer supported. This parameter has no effect and is always `True`.
  edge_data = poly.extract_all_edges(use_all_points=True, clear_data=True)
/cis/home/rwang183/my_documents/BDD/SpineDetect-shengwen-branch/SpineDetect/tpm_simulator/microns_env/lib/python3.12/site-packages/meshmash/utils.py:36: PyVistaDeprecationWarning: Parameter 'use_all_points' is deprecated since VTK < 9.2 is no longer supported. This parameter has no effect and is always `True`.
  edge_data = poly.extract_all_edges(use_all_points=True, clear_data=True)
/cis/home/rwang183/my_documents/BDD/SpineDetect-shengwen-branch/SpineDetect/tpm_simulator/microns_env/lib/python3.12/site-packages/meshmash/utils.py:36: PyVistaDeprecationWarning: Parameter 'use_all_points' is deprecated since VTK < 9.2 is no longer supported. This parameter has no effect and is always `True`.
  edge_data = poly.extract_all_edges(use_all_points=True, clear_data=True)
/cis/home/rwang183/my_documents/BDD/SpineDetect-shengwen-branch/SpineDetect/tpm_simulator/microns_env/lib/python3.12/site-packages/meshmash/utils.py:36: PyVistaDeprecationWarning: Parameter 'use_all_points' is deprecated since VTK < 9.2 is no longer supported. This parameter has no effect and is always `True`.
  edge_data = poly.extract_all_edges(use_all_points=True, clear_data=True)
/cis/home/rwang183/my_documents/BDD/SpineDetect-shengwen-branch/SpineDetect/tpm_simulator/microns_env/lib/python3.12/site-packages/meshmash/utils.py:36: PyVistaDeprecationWarning: Parameter 'use_all_points' is deprecated since VTK < 9.2 is no longer supported. This parameter has no effect and is always `True`.
  edge_data = poly.extract_all_edges(use_all_points=True, clear_data=True)
/cis/home/rwang183/my_documents/BDD/SpineDetect-shengwen-branch/SpineDetect/tpm_simulator/microns_env/lib/python3.12/site-packages/meshmash/utils.py:36: PyVistaDeprecationWarning: Parameter 'use_all_points' is deprecated since VTK < 9.2 is no longer supported. This parameter has no effect and is always `True`.
  edge_data = poly.extract_all_edges(use_all_points=True, clear_data=True)
/cis/home/rwang183/my_documents/BDD/SpineDetect-shengwen-branch/SpineDetect/tpm_simulator/microns_env/lib/python3.12/site-packages/meshmash/utils.py:36: PyVistaDeprecationWarning: Parameter 'use_all_points' is deprecated since VTK < 9.2 is no longer supported. This parameter has no effect and is always `True`.
  edge_data = poly.extract_all_edges(use_all_points=True, clear_data=True)
/cis/home/rwang183/my_documents/BDD/SpineDetect-shengwen-branch/SpineDetect/tpm_simulator/microns_env/lib/python3.12/site-packages/meshmash/utils.py:36: PyVistaDeprecationWarning: Parameter 'use_all_points' is deprecated since VTK < 9.2 is no longer supported. This parameter has no effect and is always `True`.
  edge_data = poly.extract_all_edges(use_all_points=True, clear_data=True)
/cis/home/rwang183/my_documents/BDD/SpineDetect-shengwen-branch/SpineDetect/tpm_simulator/microns_env/lib/python3.12/site-packages/meshmash/utils.py:36: PyVistaDeprecationWarning: Parameter 'use_all_points' is deprecated since VTK < 9.2 is no longer supported. This parameter has no effect and is always `True`.
  edge_data = poly.extract_all_edges(use_all_points=True, clear_data=True)
/cis/home/rwang183/my_documents/BDD/SpineDetect-shengwen-branch/SpineDetect/tpm_simulator/microns_env/lib/python3.12/site-packages/meshmash/utils.py:36: PyVistaDeprecationWarning: Parameter 'use_all_points' is deprecated since VTK < 9.2 is no longer supported. This parameter has no effect and is always `True`.
  edge_data = poly.extract_all_edges(use_all_points=True, clear_data=True)
/cis/home/rwang183/my_documents/BDD/SpineDetect-shengwen-branch/SpineDetect/tpm_simulator/microns_env/lib/python3.12/site-packages/meshmash/utils.py:36: PyVistaDeprecationWarning: Parameter 'use_all_points' is deprecated since VTK < 9.2 is no longer supported. This parameter has no effect and is always `True`.
  edge_data = poly.extract_all_edges(use_all_points=True, clear_data=True)
/cis/home/rwang183/my_documents/BDD/SpineDetect-shengwen-branch/SpineDetect/tpm_simulator/microns_env/lib/python3.12/site-packages/meshmash/utils.py:36: PyVistaDeprecationWarning: Parameter 'use_all_points' is deprecated since VTK < 9.2 is no longer supported. This parameter has no effect and is always `True`.
  edge_data = poly.extract_all_edges(use_all_points=True, clear_data=True)
/cis/home/rwang183/my_documents/BDD/SpineDetect-shengwen-branch/SpineDetect/tpm_simulator/microns_env/lib/python3.12/site-packages/meshmash/utils.py:36: PyVistaDeprecationWarning: Parameter 'use_all_points' is deprecated since VTK < 9.2 is no longer supported. This parameter has no effect and is always `True`.
  edge_data = poly.extract_all_edges(use_all_points=True, clear_data=True)
/cis/home/rwang183/my_documents/BDD/SpineDetect-shengwen-branch/SpineDetect/tpm_simulator/microns_env/lib/python3.12/site-packages/meshmash/utils.py:36: PyVistaDeprecationWarning: Parameter 'use_all_points' is deprecated since VTK < 9.2 is no longer supported. This parameter has no effect and is always `True`.
  edge_data = poly.extract_all_edges(use_all_points=True, clear_data=True)
/cis/home/rwang183/my_documents/BDD/SpineDetect-shengwen-branch/SpineDetect/tpm_simulator/microns_env/lib/python3.12/site-packages/meshmash/utils.py:36: PyVistaDeprecationWarning: Parameter 'use_all_points' is deprecated since VTK < 9.2 is no longer supported. This parameter has no effect and is always `True`.
  edge_data = poly.extract_all_edges(use_all_points=True, clear_data=True)
/cis/home/rwang183/my_documents/BDD/SpineDetect-shengwen-branch/SpineDetect/tpm_simulator/microns_env/lib/python3.12/site-packages/meshmash/utils.py:36: PyVistaDeprecationWarning: Parameter 'use_all_points' is deprecated since VTK < 9.2 is no longer supported. This parameter has no effect and is always `True`.
  edge_data = poly.extract_all_edges(use_all_points=True, clear_data=True)
/cis/home/rwang183/my_documents/BDD/SpineDetect-shengwen-branch/SpineDetect/tpm_simulator/microns_env/lib/python3.12/site-packages/meshmash/utils.py:36: PyVistaDeprecationWarning: Parameter 'use_all_points' is deprecated since VTK < 9.2 is no longer supported. This parameter has no effect and is always `True`.
  edge_data = poly.extract_all_edges(use_all_points=True, clear_data=True)
/cis/home/rwang183/my_documents/BDD/SpineDetect-shengwen-branch/SpineDetect/tpm_simulator/microns_env/lib/python3.12/site-packages/meshmash/utils.py:36: PyVistaDeprecationWarning: Parameter 'use_all_points' is deprecated since VTK < 9.2 is no longer supported. This parameter has no effect and is always `True`.
  edge_data = poly.extract_all_edges(use_all_points=True, clear_data=True)
/cis/home/rwang183/my_documents/BDD/SpineDetect-shengwen-branch/SpineDetect/tpm_simulator/microns_env/lib/python3.12/site-packages/meshmash/utils.py:36: PyVistaDeprecationWarning: Parameter 'use_all_points' is deprecated since VTK < 9.2 is no longer supported. This parameter has no effect and is always `True`.
  edge_data = poly.extract_all_edges(use_all_points=True, clear_data=True)
/cis/home/rwang183/my_documents/BDD/SpineDetect-shengwen-branch/SpineDetect/tpm_simulator/microns_env/lib/python3.12/site-packages/meshmash/utils.py:36: PyVistaDeprecationWarning: Parameter 'use_all_points' is deprecated since VTK < 9.2 is no longer supported. This parameter has no effect and is always `True`.
  edge_data = poly.extract_all_edges(use_all_points=True, clear_data=True)
/cis/home/rwang183/my_documents/BDD/SpineDetect-shengwen-branch/SpineDetect/tpm_simulator/microns_env/lib/python3.12/site-packages/meshmash/utils.py:36: PyVistaDeprecationWarning: Parameter 'use_all_points' is deprecated since VTK < 9.2 is no longer supported. This parameter has no effect and is always `True`.
  edge_data = poly.extract_all_edges(use_all_points=True, clear_data=True)
/cis/home/rwang183/my_documents/BDD/SpineDetect-shengwen-branch/SpineDetect/tpm_simulator/microns_env/lib/python3.12/site-packages/meshmash/utils.py:36: PyVistaDeprecationWarning: Parameter 'use_all_points' is deprecated since VTK < 9.2 is no longer supported. This parameter has no effect and is always `True`.
  edge_data = poly.extract_all_edges(use_all_points=True, clear_data=True)
/cis/home/rwang183/my_documents/BDD/SpineDetect-shengwen-branch/SpineDetect/tpm_simulator/microns_env/lib/python3.12/site-packages/meshmash/utils.py:36: PyVistaDeprecationWarning: Parameter 'use_all_points' is deprecated since VTK < 9.2 is no longer supported. This parameter has no effect and is always `True`.
  edge_data = poly.extract_all_edges(use_all_points=True, clear_data=True)
/cis/home/rwang183/my_documents/BDD/SpineDetect-shengwen-branch/SpineDetect/tpm_simulator/microns_env/lib/python3.12/site-packages/meshmash/utils.py:36: PyVistaDeprecationWarning: Parameter 'use_all_points' is deprecated since VTK < 9.2 is no longer supported. This parameter has no effect and is always `True`.
  edge_data = poly.extract_all_edges(use_all_points=True, clear_data=True)
/cis/home/rwang183/my_documents/BDD/SpineDetect-shengwen-branch/SpineDetect/tpm_simulator/microns_env/lib/python3.12/site-packages/meshmash/utils.py:36: PyVistaDeprecationWarning: Parameter 'use_all_points' is deprecated since VTK < 9.2 is no longer supported. This parameter has no effect and is always `True`.
  edge_data = poly.extract_all_edges(use_all_points=True, clear_data=True)
/cis/home/rwang183/my_documents/BDD/SpineDetect-shengwen-branch/SpineDetect/tpm_simulator/microns_env/lib/python3.12/site-packages/meshmash/utils.py:36: PyVistaDeprecationWarning: Parameter 'use_all_points' is deprecated since VTK < 9.2 is no longer supported. This parameter has no effect and is always `True`.
  edge_data = poly.extract_all_edges(use_all_points=True, clear_data=True)
/cis/home/rwang183/my_documents/BDD/SpineDetect-shengwen-branch/SpineDetect/tpm_simulator/microns_env/lib/python3.12/site-packages/meshmash/utils.py:36: PyVistaDeprecationWarning: Parameter 'use_all_points' is deprecated since VTK < 9.2 is no longer supported. This parameter has no effect and is always `True`.
  edge_data = poly.extract_all_edges(use_all_points=True, clear_data=True)
/cis/home/rwang183/my_documents/BDD/SpineDetect-shengwen-branch/SpineDetect/tpm_simulator/microns_env/lib/python3.12/site-packages/meshmash/utils.py:36: PyVistaDeprecationWarning: Parameter 'use_all_points' is deprecated since VTK < 9.2 is no longer supported. This parameter has no effect and is always `True`.
  edge_data = poly.extract_all_edges(use_all_points=True, clear_data=True)
/cis/home/rwang183/my_documents/BDD/SpineDetect-shengwen-branch/SpineDetect/tpm_simulator/microns_env/lib/python3.12/site-packages/meshmash/utils.py:36: PyVistaDeprecationWarning: Parameter 'use_all_points' is deprecated since VTK < 9.2 is no longer supported. This parameter has no effect and is always `True`.
  edge_data = poly.extract_all_edges(use_all_points=True, clear_data=True)
/cis/home/rwang183/my_documents/BDD/SpineDetect-shengwen-branch/SpineDetect/tpm_simulator/microns_env/lib/python3.12/site-packages/meshmash/utils.py:36: PyVistaDeprecationWarning: Parameter 'use_all_points' is deprecated since VTK < 9.2 is no longer supported. This parameter has no effect and is always `True`.
  edge_data = poly.extract_all_edges(use_all_points=True, clear_data=True)
/cis/home/rwang183/my_documents/BDD/SpineDetect-shengwen-branch/SpineDetect/tpm_simulator/microns_env/lib/python3.12/site-packages/meshmash/utils.py:36: PyVistaDeprecationWarning: Parameter 'use_all_points' is deprecated since VTK < 9.2 is no longer supported. This parameter has no effect and is always `True`.
  edge_data = poly.extract_all_edges(use_all_points=True, clear_data=True)
/cis/home/rwang183/my_documents/BDD/SpineDetect-shengwen-branch/SpineDetect/tpm_simulator/microns_env/lib/python3.12/site-packages/meshmash/utils.py:36: PyVistaDeprecationWarning: Parameter 'use_all_points' is deprecated since VTK < 9.2 is no longer supported. This parameter has no effect and is always `True`.
  edge_data = poly.extract_all_edges(use_all_points=True, clear_data=True)
/cis/home/rwang183/my_documents/BDD/SpineDetect-shengwen-branch/SpineDetect/tpm_simulator/microns_env/lib/python3.12/site-packages/meshmash/utils.py:36: PyVistaDeprecationWarning: Parameter 'use_all_points' is deprecated since VTK < 9.2 is no longer supported. This parameter has no effect and is always `True`.
  edge_data = poly.extract_all_edges(use_all_points=True, clear_data=True)
/cis/home/rwang183/my_documents/BDD/SpineDetect-shengwen-branch/SpineDetect/tpm_simulator/microns_env/lib/python3.12/site-packages/meshmash/utils.py:36: PyVistaDeprecationWarning: Parameter 'use_all_points' is deprecated since VTK < 9.2 is no longer supported. This parameter has no effect and is always `True`.
  edge_data = poly.extract_all_edges(use_all_points=True, clear_data=True)
/cis/home/rwang183/my_documents/BDD/SpineDetect-shengwen-branch/SpineDetect/tpm_simulator/microns_env/lib/python3.12/site-packages/meshmash/utils.py:36: PyVistaDeprecationWarning: Parameter 'use_all_points' is deprecated since VTK < 9.2 is no longer supported. This parameter has no effect and is always `True`.
  edge_data = poly.extract_all_edges(use_all_points=True, clear_data=True)
/cis/home/rwang183/my_documents/BDD/SpineDetect-shengwen-branch/SpineDetect/tpm_simulator/microns_env/lib/python3.12/site-packages/meshmash/utils.py:36: PyVistaDeprecationWarning: Parameter 'use_all_points' is deprecated since VTK < 9.2 is no longer supported. This parameter has no effect and is always `True`.
  edge_data = poly.extract_all_edges(use_all_points=True, clear_data=True)
/cis/home/rwang183/my_documents/BDD/SpineDetect-shengwen-branch/SpineDetect/tpm_simulator/microns_env/lib/python3.12/site-packages/meshmash/utils.py:36: PyVistaDeprecationWarning: Parameter 'use_all_points' is deprecated since VTK < 9.2 is no longer supported. This parameter has no effect and is always `True`.
  edge_data = poly.extract_all_edges(use_all_points=True, clear_data=True)
/cis/home/rwang183/my_documents/BDD/SpineDetect-shengwen-branch/SpineDetect/tpm_simulator/microns_env/lib/python3.12/site-packages/meshmash/utils.py:36: PyVistaDeprecationWarning: Parameter 'use_all_points' is deprecated since VTK < 9.2 is no longer supported. This parameter has no effect and is always `True`.
  edge_data = poly.extract_all_edges(use_all_points=True, clear_data=True)

Applying function agglomerate_mesh:   2%|▏         | 1/50 [00:01<01:07,  1.37s/it]
Applying function agglomerate_mesh:   8%|▊         | 4/50 [00:01<00:13,  3.49it/s]
Applying function agglomerate_mesh:  12%|█▏        | 6/50 [00:01<00:08,  4.96it/s]
Applying function agglomerate_mesh:  20%|██        | 10/50 [00:01<00:04,  8.93it/s]
Applying function agglomerate_mesh:  32%|███▏      | 16/50 [00:01<00:02, 16.37it/s]
Applying function agglomerate_mesh:  42%|████▏     | 21/50 [00:02<00:01, 19.94it/s]
Applying function agglomerate_mesh:  50%|█████     | 25/50 [00:02<00:01, 21.51it/s]
Applying function agglomerate_mesh:  56%|█████▌    | 28/50 [00:02<00:01, 21.87it/s]
Applying function agglomerate_mesh:  64%|██████▍   | 32/50 [00:02<00:00, 24.82it/s]
Applying function agglomerate_mesh:  70%|███████   | 35/50 [00:02<00:00, 25.20it/s]
Applying function agglomerate_mesh:  76%|███████▌  | 38/50 [00:02<00:00, 19.89it/s]
Applying function agglomerate_mesh:  82%|████████▏ | 41/50 [00:03<00:00, 15.32it/s]
Applying function agglomerate_mesh:  86%|████████▌ | 43/50 [00:03<00:00, 11.42it/s]
Applying function agglomerate_mesh:  90%|█████████ | 45/50 [00:03<00:00, 10.49it/s]
Applying function agglomerate_mesh:  94%|█████████▍| 47/50 [00:03<00:00, 11.12it/s]
Applying function agglomerate_mesh:  98%|█████████▊| 49/50 [00:04<00:00, 10.09it/s]
Applying function agglomerate_mesh: 100%|██████████| 50/50 [00:04<00:00, 10.67it/s]
/cis/home/rwang183/my_documents/BDD/SpineDetect-shengwen-branch/SpineDetect/tpm_simulator/microns_env/lib/python3.12/site-packages/meshmash/utils.py:26: PyVistaDeprecationWarning: Parameter 'use_all_points' is deprecated since VTK < 9.2 is no longer supported. This parameter has no effect and is always `True`.
  edge_data = poly.extract_all_edges(use_all_points=True, clear_data=True)
/cis/home/rwang183/my_documents/BDD/SpineDetect-shengwen-branch/SpineDetect/tpm_simulator/microns_env/lib/python3.12/site-packages/meshmash/utils.py:36: PyVistaDeprecationWarning: Parameter 'use_all_points' is deprecated since VTK < 9.2 is no longer supported. This parameter has no effect and is always `True`.
  edge_data = poly.extract_all_edges(use_all_points=True, clear_data=True)
/cis/home/rwang183/my_documents/BDD/SpineDetect-shengwen-branch/SpineDetect/tpm_simulator/microns_env/lib/python3.12/site-packages/meshmash/utils.py:36: PyVistaDeprecationWarning: Parameter 'use_all_points' is deprecated since VTK < 9.2 is no longer supported. This parameter has no effect and is always `True`.
  edge_data = poly.extract_all_edges(use_all_points=True, clear_data=True)
/cis/home/rwang183/my_documents/BDD/SpineDetect-shengwen-branch/SpineDetect/tpm_simulator/microns_env/lib/python3.12/site-packages/meshmash/utils.py:36: PyVistaDeprecationWarning: Parameter 'use_all_points' is deprecated since VTK < 9.2 is no longer supported. This parameter has no effect and is always `True`.
  edge_data = poly.extract_all_edges(use_all_points=True, clear_data=True)
/cis/home/rwang183/my_documents/BDD/SpineDetect-shengwen-branch/SpineDetect/tpm_simulator/microns_env/lib/python3.12/site-packages/meshmash/utils.py:36: PyVistaDeprecationWarning: Parameter 'use_all_points' is deprecated since VTK < 9.2 is no longer supported. This parameter has no effect and is always `True`.
  edge_data = poly.extract_all_edges(use_all_points=True, clear_data=True)
  Success! HKS computed for root_id 864691135473092146.

Processing root_id: 864691135865103580
  Loaded mesh with 3825033 vertices and 7643768 faces.
Subdividing mesh...
Meshes in queue: 5
Meshes in queue: 8
Finding overlapping submeshes...
Computing HKS across submeshes...

Applying function compute_hks:   0%|          | 0/89 [00:00<?, ?it/s]
Applying function compute_hks:   1%|          | 1/89 [00:12<18:53, 12.88s/it]
Applying function compute_hks:   2%|▏         | 2/89 [00:14<08:59,  6.20s/it]
Applying function compute_hks:   3%|▎         | 3/89 [00:14<04:57,  3.46s/it]
Applying function compute_hks:   4%|▍         | 4/89 [00:14<03:11,  2.25s/it]
Applying function compute_hks:   6%|▌         | 5/89 [00:15<02:12,  1.58s/it]
Applying function compute_hks:   7%|▋         | 6/89 [00:15<01:36,  1.16s/it]
Applying function compute_hks:   8%|▊         | 7/89 [00:15<01:09,  1.17it/s]
Applying function compute_hks:  10%|█         | 9/89 [00:16<00:37,  2.11it/s]
Applying function compute_hks:  12%|█▏        | 11/89 [00:16<00:29,  2.65it/s]
Applying function compute_hks:  13%|█▎        | 12/89 [00:17<00:41,  1.87it/s]
Applying function compute_hks:  15%|█▍        | 13/89 [00:17<00:32,  2.33it/s]
Applying function compute_hks:  16%|█▌        | 14/89 [00:18<00:36,  2.07it/s]
Applying function compute_hks:  17%|█▋        | 15/89 [00:18<00:28,  2.63it/s]
Applying function compute_hks:  18%|█▊        | 16/89 [00:18<00:24,  2.94it/s]
Applying function compute_hks:  19%|█▉        | 17/89 [00:18<00:19,  3.63it/s]
Applying function compute_hks:  21%|██▏       | 19/89 [00:19<00:15,  4.61it/s]
Applying function compute_hks:  22%|██▏       | 20/89 [00:19<00:13,  5.06it/s]
Applying function compute_hks:  24%|██▎       | 21/89 [00:19<00:12,  5.48it/s]
Applying function compute_hks:  25%|██▍       | 22/89 [00:19<00:10,  6.13it/s]
Applying function compute_hks:  26%|██▌       | 23/89 [00:20<00:23,  2.76it/s]
Applying function compute_hks:  27%|██▋       | 24/89 [00:20<00:26,  2.49it/s]
Applying function compute_hks:  29%|██▉       | 26/89 [00:21<00:18,  3.44it/s]
Applying function compute_hks:  30%|███       | 27/89 [00:22<00:26,  2.37it/s]
Applying function compute_hks:  31%|███▏      | 28/89 [00:22<00:23,  2.63it/s]
Applying function compute_hks:  33%|███▎      | 29/89 [00:22<00:18,  3.22it/s]
Applying function compute_hks:  34%|███▎      | 30/89 [00:22<00:17,  3.32it/s]
Applying function compute_hks:  37%|███▋      | 33/89 [00:22<00:09,  6.20it/s]
Applying function compute_hks:  39%|███▉      | 35/89 [00:23<00:07,  6.93it/s]
Applying function compute_hks:  40%|████      | 36/89 [00:23<00:07,  7.25it/s]
Applying function compute_hks:  42%|████▏     | 37/89 [00:23<00:07,  6.97it/s]
Applying function compute_hks:  43%|████▎     | 38/89 [00:24<00:15,  3.20it/s]
Applying function compute_hks:  44%|████▍     | 39/89 [00:24<00:19,  2.61it/s]
Applying function compute_hks:  46%|████▌     | 41/89 [00:25<00:20,  2.35it/s]
Applying function compute_hks:  49%|████▉     | 44/89 [00:26<00:15,  2.98it/s]
Applying function compute_hks:  51%|█████     | 45/89 [00:26<00:13,  3.32it/s]
Applying function compute_hks:  52%|█████▏    | 46/89 [00:26<00:13,  3.13it/s]
Applying function compute_hks:  53%|█████▎    | 47/89 [00:27<00:12,  3.43it/s]
Applying function compute_hks:  54%|█████▍    | 48/89 [00:27<00:10,  3.92it/s]
Applying function compute_hks:  55%|█████▌    | 49/89 [00:27<00:10,  3.94it/s]
Applying function compute_hks:  56%|█████▌    | 50/89 [00:27<00:09,  4.10it/s]
Applying function compute_hks:  57%|█████▋    | 51/89 [00:28<00:16,  2.26it/s]
Applying function compute_hks:  60%|█████▉    | 53/89 [00:29<00:13,  2.74it/s]
Applying function compute_hks:  62%|██████▏   | 55/89 [00:29<00:11,  2.90it/s]
Applying function compute_hks:  63%|██████▎   | 56/89 [00:31<00:17,  1.94it/s]
Applying function compute_hks:  64%|██████▍   | 57/89 [00:31<00:15,  2.07it/s]
Applying function compute_hks:  66%|██████▋   | 59/89 [00:31<00:09,  3.13it/s]
Applying function compute_hks:  69%|██████▊   | 61/89 [00:31<00:06,  4.08it/s]
Applying function compute_hks:  70%|██████▉   | 62/89 [00:32<00:07,  3.81it/s]
Applying function compute_hks:  71%|███████   | 63/89 [00:32<00:08,  3.03it/s]
Applying function compute_hks:  74%|███████▍  | 66/89 [00:32<00:04,  5.39it/s]
Applying function compute_hks:  76%|███████▋  | 68/89 [00:33<00:06,  3.24it/s]
Applying function compute_hks:  78%|███████▊  | 69/89 [00:34<00:08,  2.38it/s]
Applying function compute_hks:  79%|███████▊  | 70/89 [00:35<00:09,  1.96it/s]
Applying function compute_hks:  80%|███████▉  | 71/89 [00:37<00:13,  1.34it/s]
Applying function compute_hks:  81%|████████  | 72/89 [00:37<00:10,  1.59it/s]
Applying function compute_hks:  82%|████████▏ | 73/89 [00:43<00:33,  2.07s/it]
Applying function compute_hks:  84%|████████▍ | 75/89 [00:43<00:17,  1.23s/it]
Applying function compute_hks:  85%|████████▌ | 76/89 [00:45<00:16,  1.30s/it]
Applying function compute_hks:  87%|████████▋ | 77/89 [00:45<00:12,  1.03s/it]
Applying function compute_hks:  88%|████████▊ | 78/89 [00:47<00:13,  1.25s/it]
Applying function compute_hks:  90%|████████▉ | 80/89 [00:47<00:06,  1.32it/s]
Applying function compute_hks:  91%|█████████ | 81/89 [00:53<00:15,  1.90s/it]
Applying function compute_hks:  92%|█████████▏| 82/89 [00:53<00:10,  1.50s/it]
Applying function compute_hks:  93%|█████████▎| 83/89 [00:53<00:07,  1.17s/it]
Applying function compute_hks:  94%|█████████▍| 84/89 [00:54<00:04,  1.11it/s]
Applying function compute_hks:  97%|█████████▋| 86/89 [00:55<00:02,  1.28it/s]
Applying function compute_hks:  98%|█████████▊| 87/89 [00:56<00:01,  1.30it/s]
Applying function compute_hks: 100%|██████████| 89/89 [00:56<00:00,  1.70it/s]
Applying function compute_hks: 100%|██████████| 89/89 [00:56<00:00,  1.57it/s]

Applying function agglomerate_mesh:   0%|          | 0/89 [00:00<?, ?it/s]/cis/home/rwang183/my_documents/BDD/SpineDetect-shengwen-branch/SpineDetect/tpm_simulator/microns_env/lib/python3.12/site-packages/meshmash/utils.py:36: PyVistaDeprecationWarning: Parameter 'use_all_points' is deprecated since VTK < 9.2 is no longer supported. This parameter has no effect and is always `True`.
  edge_data = poly.extract_all_edges(use_all_points=True, clear_data=True)
/cis/home/rwang183/my_documents/BDD/SpineDetect-shengwen-branch/SpineDetect/tpm_simulator/microns_env/lib/python3.12/site-packages/meshmash/utils.py:36: PyVistaDeprecationWarning: Parameter 'use_all_points' is deprecated since VTK < 9.2 is no longer supported. This parameter has no effect and is always `True`.
  edge_data = poly.extract_all_edges(use_all_points=True, clear_data=True)
/cis/home/rwang183/my_documents/BDD/SpineDetect-shengwen-branch/SpineDetect/tpm_simulator/microns_env/lib/python3.12/site-packages/meshmash/utils.py:36: PyVistaDeprecationWarning: Parameter 'use_all_points' is deprecated since VTK < 9.2 is no longer supported. This parameter has no effect and is always `True`.
  edge_data = poly.extract_all_edges(use_all_points=True, clear_data=True)
/cis/home/rwang183/my_documents/BDD/SpineDetect-shengwen-branch/SpineDetect/tpm_simulator/microns_env/lib/python3.12/site-packages/meshmash/utils.py:36: PyVistaDeprecationWarning: Parameter 'use_all_points' is deprecated since VTK < 9.2 is no longer supported. This parameter has no effect and is always `True`.
  edge_data = poly.extract_all_edges(use_all_points=True, clear_data=True)
/cis/home/rwang183/my_documents/BDD/SpineDetect-shengwen-branch/SpineDetect/tpm_simulator/microns_env/lib/python3.12/site-packages/meshmash/utils.py:36: PyVistaDeprecationWarning: Parameter 'use_all_points' is deprecated since VTK < 9.2 is no longer supported. This parameter has no effect and is always `True`.
  edge_data = poly.extract_all_edges(use_all_points=True, clear_data=True)
/cis/home/rwang183/my_documents/BDD/SpineDetect-shengwen-branch/SpineDetect/tpm_simulator/microns_env/lib/python3.12/site-packages/meshmash/utils.py:36: PyVistaDeprecationWarning: Parameter 'use_all_points' is deprecated since VTK < 9.2 is no longer supported. This parameter has no effect and is always `True`.
  edge_data = poly.extract_all_edges(use_all_points=True, clear_data=True)
/cis/home/rwang183/my_documents/BDD/SpineDetect-shengwen-branch/SpineDetect/tpm_simulator/microns_env/lib/python3.12/site-packages/meshmash/utils.py:36: PyVistaDeprecationWarning: Parameter 'use_all_points' is deprecated since VTK < 9.2 is no longer supported. This parameter has no effect and is always `True`.
  edge_data = poly.extract_all_edges(use_all_points=True, clear_data=True)
/cis/home/rwang183/my_documents/BDD/SpineDetect-shengwen-branch/SpineDetect/tpm_simulator/microns_env/lib/python3.12/site-packages/meshmash/utils.py:36: PyVistaDeprecationWarning: Parameter 'use_all_points' is deprecated since VTK < 9.2 is no longer supported. This parameter has no effect and is always `True`.
  edge_data = poly.extract_all_edges(use_all_points=True, clear_data=True)
/cis/home/rwang183/my_documents/BDD/SpineDetect-shengwen-branch/SpineDetect/tpm_simulator/microns_env/lib/python3.12/site-packages/meshmash/utils.py:36: PyVistaDeprecationWarning: Parameter 'use_all_points' is deprecated since VTK < 9.2 is no longer supported. This parameter has no effect and is always `True`.
  edge_data = poly.extract_all_edges(use_all_points=True, clear_data=True)
/cis/home/rwang183/my_documents/BDD/SpineDetect-shengwen-branch/SpineDetect/tpm_simulator/microns_env/lib/python3.12/site-packages/meshmash/utils.py:36: PyVistaDeprecationWarning: Parameter 'use_all_points' is deprecated since VTK < 9.2 is no longer supported. This parameter has no effect and is always `True`.
  edge_data = poly.extract_all_edges(use_all_points=True, clear_data=True)
/cis/home/rwang183/my_documents/BDD/SpineDetect-shengwen-branch/SpineDetect/tpm_simulator/microns_env/lib/python3.12/site-packages/meshmash/utils.py:36: PyVistaDeprecationWarning: Parameter 'use_all_points' is deprecated since VTK < 9.2 is no longer supported. This parameter has no effect and is always `True`.
  edge_data = poly.extract_all_edges(use_all_points=True, clear_data=True)
/cis/home/rwang183/my_documents/BDD/SpineDetect-shengwen-branch/SpineDetect/tpm_simulator/microns_env/lib/python3.12/site-packages/meshmash/utils.py:36: PyVistaDeprecationWarning: Parameter 'use_all_points' is deprecated since VTK < 9.2 is no longer supported. This parameter has no effect and is always `True`.
  edge_data = poly.extract_all_edges(use_all_points=True, clear_data=True)
/cis/home/rwang183/my_documents/BDD/SpineDetect-shengwen-branch/SpineDetect/tpm_simulator/microns_env/lib/python3.12/site-packages/meshmash/utils.py:36: PyVistaDeprecationWarning: Parameter 'use_all_points' is deprecated since VTK < 9.2 is no longer supported. This parameter has no effect and is always `True`.
  edge_data = poly.extract_all_edges(use_all_points=True, clear_data=True)
/cis/home/rwang183/my_documents/BDD/SpineDetect-shengwen-branch/SpineDetect/tpm_simulator/microns_env/lib/python3.12/site-packages/meshmash/utils.py:36: PyVistaDeprecationWarning: Parameter 'use_all_points' is deprecated since VTK < 9.2 is no longer supported. This parameter has no effect and is always `True`.
  edge_data = poly.extract_all_edges(use_all_points=True, clear_data=True)
/cis/home/rwang183/my_documents/BDD/SpineDetect-shengwen-branch/SpineDetect/tpm_simulator/microns_env/lib/python3.12/site-packages/meshmash/utils.py:36: PyVistaDeprecationWarning: Parameter 'use_all_points' is deprecated since VTK < 9.2 is no longer supported. This parameter has no effect and is always `True`.
  edge_data = poly.extract_all_edges(use_all_points=True, clear_data=True)
/cis/home/rwang183/my_documents/BDD/SpineDetect-shengwen-branch/SpineDetect/tpm_simulator/microns_env/lib/python3.12/site-packages/meshmash/utils.py:36: PyVistaDeprecationWarning: Parameter 'use_all_points' is deprecated since VTK < 9.2 is no longer supported. This parameter has no effect and is always `True`.
  edge_data = poly.extract_all_edges(use_all_points=True, clear_data=True)
/cis/home/rwang183/my_documents/BDD/SpineDetect-shengwen-branch/SpineDetect/tpm_simulator/microns_env/lib/python3.12/site-packages/meshmash/utils.py:36: PyVistaDeprecationWarning: Parameter 'use_all_points' is deprecated since VTK < 9.2 is no longer supported. This parameter has no effect and is always `True`.
  edge_data = poly.extract_all_edges(use_all_points=True, clear_data=True)
/cis/home/rwang183/my_documents/BDD/SpineDetect-shengwen-branch/SpineDetect/tpm_simulator/microns_env/lib/python3.12/site-packages/meshmash/utils.py:36: PyVistaDeprecationWarning: Parameter 'use_all_points' is deprecated since VTK < 9.2 is no longer supported. This parameter has no effect and is always `True`.
  edge_data = poly.extract_all_edges(use_all_points=True, clear_data=True)
/cis/home/rwang183/my_documents/BDD/SpineDetect-shengwen-branch/SpineDetect/tpm_simulator/microns_env/lib/python3.12/site-packages/meshmash/utils.py:36: PyVistaDeprecationWarning: Parameter 'use_all_points' is deprecated since VTK < 9.2 is no longer supported. This parameter has no effect and is always `True`.
  edge_data = poly.extract_all_edges(use_all_points=True, clear_data=True)
/cis/home/rwang183/my_documents/BDD/SpineDetect-shengwen-branch/SpineDetect/tpm_simulator/microns_env/lib/python3.12/site-packages/meshmash/utils.py:36: PyVistaDeprecationWarning: Parameter 'use_all_points' is deprecated since VTK < 9.2 is no longer supported. This parameter has no effect and is always `True`.
  edge_data = poly.extract_all_edges(use_all_points=True, clear_data=True)
/cis/home/rwang183/my_documents/BDD/SpineDetect-shengwen-branch/SpineDetect/tpm_simulator/microns_env/lib/python3.12/site-packages/meshmash/utils.py:36: PyVistaDeprecationWarning: Parameter 'use_all_points' is deprecated since VTK < 9.2 is no longer supported. This parameter has no effect and is always `True`.
  edge_data = poly.extract_all_edges(use_all_points=True, clear_data=True)
/cis/home/rwang183/my_documents/BDD/SpineDetect-shengwen-branch/SpineDetect/tpm_simulator/microns_env/lib/python3.12/site-packages/meshmash/utils.py:36: PyVistaDeprecationWarning: Parameter 'use_all_points' is deprecated since VTK < 9.2 is no longer supported. This parameter has no effect and is always `True`.
  edge_data = poly.extract_all_edges(use_all_points=True, clear_data=True)
/cis/home/rwang183/my_documents/BDD/SpineDetect-shengwen-branch/SpineDetect/tpm_simulator/microns_env/lib/python3.12/site-packages/meshmash/utils.py:36: PyVistaDeprecationWarning: Parameter 'use_all_points' is deprecated since VTK < 9.2 is no longer supported. This parameter has no effect and is always `True`.
  edge_data = poly.extract_all_edges(use_all_points=True, clear_data=True)
/cis/home/rwang183/my_documents/BDD/SpineDetect-shengwen-branch/SpineDetect/tpm_simulator/microns_env/lib/python3.12/site-packages/meshmash/utils.py:36: PyVistaDeprecationWarning: Parameter 'use_all_points' is deprecated since VTK < 9.2 is no longer supported. This parameter has no effect and is always `True`.
  edge_data = poly.extract_all_edges(use_all_points=True, clear_data=True)
/cis/home/rwang183/my_documents/BDD/SpineDetect-shengwen-branch/SpineDetect/tpm_simulator/microns_env/lib/python3.12/site-packages/meshmash/utils.py:36: PyVistaDeprecationWarning: Parameter 'use_all_points' is deprecated since VTK < 9.2 is no longer supported. This parameter has no effect and is always `True`.
  edge_data = poly.extract_all_edges(use_all_points=True, clear_data=True)
/cis/home/rwang183/my_documents/BDD/SpineDetect-shengwen-branch/SpineDetect/tpm_simulator/microns_env/lib/python3.12/site-packages/meshmash/utils.py:36: PyVistaDeprecationWarning: Parameter 'use_all_points' is deprecated since VTK < 9.2 is no longer supported. This parameter has no effect and is always `True`.
  edge_data = poly.extract_all_edges(use_all_points=True, clear_data=True)
/cis/home/rwang183/my_documents/BDD/SpineDetect-shengwen-branch/SpineDetect/tpm_simulator/microns_env/lib/python3.12/site-packages/meshmash/utils.py:36: PyVistaDeprecationWarning: Parameter 'use_all_points' is deprecated since VTK < 9.2 is no longer supported. This parameter has no effect and is always `True`.
  edge_data = poly.extract_all_edges(use_all_points=True, clear_data=True)
/cis/home/rwang183/my_documents/BDD/SpineDetect-shengwen-branch/SpineDetect/tpm_simulator/microns_env/lib/python3.12/site-packages/meshmash/utils.py:36: PyVistaDeprecationWarning: Parameter 'use_all_points' is deprecated since VTK < 9.2 is no longer supported. This parameter has no effect and is always `True`.
  edge_data = poly.extract_all_edges(use_all_points=True, clear_data=True)
/cis/home/rwang183/my_documents/BDD/SpineDetect-shengwen-branch/SpineDetect/tpm_simulator/microns_env/lib/python3.12/site-packages/meshmash/utils.py:36: PyVistaDeprecationWarning: Parameter 'use_all_points' is deprecated since VTK < 9.2 is no longer supported. This parameter has no effect and is always `True`.
  edge_data = poly.extract_all_edges(use_all_points=True, clear_data=True)
/cis/home/rwang183/my_documents/BDD/SpineDetect-shengwen-branch/SpineDetect/tpm_simulator/microns_env/lib/python3.12/site-packages/meshmash/utils.py:36: PyVistaDeprecationWarning: Parameter 'use_all_points' is deprecated since VTK < 9.2 is no longer supported. This parameter has no effect and is always `True`.
  edge_data = poly.extract_all_edges(use_all_points=True, clear_data=True)
/cis/home/rwang183/my_documents/BDD/SpineDetect-shengwen-branch/SpineDetect/tpm_simulator/microns_env/lib/python3.12/site-packages/meshmash/utils.py:36: PyVistaDeprecationWarning: Parameter 'use_all_points' is deprecated since VTK < 9.2 is no longer supported. This parameter has no effect and is always `True`.
  edge_data = poly.extract_all_edges(use_all_points=True, clear_data=True)
/cis/home/rwang183/my_documents/BDD/SpineDetect-shengwen-branch/SpineDetect/tpm_simulator/microns_env/lib/python3.12/site-packages/meshmash/utils.py:36: PyVistaDeprecationWarning: Parameter 'use_all_points' is deprecated since VTK < 9.2 is no longer supported. This parameter has no effect and is always `True`.
  edge_data = poly.extract_all_edges(use_all_points=True, clear_data=True)
/cis/home/rwang183/my_documents/BDD/SpineDetect-shengwen-branch/SpineDetect/tpm_simulator/microns_env/lib/python3.12/site-packages/meshmash/utils.py:36: PyVistaDeprecationWarning: Parameter 'use_all_points' is deprecated since VTK < 9.2 is no longer supported. This parameter has no effect and is always `True`.
  edge_data = poly.extract_all_edges(use_all_points=True, clear_data=True)
/cis/home/rwang183/my_documents/BDD/SpineDetect-shengwen-branch/SpineDetect/tpm_simulator/microns_env/lib/python3.12/site-packages/meshmash/utils.py:36: PyVistaDeprecationWarning: Parameter 'use_all_points' is deprecated since VTK < 9.2 is no longer supported. This parameter has no effect and is always `True`.
  edge_data = poly.extract_all_edges(use_all_points=True, clear_data=True)
/cis/home/rwang183/my_documents/BDD/SpineDetect-shengwen-branch/SpineDetect/tpm_simulator/microns_env/lib/python3.12/site-packages/meshmash/utils.py:36: PyVistaDeprecationWarning: Parameter 'use_all_points' is deprecated since VTK < 9.2 is no longer supported. This parameter has no effect and is always `True`.
  edge_data = poly.extract_all_edges(use_all_points=True, clear_data=True)
/cis/home/rwang183/my_documents/BDD/SpineDetect-shengwen-branch/SpineDetect/tpm_simulator/microns_env/lib/python3.12/site-packages/meshmash/utils.py:36: PyVistaDeprecationWarning: Parameter 'use_all_points' is deprecated since VTK < 9.2 is no longer supported. This parameter has no effect and is always `True`.
  edge_data = poly.extract_all_edges(use_all_points=True, clear_data=True)
/cis/home/rwang183/my_documents/BDD/SpineDetect-shengwen-branch/SpineDetect/tpm_simulator/microns_env/lib/python3.12/site-packages/meshmash/utils.py:36: PyVistaDeprecationWarning: Parameter 'use_all_points' is deprecated since VTK < 9.2 is no longer supported. This parameter has no effect and is always `True`.
  edge_data = poly.extract_all_edges(use_all_points=True, clear_data=True)
/cis/home/rwang183/my_documents/BDD/SpineDetect-shengwen-branch/SpineDetect/tpm_simulator/microns_env/lib/python3.12/site-packages/meshmash/utils.py:36: PyVistaDeprecationWarning: Parameter 'use_all_points' is deprecated since VTK < 9.2 is no longer supported. This parameter has no effect and is always `True`.
  edge_data = poly.extract_all_edges(use_all_points=True, clear_data=True)
/cis/home/rwang183/my_documents/BDD/SpineDetect-shengwen-branch/SpineDetect/tpm_simulator/microns_env/lib/python3.12/site-packages/meshmash/utils.py:36: PyVistaDeprecationWarning: Parameter 'use_all_points' is deprecated since VTK < 9.2 is no longer supported. This parameter has no effect and is always `True`.
  edge_data = poly.extract_all_edges(use_all_points=True, clear_data=True)
/cis/home/rwang183/my_documents/BDD/SpineDetect-shengwen-branch/SpineDetect/tpm_simulator/microns_env/lib/python3.12/site-packages/meshmash/utils.py:36: PyVistaDeprecationWarning: Parameter 'use_all_points' is deprecated since VTK < 9.2 is no longer supported. This parameter has no effect and is always `True`.
  edge_data = poly.extract_all_edges(use_all_points=True, clear_data=True)
/cis/home/rwang183/my_documents/BDD/SpineDetect-shengwen-branch/SpineDetect/tpm_simulator/microns_env/lib/python3.12/site-packages/meshmash/utils.py:36: PyVistaDeprecationWarning: Parameter 'use_all_points' is deprecated since VTK < 9.2 is no longer supported. This parameter has no effect and is always `True`.
  edge_data = poly.extract_all_edges(use_all_points=True, clear_data=True)
/cis/home/rwang183/my_documents/BDD/SpineDetect-shengwen-branch/SpineDetect/tpm_simulator/microns_env/lib/python3.12/site-packages/meshmash/utils.py:36: PyVistaDeprecationWarning: Parameter 'use_all_points' is deprecated since VTK < 9.2 is no longer supported. This parameter has no effect and is always `True`.
  edge_data = poly.extract_all_edges(use_all_points=True, clear_data=True)
/cis/home/rwang183/my_documents/BDD/SpineDetect-shengwen-branch/SpineDetect/tpm_simulator/microns_env/lib/python3.12/site-packages/meshmash/utils.py:36: PyVistaDeprecationWarning: Parameter 'use_all_points' is deprecated since VTK < 9.2 is no longer supported. This parameter has no effect and is always `True`.
  edge_data = poly.extract_all_edges(use_all_points=True, clear_data=True)
/cis/home/rwang183/my_documents/BDD/SpineDetect-shengwen-branch/SpineDetect/tpm_simulator/microns_env/lib/python3.12/site-packages/meshmash/utils.py:36: PyVistaDeprecationWarning: Parameter 'use_all_points' is deprecated since VTK < 9.2 is no longer supported. This parameter has no effect and is always `True`.
  edge_data = poly.extract_all_edges(use_all_points=True, clear_data=True)
/cis/home/rwang183/my_documents/BDD/SpineDetect-shengwen-branch/SpineDetect/tpm_simulator/microns_env/lib/python3.12/site-packages/meshmash/utils.py:36: PyVistaDeprecationWarning: Parameter 'use_all_points' is deprecated since VTK < 9.2 is no longer supported. This parameter has no effect and is always `True`.
  edge_data = poly.extract_all_edges(use_all_points=True, clear_data=True)
/cis/home/rwang183/my_documents/BDD/SpineDetect-shengwen-branch/SpineDetect/tpm_simulator/microns_env/lib/python3.12/site-packages/meshmash/utils.py:36: PyVistaDeprecationWarning: Parameter 'use_all_points' is deprecated since VTK < 9.2 is no longer supported. This parameter has no effect and is always `True`.
  edge_data = poly.extract_all_edges(use_all_points=True, clear_data=True)
/cis/home/rwang183/my_documents/BDD/SpineDetect-shengwen-branch/SpineDetect/tpm_simulator/microns_env/lib/python3.12/site-packages/meshmash/utils.py:36: PyVistaDeprecationWarning: Parameter 'use_all_points' is deprecated since VTK < 9.2 is no longer supported. This parameter has no effect and is always `True`.
  edge_data = poly.extract_all_edges(use_all_points=True, clear_data=True)
/cis/home/rwang183/my_documents/BDD/SpineDetect-shengwen-branch/SpineDetect/tpm_simulator/microns_env/lib/python3.12/site-packages/meshmash/utils.py:36: PyVistaDeprecationWarning: Parameter 'use_all_points' is deprecated since VTK < 9.2 is no longer supported. This parameter has no effect and is always `True`.
  edge_data = poly.extract_all_edges(use_all_points=True, clear_data=True)
/cis/home/rwang183/my_documents/BDD/SpineDetect-shengwen-branch/SpineDetect/tpm_simulator/microns_env/lib/python3.12/site-packages/meshmash/utils.py:36: PyVistaDeprecationWarning: Parameter 'use_all_points' is deprecated since VTK < 9.2 is no longer supported. This parameter has no effect and is always `True`.
  edge_data = poly.extract_all_edges(use_all_points=True, clear_data=True)
/cis/home/rwang183/my_documents/BDD/SpineDetect-shengwen-branch/SpineDetect/tpm_simulator/microns_env/lib/python3.12/site-packages/meshmash/utils.py:36: PyVistaDeprecationWarning: Parameter 'use_all_points' is deprecated since VTK < 9.2 is no longer supported. This parameter has no effect and is always `True`.
  edge_data = poly.extract_all_edges(use_all_points=True, clear_data=True)
/cis/home/rwang183/my_documents/BDD/SpineDetect-shengwen-branch/SpineDetect/tpm_simulator/microns_env/lib/python3.12/site-packages/meshmash/utils.py:36: PyVistaDeprecationWarning: Parameter 'use_all_points' is deprecated since VTK < 9.2 is no longer supported. This parameter has no effect and is always `True`.
  edge_data = poly.extract_all_edges(use_all_points=True, clear_data=True)
/cis/home/rwang183/my_documents/BDD/SpineDetect-shengwen-branch/SpineDetect/tpm_simulator/microns_env/lib/python3.12/site-packages/meshmash/utils.py:36: PyVistaDeprecationWarning: Parameter 'use_all_points' is deprecated since VTK < 9.2 is no longer supported. This parameter has no effect and is always `True`.
  edge_data = poly.extract_all_edges(use_all_points=True, clear_data=True)
/cis/home/rwang183/my_documents/BDD/SpineDetect-shengwen-branch/SpineDetect/tpm_simulator/microns_env/lib/python3.12/site-packages/meshmash/utils.py:36: PyVistaDeprecationWarning: Parameter 'use_all_points' is deprecated since VTK < 9.2 is no longer supported. This parameter has no effect and is always `True`.
  edge_data = poly.extract_all_edges(use_all_points=True, clear_data=True)
/cis/home/rwang183/my_documents/BDD/SpineDetect-shengwen-branch/SpineDetect/tpm_simulator/microns_env/lib/python3.12/site-packages/meshmash/utils.py:36: PyVistaDeprecationWarning: Parameter 'use_all_points' is deprecated since VTK < 9.2 is no longer supported. This parameter has no effect and is always `True`.
  edge_data = poly.extract_all_edges(use_all_points=True, clear_data=True)
/cis/home/rwang183/my_documents/BDD/SpineDetect-shengwen-branch/SpineDetect/tpm_simulator/microns_env/lib/python3.12/site-packages/meshmash/utils.py:36: PyVistaDeprecationWarning: Parameter 'use_all_points' is deprecated since VTK < 9.2 is no longer supported. This parameter has no effect and is always `True`.
  edge_data = poly.extract_all_edges(use_all_points=True, clear_data=True)
/cis/home/rwang183/my_documents/BDD/SpineDetect-shengwen-branch/SpineDetect/tpm_simulator/microns_env/lib/python3.12/site-packages/meshmash/utils.py:36: PyVistaDeprecationWarning: Parameter 'use_all_points' is deprecated since VTK < 9.2 is no longer supported. This parameter has no effect and is always `True`.
  edge_data = poly.extract_all_edges(use_all_points=True, clear_data=True)
/cis/home/rwang183/my_documents/BDD/SpineDetect-shengwen-branch/SpineDetect/tpm_simulator/microns_env/lib/python3.12/site-packages/meshmash/utils.py:36: PyVistaDeprecationWarning: Parameter 'use_all_points' is deprecated since VTK < 9.2 is no longer supported. This parameter has no effect and is always `True`.
  edge_data = poly.extract_all_edges(use_all_points=True, clear_data=True)
/cis/home/rwang183/my_documents/BDD/SpineDetect-shengwen-branch/SpineDetect/tpm_simulator/microns_env/lib/python3.12/site-packages/meshmash/utils.py:36: PyVistaDeprecationWarning: Parameter 'use_all_points' is deprecated since VTK < 9.2 is no longer supported. This parameter has no effect and is always `True`.
  edge_data = poly.extract_all_edges(use_all_points=True, clear_data=True)
/cis/home/rwang183/my_documents/BDD/SpineDetect-shengwen-branch/SpineDetect/tpm_simulator/microns_env/lib/python3.12/site-packages/meshmash/utils.py:36: PyVistaDeprecationWarning: Parameter 'use_all_points' is deprecated since VTK < 9.2 is no longer supported. This parameter has no effect and is always `True`.
  edge_data = poly.extract_all_edges(use_all_points=True, clear_data=True)
/cis/home/rwang183/my_documents/BDD/SpineDetect-shengwen-branch/SpineDetect/tpm_simulator/microns_env/lib/python3.12/site-packages/meshmash/utils.py:36: PyVistaDeprecationWarning: Parameter 'use_all_points' is deprecated since VTK < 9.2 is no longer supported. This parameter has no effect and is always `True`.
  edge_data = poly.extract_all_edges(use_all_points=True, clear_data=True)
/cis/home/rwang183/my_documents/BDD/SpineDetect-shengwen-branch/SpineDetect/tpm_simulator/microns_env/lib/python3.12/site-packages/meshmash/utils.py:36: PyVistaDeprecationWarning: Parameter 'use_all_points' is deprecated since VTK < 9.2 is no longer supported. This parameter has no effect and is always `True`.
  edge_data = poly.extract_all_edges(use_all_points=True, clear_data=True)
/cis/home/rwang183/my_documents/BDD/SpineDetect-shengwen-branch/SpineDetect/tpm_simulator/microns_env/lib/python3.12/site-packages/meshmash/utils.py:36: PyVistaDeprecationWarning: Parameter 'use_all_points' is deprecated since VTK < 9.2 is no longer supported. This parameter has no effect and is always `True`.
  edge_data = poly.extract_all_edges(use_all_points=True, clear_data=True)
/cis/home/rwang183/my_documents/BDD/SpineDetect-shengwen-branch/SpineDetect/tpm_simulator/microns_env/lib/python3.12/site-packages/meshmash/utils.py:36: PyVistaDeprecationWarning: Parameter 'use_all_points' is deprecated since VTK < 9.2 is no longer supported. This parameter has no effect and is always `True`.
  edge_data = poly.extract_all_edges(use_all_points=True, clear_data=True)
/cis/home/rwang183/my_documents/BDD/SpineDetect-shengwen-branch/SpineDetect/tpm_simulator/microns_env/lib/python3.12/site-packages/meshmash/utils.py:36: PyVistaDeprecationWarning: Parameter 'use_all_points' is deprecated since VTK < 9.2 is no longer supported. This parameter has no effect and is always `True`.
  edge_data = poly.extract_all_edges(use_all_points=True, clear_data=True)
/cis/home/rwang183/my_documents/BDD/SpineDetect-shengwen-branch/SpineDetect/tpm_simulator/microns_env/lib/python3.12/site-packages/meshmash/utils.py:36: PyVistaDeprecationWarning: Parameter 'use_all_points' is deprecated since VTK < 9.2 is no longer supported. This parameter has no effect and is always `True`.
  edge_data = poly.extract_all_edges(use_all_points=True, clear_data=True)
/cis/home/rwang183/my_documents/BDD/SpineDetect-shengwen-branch/SpineDetect/tpm_simulator/microns_env/lib/python3.12/site-packages/meshmash/utils.py:36: PyVistaDeprecationWarning: Parameter 'use_all_points' is deprecated since VTK < 9.2 is no longer supported. This parameter has no effect and is always `True`.
  edge_data = poly.extract_all_edges(use_all_points=True, clear_data=True)
/cis/home/rwang183/my_documents/BDD/SpineDetect-shengwen-branch/SpineDetect/tpm_simulator/microns_env/lib/python3.12/site-packages/meshmash/utils.py:36: PyVistaDeprecationWarning: Parameter 'use_all_points' is deprecated since VTK < 9.2 is no longer supported. This parameter has no effect and is always `True`.
  edge_data = poly.extract_all_edges(use_all_points=True, clear_data=True)
/cis/home/rwang183/my_documents/BDD/SpineDetect-shengwen-branch/SpineDetect/tpm_simulator/microns_env/lib/python3.12/site-packages/meshmash/utils.py:36: PyVistaDeprecationWarning: Parameter 'use_all_points' is deprecated since VTK < 9.2 is no longer supported. This parameter has no effect and is always `True`.
  edge_data = poly.extract_all_edges(use_all_points=True, clear_data=True)
/cis/home/rwang183/my_documents/BDD/SpineDetect-shengwen-branch/SpineDetect/tpm_simulator/microns_env/lib/python3.12/site-packages/meshmash/utils.py:36: PyVistaDeprecationWarning: Parameter 'use_all_points' is deprecated since VTK < 9.2 is no longer supported. This parameter has no effect and is always `True`.
  edge_data = poly.extract_all_edges(use_all_points=True, clear_data=True)
/cis/home/rwang183/my_documents/BDD/SpineDetect-shengwen-branch/SpineDetect/tpm_simulator/microns_env/lib/python3.12/site-packages/meshmash/utils.py:36: PyVistaDeprecationWarning: Parameter 'use_all_points' is deprecated since VTK < 9.2 is no longer supported. This parameter has no effect and is always `True`.
  edge_data = poly.extract_all_edges(use_all_points=True, clear_data=True)
/cis/home/rwang183/my_documents/BDD/SpineDetect-shengwen-branch/SpineDetect/tpm_simulator/microns_env/lib/python3.12/site-packages/meshmash/utils.py:36: PyVistaDeprecationWarning: Parameter 'use_all_points' is deprecated since VTK < 9.2 is no longer supported. This parameter has no effect and is always `True`.
  edge_data = poly.extract_all_edges(use_all_points=True, clear_data=True)
/cis/home/rwang183/my_documents/BDD/SpineDetect-shengwen-branch/SpineDetect/tpm_simulator/microns_env/lib/python3.12/site-packages/meshmash/utils.py:36: PyVistaDeprecationWarning: Parameter 'use_all_points' is deprecated since VTK < 9.2 is no longer supported. This parameter has no effect and is always `True`.
  edge_data = poly.extract_all_edges(use_all_points=True, clear_data=True)
/cis/home/rwang183/my_documents/BDD/SpineDetect-shengwen-branch/SpineDetect/tpm_simulator/microns_env/lib/python3.12/site-packages/meshmash/utils.py:36: PyVistaDeprecationWarning: Parameter 'use_all_points' is deprecated since VTK < 9.2 is no longer supported. This parameter has no effect and is always `True`.
  edge_data = poly.extract_all_edges(use_all_points=True, clear_data=True)
/cis/home/rwang183/my_documents/BDD/SpineDetect-shengwen-branch/SpineDetect/tpm_simulator/microns_env/lib/python3.12/site-packages/meshmash/utils.py:36: PyVistaDeprecationWarning: Parameter 'use_all_points' is deprecated since VTK < 9.2 is no longer supported. This parameter has no effect and is always `True`.
  edge_data = poly.extract_all_edges(use_all_points=True, clear_data=True)
/cis/home/rwang183/my_documents/BDD/SpineDetect-shengwen-branch/SpineDetect/tpm_simulator/microns_env/lib/python3.12/site-packages/meshmash/utils.py:36: PyVistaDeprecationWarning: Parameter 'use_all_points' is deprecated since VTK < 9.2 is no longer supported. This parameter has no effect and is always `True`.
  edge_data = poly.extract_all_edges(use_all_points=True, clear_data=True)
/cis/home/rwang183/my_documents/BDD/SpineDetect-shengwen-branch/SpineDetect/tpm_simulator/microns_env/lib/python3.12/site-packages/meshmash/utils.py:36: PyVistaDeprecationWarning: Parameter 'use_all_points' is deprecated since VTK < 9.2 is no longer supported. This parameter has no effect and is always `True`.
  edge_data = poly.extract_all_edges(use_all_points=True, clear_data=True)
/cis/home/rwang183/my_documents/BDD/SpineDetect-shengwen-branch/SpineDetect/tpm_simulator/microns_env/lib/python3.12/site-packages/meshmash/utils.py:36: PyVistaDeprecationWarning: Parameter 'use_all_points' is deprecated since VTK < 9.2 is no longer supported. This parameter has no effect and is always `True`.
  edge_data = poly.extract_all_edges(use_all_points=True, clear_data=True)
/cis/home/rwang183/my_documents/BDD/SpineDetect-shengwen-branch/SpineDetect/tpm_simulator/microns_env/lib/python3.12/site-packages/meshmash/utils.py:36: PyVistaDeprecationWarning: Parameter 'use_all_points' is deprecated since VTK < 9.2 is no longer supported. This parameter has no effect and is always `True`.
  edge_data = poly.extract_all_edges(use_all_points=True, clear_data=True)
/cis/home/rwang183/my_documents/BDD/SpineDetect-shengwen-branch/SpineDetect/tpm_simulator/microns_env/lib/python3.12/site-packages/meshmash/utils.py:36: PyVistaDeprecationWarning: Parameter 'use_all_points' is deprecated since VTK < 9.2 is no longer supported. This parameter has no effect and is always `True`.
  edge_data = poly.extract_all_edges(use_all_points=True, clear_data=True)
/cis/home/rwang183/my_documents/BDD/SpineDetect-shengwen-branch/SpineDetect/tpm_simulator/microns_env/lib/python3.12/site-packages/meshmash/utils.py:36: PyVistaDeprecationWarning: Parameter 'use_all_points' is deprecated since VTK < 9.2 is no longer supported. This parameter has no effect and is always `True`.
  edge_data = poly.extract_all_edges(use_all_points=True, clear_data=True)

Applying function agglomerate_mesh:   1%|          | 1/89 [00:02<03:06,  2.12s/it]/cis/home/rwang183/my_documents/BDD/SpineDetect-shengwen-branch/SpineDetect/tpm_simulator/microns_env/lib/python3.12/site-packages/meshmash/utils.py:36: PyVistaDeprecationWarning: Parameter 'use_all_points' is deprecated since VTK < 9.2 is no longer supported. This parameter has no effect and is always `True`.
  edge_data = poly.extract_all_edges(use_all_points=True, clear_data=True)
/cis/home/rwang183/my_documents/BDD/SpineDetect-shengwen-branch/SpineDetect/tpm_simulator/microns_env/lib/python3.12/site-packages/meshmash/utils.py:36: PyVistaDeprecationWarning: Parameter 'use_all_points' is deprecated since VTK < 9.2 is no longer supported. This parameter has no effect and is always `True`.
  edge_data = poly.extract_all_edges(use_all_points=True, clear_data=True)
/cis/home/rwang183/my_documents/BDD/SpineDetect-shengwen-branch/SpineDetect/tpm_simulator/microns_env/lib/python3.12/site-packages/meshmash/utils.py:36: PyVistaDeprecationWarning: Parameter 'use_all_points' is deprecated since VTK < 9.2 is no longer supported. This parameter has no effect and is always `True`.
  edge_data = poly.extract_all_edges(use_all_points=True, clear_data=True)

Applying function agglomerate_mesh:   4%|▍         | 4/89 [00:02<00:36,  2.30it/s]/cis/home/rwang183/my_documents/BDD/SpineDetect-shengwen-branch/SpineDetect/tpm_simulator/microns_env/lib/python3.12/site-packages/meshmash/utils.py:36: PyVistaDeprecationWarning: Parameter 'use_all_points' is deprecated since VTK < 9.2 is no longer supported. This parameter has no effect and is always `True`.
  edge_data = poly.extract_all_edges(use_all_points=True, clear_data=True)
/cis/home/rwang183/my_documents/BDD/SpineDetect-shengwen-branch/SpineDetect/tpm_simulator/microns_env/lib/python3.12/site-packages/meshmash/utils.py:36: PyVistaDeprecationWarning: Parameter 'use_all_points' is deprecated since VTK < 9.2 is no longer supported. This parameter has no effect and is always `True`.
  edge_data = poly.extract_all_edges(use_all_points=True, clear_data=True)

Applying function agglomerate_mesh:   8%|▊         | 7/89 [00:02<00:18,  4.49it/s]/cis/home/rwang183/my_documents/BDD/SpineDetect-shengwen-branch/SpineDetect/tpm_simulator/microns_env/lib/python3.12/site-packages/meshmash/utils.py:36: PyVistaDeprecationWarning: Parameter 'use_all_points' is deprecated since VTK < 9.2 is no longer supported. This parameter has no effect and is always `True`.
  edge_data = poly.extract_all_edges(use_all_points=True, clear_data=True)
/cis/home/rwang183/my_documents/BDD/SpineDetect-shengwen-branch/SpineDetect/tpm_simulator/microns_env/lib/python3.12/site-packages/meshmash/utils.py:36: PyVistaDeprecationWarning: Parameter 'use_all_points' is deprecated since VTK < 9.2 is no longer supported. This parameter has no effect and is always `True`.
  edge_data = poly.extract_all_edges(use_all_points=True, clear_data=True)
/cis/home/rwang183/my_documents/BDD/SpineDetect-shengwen-branch/SpineDetect/tpm_simulator/microns_env/lib/python3.12/site-packages/meshmash/utils.py:36: PyVistaDeprecationWarning: Parameter 'use_all_points' is deprecated since VTK < 9.2 is no longer supported. This parameter has no effect and is always `True`.
  edge_data = poly.extract_all_edges(use_all_points=True, clear_data=True)

Applying function agglomerate_mesh:  13%|█▎        | 12/89 [00:02<00:08,  9.04it/s]/cis/home/rwang183/my_documents/BDD/SpineDetect-shengwen-branch/SpineDetect/tpm_simulator/microns_env/lib/python3.12/site-packages/meshmash/utils.py:36: PyVistaDeprecationWarning: Parameter 'use_all_points' is deprecated since VTK < 9.2 is no longer supported. This parameter has no effect and is always `True`.
  edge_data = poly.extract_all_edges(use_all_points=True, clear_data=True)

Applying function agglomerate_mesh:  18%|█▊        | 16/89 [00:02<00:05, 12.53it/s]
Applying function agglomerate_mesh:  21%|██▏       | 19/89 [00:02<00:04, 14.24it/s]
Applying function agglomerate_mesh:  29%|██▉       | 26/89 [00:02<00:02, 22.55it/s]
Applying function agglomerate_mesh:  35%|███▍      | 31/89 [00:02<00:02, 27.57it/s]
Applying function agglomerate_mesh:  42%|████▏     | 37/89 [00:03<00:01, 32.90it/s]
Applying function agglomerate_mesh:  47%|████▋     | 42/89 [00:03<00:01, 35.52it/s]
Applying function agglomerate_mesh:  54%|█████▍    | 48/89 [00:03<00:01, 39.84it/s]
Applying function agglomerate_mesh:  65%|██████▌   | 58/89 [00:03<00:00, 51.28it/s]
Applying function agglomerate_mesh:  73%|███████▎  | 65/89 [00:03<00:00, 52.87it/s]
Applying function agglomerate_mesh:  80%|███████▉  | 71/89 [00:04<00:00, 29.96it/s]
Applying function agglomerate_mesh:  85%|████████▌ | 76/89 [00:04<00:00, 32.91it/s]
Applying function agglomerate_mesh:  91%|█████████ | 81/89 [00:04<00:00, 25.07it/s]
Applying function agglomerate_mesh:  96%|█████████▌| 85/89 [00:04<00:00, 21.30it/s]
Applying function agglomerate_mesh:  99%|█████████▉| 88/89 [00:04<00:00, 20.52it/s]
Applying function agglomerate_mesh: 100%|██████████| 89/89 [00:05<00:00, 16.17it/s]
/cis/home/rwang183/my_documents/BDD/SpineDetect-shengwen-branch/SpineDetect/tpm_simulator/microns_env/lib/python3.12/site-packages/meshmash/utils.py:26: PyVistaDeprecationWarning: Parameter 'use_all_points' is deprecated since VTK < 9.2 is no longer supported. This parameter has no effect and is always `True`.
  edge_data = poly.extract_all_edges(use_all_points=True, clear_data=True)
/cis/home/rwang183/my_documents/BDD/SpineDetect-shengwen-branch/SpineDetect/tpm_simulator/microns_env/lib/python3.12/site-packages/meshmash/utils.py:36: PyVistaDeprecationWarning: Parameter 'use_all_points' is deprecated since VTK < 9.2 is no longer supported. This parameter has no effect and is always `True`.
  edge_data = poly.extract_all_edges(use_all_points=True, clear_data=True)
/cis/home/rwang183/my_documents/BDD/SpineDetect-shengwen-branch/SpineDetect/tpm_simulator/microns_env/lib/python3.12/site-packages/meshmash/utils.py:36: PyVistaDeprecationWarning: Parameter 'use_all_points' is deprecated since VTK < 9.2 is no longer supported. This parameter has no effect and is always `True`.
  edge_data = poly.extract_all_edges(use_all_points=True, clear_data=True)
/cis/home/rwang183/my_documents/BDD/SpineDetect-shengwen-branch/SpineDetect/tpm_simulator/microns_env/lib/python3.12/site-packages/meshmash/utils.py:36: PyVistaDeprecationWarning: Parameter 'use_all_points' is deprecated since VTK < 9.2 is no longer supported. This parameter has no effect and is always `True`.
  edge_data = poly.extract_all_edges(use_all_points=True, clear_data=True)
/cis/home/rwang183/my_documents/BDD/SpineDetect-shengwen-branch/SpineDetect/tpm_simulator/microns_env/lib/python3.12/site-packages/meshmash/utils.py:36: PyVistaDeprecationWarning: Parameter 'use_all_points' is deprecated since VTK < 9.2 is no longer supported. This parameter has no effect and is always `True`.
  edge_data = poly.extract_all_edges(use_all_points=True, clear_data=True)
  Success! HKS computed for root_id 864691135865103580.

Processing root_id: 864691136911632625
  Loaded mesh with 2597024 vertices and 5217129 faces.
Subdividing mesh...
Meshes in queue: 3
Meshes in queue: 8
Finding overlapping submeshes...
Computing HKS across submeshes...

Applying function compute_hks:   0%|          | 0/63 [00:00<?, ?it/s]
Applying function compute_hks:   2%|▏         | 1/63 [00:00<00:21,  2.92it/s]
Applying function compute_hks:   5%|▍         | 3/63 [00:04<01:35,  1.60s/it]
Applying function compute_hks:   6%|▋         | 4/63 [00:08<02:15,  2.29s/it]
Applying function compute_hks:   8%|▊         | 5/63 [00:08<01:37,  1.69s/it]
Applying function compute_hks:  11%|█         | 7/63 [00:09<00:59,  1.07s/it]
Applying function compute_hks:  14%|█▍        | 9/63 [00:09<00:36,  1.47it/s]
Applying function compute_hks:  16%|█▌        | 10/63 [00:11<00:47,  1.11it/s]
Applying function compute_hks:  17%|█▋        | 11/63 [00:11<00:37,  1.40it/s]
Applying function compute_hks:  19%|█▉        | 12/63 [00:11<00:30,  1.67it/s]
Applying function compute_hks:  22%|██▏       | 14/63 [00:11<00:18,  2.64it/s]
Applying function compute_hks:  25%|██▌       | 16/63 [00:11<00:12,  3.83it/s]
Applying function compute_hks:  27%|██▋       | 17/63 [00:12<00:10,  4.28it/s]
Applying function compute_hks:  29%|██▊       | 18/63 [00:12<00:10,  4.41it/s]
Applying function compute_hks:  30%|███       | 19/63 [00:12<00:11,  3.71it/s]
Applying function compute_hks:  33%|███▎      | 21/63 [00:13<00:16,  2.56it/s]
Applying function compute_hks:  37%|███▋      | 23/63 [00:14<00:13,  3.05it/s]
Applying function compute_hks:  38%|███▊      | 24/63 [00:14<00:13,  2.93it/s]
Applying function compute_hks:  40%|███▉      | 25/63 [00:16<00:27,  1.39it/s]
Applying function compute_hks:  41%|████▏     | 26/63 [00:16<00:22,  1.68it/s]
Applying function compute_hks:  43%|████▎     | 27/63 [00:16<00:16,  2.13it/s]
Applying function compute_hks:  44%|████▍     | 28/63 [00:17<00:17,  2.01it/s]
Applying function compute_hks:  46%|████▌     | 29/63 [00:18<00:21,  1.55it/s]
Applying function compute_hks:  48%|████▊     | 30/63 [00:19<00:20,  1.60it/s]
Applying function compute_hks:  49%|████▉     | 31/63 [00:20<00:26,  1.22it/s]
Applying function compute_hks:  52%|█████▏    | 33/63 [00:20<00:14,  2.01it/s]
Applying function compute_hks:  54%|█████▍    | 34/63 [00:21<00:14,  2.06it/s]
Applying function compute_hks:  56%|█████▌    | 35/63 [00:22<00:18,  1.48it/s]
Applying function compute_hks:  57%|█████▋    | 36/63 [00:22<00:14,  1.87it/s]
Applying function compute_hks:  59%|█████▊    | 37/63 [00:22<00:13,  2.00it/s]
Applying function compute_hks:  60%|██████    | 38/63 [00:23<00:12,  1.99it/s]
Applying function compute_hks:  62%|██████▏   | 39/63 [00:23<00:12,  1.93it/s]
Applying function compute_hks:  63%|██████▎   | 40/63 [00:25<00:19,  1.20it/s]
Applying function compute_hks:  65%|██████▌   | 41/63 [00:25<00:14,  1.54it/s]
Applying function compute_hks:  67%|██████▋   | 42/63 [00:26<00:13,  1.56it/s]
Applying function compute_hks:  68%|██████▊   | 43/63 [00:26<00:12,  1.65it/s]
Applying function compute_hks:  70%|██████▉   | 44/63 [00:28<00:16,  1.14it/s]
Applying function compute_hks:  73%|███████▎  | 46/63 [00:29<00:12,  1.39it/s]
Applying function compute_hks:  75%|███████▍  | 47/63 [00:29<00:09,  1.65it/s]
Applying function compute_hks:  76%|███████▌  | 48/63 [00:32<00:15,  1.06s/it]
Applying function compute_hks:  78%|███████▊  | 49/63 [00:32<00:12,  1.14it/s]
Applying function compute_hks:  79%|███████▉  | 50/63 [00:40<00:37,  2.89s/it]
Applying function compute_hks:  81%|████████  | 51/63 [00:41<00:27,  2.28s/it]
Applying function compute_hks:  83%|████████▎ | 52/63 [00:41<00:19,  1.79s/it]
Applying function compute_hks:  84%|████████▍ | 53/63 [00:42<00:15,  1.52s/it]
Applying function compute_hks:  86%|████████▌ | 54/63 [00:42<00:10,  1.15s/it]
Applying function compute_hks:  87%|████████▋ | 55/63 [00:43<00:06,  1.18it/s]
Applying function compute_hks:  89%|████████▉ | 56/63 [00:43<00:05,  1.32it/s]
Applying function compute_hks:  90%|█████████ | 57/63 [00:43<00:03,  1.64it/s]
Applying function compute_hks:  92%|█████████▏| 58/63 [00:44<00:02,  1.89it/s]
Applying function compute_hks:  94%|█████████▎| 59/63 [00:44<00:01,  2.21it/s]
Applying function compute_hks:  97%|█████████▋| 61/63 [00:44<00:00,  3.50it/s]
Applying function compute_hks:  98%|█████████▊| 62/63 [00:44<00:00,  3.49it/s]
Applying function compute_hks: 100%|██████████| 63/63 [00:46<00:00,  1.89it/s]
Applying function compute_hks: 100%|██████████| 63/63 [00:46<00:00,  1.36it/s]

Applying function agglomerate_mesh:   0%|          | 0/63 [00:00<?, ?it/s]/cis/home/rwang183/my_documents/BDD/SpineDetect-shengwen-branch/SpineDetect/tpm_simulator/microns_env/lib/python3.12/site-packages/meshmash/utils.py:36: PyVistaDeprecationWarning: Parameter 'use_all_points' is deprecated since VTK < 9.2 is no longer supported. This parameter has no effect and is always `True`.
  edge_data = poly.extract_all_edges(use_all_points=True, clear_data=True)
/cis/home/rwang183/my_documents/BDD/SpineDetect-shengwen-branch/SpineDetect/tpm_simulator/microns_env/lib/python3.12/site-packages/meshmash/utils.py:36: PyVistaDeprecationWarning: Parameter 'use_all_points' is deprecated since VTK < 9.2 is no longer supported. This parameter has no effect and is always `True`.
  edge_data = poly.extract_all_edges(use_all_points=True, clear_data=True)
/cis/home/rwang183/my_documents/BDD/SpineDetect-shengwen-branch/SpineDetect/tpm_simulator/microns_env/lib/python3.12/site-packages/meshmash/utils.py:36: PyVistaDeprecationWarning: Parameter 'use_all_points' is deprecated since VTK < 9.2 is no longer supported. This parameter has no effect and is always `True`.
  edge_data = poly.extract_all_edges(use_all_points=True, clear_data=True)
/cis/home/rwang183/my_documents/BDD/SpineDetect-shengwen-branch/SpineDetect/tpm_simulator/microns_env/lib/python3.12/site-packages/meshmash/utils.py:36: PyVistaDeprecationWarning: Parameter 'use_all_points' is deprecated since VTK < 9.2 is no longer supported. This parameter has no effect and is always `True`.
  edge_data = poly.extract_all_edges(use_all_points=True, clear_data=True)
/cis/home/rwang183/my_documents/BDD/SpineDetect-shengwen-branch/SpineDetect/tpm_simulator/microns_env/lib/python3.12/site-packages/meshmash/utils.py:36: PyVistaDeprecationWarning: Parameter 'use_all_points' is deprecated since VTK < 9.2 is no longer supported. This parameter has no effect and is always `True`.
  edge_data = poly.extract_all_edges(use_all_points=True, clear_data=True)
/cis/home/rwang183/my_documents/BDD/SpineDetect-shengwen-branch/SpineDetect/tpm_simulator/microns_env/lib/python3.12/site-packages/meshmash/utils.py:36: PyVistaDeprecationWarning: Parameter 'use_all_points' is deprecated since VTK < 9.2 is no longer supported. This parameter has no effect and is always `True`.
  edge_data = poly.extract_all_edges(use_all_points=True, clear_data=True)
/cis/home/rwang183/my_documents/BDD/SpineDetect-shengwen-branch/SpineDetect/tpm_simulator/microns_env/lib/python3.12/site-packages/meshmash/utils.py:36: PyVistaDeprecationWarning: Parameter 'use_all_points' is deprecated since VTK < 9.2 is no longer supported. This parameter has no effect and is always `True`.
  edge_data = poly.extract_all_edges(use_all_points=True, clear_data=True)
/cis/home/rwang183/my_documents/BDD/SpineDetect-shengwen-branch/SpineDetect/tpm_simulator/microns_env/lib/python3.12/site-packages/meshmash/utils.py:36: PyVistaDeprecationWarning: Parameter 'use_all_points' is deprecated since VTK < 9.2 is no longer supported. This parameter has no effect and is always `True`.
  edge_data = poly.extract_all_edges(use_all_points=True, clear_data=True)
/cis/home/rwang183/my_documents/BDD/SpineDetect-shengwen-branch/SpineDetect/tpm_simulator/microns_env/lib/python3.12/site-packages/meshmash/utils.py:36: PyVistaDeprecationWarning: Parameter 'use_all_points' is deprecated since VTK < 9.2 is no longer supported. This parameter has no effect and is always `True`.
  edge_data = poly.extract_all_edges(use_all_points=True, clear_data=True)
/cis/home/rwang183/my_documents/BDD/SpineDetect-shengwen-branch/SpineDetect/tpm_simulator/microns_env/lib/python3.12/site-packages/meshmash/utils.py:36: PyVistaDeprecationWarning: Parameter 'use_all_points' is deprecated since VTK < 9.2 is no longer supported. This parameter has no effect and is always `True`.
  edge_data = poly.extract_all_edges(use_all_points=True, clear_data=True)
/cis/home/rwang183/my_documents/BDD/SpineDetect-shengwen-branch/SpineDetect/tpm_simulator/microns_env/lib/python3.12/site-packages/meshmash/utils.py:36: PyVistaDeprecationWarning: Parameter 'use_all_points' is deprecated since VTK < 9.2 is no longer supported. This parameter has no effect and is always `True`.
  edge_data = poly.extract_all_edges(use_all_points=True, clear_data=True)
/cis/home/rwang183/my_documents/BDD/SpineDetect-shengwen-branch/SpineDetect/tpm_simulator/microns_env/lib/python3.12/site-packages/meshmash/utils.py:36: PyVistaDeprecationWarning: Parameter 'use_all_points' is deprecated since VTK < 9.2 is no longer supported. This parameter has no effect and is always `True`.
  edge_data = poly.extract_all_edges(use_all_points=True, clear_data=True)
/cis/home/rwang183/my_documents/BDD/SpineDetect-shengwen-branch/SpineDetect/tpm_simulator/microns_env/lib/python3.12/site-packages/meshmash/utils.py:36: PyVistaDeprecationWarning: Parameter 'use_all_points' is deprecated since VTK < 9.2 is no longer supported. This parameter has no effect and is always `True`.
  edge_data = poly.extract_all_edges(use_all_points=True, clear_data=True)
/cis/home/rwang183/my_documents/BDD/SpineDetect-shengwen-branch/SpineDetect/tpm_simulator/microns_env/lib/python3.12/site-packages/meshmash/utils.py:36: PyVistaDeprecationWarning: Parameter 'use_all_points' is deprecated since VTK < 9.2 is no longer supported. This parameter has no effect and is always `True`.
  edge_data = poly.extract_all_edges(use_all_points=True, clear_data=True)
/cis/home/rwang183/my_documents/BDD/SpineDetect-shengwen-branch/SpineDetect/tpm_simulator/microns_env/lib/python3.12/site-packages/meshmash/utils.py:36: PyVistaDeprecationWarning: Parameter 'use_all_points' is deprecated since VTK < 9.2 is no longer supported. This parameter has no effect and is always `True`.
  edge_data = poly.extract_all_edges(use_all_points=True, clear_data=True)
/cis/home/rwang183/my_documents/BDD/SpineDetect-shengwen-branch/SpineDetect/tpm_simulator/microns_env/lib/python3.12/site-packages/meshmash/utils.py:36: PyVistaDeprecationWarning: Parameter 'use_all_points' is deprecated since VTK < 9.2 is no longer supported. This parameter has no effect and is always `True`.
  edge_data = poly.extract_all_edges(use_all_points=True, clear_data=True)
/cis/home/rwang183/my_documents/BDD/SpineDetect-shengwen-branch/SpineDetect/tpm_simulator/microns_env/lib/python3.12/site-packages/meshmash/utils.py:36: PyVistaDeprecationWarning: Parameter 'use_all_points' is deprecated since VTK < 9.2 is no longer supported. This parameter has no effect and is always `True`.
  edge_data = poly.extract_all_edges(use_all_points=True, clear_data=True)
/cis/home/rwang183/my_documents/BDD/SpineDetect-shengwen-branch/SpineDetect/tpm_simulator/microns_env/lib/python3.12/site-packages/meshmash/utils.py:36: PyVistaDeprecationWarning: Parameter 'use_all_points' is deprecated since VTK < 9.2 is no longer supported. This parameter has no effect and is always `True`.
  edge_data = poly.extract_all_edges(use_all_points=True, clear_data=True)
/cis/home/rwang183/my_documents/BDD/SpineDetect-shengwen-branch/SpineDetect/tpm_simulator/microns_env/lib/python3.12/site-packages/meshmash/utils.py:36: PyVistaDeprecationWarning: Parameter 'use_all_points' is deprecated since VTK < 9.2 is no longer supported. This parameter has no effect and is always `True`.
  edge_data = poly.extract_all_edges(use_all_points=True, clear_data=True)
/cis/home/rwang183/my_documents/BDD/SpineDetect-shengwen-branch/SpineDetect/tpm_simulator/microns_env/lib/python3.12/site-packages/meshmash/utils.py:36: PyVistaDeprecationWarning: Parameter 'use_all_points' is deprecated since VTK < 9.2 is no longer supported. This parameter has no effect and is always `True`.
  edge_data = poly.extract_all_edges(use_all_points=True, clear_data=True)
/cis/home/rwang183/my_documents/BDD/SpineDetect-shengwen-branch/SpineDetect/tpm_simulator/microns_env/lib/python3.12/site-packages/meshmash/utils.py:36: PyVistaDeprecationWarning: Parameter 'use_all_points' is deprecated since VTK < 9.2 is no longer supported. This parameter has no effect and is always `True`.
  edge_data = poly.extract_all_edges(use_all_points=True, clear_data=True)
/cis/home/rwang183/my_documents/BDD/SpineDetect-shengwen-branch/SpineDetect/tpm_simulator/microns_env/lib/python3.12/site-packages/meshmash/utils.py:36: PyVistaDeprecationWarning: Parameter 'use_all_points' is deprecated since VTK < 9.2 is no longer supported. This parameter has no effect and is always `True`.
  edge_data = poly.extract_all_edges(use_all_points=True, clear_data=True)
/cis/home/rwang183/my_documents/BDD/SpineDetect-shengwen-branch/SpineDetect/tpm_simulator/microns_env/lib/python3.12/site-packages/meshmash/utils.py:36: PyVistaDeprecationWarning: Parameter 'use_all_points' is deprecated since VTK < 9.2 is no longer supported. This parameter has no effect and is always `True`.
  edge_data = poly.extract_all_edges(use_all_points=True, clear_data=True)
/cis/home/rwang183/my_documents/BDD/SpineDetect-shengwen-branch/SpineDetect/tpm_simulator/microns_env/lib/python3.12/site-packages/meshmash/utils.py:36: PyVistaDeprecationWarning: Parameter 'use_all_points' is deprecated since VTK < 9.2 is no longer supported. This parameter has no effect and is always `True`.
  edge_data = poly.extract_all_edges(use_all_points=True, clear_data=True)
/cis/home/rwang183/my_documents/BDD/SpineDetect-shengwen-branch/SpineDetect/tpm_simulator/microns_env/lib/python3.12/site-packages/meshmash/utils.py:36: PyVistaDeprecationWarning: Parameter 'use_all_points' is deprecated since VTK < 9.2 is no longer supported. This parameter has no effect and is always `True`.
  edge_data = poly.extract_all_edges(use_all_points=True, clear_data=True)
/cis/home/rwang183/my_documents/BDD/SpineDetect-shengwen-branch/SpineDetect/tpm_simulator/microns_env/lib/python3.12/site-packages/meshmash/utils.py:36: PyVistaDeprecationWarning: Parameter 'use_all_points' is deprecated since VTK < 9.2 is no longer supported. This parameter has no effect and is always `True`.
  edge_data = poly.extract_all_edges(use_all_points=True, clear_data=True)
/cis/home/rwang183/my_documents/BDD/SpineDetect-shengwen-branch/SpineDetect/tpm_simulator/microns_env/lib/python3.12/site-packages/meshmash/utils.py:36: PyVistaDeprecationWarning: Parameter 'use_all_points' is deprecated since VTK < 9.2 is no longer supported. This parameter has no effect and is always `True`.
  edge_data = poly.extract_all_edges(use_all_points=True, clear_data=True)
/cis/home/rwang183/my_documents/BDD/SpineDetect-shengwen-branch/SpineDetect/tpm_simulator/microns_env/lib/python3.12/site-packages/meshmash/utils.py:36: PyVistaDeprecationWarning: Parameter 'use_all_points' is deprecated since VTK < 9.2 is no longer supported. This parameter has no effect and is always `True`.
  edge_data = poly.extract_all_edges(use_all_points=True, clear_data=True)
/cis/home/rwang183/my_documents/BDD/SpineDetect-shengwen-branch/SpineDetect/tpm_simulator/microns_env/lib/python3.12/site-packages/meshmash/utils.py:36: PyVistaDeprecationWarning: Parameter 'use_all_points' is deprecated since VTK < 9.2 is no longer supported. This parameter has no effect and is always `True`.
  edge_data = poly.extract_all_edges(use_all_points=True, clear_data=True)
/cis/home/rwang183/my_documents/BDD/SpineDetect-shengwen-branch/SpineDetect/tpm_simulator/microns_env/lib/python3.12/site-packages/meshmash/utils.py:36: PyVistaDeprecationWarning: Parameter 'use_all_points' is deprecated since VTK < 9.2 is no longer supported. This parameter has no effect and is always `True`.
  edge_data = poly.extract_all_edges(use_all_points=True, clear_data=True)
/cis/home/rwang183/my_documents/BDD/SpineDetect-shengwen-branch/SpineDetect/tpm_simulator/microns_env/lib/python3.12/site-packages/meshmash/utils.py:36: PyVistaDeprecationWarning: Parameter 'use_all_points' is deprecated since VTK < 9.2 is no longer supported. This parameter has no effect and is always `True`.
  edge_data = poly.extract_all_edges(use_all_points=True, clear_data=True)
/cis/home/rwang183/my_documents/BDD/SpineDetect-shengwen-branch/SpineDetect/tpm_simulator/microns_env/lib/python3.12/site-packages/meshmash/utils.py:36: PyVistaDeprecationWarning: Parameter 'use_all_points' is deprecated since VTK < 9.2 is no longer supported. This parameter has no effect and is always `True`.
  edge_data = poly.extract_all_edges(use_all_points=True, clear_data=True)
/cis/home/rwang183/my_documents/BDD/SpineDetect-shengwen-branch/SpineDetect/tpm_simulator/microns_env/lib/python3.12/site-packages/meshmash/utils.py:36: PyVistaDeprecationWarning: Parameter 'use_all_points' is deprecated since VTK < 9.2 is no longer supported. This parameter has no effect and is always `True`.
  edge_data = poly.extract_all_edges(use_all_points=True, clear_data=True)
/cis/home/rwang183/my_documents/BDD/SpineDetect-shengwen-branch/SpineDetect/tpm_simulator/microns_env/lib/python3.12/site-packages/meshmash/utils.py:36: PyVistaDeprecationWarning: Parameter 'use_all_points' is deprecated since VTK < 9.2 is no longer supported. This parameter has no effect and is always `True`.
  edge_data = poly.extract_all_edges(use_all_points=True, clear_data=True)
/cis/home/rwang183/my_documents/BDD/SpineDetect-shengwen-branch/SpineDetect/tpm_simulator/microns_env/lib/python3.12/site-packages/meshmash/utils.py:36: PyVistaDeprecationWarning: Parameter 'use_all_points' is deprecated since VTK < 9.2 is no longer supported. This parameter has no effect and is always `True`.
  edge_data = poly.extract_all_edges(use_all_points=True, clear_data=True)
/cis/home/rwang183/my_documents/BDD/SpineDetect-shengwen-branch/SpineDetect/tpm_simulator/microns_env/lib/python3.12/site-packages/meshmash/utils.py:36: PyVistaDeprecationWarning: Parameter 'use_all_points' is deprecated since VTK < 9.2 is no longer supported. This parameter has no effect and is always `True`.
  edge_data = poly.extract_all_edges(use_all_points=True, clear_data=True)
/cis/home/rwang183/my_documents/BDD/SpineDetect-shengwen-branch/SpineDetect/tpm_simulator/microns_env/lib/python3.12/site-packages/meshmash/utils.py:36: PyVistaDeprecationWarning: Parameter 'use_all_points' is deprecated since VTK < 9.2 is no longer supported. This parameter has no effect and is always `True`.
  edge_data = poly.extract_all_edges(use_all_points=True, clear_data=True)
/cis/home/rwang183/my_documents/BDD/SpineDetect-shengwen-branch/SpineDetect/tpm_simulator/microns_env/lib/python3.12/site-packages/meshmash/utils.py:36: PyVistaDeprecationWarning: Parameter 'use_all_points' is deprecated since VTK < 9.2 is no longer supported. This parameter has no effect and is always `True`.
  edge_data = poly.extract_all_edges(use_all_points=True, clear_data=True)
/cis/home/rwang183/my_documents/BDD/SpineDetect-shengwen-branch/SpineDetect/tpm_simulator/microns_env/lib/python3.12/site-packages/meshmash/utils.py:36: PyVistaDeprecationWarning: Parameter 'use_all_points' is deprecated since VTK < 9.2 is no longer supported. This parameter has no effect and is always `True`.
  edge_data = poly.extract_all_edges(use_all_points=True, clear_data=True)
/cis/home/rwang183/my_documents/BDD/SpineDetect-shengwen-branch/SpineDetect/tpm_simulator/microns_env/lib/python3.12/site-packages/meshmash/utils.py:36: PyVistaDeprecationWarning: Parameter 'use_all_points' is deprecated since VTK < 9.2 is no longer supported. This parameter has no effect and is always `True`.
  edge_data = poly.extract_all_edges(use_all_points=True, clear_data=True)
/cis/home/rwang183/my_documents/BDD/SpineDetect-shengwen-branch/SpineDetect/tpm_simulator/microns_env/lib/python3.12/site-packages/meshmash/utils.py:36: PyVistaDeprecationWarning: Parameter 'use_all_points' is deprecated since VTK < 9.2 is no longer supported. This parameter has no effect and is always `True`.
  edge_data = poly.extract_all_edges(use_all_points=True, clear_data=True)
/cis/home/rwang183/my_documents/BDD/SpineDetect-shengwen-branch/SpineDetect/tpm_simulator/microns_env/lib/python3.12/site-packages/meshmash/utils.py:36: PyVistaDeprecationWarning: Parameter 'use_all_points' is deprecated since VTK < 9.2 is no longer supported. This parameter has no effect and is always `True`.
  edge_data = poly.extract_all_edges(use_all_points=True, clear_data=True)
/cis/home/rwang183/my_documents/BDD/SpineDetect-shengwen-branch/SpineDetect/tpm_simulator/microns_env/lib/python3.12/site-packages/meshmash/utils.py:36: PyVistaDeprecationWarning: Parameter 'use_all_points' is deprecated since VTK < 9.2 is no longer supported. This parameter has no effect and is always `True`.
  edge_data = poly.extract_all_edges(use_all_points=True, clear_data=True)
/cis/home/rwang183/my_documents/BDD/SpineDetect-shengwen-branch/SpineDetect/tpm_simulator/microns_env/lib/python3.12/site-packages/meshmash/utils.py:36: PyVistaDeprecationWarning: Parameter 'use_all_points' is deprecated since VTK < 9.2 is no longer supported. This parameter has no effect and is always `True`.
  edge_data = poly.extract_all_edges(use_all_points=True, clear_data=True)
/cis/home/rwang183/my_documents/BDD/SpineDetect-shengwen-branch/SpineDetect/tpm_simulator/microns_env/lib/python3.12/site-packages/meshmash/utils.py:36: PyVistaDeprecationWarning: Parameter 'use_all_points' is deprecated since VTK < 9.2 is no longer supported. This parameter has no effect and is always `True`.
  edge_data = poly.extract_all_edges(use_all_points=True, clear_data=True)
/cis/home/rwang183/my_documents/BDD/SpineDetect-shengwen-branch/SpineDetect/tpm_simulator/microns_env/lib/python3.12/site-packages/meshmash/utils.py:36: PyVistaDeprecationWarning: Parameter 'use_all_points' is deprecated since VTK < 9.2 is no longer supported. This parameter has no effect and is always `True`.
  edge_data = poly.extract_all_edges(use_all_points=True, clear_data=True)
/cis/home/rwang183/my_documents/BDD/SpineDetect-shengwen-branch/SpineDetect/tpm_simulator/microns_env/lib/python3.12/site-packages/meshmash/utils.py:36: PyVistaDeprecationWarning: Parameter 'use_all_points' is deprecated since VTK < 9.2 is no longer supported. This parameter has no effect and is always `True`.
  edge_data = poly.extract_all_edges(use_all_points=True, clear_data=True)
/cis/home/rwang183/my_documents/BDD/SpineDetect-shengwen-branch/SpineDetect/tpm_simulator/microns_env/lib/python3.12/site-packages/meshmash/utils.py:36: PyVistaDeprecationWarning: Parameter 'use_all_points' is deprecated since VTK < 9.2 is no longer supported. This parameter has no effect and is always `True`.
  edge_data = poly.extract_all_edges(use_all_points=True, clear_data=True)
/cis/home/rwang183/my_documents/BDD/SpineDetect-shengwen-branch/SpineDetect/tpm_simulator/microns_env/lib/python3.12/site-packages/meshmash/utils.py:36: PyVistaDeprecationWarning: Parameter 'use_all_points' is deprecated since VTK < 9.2 is no longer supported. This parameter has no effect and is always `True`.
  edge_data = poly.extract_all_edges(use_all_points=True, clear_data=True)
/cis/home/rwang183/my_documents/BDD/SpineDetect-shengwen-branch/SpineDetect/tpm_simulator/microns_env/lib/python3.12/site-packages/meshmash/utils.py:36: PyVistaDeprecationWarning: Parameter 'use_all_points' is deprecated since VTK < 9.2 is no longer supported. This parameter has no effect and is always `True`.
  edge_data = poly.extract_all_edges(use_all_points=True, clear_data=True)
/cis/home/rwang183/my_documents/BDD/SpineDetect-shengwen-branch/SpineDetect/tpm_simulator/microns_env/lib/python3.12/site-packages/meshmash/utils.py:36: PyVistaDeprecationWarning: Parameter 'use_all_points' is deprecated since VTK < 9.2 is no longer supported. This parameter has no effect and is always `True`.
  edge_data = poly.extract_all_edges(use_all_points=True, clear_data=True)
/cis/home/rwang183/my_documents/BDD/SpineDetect-shengwen-branch/SpineDetect/tpm_simulator/microns_env/lib/python3.12/site-packages/meshmash/utils.py:36: PyVistaDeprecationWarning: Parameter 'use_all_points' is deprecated since VTK < 9.2 is no longer supported. This parameter has no effect and is always `True`.
  edge_data = poly.extract_all_edges(use_all_points=True, clear_data=True)
/cis/home/rwang183/my_documents/BDD/SpineDetect-shengwen-branch/SpineDetect/tpm_simulator/microns_env/lib/python3.12/site-packages/meshmash/utils.py:36: PyVistaDeprecationWarning: Parameter 'use_all_points' is deprecated since VTK < 9.2 is no longer supported. This parameter has no effect and is always `True`.
  edge_data = poly.extract_all_edges(use_all_points=True, clear_data=True)
/cis/home/rwang183/my_documents/BDD/SpineDetect-shengwen-branch/SpineDetect/tpm_simulator/microns_env/lib/python3.12/site-packages/meshmash/utils.py:36: PyVistaDeprecationWarning: Parameter 'use_all_points' is deprecated since VTK < 9.2 is no longer supported. This parameter has no effect and is always `True`.
  edge_data = poly.extract_all_edges(use_all_points=True, clear_data=True)
/cis/home/rwang183/my_documents/BDD/SpineDetect-shengwen-branch/SpineDetect/tpm_simulator/microns_env/lib/python3.12/site-packages/meshmash/utils.py:36: PyVistaDeprecationWarning: Parameter 'use_all_points' is deprecated since VTK < 9.2 is no longer supported. This parameter has no effect and is always `True`.
  edge_data = poly.extract_all_edges(use_all_points=True, clear_data=True)
/cis/home/rwang183/my_documents/BDD/SpineDetect-shengwen-branch/SpineDetect/tpm_simulator/microns_env/lib/python3.12/site-packages/meshmash/utils.py:36: PyVistaDeprecationWarning: Parameter 'use_all_points' is deprecated since VTK < 9.2 is no longer supported. This parameter has no effect and is always `True`.
  edge_data = poly.extract_all_edges(use_all_points=True, clear_data=True)
/cis/home/rwang183/my_documents/BDD/SpineDetect-shengwen-branch/SpineDetect/tpm_simulator/microns_env/lib/python3.12/site-packages/meshmash/utils.py:36: PyVistaDeprecationWarning: Parameter 'use_all_points' is deprecated since VTK < 9.2 is no longer supported. This parameter has no effect and is always `True`.
  edge_data = poly.extract_all_edges(use_all_points=True, clear_data=True)
/cis/home/rwang183/my_documents/BDD/SpineDetect-shengwen-branch/SpineDetect/tpm_simulator/microns_env/lib/python3.12/site-packages/meshmash/utils.py:36: PyVistaDeprecationWarning: Parameter 'use_all_points' is deprecated since VTK < 9.2 is no longer supported. This parameter has no effect and is always `True`.
  edge_data = poly.extract_all_edges(use_all_points=True, clear_data=True)
/cis/home/rwang183/my_documents/BDD/SpineDetect-shengwen-branch/SpineDetect/tpm_simulator/microns_env/lib/python3.12/site-packages/meshmash/utils.py:36: PyVistaDeprecationWarning: Parameter 'use_all_points' is deprecated since VTK < 9.2 is no longer supported. This parameter has no effect and is always `True`.
  edge_data = poly.extract_all_edges(use_all_points=True, clear_data=True)
/cis/home/rwang183/my_documents/BDD/SpineDetect-shengwen-branch/SpineDetect/tpm_simulator/microns_env/lib/python3.12/site-packages/meshmash/utils.py:36: PyVistaDeprecationWarning: Parameter 'use_all_points' is deprecated since VTK < 9.2 is no longer supported. This parameter has no effect and is always `True`.
  edge_data = poly.extract_all_edges(use_all_points=True, clear_data=True)

Applying function agglomerate_mesh:   2%|▏         | 1/63 [00:00<00:53,  1.16it/s]/cis/home/rwang183/my_documents/BDD/SpineDetect-shengwen-branch/SpineDetect/tpm_simulator/microns_env/lib/python3.12/site-packages/meshmash/utils.py:36: PyVistaDeprecationWarning: Parameter 'use_all_points' is deprecated since VTK < 9.2 is no longer supported. This parameter has no effect and is always `True`.
  edge_data = poly.extract_all_edges(use_all_points=True, clear_data=True)
/cis/home/rwang183/my_documents/BDD/SpineDetect-shengwen-branch/SpineDetect/tpm_simulator/microns_env/lib/python3.12/site-packages/meshmash/utils.py:36: PyVistaDeprecationWarning: Parameter 'use_all_points' is deprecated since VTK < 9.2 is no longer supported. This parameter has no effect and is always `True`.
  edge_data = poly.extract_all_edges(use_all_points=True, clear_data=True)
/cis/home/rwang183/my_documents/BDD/SpineDetect-shengwen-branch/SpineDetect/tpm_simulator/microns_env/lib/python3.12/site-packages/meshmash/utils.py:36: PyVistaDeprecationWarning: Parameter 'use_all_points' is deprecated since VTK < 9.2 is no longer supported. This parameter has no effect and is always `True`.
  edge_data = poly.extract_all_edges(use_all_points=True, clear_data=True)

Applying function agglomerate_mesh:   5%|▍         | 3/63 [00:01<00:29,  2.04it/s]
Applying function agglomerate_mesh:   8%|▊         | 5/63 [00:01<00:16,  3.62it/s]
Applying function agglomerate_mesh:  11%|█         | 7/63 [00:01<00:10,  5.23it/s]
Applying function agglomerate_mesh:  14%|█▍        | 9/63 [00:01<00:07,  7.20it/s]
Applying function agglomerate_mesh:  22%|██▏       | 14/63 [00:02<00:03, 13.93it/s]
Applying function agglomerate_mesh:  30%|███       | 19/63 [00:02<00:02, 20.25it/s]
Applying function agglomerate_mesh:  37%|███▋      | 23/63 [00:02<00:01, 21.53it/s]
Applying function agglomerate_mesh:  44%|████▍     | 28/63 [00:02<00:01, 27.04it/s]
Applying function agglomerate_mesh:  51%|█████     | 32/63 [00:02<00:01, 27.76it/s]
Applying function agglomerate_mesh:  57%|█████▋    | 36/63 [00:02<00:01, 22.92it/s]
Applying function agglomerate_mesh:  62%|██████▏   | 39/63 [00:03<00:01, 19.98it/s]
Applying function agglomerate_mesh:  68%|██████▊   | 43/63 [00:03<00:00, 23.07it/s]
Applying function agglomerate_mesh:  73%|███████▎  | 46/63 [00:03<00:00, 20.89it/s]
Applying function agglomerate_mesh:  78%|███████▊  | 49/63 [00:03<00:00, 18.96it/s]
Applying function agglomerate_mesh:  83%|████████▎ | 52/63 [00:03<00:00, 14.13it/s]
Applying function agglomerate_mesh:  86%|████████▌ | 54/63 [00:04<00:00, 12.46it/s]
Applying function agglomerate_mesh:  89%|████████▉ | 56/63 [00:04<00:00, 13.18it/s]
Applying function agglomerate_mesh:  94%|█████████▎| 59/63 [00:04<00:00, 12.72it/s]
Applying function agglomerate_mesh:  97%|█████████▋| 61/63 [00:04<00:00, 12.92it/s]
Applying function agglomerate_mesh: 100%|██████████| 63/63 [00:04<00:00, 10.75it/s]
Applying function agglomerate_mesh: 100%|██████████| 63/63 [00:05<00:00, 12.45it/s]
/cis/home/rwang183/my_documents/BDD/SpineDetect-shengwen-branch/SpineDetect/tpm_simulator/microns_env/lib/python3.12/site-packages/meshmash/utils.py:26: PyVistaDeprecationWarning: Parameter 'use_all_points' is deprecated since VTK < 9.2 is no longer supported. This parameter has no effect and is always `True`.
  edge_data = poly.extract_all_edges(use_all_points=True, clear_data=True)
/cis/home/rwang183/my_documents/BDD/SpineDetect-shengwen-branch/SpineDetect/tpm_simulator/microns_env/lib/python3.12/site-packages/meshmash/utils.py:36: PyVistaDeprecationWarning: Parameter 'use_all_points' is deprecated since VTK < 9.2 is no longer supported. This parameter has no effect and is always `True`.
  edge_data = poly.extract_all_edges(use_all_points=True, clear_data=True)
/cis/home/rwang183/my_documents/BDD/SpineDetect-shengwen-branch/SpineDetect/tpm_simulator/microns_env/lib/python3.12/site-packages/meshmash/utils.py:36: PyVistaDeprecationWarning: Parameter 'use_all_points' is deprecated since VTK < 9.2 is no longer supported. This parameter has no effect and is always `True`.
  edge_data = poly.extract_all_edges(use_all_points=True, clear_data=True)
/cis/home/rwang183/my_documents/BDD/SpineDetect-shengwen-branch/SpineDetect/tpm_simulator/microns_env/lib/python3.12/site-packages/meshmash/utils.py:36: PyVistaDeprecationWarning: Parameter 'use_all_points' is deprecated since VTK < 9.2 is no longer supported. This parameter has no effect and is always `True`.
  edge_data = poly.extract_all_edges(use_all_points=True, clear_data=True)
/cis/home/rwang183/my_documents/BDD/SpineDetect-shengwen-branch/SpineDetect/tpm_simulator/microns_env/lib/python3.12/site-packages/meshmash/utils.py:36: PyVistaDeprecationWarning: Parameter 'use_all_points' is deprecated since VTK < 9.2 is no longer supported. This parameter has no effect and is always `True`.
  edge_data = poly.extract_all_edges(use_all_points=True, clear_data=True)
  Success! HKS computed for root_id 864691136911632625.

Processing root_id: 864691136926438986
  Loaded mesh with 1816051 vertices and 3628205 faces.
Subdividing mesh...
Meshes in queue: 1
Finding overlapping submeshes...
Computing HKS across submeshes...

Applying function compute_hks:   0%|          | 0/43 [00:00<?, ?it/s]
Applying function compute_hks:   2%|▏         | 1/43 [00:05<03:31,  5.03s/it]
Applying function compute_hks:   5%|▍         | 2/43 [00:05<01:33,  2.28s/it]
Applying function compute_hks:   7%|▋         | 3/43 [00:05<00:54,  1.37s/it]
Applying function compute_hks:   9%|▉         | 4/43 [00:06<00:43,  1.10s/it]
Applying function compute_hks:  12%|█▏        | 5/43 [00:06<00:31,  1.19it/s]
Applying function compute_hks:  14%|█▍        | 6/43 [00:07<00:25,  1.48it/s]
Applying function compute_hks:  16%|█▋        | 7/43 [00:07<00:20,  1.77it/s]
Applying function compute_hks:  21%|██        | 9/43 [00:07<00:13,  2.54it/s]
Applying function compute_hks:  23%|██▎       | 10/43 [00:08<00:16,  1.99it/s]
Applying function compute_hks:  26%|██▌       | 11/43 [00:09<00:17,  1.82it/s]
Applying function compute_hks:  28%|██▊       | 12/43 [00:09<00:13,  2.21it/s]
Applying function compute_hks:  30%|███       | 13/43 [00:13<00:45,  1.53s/it]
Applying function compute_hks:  35%|███▍      | 15/43 [00:14<00:25,  1.11it/s]
Applying function compute_hks:  37%|███▋      | 16/43 [00:14<00:20,  1.29it/s]
Applying function compute_hks:  40%|███▉      | 17/43 [00:14<00:17,  1.51it/s]
Applying function compute_hks:  42%|████▏     | 18/43 [00:15<00:18,  1.34it/s]
Applying function compute_hks:  47%|████▋     | 20/43 [00:16<00:12,  1.82it/s]
Applying function compute_hks:  51%|█████     | 22/43 [00:17<00:09,  2.10it/s]
Applying function compute_hks:  53%|█████▎    | 23/43 [00:17<00:09,  2.21it/s]
Applying function compute_hks:  56%|█████▌    | 24/43 [00:17<00:09,  2.08it/s]
Applying function compute_hks:  58%|█████▊    | 25/43 [00:18<00:07,  2.32it/s]
Applying function compute_hks:  60%|██████    | 26/43 [00:19<00:09,  1.78it/s]
Applying function compute_hks:  65%|██████▌   | 28/43 [00:19<00:06,  2.34it/s]
Applying function compute_hks:  67%|██████▋   | 29/43 [00:20<00:07,  1.77it/s]
Applying function compute_hks:  70%|██████▉   | 30/43 [00:20<00:05,  2.22it/s]
Applying function compute_hks:  72%|███████▏  | 31/43 [00:21<00:05,  2.09it/s]
Applying function compute_hks:  74%|███████▍  | 32/43 [00:22<00:06,  1.80it/s]
Applying function compute_hks:  77%|███████▋  | 33/43 [00:22<00:06,  1.56it/s]
Applying function compute_hks:  79%|███████▉  | 34/43 [00:23<00:06,  1.48it/s]
Applying function compute_hks:  81%|████████▏ | 35/43 [00:26<00:09,  1.22s/it]
Applying function compute_hks:  84%|████████▎ | 36/43 [00:34<00:22,  3.22s/it]
Applying function compute_hks:  86%|████████▌ | 37/43 [00:34<00:13,  2.33s/it]
Applying function compute_hks:  88%|████████▊ | 38/43 [00:35<00:10,  2.00s/it]
Applying function compute_hks:  91%|█████████ | 39/43 [00:36<00:06,  1.59s/it]
Applying function compute_hks:  93%|█████████▎| 40/43 [00:37<00:03,  1.33s/it]
Applying function compute_hks:  98%|█████████▊| 42/43 [00:37<00:00,  1.20it/s]
Applying function compute_hks: 100%|██████████| 43/43 [00:37<00:00,  1.40it/s]
Applying function compute_hks: 100%|██████████| 43/43 [00:38<00:00,  1.13it/s]

Applying function agglomerate_mesh:   0%|          | 0/43 [00:00<?, ?it/s]/cis/home/rwang183/my_documents/BDD/SpineDetect-shengwen-branch/SpineDetect/tpm_simulator/microns_env/lib/python3.12/site-packages/meshmash/utils.py:36: PyVistaDeprecationWarning: Parameter 'use_all_points' is deprecated since VTK < 9.2 is no longer supported. This parameter has no effect and is always `True`.
  edge_data = poly.extract_all_edges(use_all_points=True, clear_data=True)
/cis/home/rwang183/my_documents/BDD/SpineDetect-shengwen-branch/SpineDetect/tpm_simulator/microns_env/lib/python3.12/site-packages/meshmash/utils.py:36: PyVistaDeprecationWarning: Parameter 'use_all_points' is deprecated since VTK < 9.2 is no longer supported. This parameter has no effect and is always `True`.
  edge_data = poly.extract_all_edges(use_all_points=True, clear_data=True)
/cis/home/rwang183/my_documents/BDD/SpineDetect-shengwen-branch/SpineDetect/tpm_simulator/microns_env/lib/python3.12/site-packages/meshmash/utils.py:36: PyVistaDeprecationWarning: Parameter 'use_all_points' is deprecated since VTK < 9.2 is no longer supported. This parameter has no effect and is always `True`.
  edge_data = poly.extract_all_edges(use_all_points=True, clear_data=True)
/cis/home/rwang183/my_documents/BDD/SpineDetect-shengwen-branch/SpineDetect/tpm_simulator/microns_env/lib/python3.12/site-packages/meshmash/utils.py:36: PyVistaDeprecationWarning: Parameter 'use_all_points' is deprecated since VTK < 9.2 is no longer supported. This parameter has no effect and is always `True`.
  edge_data = poly.extract_all_edges(use_all_points=True, clear_data=True)
/cis/home/rwang183/my_documents/BDD/SpineDetect-shengwen-branch/SpineDetect/tpm_simulator/microns_env/lib/python3.12/site-packages/meshmash/utils.py:36: PyVistaDeprecationWarning: Parameter 'use_all_points' is deprecated since VTK < 9.2 is no longer supported. This parameter has no effect and is always `True`.
  edge_data = poly.extract_all_edges(use_all_points=True, clear_data=True)
/cis/home/rwang183/my_documents/BDD/SpineDetect-shengwen-branch/SpineDetect/tpm_simulator/microns_env/lib/python3.12/site-packages/meshmash/utils.py:36: PyVistaDeprecationWarning: Parameter 'use_all_points' is deprecated since VTK < 9.2 is no longer supported. This parameter has no effect and is always `True`.
  edge_data = poly.extract_all_edges(use_all_points=True, clear_data=True)
/cis/home/rwang183/my_documents/BDD/SpineDetect-shengwen-branch/SpineDetect/tpm_simulator/microns_env/lib/python3.12/site-packages/meshmash/utils.py:36: PyVistaDeprecationWarning: Parameter 'use_all_points' is deprecated since VTK < 9.2 is no longer supported. This parameter has no effect and is always `True`.
  edge_data = poly.extract_all_edges(use_all_points=True, clear_data=True)
/cis/home/rwang183/my_documents/BDD/SpineDetect-shengwen-branch/SpineDetect/tpm_simulator/microns_env/lib/python3.12/site-packages/meshmash/utils.py:36: PyVistaDeprecationWarning: Parameter 'use_all_points' is deprecated since VTK < 9.2 is no longer supported. This parameter has no effect and is always `True`.
  edge_data = poly.extract_all_edges(use_all_points=True, clear_data=True)
/cis/home/rwang183/my_documents/BDD/SpineDetect-shengwen-branch/SpineDetect/tpm_simulator/microns_env/lib/python3.12/site-packages/meshmash/utils.py:36: PyVistaDeprecationWarning: Parameter 'use_all_points' is deprecated since VTK < 9.2 is no longer supported. This parameter has no effect and is always `True`.
  edge_data = poly.extract_all_edges(use_all_points=True, clear_data=True)
/cis/home/rwang183/my_documents/BDD/SpineDetect-shengwen-branch/SpineDetect/tpm_simulator/microns_env/lib/python3.12/site-packages/meshmash/utils.py:36: PyVistaDeprecationWarning: Parameter 'use_all_points' is deprecated since VTK < 9.2 is no longer supported. This parameter has no effect and is always `True`.
  edge_data = poly.extract_all_edges(use_all_points=True, clear_data=True)
/cis/home/rwang183/my_documents/BDD/SpineDetect-shengwen-branch/SpineDetect/tpm_simulator/microns_env/lib/python3.12/site-packages/meshmash/utils.py:36: PyVistaDeprecationWarning: Parameter 'use_all_points' is deprecated since VTK < 9.2 is no longer supported. This parameter has no effect and is always `True`.
  edge_data = poly.extract_all_edges(use_all_points=True, clear_data=True)
/cis/home/rwang183/my_documents/BDD/SpineDetect-shengwen-branch/SpineDetect/tpm_simulator/microns_env/lib/python3.12/site-packages/meshmash/utils.py:36: PyVistaDeprecationWarning: Parameter 'use_all_points' is deprecated since VTK < 9.2 is no longer supported. This parameter has no effect and is always `True`.
  edge_data = poly.extract_all_edges(use_all_points=True, clear_data=True)
/cis/home/rwang183/my_documents/BDD/SpineDetect-shengwen-branch/SpineDetect/tpm_simulator/microns_env/lib/python3.12/site-packages/meshmash/utils.py:36: PyVistaDeprecationWarning: Parameter 'use_all_points' is deprecated since VTK < 9.2 is no longer supported. This parameter has no effect and is always `True`.
  edge_data = poly.extract_all_edges(use_all_points=True, clear_data=True)
/cis/home/rwang183/my_documents/BDD/SpineDetect-shengwen-branch/SpineDetect/tpm_simulator/microns_env/lib/python3.12/site-packages/meshmash/utils.py:36: PyVistaDeprecationWarning: Parameter 'use_all_points' is deprecated since VTK < 9.2 is no longer supported. This parameter has no effect and is always `True`.
  edge_data = poly.extract_all_edges(use_all_points=True, clear_data=True)
/cis/home/rwang183/my_documents/BDD/SpineDetect-shengwen-branch/SpineDetect/tpm_simulator/microns_env/lib/python3.12/site-packages/meshmash/utils.py:36: PyVistaDeprecationWarning: Parameter 'use_all_points' is deprecated since VTK < 9.2 is no longer supported. This parameter has no effect and is always `True`.
  edge_data = poly.extract_all_edges(use_all_points=True, clear_data=True)
/cis/home/rwang183/my_documents/BDD/SpineDetect-shengwen-branch/SpineDetect/tpm_simulator/microns_env/lib/python3.12/site-packages/meshmash/utils.py:36: PyVistaDeprecationWarning: Parameter 'use_all_points' is deprecated since VTK < 9.2 is no longer supported. This parameter has no effect and is always `True`.
  edge_data = poly.extract_all_edges(use_all_points=True, clear_data=True)
/cis/home/rwang183/my_documents/BDD/SpineDetect-shengwen-branch/SpineDetect/tpm_simulator/microns_env/lib/python3.12/site-packages/meshmash/utils.py:36: PyVistaDeprecationWarning: Parameter 'use_all_points' is deprecated since VTK < 9.2 is no longer supported. This parameter has no effect and is always `True`.
  edge_data = poly.extract_all_edges(use_all_points=True, clear_data=True)
/cis/home/rwang183/my_documents/BDD/SpineDetect-shengwen-branch/SpineDetect/tpm_simulator/microns_env/lib/python3.12/site-packages/meshmash/utils.py:36: PyVistaDeprecationWarning: Parameter 'use_all_points' is deprecated since VTK < 9.2 is no longer supported. This parameter has no effect and is always `True`.
  edge_data = poly.extract_all_edges(use_all_points=True, clear_data=True)
/cis/home/rwang183/my_documents/BDD/SpineDetect-shengwen-branch/SpineDetect/tpm_simulator/microns_env/lib/python3.12/site-packages/meshmash/utils.py:36: PyVistaDeprecationWarning: Parameter 'use_all_points' is deprecated since VTK < 9.2 is no longer supported. This parameter has no effect and is always `True`.
  edge_data = poly.extract_all_edges(use_all_points=True, clear_data=True)
/cis/home/rwang183/my_documents/BDD/SpineDetect-shengwen-branch/SpineDetect/tpm_simulator/microns_env/lib/python3.12/site-packages/meshmash/utils.py:36: PyVistaDeprecationWarning: Parameter 'use_all_points' is deprecated since VTK < 9.2 is no longer supported. This parameter has no effect and is always `True`.
  edge_data = poly.extract_all_edges(use_all_points=True, clear_data=True)
/cis/home/rwang183/my_documents/BDD/SpineDetect-shengwen-branch/SpineDetect/tpm_simulator/microns_env/lib/python3.12/site-packages/meshmash/utils.py:36: PyVistaDeprecationWarning: Parameter 'use_all_points' is deprecated since VTK < 9.2 is no longer supported. This parameter has no effect and is always `True`.
  edge_data = poly.extract_all_edges(use_all_points=True, clear_data=True)
/cis/home/rwang183/my_documents/BDD/SpineDetect-shengwen-branch/SpineDetect/tpm_simulator/microns_env/lib/python3.12/site-packages/meshmash/utils.py:36: PyVistaDeprecationWarning: Parameter 'use_all_points' is deprecated since VTK < 9.2 is no longer supported. This parameter has no effect and is always `True`.
  edge_data = poly.extract_all_edges(use_all_points=True, clear_data=True)
/cis/home/rwang183/my_documents/BDD/SpineDetect-shengwen-branch/SpineDetect/tpm_simulator/microns_env/lib/python3.12/site-packages/meshmash/utils.py:36: PyVistaDeprecationWarning: Parameter 'use_all_points' is deprecated since VTK < 9.2 is no longer supported. This parameter has no effect and is always `True`.
  edge_data = poly.extract_all_edges(use_all_points=True, clear_data=True)
/cis/home/rwang183/my_documents/BDD/SpineDetect-shengwen-branch/SpineDetect/tpm_simulator/microns_env/lib/python3.12/site-packages/meshmash/utils.py:36: PyVistaDeprecationWarning: Parameter 'use_all_points' is deprecated since VTK < 9.2 is no longer supported. This parameter has no effect and is always `True`.
  edge_data = poly.extract_all_edges(use_all_points=True, clear_data=True)
/cis/home/rwang183/my_documents/BDD/SpineDetect-shengwen-branch/SpineDetect/tpm_simulator/microns_env/lib/python3.12/site-packages/meshmash/utils.py:36: PyVistaDeprecationWarning: Parameter 'use_all_points' is deprecated since VTK < 9.2 is no longer supported. This parameter has no effect and is always `True`.
  edge_data = poly.extract_all_edges(use_all_points=True, clear_data=True)
/cis/home/rwang183/my_documents/BDD/SpineDetect-shengwen-branch/SpineDetect/tpm_simulator/microns_env/lib/python3.12/site-packages/meshmash/utils.py:36: PyVistaDeprecationWarning: Parameter 'use_all_points' is deprecated since VTK < 9.2 is no longer supported. This parameter has no effect and is always `True`.
  edge_data = poly.extract_all_edges(use_all_points=True, clear_data=True)
/cis/home/rwang183/my_documents/BDD/SpineDetect-shengwen-branch/SpineDetect/tpm_simulator/microns_env/lib/python3.12/site-packages/meshmash/utils.py:36: PyVistaDeprecationWarning: Parameter 'use_all_points' is deprecated since VTK < 9.2 is no longer supported. This parameter has no effect and is always `True`.
  edge_data = poly.extract_all_edges(use_all_points=True, clear_data=True)
/cis/home/rwang183/my_documents/BDD/SpineDetect-shengwen-branch/SpineDetect/tpm_simulator/microns_env/lib/python3.12/site-packages/meshmash/utils.py:36: PyVistaDeprecationWarning: Parameter 'use_all_points' is deprecated since VTK < 9.2 is no longer supported. This parameter has no effect and is always `True`.
  edge_data = poly.extract_all_edges(use_all_points=True, clear_data=True)
/cis/home/rwang183/my_documents/BDD/SpineDetect-shengwen-branch/SpineDetect/tpm_simulator/microns_env/lib/python3.12/site-packages/meshmash/utils.py:36: PyVistaDeprecationWarning: Parameter 'use_all_points' is deprecated since VTK < 9.2 is no longer supported. This parameter has no effect and is always `True`.
  edge_data = poly.extract_all_edges(use_all_points=True, clear_data=True)
/cis/home/rwang183/my_documents/BDD/SpineDetect-shengwen-branch/SpineDetect/tpm_simulator/microns_env/lib/python3.12/site-packages/meshmash/utils.py:36: PyVistaDeprecationWarning: Parameter 'use_all_points' is deprecated since VTK < 9.2 is no longer supported. This parameter has no effect and is always `True`.
  edge_data = poly.extract_all_edges(use_all_points=True, clear_data=True)
/cis/home/rwang183/my_documents/BDD/SpineDetect-shengwen-branch/SpineDetect/tpm_simulator/microns_env/lib/python3.12/site-packages/meshmash/utils.py:36: PyVistaDeprecationWarning: Parameter 'use_all_points' is deprecated since VTK < 9.2 is no longer supported. This parameter has no effect and is always `True`.
  edge_data = poly.extract_all_edges(use_all_points=True, clear_data=True)
/cis/home/rwang183/my_documents/BDD/SpineDetect-shengwen-branch/SpineDetect/tpm_simulator/microns_env/lib/python3.12/site-packages/meshmash/utils.py:36: PyVistaDeprecationWarning: Parameter 'use_all_points' is deprecated since VTK < 9.2 is no longer supported. This parameter has no effect and is always `True`.
  edge_data = poly.extract_all_edges(use_all_points=True, clear_data=True)
/cis/home/rwang183/my_documents/BDD/SpineDetect-shengwen-branch/SpineDetect/tpm_simulator/microns_env/lib/python3.12/site-packages/meshmash/utils.py:36: PyVistaDeprecationWarning: Parameter 'use_all_points' is deprecated since VTK < 9.2 is no longer supported. This parameter has no effect and is always `True`.
  edge_data = poly.extract_all_edges(use_all_points=True, clear_data=True)
/cis/home/rwang183/my_documents/BDD/SpineDetect-shengwen-branch/SpineDetect/tpm_simulator/microns_env/lib/python3.12/site-packages/meshmash/utils.py:36: PyVistaDeprecationWarning: Parameter 'use_all_points' is deprecated since VTK < 9.2 is no longer supported. This parameter has no effect and is always `True`.
  edge_data = poly.extract_all_edges(use_all_points=True, clear_data=True)
/cis/home/rwang183/my_documents/BDD/SpineDetect-shengwen-branch/SpineDetect/tpm_simulator/microns_env/lib/python3.12/site-packages/meshmash/utils.py:36: PyVistaDeprecationWarning: Parameter 'use_all_points' is deprecated since VTK < 9.2 is no longer supported. This parameter has no effect and is always `True`.
  edge_data = poly.extract_all_edges(use_all_points=True, clear_data=True)
/cis/home/rwang183/my_documents/BDD/SpineDetect-shengwen-branch/SpineDetect/tpm_simulator/microns_env/lib/python3.12/site-packages/meshmash/utils.py:36: PyVistaDeprecationWarning: Parameter 'use_all_points' is deprecated since VTK < 9.2 is no longer supported. This parameter has no effect and is always `True`.
  edge_data = poly.extract_all_edges(use_all_points=True, clear_data=True)
/cis/home/rwang183/my_documents/BDD/SpineDetect-shengwen-branch/SpineDetect/tpm_simulator/microns_env/lib/python3.12/site-packages/meshmash/utils.py:36: PyVistaDeprecationWarning: Parameter 'use_all_points' is deprecated since VTK < 9.2 is no longer supported. This parameter has no effect and is always `True`.
  edge_data = poly.extract_all_edges(use_all_points=True, clear_data=True)
/cis/home/rwang183/my_documents/BDD/SpineDetect-shengwen-branch/SpineDetect/tpm_simulator/microns_env/lib/python3.12/site-packages/meshmash/utils.py:36: PyVistaDeprecationWarning: Parameter 'use_all_points' is deprecated since VTK < 9.2 is no longer supported. This parameter has no effect and is always `True`.
  edge_data = poly.extract_all_edges(use_all_points=True, clear_data=True)
/cis/home/rwang183/my_documents/BDD/SpineDetect-shengwen-branch/SpineDetect/tpm_simulator/microns_env/lib/python3.12/site-packages/meshmash/utils.py:36: PyVistaDeprecationWarning: Parameter 'use_all_points' is deprecated since VTK < 9.2 is no longer supported. This parameter has no effect and is always `True`.
  edge_data = poly.extract_all_edges(use_all_points=True, clear_data=True)
/cis/home/rwang183/my_documents/BDD/SpineDetect-shengwen-branch/SpineDetect/tpm_simulator/microns_env/lib/python3.12/site-packages/meshmash/utils.py:36: PyVistaDeprecationWarning: Parameter 'use_all_points' is deprecated since VTK < 9.2 is no longer supported. This parameter has no effect and is always `True`.
  edge_data = poly.extract_all_edges(use_all_points=True, clear_data=True)
/cis/home/rwang183/my_documents/BDD/SpineDetect-shengwen-branch/SpineDetect/tpm_simulator/microns_env/lib/python3.12/site-packages/meshmash/utils.py:36: PyVistaDeprecationWarning: Parameter 'use_all_points' is deprecated since VTK < 9.2 is no longer supported. This parameter has no effect and is always `True`.
  edge_data = poly.extract_all_edges(use_all_points=True, clear_data=True)
/cis/home/rwang183/my_documents/BDD/SpineDetect-shengwen-branch/SpineDetect/tpm_simulator/microns_env/lib/python3.12/site-packages/meshmash/utils.py:36: PyVistaDeprecationWarning: Parameter 'use_all_points' is deprecated since VTK < 9.2 is no longer supported. This parameter has no effect and is always `True`.
  edge_data = poly.extract_all_edges(use_all_points=True, clear_data=True)
/cis/home/rwang183/my_documents/BDD/SpineDetect-shengwen-branch/SpineDetect/tpm_simulator/microns_env/lib/python3.12/site-packages/meshmash/utils.py:36: PyVistaDeprecationWarning: Parameter 'use_all_points' is deprecated since VTK < 9.2 is no longer supported. This parameter has no effect and is always `True`.
  edge_data = poly.extract_all_edges(use_all_points=True, clear_data=True)

Applying function agglomerate_mesh:   2%|▏         | 1/43 [00:01<00:52,  1.26s/it]
Applying function agglomerate_mesh:   7%|▋         | 3/43 [00:01<00:15,  2.56it/s]
Applying function agglomerate_mesh:  12%|█▏        | 5/43 [00:01<00:08,  4.57it/s]
Applying function agglomerate_mesh:  28%|██▊       | 12/43 [00:01<00:02, 13.26it/s]
Applying function agglomerate_mesh:  35%|███▍      | 15/43 [00:01<00:01, 15.58it/s]
Applying function agglomerate_mesh:  42%|████▏     | 18/43 [00:02<00:01, 15.06it/s]
Applying function agglomerate_mesh:  53%|█████▎    | 23/43 [00:02<00:01, 19.17it/s]
Applying function agglomerate_mesh:  63%|██████▎   | 27/43 [00:02<00:00, 21.09it/s]
Applying function agglomerate_mesh:  70%|██████▉   | 30/43 [00:02<00:00, 22.55it/s]
Applying function agglomerate_mesh:  77%|███████▋  | 33/43 [00:02<00:00, 17.92it/s]
Applying function agglomerate_mesh:  84%|████████▎ | 36/43 [00:03<00:00, 10.61it/s]
Applying function agglomerate_mesh:  93%|█████████▎| 40/43 [00:03<00:00, 12.05it/s]
Applying function agglomerate_mesh:  98%|█████████▊| 42/43 [00:03<00:00, 12.16it/s]
Applying function agglomerate_mesh: 100%|██████████| 43/43 [00:03<00:00, 10.82it/s]
/cis/home/rwang183/my_documents/BDD/SpineDetect-shengwen-branch/SpineDetect/tpm_simulator/microns_env/lib/python3.12/site-packages/meshmash/utils.py:26: PyVistaDeprecationWarning: Parameter 'use_all_points' is deprecated since VTK < 9.2 is no longer supported. This parameter has no effect and is always `True`.
  edge_data = poly.extract_all_edges(use_all_points=True, clear_data=True)
/cis/home/rwang183/my_documents/BDD/SpineDetect-shengwen-branch/SpineDetect/tpm_simulator/microns_env/lib/python3.12/site-packages/meshmash/utils.py:36: PyVistaDeprecationWarning: Parameter 'use_all_points' is deprecated since VTK < 9.2 is no longer supported. This parameter has no effect and is always `True`.
  edge_data = poly.extract_all_edges(use_all_points=True, clear_data=True)
/cis/home/rwang183/my_documents/BDD/SpineDetect-shengwen-branch/SpineDetect/tpm_simulator/microns_env/lib/python3.12/site-packages/meshmash/utils.py:36: PyVistaDeprecationWarning: Parameter 'use_all_points' is deprecated since VTK < 9.2 is no longer supported. This parameter has no effect and is always `True`.
  edge_data = poly.extract_all_edges(use_all_points=True, clear_data=True)
/cis/home/rwang183/my_documents/BDD/SpineDetect-shengwen-branch/SpineDetect/tpm_simulator/microns_env/lib/python3.12/site-packages/meshmash/utils.py:36: PyVistaDeprecationWarning: Parameter 'use_all_points' is deprecated since VTK < 9.2 is no longer supported. This parameter has no effect and is always `True`.
  edge_data = poly.extract_all_edges(use_all_points=True, clear_data=True)
/cis/home/rwang183/my_documents/BDD/SpineDetect-shengwen-branch/SpineDetect/tpm_simulator/microns_env/lib/python3.12/site-packages/meshmash/utils.py:36: PyVistaDeprecationWarning: Parameter 'use_all_points' is deprecated since VTK < 9.2 is no longer supported. This parameter has no effect and is always `True`.
  edge_data = poly.extract_all_edges(use_all_points=True, clear_data=True)
  Success! HKS computed for root_id 864691136926438986.

Processing root_id: 864691135567741420
  Loaded mesh with 1226492 vertices and 2464498 faces.
Subdividing mesh...
Meshes in queue: 3
Finding overlapping submeshes...
Computing HKS across submeshes...

Applying function compute_hks:   0%|          | 0/29 [00:00<?, ?it/s]
Applying function compute_hks:   3%|▎         | 1/29 [00:00<00:04,  6.70it/s]
Applying function compute_hks:  10%|█         | 3/29 [00:04<00:40,  1.54s/it]
Applying function compute_hks:  14%|█▍        | 4/29 [00:05<00:36,  1.44s/it]
Applying function compute_hks:  17%|█▋        | 5/29 [00:05<00:25,  1.04s/it]
Applying function compute_hks:  24%|██▍       | 7/29 [00:07<00:18,  1.17it/s]
Applying function compute_hks:  28%|██▊       | 8/29 [00:07<00:14,  1.49it/s]
Applying function compute_hks:  31%|███       | 9/29 [00:07<00:13,  1.45it/s]
Applying function compute_hks:  34%|███▍      | 10/29 [00:08<00:10,  1.84it/s]
Applying function compute_hks:  38%|███▊      | 11/29 [00:08<00:07,  2.39it/s]
Applying function compute_hks:  41%|████▏     | 12/29 [00:08<00:08,  2.02it/s]
Applying function compute_hks:  45%|████▍     | 13/29 [00:10<00:12,  1.29it/s]
Applying function compute_hks:  48%|████▊     | 14/29 [00:10<00:09,  1.65it/s]
Applying function compute_hks:  52%|█████▏    | 15/29 [00:11<00:11,  1.23it/s]
Applying function compute_hks:  55%|█████▌    | 16/29 [00:12<00:09,  1.35it/s]
Applying function compute_hks:  59%|█████▊    | 17/29 [00:12<00:06,  1.78it/s]
Applying function compute_hks:  62%|██████▏   | 18/29 [00:14<00:10,  1.09it/s]
Applying function compute_hks:  66%|██████▌   | 19/29 [00:15<00:09,  1.05it/s]
Applying function compute_hks:  69%|██████▉   | 20/29 [00:17<00:12,  1.35s/it]
Applying function compute_hks:  72%|███████▏  | 21/29 [00:20<00:15,  1.97s/it]
Applying function compute_hks:  76%|███████▌  | 22/29 [00:21<00:10,  1.45s/it]
Applying function compute_hks:  79%|███████▉  | 23/29 [00:26<00:16,  2.70s/it]
Applying function compute_hks:  83%|████████▎ | 24/29 [00:28<00:11,  2.39s/it]
Applying function compute_hks:  86%|████████▌ | 25/29 [00:31<00:09,  2.46s/it]
Applying function compute_hks:  93%|█████████▎| 27/29 [00:31<00:02,  1.42s/it]
Applying function compute_hks:  97%|█████████▋| 28/29 [00:32<00:01,  1.33s/it]
Applying function compute_hks: 100%|██████████| 29/29 [00:33<00:00,  1.23s/it]
Applying function compute_hks: 100%|██████████| 29/29 [00:33<00:00,  1.16s/it]

Applying function agglomerate_mesh:   0%|          | 0/29 [00:00<?, ?it/s]/cis/home/rwang183/my_documents/BDD/SpineDetect-shengwen-branch/SpineDetect/tpm_simulator/microns_env/lib/python3.12/site-packages/meshmash/utils.py:36: PyVistaDeprecationWarning: Parameter 'use_all_points' is deprecated since VTK < 9.2 is no longer supported. This parameter has no effect and is always `True`.
  edge_data = poly.extract_all_edges(use_all_points=True, clear_data=True)
/cis/home/rwang183/my_documents/BDD/SpineDetect-shengwen-branch/SpineDetect/tpm_simulator/microns_env/lib/python3.12/site-packages/meshmash/utils.py:36: PyVistaDeprecationWarning: Parameter 'use_all_points' is deprecated since VTK < 9.2 is no longer supported. This parameter has no effect and is always `True`.
  edge_data = poly.extract_all_edges(use_all_points=True, clear_data=True)
/cis/home/rwang183/my_documents/BDD/SpineDetect-shengwen-branch/SpineDetect/tpm_simulator/microns_env/lib/python3.12/site-packages/meshmash/utils.py:36: PyVistaDeprecationWarning: Parameter 'use_all_points' is deprecated since VTK < 9.2 is no longer supported. This parameter has no effect and is always `True`.
  edge_data = poly.extract_all_edges(use_all_points=True, clear_data=True)
/cis/home/rwang183/my_documents/BDD/SpineDetect-shengwen-branch/SpineDetect/tpm_simulator/microns_env/lib/python3.12/site-packages/meshmash/utils.py:36: PyVistaDeprecationWarning: Parameter 'use_all_points' is deprecated since VTK < 9.2 is no longer supported. This parameter has no effect and is always `True`.
  edge_data = poly.extract_all_edges(use_all_points=True, clear_data=True)
/cis/home/rwang183/my_documents/BDD/SpineDetect-shengwen-branch/SpineDetect/tpm_simulator/microns_env/lib/python3.12/site-packages/meshmash/utils.py:36: PyVistaDeprecationWarning: Parameter 'use_all_points' is deprecated since VTK < 9.2 is no longer supported. This parameter has no effect and is always `True`.
  edge_data = poly.extract_all_edges(use_all_points=True, clear_data=True)
/cis/home/rwang183/my_documents/BDD/SpineDetect-shengwen-branch/SpineDetect/tpm_simulator/microns_env/lib/python3.12/site-packages/meshmash/utils.py:36: PyVistaDeprecationWarning: Parameter 'use_all_points' is deprecated since VTK < 9.2 is no longer supported. This parameter has no effect and is always `True`.
  edge_data = poly.extract_all_edges(use_all_points=True, clear_data=True)
/cis/home/rwang183/my_documents/BDD/SpineDetect-shengwen-branch/SpineDetect/tpm_simulator/microns_env/lib/python3.12/site-packages/meshmash/utils.py:36: PyVistaDeprecationWarning: Parameter 'use_all_points' is deprecated since VTK < 9.2 is no longer supported. This parameter has no effect and is always `True`.
  edge_data = poly.extract_all_edges(use_all_points=True, clear_data=True)
/cis/home/rwang183/my_documents/BDD/SpineDetect-shengwen-branch/SpineDetect/tpm_simulator/microns_env/lib/python3.12/site-packages/meshmash/utils.py:36: PyVistaDeprecationWarning: Parameter 'use_all_points' is deprecated since VTK < 9.2 is no longer supported. This parameter has no effect and is always `True`.
  edge_data = poly.extract_all_edges(use_all_points=True, clear_data=True)
/cis/home/rwang183/my_documents/BDD/SpineDetect-shengwen-branch/SpineDetect/tpm_simulator/microns_env/lib/python3.12/site-packages/meshmash/utils.py:36: PyVistaDeprecationWarning: Parameter 'use_all_points' is deprecated since VTK < 9.2 is no longer supported. This parameter has no effect and is always `True`.
  edge_data = poly.extract_all_edges(use_all_points=True, clear_data=True)
/cis/home/rwang183/my_documents/BDD/SpineDetect-shengwen-branch/SpineDetect/tpm_simulator/microns_env/lib/python3.12/site-packages/meshmash/utils.py:36: PyVistaDeprecationWarning: Parameter 'use_all_points' is deprecated since VTK < 9.2 is no longer supported. This parameter has no effect and is always `True`.
  edge_data = poly.extract_all_edges(use_all_points=True, clear_data=True)
/cis/home/rwang183/my_documents/BDD/SpineDetect-shengwen-branch/SpineDetect/tpm_simulator/microns_env/lib/python3.12/site-packages/meshmash/utils.py:36: PyVistaDeprecationWarning: Parameter 'use_all_points' is deprecated since VTK < 9.2 is no longer supported. This parameter has no effect and is always `True`.
  edge_data = poly.extract_all_edges(use_all_points=True, clear_data=True)
/cis/home/rwang183/my_documents/BDD/SpineDetect-shengwen-branch/SpineDetect/tpm_simulator/microns_env/lib/python3.12/site-packages/meshmash/utils.py:36: PyVistaDeprecationWarning: Parameter 'use_all_points' is deprecated since VTK < 9.2 is no longer supported. This parameter has no effect and is always `True`.
  edge_data = poly.extract_all_edges(use_all_points=True, clear_data=True)
/cis/home/rwang183/my_documents/BDD/SpineDetect-shengwen-branch/SpineDetect/tpm_simulator/microns_env/lib/python3.12/site-packages/meshmash/utils.py:36: PyVistaDeprecationWarning: Parameter 'use_all_points' is deprecated since VTK < 9.2 is no longer supported. This parameter has no effect and is always `True`.
  edge_data = poly.extract_all_edges(use_all_points=True, clear_data=True)
/cis/home/rwang183/my_documents/BDD/SpineDetect-shengwen-branch/SpineDetect/tpm_simulator/microns_env/lib/python3.12/site-packages/meshmash/utils.py:36: PyVistaDeprecationWarning: Parameter 'use_all_points' is deprecated since VTK < 9.2 is no longer supported. This parameter has no effect and is always `True`.
  edge_data = poly.extract_all_edges(use_all_points=True, clear_data=True)
/cis/home/rwang183/my_documents/BDD/SpineDetect-shengwen-branch/SpineDetect/tpm_simulator/microns_env/lib/python3.12/site-packages/meshmash/utils.py:36: PyVistaDeprecationWarning: Parameter 'use_all_points' is deprecated since VTK < 9.2 is no longer supported. This parameter has no effect and is always `True`.
  edge_data = poly.extract_all_edges(use_all_points=True, clear_data=True)
/cis/home/rwang183/my_documents/BDD/SpineDetect-shengwen-branch/SpineDetect/tpm_simulator/microns_env/lib/python3.12/site-packages/meshmash/utils.py:36: PyVistaDeprecationWarning: Parameter 'use_all_points' is deprecated since VTK < 9.2 is no longer supported. This parameter has no effect and is always `True`.
  edge_data = poly.extract_all_edges(use_all_points=True, clear_data=True)
/cis/home/rwang183/my_documents/BDD/SpineDetect-shengwen-branch/SpineDetect/tpm_simulator/microns_env/lib/python3.12/site-packages/meshmash/utils.py:36: PyVistaDeprecationWarning: Parameter 'use_all_points' is deprecated since VTK < 9.2 is no longer supported. This parameter has no effect and is always `True`.
  edge_data = poly.extract_all_edges(use_all_points=True, clear_data=True)
/cis/home/rwang183/my_documents/BDD/SpineDetect-shengwen-branch/SpineDetect/tpm_simulator/microns_env/lib/python3.12/site-packages/meshmash/utils.py:36: PyVistaDeprecationWarning: Parameter 'use_all_points' is deprecated since VTK < 9.2 is no longer supported. This parameter has no effect and is always `True`.
  edge_data = poly.extract_all_edges(use_all_points=True, clear_data=True)
/cis/home/rwang183/my_documents/BDD/SpineDetect-shengwen-branch/SpineDetect/tpm_simulator/microns_env/lib/python3.12/site-packages/meshmash/utils.py:36: PyVistaDeprecationWarning: Parameter 'use_all_points' is deprecated since VTK < 9.2 is no longer supported. This parameter has no effect and is always `True`.
  edge_data = poly.extract_all_edges(use_all_points=True, clear_data=True)
/cis/home/rwang183/my_documents/BDD/SpineDetect-shengwen-branch/SpineDetect/tpm_simulator/microns_env/lib/python3.12/site-packages/meshmash/utils.py:36: PyVistaDeprecationWarning: Parameter 'use_all_points' is deprecated since VTK < 9.2 is no longer supported. This parameter has no effect and is always `True`.
  edge_data = poly.extract_all_edges(use_all_points=True, clear_data=True)
/cis/home/rwang183/my_documents/BDD/SpineDetect-shengwen-branch/SpineDetect/tpm_simulator/microns_env/lib/python3.12/site-packages/meshmash/utils.py:36: PyVistaDeprecationWarning: Parameter 'use_all_points' is deprecated since VTK < 9.2 is no longer supported. This parameter has no effect and is always `True`.
  edge_data = poly.extract_all_edges(use_all_points=True, clear_data=True)
/cis/home/rwang183/my_documents/BDD/SpineDetect-shengwen-branch/SpineDetect/tpm_simulator/microns_env/lib/python3.12/site-packages/meshmash/utils.py:36: PyVistaDeprecationWarning: Parameter 'use_all_points' is deprecated since VTK < 9.2 is no longer supported. This parameter has no effect and is always `True`.
  edge_data = poly.extract_all_edges(use_all_points=True, clear_data=True)
/cis/home/rwang183/my_documents/BDD/SpineDetect-shengwen-branch/SpineDetect/tpm_simulator/microns_env/lib/python3.12/site-packages/meshmash/utils.py:36: PyVistaDeprecationWarning: Parameter 'use_all_points' is deprecated since VTK < 9.2 is no longer supported. This parameter has no effect and is always `True`.
  edge_data = poly.extract_all_edges(use_all_points=True, clear_data=True)
/cis/home/rwang183/my_documents/BDD/SpineDetect-shengwen-branch/SpineDetect/tpm_simulator/microns_env/lib/python3.12/site-packages/meshmash/utils.py:36: PyVistaDeprecationWarning: Parameter 'use_all_points' is deprecated since VTK < 9.2 is no longer supported. This parameter has no effect and is always `True`.
  edge_data = poly.extract_all_edges(use_all_points=True, clear_data=True)

Applying function agglomerate_mesh:   3%|▎         | 1/29 [00:00<00:08,  3.34it/s]/cis/home/rwang183/my_documents/BDD/SpineDetect-shengwen-branch/SpineDetect/tpm_simulator/microns_env/lib/python3.12/site-packages/meshmash/utils.py:36: PyVistaDeprecationWarning: Parameter 'use_all_points' is deprecated since VTK < 9.2 is no longer supported. This parameter has no effect and is always `True`.
  edge_data = poly.extract_all_edges(use_all_points=True, clear_data=True)
/cis/home/rwang183/my_documents/BDD/SpineDetect-shengwen-branch/SpineDetect/tpm_simulator/microns_env/lib/python3.12/site-packages/meshmash/utils.py:36: PyVistaDeprecationWarning: Parameter 'use_all_points' is deprecated since VTK < 9.2 is no longer supported. This parameter has no effect and is always `True`.
  edge_data = poly.extract_all_edges(use_all_points=True, clear_data=True)
/cis/home/rwang183/my_documents/BDD/SpineDetect-shengwen-branch/SpineDetect/tpm_simulator/microns_env/lib/python3.12/site-packages/meshmash/utils.py:36: PyVistaDeprecationWarning: Parameter 'use_all_points' is deprecated since VTK < 9.2 is no longer supported. This parameter has no effect and is always `True`.
  edge_data = poly.extract_all_edges(use_all_points=True, clear_data=True)
/cis/home/rwang183/my_documents/BDD/SpineDetect-shengwen-branch/SpineDetect/tpm_simulator/microns_env/lib/python3.12/site-packages/meshmash/utils.py:36: PyVistaDeprecationWarning: Parameter 'use_all_points' is deprecated since VTK < 9.2 is no longer supported. This parameter has no effect and is always `True`.
  edge_data = poly.extract_all_edges(use_all_points=True, clear_data=True)
/cis/home/rwang183/my_documents/BDD/SpineDetect-shengwen-branch/SpineDetect/tpm_simulator/microns_env/lib/python3.12/site-packages/meshmash/utils.py:36: PyVistaDeprecationWarning: Parameter 'use_all_points' is deprecated since VTK < 9.2 is no longer supported. This parameter has no effect and is always `True`.
  edge_data = poly.extract_all_edges(use_all_points=True, clear_data=True)

Applying function agglomerate_mesh:  10%|█         | 3/29 [00:01<00:09,  2.81it/s]
Applying function agglomerate_mesh:  21%|██        | 6/29 [00:01<00:03,  5.99it/s]
Applying function agglomerate_mesh:  34%|███▍      | 10/29 [00:01<00:01, 10.69it/s]
Applying function agglomerate_mesh:  41%|████▏     | 12/29 [00:01<00:01, 11.92it/s]
Applying function agglomerate_mesh:  48%|████▊     | 14/29 [00:01<00:01, 10.42it/s]
Applying function agglomerate_mesh:  55%|█████▌    | 16/29 [00:01<00:01, 10.06it/s]
Applying function agglomerate_mesh:  66%|██████▌   | 19/29 [00:02<00:00, 12.42it/s]
Applying function agglomerate_mesh:  72%|███████▏  | 21/29 [00:02<00:00, 12.10it/s]
Applying function agglomerate_mesh:  79%|███████▉  | 23/29 [00:02<00:00,  6.03it/s]
Applying function agglomerate_mesh:  86%|████████▌ | 25/29 [00:03<00:00,  7.18it/s]
Applying function agglomerate_mesh: 100%|██████████| 29/29 [00:03<00:00,  9.86it/s]
Applying function agglomerate_mesh: 100%|██████████| 29/29 [00:03<00:00,  8.37it/s]
/cis/home/rwang183/my_documents/BDD/SpineDetect-shengwen-branch/SpineDetect/tpm_simulator/microns_env/lib/python3.12/site-packages/meshmash/utils.py:26: PyVistaDeprecationWarning: Parameter 'use_all_points' is deprecated since VTK < 9.2 is no longer supported. This parameter has no effect and is always `True`.
  edge_data = poly.extract_all_edges(use_all_points=True, clear_data=True)
/cis/home/rwang183/my_documents/BDD/SpineDetect-shengwen-branch/SpineDetect/tpm_simulator/microns_env/lib/python3.12/site-packages/meshmash/utils.py:36: PyVistaDeprecationWarning: Parameter 'use_all_points' is deprecated since VTK < 9.2 is no longer supported. This parameter has no effect and is always `True`.
  edge_data = poly.extract_all_edges(use_all_points=True, clear_data=True)
/cis/home/rwang183/my_documents/BDD/SpineDetect-shengwen-branch/SpineDetect/tpm_simulator/microns_env/lib/python3.12/site-packages/meshmash/utils.py:36: PyVistaDeprecationWarning: Parameter 'use_all_points' is deprecated since VTK < 9.2 is no longer supported. This parameter has no effect and is always `True`.
  edge_data = poly.extract_all_edges(use_all_points=True, clear_data=True)
/cis/home/rwang183/my_documents/BDD/SpineDetect-shengwen-branch/SpineDetect/tpm_simulator/microns_env/lib/python3.12/site-packages/meshmash/utils.py:36: PyVistaDeprecationWarning: Parameter 'use_all_points' is deprecated since VTK < 9.2 is no longer supported. This parameter has no effect and is always `True`.
  edge_data = poly.extract_all_edges(use_all_points=True, clear_data=True)
/cis/home/rwang183/my_documents/BDD/SpineDetect-shengwen-branch/SpineDetect/tpm_simulator/microns_env/lib/python3.12/site-packages/meshmash/utils.py:36: PyVistaDeprecationWarning: Parameter 'use_all_points' is deprecated since VTK < 9.2 is no longer supported. This parameter has no effect and is always `True`.
  edge_data = poly.extract_all_edges(use_all_points=True, clear_data=True)
  Success! HKS computed for root_id 864691135567741420.

Processing root_id: 864691135133482656
  Loaded mesh with 2447226 vertices and 4890253 faces.
Subdividing mesh...
Meshes in queue: 3
Meshes in queue: 3
Finding overlapping submeshes...
Computing HKS across submeshes...

Applying function compute_hks:   0%|          | 0/55 [00:00<?, ?it/s]
Applying function compute_hks:   2%|▏         | 1/55 [00:00<00:18,  2.85it/s]
Applying function compute_hks:   5%|▌         | 3/55 [00:07<02:16,  2.63s/it]
Applying function compute_hks:   7%|▋         | 4/55 [00:07<01:35,  1.86s/it]
Applying function compute_hks:   9%|▉         | 5/55 [00:07<01:05,  1.31s/it]
Applying function compute_hks:  11%|█         | 6/55 [00:07<00:45,  1.07it/s]
Applying function compute_hks:  13%|█▎        | 7/55 [00:09<00:55,  1.15s/it]
Applying function compute_hks:  15%|█▍        | 8/55 [00:10<00:49,  1.05s/it]
Applying function compute_hks:  16%|█▋        | 9/55 [00:10<00:35,  1.30it/s]
Applying function compute_hks:  18%|█▊        | 10/55 [00:10<00:26,  1.72it/s]
Applying function compute_hks:  20%|██        | 11/55 [00:11<00:23,  1.86it/s]
Applying function compute_hks:  22%|██▏       | 12/55 [00:11<00:17,  2.40it/s]
Applying function compute_hks:  24%|██▎       | 13/55 [00:11<00:20,  2.08it/s]
Applying function compute_hks:  27%|██▋       | 15/55 [00:12<00:14,  2.71it/s]
Applying function compute_hks:  29%|██▉       | 16/55 [00:13<00:18,  2.14it/s]
Applying function compute_hks:  31%|███       | 17/55 [00:13<00:18,  2.10it/s]
Applying function compute_hks:  33%|███▎      | 18/55 [00:14<00:17,  2.06it/s]
Applying function compute_hks:  35%|███▍      | 19/55 [00:14<00:14,  2.48it/s]
Applying function compute_hks:  36%|███▋      | 20/55 [00:15<00:16,  2.08it/s]
Applying function compute_hks:  38%|███▊      | 21/55 [00:15<00:14,  2.42it/s]
Applying function compute_hks:  42%|████▏     | 23/55 [00:15<00:10,  3.17it/s]
Applying function compute_hks:  44%|████▎     | 24/55 [00:16<00:13,  2.22it/s]
Applying function compute_hks:  45%|████▌     | 25/55 [00:17<00:14,  2.04it/s]
Applying function compute_hks:  47%|████▋     | 26/55 [00:17<00:12,  2.37it/s]
Applying function compute_hks:  51%|█████     | 28/55 [00:18<00:12,  2.14it/s]
Applying function compute_hks:  53%|█████▎    | 29/55 [00:18<00:11,  2.30it/s]
Applying function compute_hks:  56%|█████▋    | 31/55 [00:19<00:07,  3.16it/s]
Applying function compute_hks:  58%|█████▊    | 32/55 [00:19<00:06,  3.66it/s]
Applying function compute_hks:  62%|██████▏   | 34/55 [00:19<00:04,  5.07it/s]
Applying function compute_hks:  64%|██████▎   | 35/55 [00:20<00:06,  3.25it/s]
Applying function compute_hks:  65%|██████▌   | 36/55 [00:20<00:06,  3.17it/s]
Applying function compute_hks:  67%|██████▋   | 37/55 [00:22<00:13,  1.37it/s]
Applying function compute_hks:  69%|██████▉   | 38/55 [00:22<00:10,  1.67it/s]
Applying function compute_hks:  71%|███████   | 39/55 [00:23<00:12,  1.24it/s]
Applying function compute_hks:  73%|███████▎  | 40/55 [00:24<00:11,  1.34it/s]
Applying function compute_hks:  75%|███████▍  | 41/55 [00:24<00:07,  1.76it/s]
Applying function compute_hks:  78%|███████▊  | 43/55 [00:25<00:04,  2.45it/s]
Applying function compute_hks:  80%|████████  | 44/55 [00:26<00:08,  1.35it/s]
Applying function compute_hks:  82%|████████▏ | 45/55 [00:27<00:06,  1.44it/s]
Applying function compute_hks:  84%|████████▎ | 46/55 [00:28<00:06,  1.32it/s]
Applying function compute_hks:  85%|████████▌ | 47/55 [00:38<00:27,  3.38s/it]
Applying function compute_hks:  87%|████████▋ | 48/55 [00:40<00:20,  2.90s/it]
Applying function compute_hks:  89%|████████▉ | 49/55 [00:40<00:12,  2.12s/it]
Applying function compute_hks:  91%|█████████ | 50/55 [00:40<00:07,  1.58s/it]
Applying function compute_hks:  93%|█████████▎| 51/55 [00:41<00:05,  1.38s/it]
Applying function compute_hks:  95%|█████████▍| 52/55 [00:42<00:03,  1.18s/it]
Applying function compute_hks:  96%|█████████▋| 53/55 [00:42<00:01,  1.04it/s]
Applying function compute_hks:  98%|█████████▊| 54/55 [00:43<00:00,  1.15it/s]
Applying function compute_hks: 100%|██████████| 55/55 [00:43<00:00,  1.43it/s]
Applying function compute_hks: 100%|██████████| 55/55 [00:43<00:00,  1.26it/s]

Applying function agglomerate_mesh:   0%|          | 0/55 [00:00<?, ?it/s]/cis/home/rwang183/my_documents/BDD/SpineDetect-shengwen-branch/SpineDetect/tpm_simulator/microns_env/lib/python3.12/site-packages/meshmash/utils.py:36: PyVistaDeprecationWarning: Parameter 'use_all_points' is deprecated since VTK < 9.2 is no longer supported. This parameter has no effect and is always `True`.
  edge_data = poly.extract_all_edges(use_all_points=True, clear_data=True)
/cis/home/rwang183/my_documents/BDD/SpineDetect-shengwen-branch/SpineDetect/tpm_simulator/microns_env/lib/python3.12/site-packages/meshmash/utils.py:36: PyVistaDeprecationWarning: Parameter 'use_all_points' is deprecated since VTK < 9.2 is no longer supported. This parameter has no effect and is always `True`.
  edge_data = poly.extract_all_edges(use_all_points=True, clear_data=True)
/cis/home/rwang183/my_documents/BDD/SpineDetect-shengwen-branch/SpineDetect/tpm_simulator/microns_env/lib/python3.12/site-packages/meshmash/utils.py:36: PyVistaDeprecationWarning: Parameter 'use_all_points' is deprecated since VTK < 9.2 is no longer supported. This parameter has no effect and is always `True`.
  edge_data = poly.extract_all_edges(use_all_points=True, clear_data=True)
/cis/home/rwang183/my_documents/BDD/SpineDetect-shengwen-branch/SpineDetect/tpm_simulator/microns_env/lib/python3.12/site-packages/meshmash/utils.py:36: PyVistaDeprecationWarning: Parameter 'use_all_points' is deprecated since VTK < 9.2 is no longer supported. This parameter has no effect and is always `True`.
  edge_data = poly.extract_all_edges(use_all_points=True, clear_data=True)
/cis/home/rwang183/my_documents/BDD/SpineDetect-shengwen-branch/SpineDetect/tpm_simulator/microns_env/lib/python3.12/site-packages/meshmash/utils.py:36: PyVistaDeprecationWarning: Parameter 'use_all_points' is deprecated since VTK < 9.2 is no longer supported. This parameter has no effect and is always `True`.
  edge_data = poly.extract_all_edges(use_all_points=True, clear_data=True)
/cis/home/rwang183/my_documents/BDD/SpineDetect-shengwen-branch/SpineDetect/tpm_simulator/microns_env/lib/python3.12/site-packages/meshmash/utils.py:36: PyVistaDeprecationWarning: Parameter 'use_all_points' is deprecated since VTK < 9.2 is no longer supported. This parameter has no effect and is always `True`.
  edge_data = poly.extract_all_edges(use_all_points=True, clear_data=True)
/cis/home/rwang183/my_documents/BDD/SpineDetect-shengwen-branch/SpineDetect/tpm_simulator/microns_env/lib/python3.12/site-packages/meshmash/utils.py:36: PyVistaDeprecationWarning: Parameter 'use_all_points' is deprecated since VTK < 9.2 is no longer supported. This parameter has no effect and is always `True`.
  edge_data = poly.extract_all_edges(use_all_points=True, clear_data=True)
/cis/home/rwang183/my_documents/BDD/SpineDetect-shengwen-branch/SpineDetect/tpm_simulator/microns_env/lib/python3.12/site-packages/meshmash/utils.py:36: PyVistaDeprecationWarning: Parameter 'use_all_points' is deprecated since VTK < 9.2 is no longer supported. This parameter has no effect and is always `True`.
  edge_data = poly.extract_all_edges(use_all_points=True, clear_data=True)
/cis/home/rwang183/my_documents/BDD/SpineDetect-shengwen-branch/SpineDetect/tpm_simulator/microns_env/lib/python3.12/site-packages/meshmash/utils.py:36: PyVistaDeprecationWarning: Parameter 'use_all_points' is deprecated since VTK < 9.2 is no longer supported. This parameter has no effect and is always `True`.
  edge_data = poly.extract_all_edges(use_all_points=True, clear_data=True)
/cis/home/rwang183/my_documents/BDD/SpineDetect-shengwen-branch/SpineDetect/tpm_simulator/microns_env/lib/python3.12/site-packages/meshmash/utils.py:36: PyVistaDeprecationWarning: Parameter 'use_all_points' is deprecated since VTK < 9.2 is no longer supported. This parameter has no effect and is always `True`.
  edge_data = poly.extract_all_edges(use_all_points=True, clear_data=True)
/cis/home/rwang183/my_documents/BDD/SpineDetect-shengwen-branch/SpineDetect/tpm_simulator/microns_env/lib/python3.12/site-packages/meshmash/utils.py:36: PyVistaDeprecationWarning: Parameter 'use_all_points' is deprecated since VTK < 9.2 is no longer supported. This parameter has no effect and is always `True`.
  edge_data = poly.extract_all_edges(use_all_points=True, clear_data=True)
/cis/home/rwang183/my_documents/BDD/SpineDetect-shengwen-branch/SpineDetect/tpm_simulator/microns_env/lib/python3.12/site-packages/meshmash/utils.py:36: PyVistaDeprecationWarning: Parameter 'use_all_points' is deprecated since VTK < 9.2 is no longer supported. This parameter has no effect and is always `True`.
  edge_data = poly.extract_all_edges(use_all_points=True, clear_data=True)
/cis/home/rwang183/my_documents/BDD/SpineDetect-shengwen-branch/SpineDetect/tpm_simulator/microns_env/lib/python3.12/site-packages/meshmash/utils.py:36: PyVistaDeprecationWarning: Parameter 'use_all_points' is deprecated since VTK < 9.2 is no longer supported. This parameter has no effect and is always `True`.
  edge_data = poly.extract_all_edges(use_all_points=True, clear_data=True)
/cis/home/rwang183/my_documents/BDD/SpineDetect-shengwen-branch/SpineDetect/tpm_simulator/microns_env/lib/python3.12/site-packages/meshmash/utils.py:36: PyVistaDeprecationWarning: Parameter 'use_all_points' is deprecated since VTK < 9.2 is no longer supported. This parameter has no effect and is always `True`.
  edge_data = poly.extract_all_edges(use_all_points=True, clear_data=True)
/cis/home/rwang183/my_documents/BDD/SpineDetect-shengwen-branch/SpineDetect/tpm_simulator/microns_env/lib/python3.12/site-packages/meshmash/utils.py:36: PyVistaDeprecationWarning: Parameter 'use_all_points' is deprecated since VTK < 9.2 is no longer supported. This parameter has no effect and is always `True`.
  edge_data = poly.extract_all_edges(use_all_points=True, clear_data=True)
/cis/home/rwang183/my_documents/BDD/SpineDetect-shengwen-branch/SpineDetect/tpm_simulator/microns_env/lib/python3.12/site-packages/meshmash/utils.py:36: PyVistaDeprecationWarning: Parameter 'use_all_points' is deprecated since VTK < 9.2 is no longer supported. This parameter has no effect and is always `True`.
  edge_data = poly.extract_all_edges(use_all_points=True, clear_data=True)
/cis/home/rwang183/my_documents/BDD/SpineDetect-shengwen-branch/SpineDetect/tpm_simulator/microns_env/lib/python3.12/site-packages/meshmash/utils.py:36: PyVistaDeprecationWarning: Parameter 'use_all_points' is deprecated since VTK < 9.2 is no longer supported. This parameter has no effect and is always `True`.
  edge_data = poly.extract_all_edges(use_all_points=True, clear_data=True)
/cis/home/rwang183/my_documents/BDD/SpineDetect-shengwen-branch/SpineDetect/tpm_simulator/microns_env/lib/python3.12/site-packages/meshmash/utils.py:36: PyVistaDeprecationWarning: Parameter 'use_all_points' is deprecated since VTK < 9.2 is no longer supported. This parameter has no effect and is always `True`.
  edge_data = poly.extract_all_edges(use_all_points=True, clear_data=True)
/cis/home/rwang183/my_documents/BDD/SpineDetect-shengwen-branch/SpineDetect/tpm_simulator/microns_env/lib/python3.12/site-packages/meshmash/utils.py:36: PyVistaDeprecationWarning: Parameter 'use_all_points' is deprecated since VTK < 9.2 is no longer supported. This parameter has no effect and is always `True`.
  edge_data = poly.extract_all_edges(use_all_points=True, clear_data=True)
/cis/home/rwang183/my_documents/BDD/SpineDetect-shengwen-branch/SpineDetect/tpm_simulator/microns_env/lib/python3.12/site-packages/meshmash/utils.py:36: PyVistaDeprecationWarning: Parameter 'use_all_points' is deprecated since VTK < 9.2 is no longer supported. This parameter has no effect and is always `True`.
  edge_data = poly.extract_all_edges(use_all_points=True, clear_data=True)
/cis/home/rwang183/my_documents/BDD/SpineDetect-shengwen-branch/SpineDetect/tpm_simulator/microns_env/lib/python3.12/site-packages/meshmash/utils.py:36: PyVistaDeprecationWarning: Parameter 'use_all_points' is deprecated since VTK < 9.2 is no longer supported. This parameter has no effect and is always `True`.
  edge_data = poly.extract_all_edges(use_all_points=True, clear_data=True)
/cis/home/rwang183/my_documents/BDD/SpineDetect-shengwen-branch/SpineDetect/tpm_simulator/microns_env/lib/python3.12/site-packages/meshmash/utils.py:36: PyVistaDeprecationWarning: Parameter 'use_all_points' is deprecated since VTK < 9.2 is no longer supported. This parameter has no effect and is always `True`.
  edge_data = poly.extract_all_edges(use_all_points=True, clear_data=True)
/cis/home/rwang183/my_documents/BDD/SpineDetect-shengwen-branch/SpineDetect/tpm_simulator/microns_env/lib/python3.12/site-packages/meshmash/utils.py:36: PyVistaDeprecationWarning: Parameter 'use_all_points' is deprecated since VTK < 9.2 is no longer supported. This parameter has no effect and is always `True`.
  edge_data = poly.extract_all_edges(use_all_points=True, clear_data=True)
/cis/home/rwang183/my_documents/BDD/SpineDetect-shengwen-branch/SpineDetect/tpm_simulator/microns_env/lib/python3.12/site-packages/meshmash/utils.py:36: PyVistaDeprecationWarning: Parameter 'use_all_points' is deprecated since VTK < 9.2 is no longer supported. This parameter has no effect and is always `True`.
  edge_data = poly.extract_all_edges(use_all_points=True, clear_data=True)
/cis/home/rwang183/my_documents/BDD/SpineDetect-shengwen-branch/SpineDetect/tpm_simulator/microns_env/lib/python3.12/site-packages/meshmash/utils.py:36: PyVistaDeprecationWarning: Parameter 'use_all_points' is deprecated since VTK < 9.2 is no longer supported. This parameter has no effect and is always `True`.
  edge_data = poly.extract_all_edges(use_all_points=True, clear_data=True)
/cis/home/rwang183/my_documents/BDD/SpineDetect-shengwen-branch/SpineDetect/tpm_simulator/microns_env/lib/python3.12/site-packages/meshmash/utils.py:36: PyVistaDeprecationWarning: Parameter 'use_all_points' is deprecated since VTK < 9.2 is no longer supported. This parameter has no effect and is always `True`.
  edge_data = poly.extract_all_edges(use_all_points=True, clear_data=True)
/cis/home/rwang183/my_documents/BDD/SpineDetect-shengwen-branch/SpineDetect/tpm_simulator/microns_env/lib/python3.12/site-packages/meshmash/utils.py:36: PyVistaDeprecationWarning: Parameter 'use_all_points' is deprecated since VTK < 9.2 is no longer supported. This parameter has no effect and is always `True`.
  edge_data = poly.extract_all_edges(use_all_points=True, clear_data=True)
/cis/home/rwang183/my_documents/BDD/SpineDetect-shengwen-branch/SpineDetect/tpm_simulator/microns_env/lib/python3.12/site-packages/meshmash/utils.py:36: PyVistaDeprecationWarning: Parameter 'use_all_points' is deprecated since VTK < 9.2 is no longer supported. This parameter has no effect and is always `True`.
  edge_data = poly.extract_all_edges(use_all_points=True, clear_data=True)
/cis/home/rwang183/my_documents/BDD/SpineDetect-shengwen-branch/SpineDetect/tpm_simulator/microns_env/lib/python3.12/site-packages/meshmash/utils.py:36: PyVistaDeprecationWarning: Parameter 'use_all_points' is deprecated since VTK < 9.2 is no longer supported. This parameter has no effect and is always `True`.
  edge_data = poly.extract_all_edges(use_all_points=True, clear_data=True)
/cis/home/rwang183/my_documents/BDD/SpineDetect-shengwen-branch/SpineDetect/tpm_simulator/microns_env/lib/python3.12/site-packages/meshmash/utils.py:36: PyVistaDeprecationWarning: Parameter 'use_all_points' is deprecated since VTK < 9.2 is no longer supported. This parameter has no effect and is always `True`.
  edge_data = poly.extract_all_edges(use_all_points=True, clear_data=True)
/cis/home/rwang183/my_documents/BDD/SpineDetect-shengwen-branch/SpineDetect/tpm_simulator/microns_env/lib/python3.12/site-packages/meshmash/utils.py:36: PyVistaDeprecationWarning: Parameter 'use_all_points' is deprecated since VTK < 9.2 is no longer supported. This parameter has no effect and is always `True`.
  edge_data = poly.extract_all_edges(use_all_points=True, clear_data=True)
/cis/home/rwang183/my_documents/BDD/SpineDetect-shengwen-branch/SpineDetect/tpm_simulator/microns_env/lib/python3.12/site-packages/meshmash/utils.py:36: PyVistaDeprecationWarning: Parameter 'use_all_points' is deprecated since VTK < 9.2 is no longer supported. This parameter has no effect and is always `True`.
  edge_data = poly.extract_all_edges(use_all_points=True, clear_data=True)
/cis/home/rwang183/my_documents/BDD/SpineDetect-shengwen-branch/SpineDetect/tpm_simulator/microns_env/lib/python3.12/site-packages/meshmash/utils.py:36: PyVistaDeprecationWarning: Parameter 'use_all_points' is deprecated since VTK < 9.2 is no longer supported. This parameter has no effect and is always `True`.
  edge_data = poly.extract_all_edges(use_all_points=True, clear_data=True)
/cis/home/rwang183/my_documents/BDD/SpineDetect-shengwen-branch/SpineDetect/tpm_simulator/microns_env/lib/python3.12/site-packages/meshmash/utils.py:36: PyVistaDeprecationWarning: Parameter 'use_all_points' is deprecated since VTK < 9.2 is no longer supported. This parameter has no effect and is always `True`.
  edge_data = poly.extract_all_edges(use_all_points=True, clear_data=True)
/cis/home/rwang183/my_documents/BDD/SpineDetect-shengwen-branch/SpineDetect/tpm_simulator/microns_env/lib/python3.12/site-packages/meshmash/utils.py:36: PyVistaDeprecationWarning: Parameter 'use_all_points' is deprecated since VTK < 9.2 is no longer supported. This parameter has no effect and is always `True`.
  edge_data = poly.extract_all_edges(use_all_points=True, clear_data=True)
/cis/home/rwang183/my_documents/BDD/SpineDetect-shengwen-branch/SpineDetect/tpm_simulator/microns_env/lib/python3.12/site-packages/meshmash/utils.py:36: PyVistaDeprecationWarning: Parameter 'use_all_points' is deprecated since VTK < 9.2 is no longer supported. This parameter has no effect and is always `True`.
  edge_data = poly.extract_all_edges(use_all_points=True, clear_data=True)
/cis/home/rwang183/my_documents/BDD/SpineDetect-shengwen-branch/SpineDetect/tpm_simulator/microns_env/lib/python3.12/site-packages/meshmash/utils.py:36: PyVistaDeprecationWarning: Parameter 'use_all_points' is deprecated since VTK < 9.2 is no longer supported. This parameter has no effect and is always `True`.
  edge_data = poly.extract_all_edges(use_all_points=True, clear_data=True)
/cis/home/rwang183/my_documents/BDD/SpineDetect-shengwen-branch/SpineDetect/tpm_simulator/microns_env/lib/python3.12/site-packages/meshmash/utils.py:36: PyVistaDeprecationWarning: Parameter 'use_all_points' is deprecated since VTK < 9.2 is no longer supported. This parameter has no effect and is always `True`.
  edge_data = poly.extract_all_edges(use_all_points=True, clear_data=True)
/cis/home/rwang183/my_documents/BDD/SpineDetect-shengwen-branch/SpineDetect/tpm_simulator/microns_env/lib/python3.12/site-packages/meshmash/utils.py:36: PyVistaDeprecationWarning: Parameter 'use_all_points' is deprecated since VTK < 9.2 is no longer supported. This parameter has no effect and is always `True`.
  edge_data = poly.extract_all_edges(use_all_points=True, clear_data=True)
/cis/home/rwang183/my_documents/BDD/SpineDetect-shengwen-branch/SpineDetect/tpm_simulator/microns_env/lib/python3.12/site-packages/meshmash/utils.py:36: PyVistaDeprecationWarning: Parameter 'use_all_points' is deprecated since VTK < 9.2 is no longer supported. This parameter has no effect and is always `True`.
  edge_data = poly.extract_all_edges(use_all_points=True, clear_data=True)
/cis/home/rwang183/my_documents/BDD/SpineDetect-shengwen-branch/SpineDetect/tpm_simulator/microns_env/lib/python3.12/site-packages/meshmash/utils.py:36: PyVistaDeprecationWarning: Parameter 'use_all_points' is deprecated since VTK < 9.2 is no longer supported. This parameter has no effect and is always `True`.
  edge_data = poly.extract_all_edges(use_all_points=True, clear_data=True)
/cis/home/rwang183/my_documents/BDD/SpineDetect-shengwen-branch/SpineDetect/tpm_simulator/microns_env/lib/python3.12/site-packages/meshmash/utils.py:36: PyVistaDeprecationWarning: Parameter 'use_all_points' is deprecated since VTK < 9.2 is no longer supported. This parameter has no effect and is always `True`.
  edge_data = poly.extract_all_edges(use_all_points=True, clear_data=True)
/cis/home/rwang183/my_documents/BDD/SpineDetect-shengwen-branch/SpineDetect/tpm_simulator/microns_env/lib/python3.12/site-packages/meshmash/utils.py:36: PyVistaDeprecationWarning: Parameter 'use_all_points' is deprecated since VTK < 9.2 is no longer supported. This parameter has no effect and is always `True`.
  edge_data = poly.extract_all_edges(use_all_points=True, clear_data=True)
/cis/home/rwang183/my_documents/BDD/SpineDetect-shengwen-branch/SpineDetect/tpm_simulator/microns_env/lib/python3.12/site-packages/meshmash/utils.py:36: PyVistaDeprecationWarning: Parameter 'use_all_points' is deprecated since VTK < 9.2 is no longer supported. This parameter has no effect and is always `True`.
  edge_data = poly.extract_all_edges(use_all_points=True, clear_data=True)
/cis/home/rwang183/my_documents/BDD/SpineDetect-shengwen-branch/SpineDetect/tpm_simulator/microns_env/lib/python3.12/site-packages/meshmash/utils.py:36: PyVistaDeprecationWarning: Parameter 'use_all_points' is deprecated since VTK < 9.2 is no longer supported. This parameter has no effect and is always `True`.
  edge_data = poly.extract_all_edges(use_all_points=True, clear_data=True)
/cis/home/rwang183/my_documents/BDD/SpineDetect-shengwen-branch/SpineDetect/tpm_simulator/microns_env/lib/python3.12/site-packages/meshmash/utils.py:36: PyVistaDeprecationWarning: Parameter 'use_all_points' is deprecated since VTK < 9.2 is no longer supported. This parameter has no effect and is always `True`.
  edge_data = poly.extract_all_edges(use_all_points=True, clear_data=True)
/cis/home/rwang183/my_documents/BDD/SpineDetect-shengwen-branch/SpineDetect/tpm_simulator/microns_env/lib/python3.12/site-packages/meshmash/utils.py:36: PyVistaDeprecationWarning: Parameter 'use_all_points' is deprecated since VTK < 9.2 is no longer supported. This parameter has no effect and is always `True`.
  edge_data = poly.extract_all_edges(use_all_points=True, clear_data=True)
/cis/home/rwang183/my_documents/BDD/SpineDetect-shengwen-branch/SpineDetect/tpm_simulator/microns_env/lib/python3.12/site-packages/meshmash/utils.py:36: PyVistaDeprecationWarning: Parameter 'use_all_points' is deprecated since VTK < 9.2 is no longer supported. This parameter has no effect and is always `True`.
  edge_data = poly.extract_all_edges(use_all_points=True, clear_data=True)
/cis/home/rwang183/my_documents/BDD/SpineDetect-shengwen-branch/SpineDetect/tpm_simulator/microns_env/lib/python3.12/site-packages/meshmash/utils.py:36: PyVistaDeprecationWarning: Parameter 'use_all_points' is deprecated since VTK < 9.2 is no longer supported. This parameter has no effect and is always `True`.
  edge_data = poly.extract_all_edges(use_all_points=True, clear_data=True)
/cis/home/rwang183/my_documents/BDD/SpineDetect-shengwen-branch/SpineDetect/tpm_simulator/microns_env/lib/python3.12/site-packages/meshmash/utils.py:36: PyVistaDeprecationWarning: Parameter 'use_all_points' is deprecated since VTK < 9.2 is no longer supported. This parameter has no effect and is always `True`.
  edge_data = poly.extract_all_edges(use_all_points=True, clear_data=True)
/cis/home/rwang183/my_documents/BDD/SpineDetect-shengwen-branch/SpineDetect/tpm_simulator/microns_env/lib/python3.12/site-packages/meshmash/utils.py:36: PyVistaDeprecationWarning: Parameter 'use_all_points' is deprecated since VTK < 9.2 is no longer supported. This parameter has no effect and is always `True`.
  edge_data = poly.extract_all_edges(use_all_points=True, clear_data=True)
/cis/home/rwang183/my_documents/BDD/SpineDetect-shengwen-branch/SpineDetect/tpm_simulator/microns_env/lib/python3.12/site-packages/meshmash/utils.py:36: PyVistaDeprecationWarning: Parameter 'use_all_points' is deprecated since VTK < 9.2 is no longer supported. This parameter has no effect and is always `True`.
  edge_data = poly.extract_all_edges(use_all_points=True, clear_data=True)

Applying function agglomerate_mesh:   2%|▏         | 1/55 [00:00<00:39,  1.35it/s]/cis/home/rwang183/my_documents/BDD/SpineDetect-shengwen-branch/SpineDetect/tpm_simulator/microns_env/lib/python3.12/site-packages/meshmash/utils.py:36: PyVistaDeprecationWarning: Parameter 'use_all_points' is deprecated since VTK < 9.2 is no longer supported. This parameter has no effect and is always `True`.
  edge_data = poly.extract_all_edges(use_all_points=True, clear_data=True)
/cis/home/rwang183/my_documents/BDD/SpineDetect-shengwen-branch/SpineDetect/tpm_simulator/microns_env/lib/python3.12/site-packages/meshmash/utils.py:36: PyVistaDeprecationWarning: Parameter 'use_all_points' is deprecated since VTK < 9.2 is no longer supported. This parameter has no effect and is always `True`.
  edge_data = poly.extract_all_edges(use_all_points=True, clear_data=True)
/cis/home/rwang183/my_documents/BDD/SpineDetect-shengwen-branch/SpineDetect/tpm_simulator/microns_env/lib/python3.12/site-packages/meshmash/utils.py:36: PyVistaDeprecationWarning: Parameter 'use_all_points' is deprecated since VTK < 9.2 is no longer supported. This parameter has no effect and is always `True`.
  edge_data = poly.extract_all_edges(use_all_points=True, clear_data=True)

Applying function agglomerate_mesh:   5%|▌         | 3/55 [00:01<00:26,  1.93it/s]
Applying function agglomerate_mesh:  11%|█         | 6/55 [00:01<00:11,  4.39it/s]
Applying function agglomerate_mesh:  15%|█▍        | 8/55 [00:01<00:07,  6.16it/s]
Applying function agglomerate_mesh:  22%|██▏       | 12/55 [00:01<00:03, 10.80it/s]
Applying function agglomerate_mesh:  27%|██▋       | 15/55 [00:02<00:02, 13.50it/s]
Applying function agglomerate_mesh:  35%|███▍      | 19/55 [00:02<00:01, 18.30it/s]
Applying function agglomerate_mesh:  45%|████▌     | 25/55 [00:02<00:01, 25.86it/s]
Applying function agglomerate_mesh:  56%|█████▋    | 31/55 [00:02<00:00, 31.11it/s]
Applying function agglomerate_mesh:  64%|██████▎   | 35/55 [00:02<00:00, 31.65it/s]
Applying function agglomerate_mesh:  71%|███████   | 39/55 [00:02<00:00, 30.45it/s]
Applying function agglomerate_mesh:  78%|███████▊  | 43/55 [00:02<00:00, 24.84it/s]
Applying function agglomerate_mesh:  84%|████████▎ | 46/55 [00:03<00:00, 15.17it/s]
Applying function agglomerate_mesh:  89%|████████▉ | 49/55 [00:03<00:00, 11.90it/s]
Applying function agglomerate_mesh:  93%|█████████▎| 51/55 [00:04<00:00, 11.09it/s]
Applying function agglomerate_mesh:  96%|█████████▋| 53/55 [00:04<00:00, 11.54it/s]
Applying function agglomerate_mesh: 100%|██████████| 55/55 [00:04<00:00, 12.71it/s]
/cis/home/rwang183/my_documents/BDD/SpineDetect-shengwen-branch/SpineDetect/tpm_simulator/microns_env/lib/python3.12/site-packages/meshmash/utils.py:26: PyVistaDeprecationWarning: Parameter 'use_all_points' is deprecated since VTK < 9.2 is no longer supported. This parameter has no effect and is always `True`.
  edge_data = poly.extract_all_edges(use_all_points=True, clear_data=True)
/cis/home/rwang183/my_documents/BDD/SpineDetect-shengwen-branch/SpineDetect/tpm_simulator/microns_env/lib/python3.12/site-packages/meshmash/utils.py:36: PyVistaDeprecationWarning: Parameter 'use_all_points' is deprecated since VTK < 9.2 is no longer supported. This parameter has no effect and is always `True`.
  edge_data = poly.extract_all_edges(use_all_points=True, clear_data=True)
/cis/home/rwang183/my_documents/BDD/SpineDetect-shengwen-branch/SpineDetect/tpm_simulator/microns_env/lib/python3.12/site-packages/meshmash/utils.py:36: PyVistaDeprecationWarning: Parameter 'use_all_points' is deprecated since VTK < 9.2 is no longer supported. This parameter has no effect and is always `True`.
  edge_data = poly.extract_all_edges(use_all_points=True, clear_data=True)
/cis/home/rwang183/my_documents/BDD/SpineDetect-shengwen-branch/SpineDetect/tpm_simulator/microns_env/lib/python3.12/site-packages/meshmash/utils.py:36: PyVistaDeprecationWarning: Parameter 'use_all_points' is deprecated since VTK < 9.2 is no longer supported. This parameter has no effect and is always `True`.
  edge_data = poly.extract_all_edges(use_all_points=True, clear_data=True)
/cis/home/rwang183/my_documents/BDD/SpineDetect-shengwen-branch/SpineDetect/tpm_simulator/microns_env/lib/python3.12/site-packages/meshmash/utils.py:36: PyVistaDeprecationWarning: Parameter 'use_all_points' is deprecated since VTK < 9.2 is no longer supported. This parameter has no effect and is always `True`.
  edge_data = poly.extract_all_edges(use_all_points=True, clear_data=True)
  Success! HKS computed for root_id 864691135133482656.

Processing root_id: 864691135995191722
  Loaded mesh with 1210123 vertices and 2434314 faces.
Subdividing mesh...
Meshes in queue: 2
Finding overlapping submeshes...
Computing HKS across submeshes...

Applying function compute_hks:   0%|          | 0/28 [00:00<?, ?it/s]
Applying function compute_hks:   4%|▎         | 1/28 [00:01<00:52,  1.95s/it]
Applying function compute_hks:   7%|▋         | 2/28 [00:05<01:13,  2.82s/it]
Applying function compute_hks:  14%|█▍        | 4/28 [00:05<00:27,  1.13s/it]
Applying function compute_hks:  18%|█▊        | 5/28 [00:06<00:25,  1.09s/it]
Applying function compute_hks:  21%|██▏       | 6/28 [00:08<00:27,  1.26s/it]
Applying function compute_hks:  25%|██▌       | 7/28 [00:08<00:20,  1.01it/s]
Applying function compute_hks:  29%|██▊       | 8/28 [00:11<00:30,  1.50s/it]
Applying function compute_hks:  32%|███▏      | 9/28 [00:11<00:23,  1.24s/it]
Applying function compute_hks:  36%|███▌      | 10/28 [00:12<00:19,  1.06s/it]
Applying function compute_hks:  39%|███▉      | 11/28 [00:12<00:13,  1.23it/s]
Applying function compute_hks:  43%|████▎     | 12/28 [00:13<00:10,  1.53it/s]
Applying function compute_hks:  50%|█████     | 14/28 [00:13<00:05,  2.43it/s]
Applying function compute_hks:  54%|█████▎    | 15/28 [00:13<00:04,  2.90it/s]
Applying function compute_hks:  57%|█████▋    | 16/28 [00:14<00:06,  1.82it/s]
Applying function compute_hks:  61%|██████    | 17/28 [00:16<00:09,  1.21it/s]
Applying function compute_hks:  64%|██████▍   | 18/28 [00:20<00:19,  1.91s/it]
Applying function compute_hks:  68%|██████▊   | 19/28 [00:21<00:14,  1.61s/it]
Applying function compute_hks:  71%|███████▏  | 20/28 [00:22<00:10,  1.35s/it]
Applying function compute_hks:  75%|███████▌  | 21/28 [00:22<00:07,  1.01s/it]
Applying function compute_hks:  79%|███████▊  | 22/28 [00:28<00:14,  2.41s/it]
Applying function compute_hks:  82%|████████▏ | 23/28 [00:30<00:10,  2.19s/it]
Applying function compute_hks:  86%|████████▌ | 24/28 [00:33<00:10,  2.52s/it]
Applying function compute_hks:  89%|████████▉ | 25/28 [00:34<00:06,  2.17s/it]
Applying function compute_hks:  93%|█████████▎| 26/28 [00:35<00:03,  1.67s/it]
Applying function compute_hks:  96%|█████████▋| 27/28 [00:35<00:01,  1.27s/it]
Applying function compute_hks: 100%|██████████| 28/28 [00:36<00:00,  1.14s/it]
Applying function compute_hks: 100%|██████████| 28/28 [00:36<00:00,  1.30s/it]

Applying function agglomerate_mesh:   0%|          | 0/28 [00:00<?, ?it/s]/cis/home/rwang183/my_documents/BDD/SpineDetect-shengwen-branch/SpineDetect/tpm_simulator/microns_env/lib/python3.12/site-packages/meshmash/utils.py:36: PyVistaDeprecationWarning: Parameter 'use_all_points' is deprecated since VTK < 9.2 is no longer supported. This parameter has no effect and is always `True`.
  edge_data = poly.extract_all_edges(use_all_points=True, clear_data=True)
/cis/home/rwang183/my_documents/BDD/SpineDetect-shengwen-branch/SpineDetect/tpm_simulator/microns_env/lib/python3.12/site-packages/meshmash/utils.py:36: PyVistaDeprecationWarning: Parameter 'use_all_points' is deprecated since VTK < 9.2 is no longer supported. This parameter has no effect and is always `True`.
  edge_data = poly.extract_all_edges(use_all_points=True, clear_data=True)
/cis/home/rwang183/my_documents/BDD/SpineDetect-shengwen-branch/SpineDetect/tpm_simulator/microns_env/lib/python3.12/site-packages/meshmash/utils.py:36: PyVistaDeprecationWarning: Parameter 'use_all_points' is deprecated since VTK < 9.2 is no longer supported. This parameter has no effect and is always `True`.
  edge_data = poly.extract_all_edges(use_all_points=True, clear_data=True)
/cis/home/rwang183/my_documents/BDD/SpineDetect-shengwen-branch/SpineDetect/tpm_simulator/microns_env/lib/python3.12/site-packages/meshmash/utils.py:36: PyVistaDeprecationWarning: Parameter 'use_all_points' is deprecated since VTK < 9.2 is no longer supported. This parameter has no effect and is always `True`.
  edge_data = poly.extract_all_edges(use_all_points=True, clear_data=True)
/cis/home/rwang183/my_documents/BDD/SpineDetect-shengwen-branch/SpineDetect/tpm_simulator/microns_env/lib/python3.12/site-packages/meshmash/utils.py:36: PyVistaDeprecationWarning: Parameter 'use_all_points' is deprecated since VTK < 9.2 is no longer supported. This parameter has no effect and is always `True`.
  edge_data = poly.extract_all_edges(use_all_points=True, clear_data=True)
/cis/home/rwang183/my_documents/BDD/SpineDetect-shengwen-branch/SpineDetect/tpm_simulator/microns_env/lib/python3.12/site-packages/meshmash/utils.py:36: PyVistaDeprecationWarning: Parameter 'use_all_points' is deprecated since VTK < 9.2 is no longer supported. This parameter has no effect and is always `True`.
  edge_data = poly.extract_all_edges(use_all_points=True, clear_data=True)
/cis/home/rwang183/my_documents/BDD/SpineDetect-shengwen-branch/SpineDetect/tpm_simulator/microns_env/lib/python3.12/site-packages/meshmash/utils.py:36: PyVistaDeprecationWarning: Parameter 'use_all_points' is deprecated since VTK < 9.2 is no longer supported. This parameter has no effect and is always `True`.
  edge_data = poly.extract_all_edges(use_all_points=True, clear_data=True)
/cis/home/rwang183/my_documents/BDD/SpineDetect-shengwen-branch/SpineDetect/tpm_simulator/microns_env/lib/python3.12/site-packages/meshmash/utils.py:36: PyVistaDeprecationWarning: Parameter 'use_all_points' is deprecated since VTK < 9.2 is no longer supported. This parameter has no effect and is always `True`.
  edge_data = poly.extract_all_edges(use_all_points=True, clear_data=True)
/cis/home/rwang183/my_documents/BDD/SpineDetect-shengwen-branch/SpineDetect/tpm_simulator/microns_env/lib/python3.12/site-packages/meshmash/utils.py:36: PyVistaDeprecationWarning: Parameter 'use_all_points' is deprecated since VTK < 9.2 is no longer supported. This parameter has no effect and is always `True`.
  edge_data = poly.extract_all_edges(use_all_points=True, clear_data=True)
/cis/home/rwang183/my_documents/BDD/SpineDetect-shengwen-branch/SpineDetect/tpm_simulator/microns_env/lib/python3.12/site-packages/meshmash/utils.py:36: PyVistaDeprecationWarning: Parameter 'use_all_points' is deprecated since VTK < 9.2 is no longer supported. This parameter has no effect and is always `True`.
  edge_data = poly.extract_all_edges(use_all_points=True, clear_data=True)
/cis/home/rwang183/my_documents/BDD/SpineDetect-shengwen-branch/SpineDetect/tpm_simulator/microns_env/lib/python3.12/site-packages/meshmash/utils.py:36: PyVistaDeprecationWarning: Parameter 'use_all_points' is deprecated since VTK < 9.2 is no longer supported. This parameter has no effect and is always `True`.
  edge_data = poly.extract_all_edges(use_all_points=True, clear_data=True)
/cis/home/rwang183/my_documents/BDD/SpineDetect-shengwen-branch/SpineDetect/tpm_simulator/microns_env/lib/python3.12/site-packages/meshmash/utils.py:36: PyVistaDeprecationWarning: Parameter 'use_all_points' is deprecated since VTK < 9.2 is no longer supported. This parameter has no effect and is always `True`.
  edge_data = poly.extract_all_edges(use_all_points=True, clear_data=True)
/cis/home/rwang183/my_documents/BDD/SpineDetect-shengwen-branch/SpineDetect/tpm_simulator/microns_env/lib/python3.12/site-packages/meshmash/utils.py:36: PyVistaDeprecationWarning: Parameter 'use_all_points' is deprecated since VTK < 9.2 is no longer supported. This parameter has no effect and is always `True`.
  edge_data = poly.extract_all_edges(use_all_points=True, clear_data=True)
/cis/home/rwang183/my_documents/BDD/SpineDetect-shengwen-branch/SpineDetect/tpm_simulator/microns_env/lib/python3.12/site-packages/meshmash/utils.py:36: PyVistaDeprecationWarning: Parameter 'use_all_points' is deprecated since VTK < 9.2 is no longer supported. This parameter has no effect and is always `True`.
  edge_data = poly.extract_all_edges(use_all_points=True, clear_data=True)
/cis/home/rwang183/my_documents/BDD/SpineDetect-shengwen-branch/SpineDetect/tpm_simulator/microns_env/lib/python3.12/site-packages/meshmash/utils.py:36: PyVistaDeprecationWarning: Parameter 'use_all_points' is deprecated since VTK < 9.2 is no longer supported. This parameter has no effect and is always `True`.
  edge_data = poly.extract_all_edges(use_all_points=True, clear_data=True)
/cis/home/rwang183/my_documents/BDD/SpineDetect-shengwen-branch/SpineDetect/tpm_simulator/microns_env/lib/python3.12/site-packages/meshmash/utils.py:36: PyVistaDeprecationWarning: Parameter 'use_all_points' is deprecated since VTK < 9.2 is no longer supported. This parameter has no effect and is always `True`.
  edge_data = poly.extract_all_edges(use_all_points=True, clear_data=True)
/cis/home/rwang183/my_documents/BDD/SpineDetect-shengwen-branch/SpineDetect/tpm_simulator/microns_env/lib/python3.12/site-packages/meshmash/utils.py:36: PyVistaDeprecationWarning: Parameter 'use_all_points' is deprecated since VTK < 9.2 is no longer supported. This parameter has no effect and is always `True`.
  edge_data = poly.extract_all_edges(use_all_points=True, clear_data=True)
/cis/home/rwang183/my_documents/BDD/SpineDetect-shengwen-branch/SpineDetect/tpm_simulator/microns_env/lib/python3.12/site-packages/meshmash/utils.py:36: PyVistaDeprecationWarning: Parameter 'use_all_points' is deprecated since VTK < 9.2 is no longer supported. This parameter has no effect and is always `True`.
  edge_data = poly.extract_all_edges(use_all_points=True, clear_data=True)
/cis/home/rwang183/my_documents/BDD/SpineDetect-shengwen-branch/SpineDetect/tpm_simulator/microns_env/lib/python3.12/site-packages/meshmash/utils.py:36: PyVistaDeprecationWarning: Parameter 'use_all_points' is deprecated since VTK < 9.2 is no longer supported. This parameter has no effect and is always `True`.
  edge_data = poly.extract_all_edges(use_all_points=True, clear_data=True)
/cis/home/rwang183/my_documents/BDD/SpineDetect-shengwen-branch/SpineDetect/tpm_simulator/microns_env/lib/python3.12/site-packages/meshmash/utils.py:36: PyVistaDeprecationWarning: Parameter 'use_all_points' is deprecated since VTK < 9.2 is no longer supported. This parameter has no effect and is always `True`.
  edge_data = poly.extract_all_edges(use_all_points=True, clear_data=True)
/cis/home/rwang183/my_documents/BDD/SpineDetect-shengwen-branch/SpineDetect/tpm_simulator/microns_env/lib/python3.12/site-packages/meshmash/utils.py:36: PyVistaDeprecationWarning: Parameter 'use_all_points' is deprecated since VTK < 9.2 is no longer supported. This parameter has no effect and is always `True`.
  edge_data = poly.extract_all_edges(use_all_points=True, clear_data=True)
/cis/home/rwang183/my_documents/BDD/SpineDetect-shengwen-branch/SpineDetect/tpm_simulator/microns_env/lib/python3.12/site-packages/meshmash/utils.py:36: PyVistaDeprecationWarning: Parameter 'use_all_points' is deprecated since VTK < 9.2 is no longer supported. This parameter has no effect and is always `True`.
  edge_data = poly.extract_all_edges(use_all_points=True, clear_data=True)
/cis/home/rwang183/my_documents/BDD/SpineDetect-shengwen-branch/SpineDetect/tpm_simulator/microns_env/lib/python3.12/site-packages/meshmash/utils.py:36: PyVistaDeprecationWarning: Parameter 'use_all_points' is deprecated since VTK < 9.2 is no longer supported. This parameter has no effect and is always `True`.
  edge_data = poly.extract_all_edges(use_all_points=True, clear_data=True)
/cis/home/rwang183/my_documents/BDD/SpineDetect-shengwen-branch/SpineDetect/tpm_simulator/microns_env/lib/python3.12/site-packages/meshmash/utils.py:36: PyVistaDeprecationWarning: Parameter 'use_all_points' is deprecated since VTK < 9.2 is no longer supported. This parameter has no effect and is always `True`.
  edge_data = poly.extract_all_edges(use_all_points=True, clear_data=True)
/cis/home/rwang183/my_documents/BDD/SpineDetect-shengwen-branch/SpineDetect/tpm_simulator/microns_env/lib/python3.12/site-packages/meshmash/utils.py:36: PyVistaDeprecationWarning: Parameter 'use_all_points' is deprecated since VTK < 9.2 is no longer supported. This parameter has no effect and is always `True`.
  edge_data = poly.extract_all_edges(use_all_points=True, clear_data=True)
/cis/home/rwang183/my_documents/BDD/SpineDetect-shengwen-branch/SpineDetect/tpm_simulator/microns_env/lib/python3.12/site-packages/meshmash/utils.py:36: PyVistaDeprecationWarning: Parameter 'use_all_points' is deprecated since VTK < 9.2 is no longer supported. This parameter has no effect and is always `True`.
  edge_data = poly.extract_all_edges(use_all_points=True, clear_data=True)
/cis/home/rwang183/my_documents/BDD/SpineDetect-shengwen-branch/SpineDetect/tpm_simulator/microns_env/lib/python3.12/site-packages/meshmash/utils.py:36: PyVistaDeprecationWarning: Parameter 'use_all_points' is deprecated since VTK < 9.2 is no longer supported. This parameter has no effect and is always `True`.
  edge_data = poly.extract_all_edges(use_all_points=True, clear_data=True)
/cis/home/rwang183/my_documents/BDD/SpineDetect-shengwen-branch/SpineDetect/tpm_simulator/microns_env/lib/python3.12/site-packages/meshmash/utils.py:36: PyVistaDeprecationWarning: Parameter 'use_all_points' is deprecated since VTK < 9.2 is no longer supported. This parameter has no effect and is always `True`.
  edge_data = poly.extract_all_edges(use_all_points=True, clear_data=True)

Applying function agglomerate_mesh:   4%|▎         | 1/28 [00:00<00:23,  1.13it/s]
Applying function agglomerate_mesh:   7%|▋         | 2/28 [00:01<00:12,  2.08it/s]
Applying function agglomerate_mesh:  14%|█▍        | 4/28 [00:01<00:05,  4.50it/s]
Applying function agglomerate_mesh:  21%|██▏       | 6/28 [00:01<00:03,  6.97it/s]
Applying function agglomerate_mesh:  29%|██▊       | 8/28 [00:01<00:02,  7.57it/s]
Applying function agglomerate_mesh:  43%|████▎     | 12/28 [00:01<00:01, 11.18it/s]
Applying function agglomerate_mesh:  57%|█████▋    | 16/28 [00:01<00:00, 15.91it/s]
Applying function agglomerate_mesh:  68%|██████▊   | 19/28 [00:02<00:00, 11.03it/s]
Applying function agglomerate_mesh:  75%|███████▌  | 21/28 [00:02<00:00, 11.70it/s]
Applying function agglomerate_mesh:  82%|████████▏ | 23/28 [00:02<00:00, 10.01it/s]
Applying function agglomerate_mesh:  89%|████████▉ | 25/28 [00:02<00:00, 10.86it/s]
Applying function agglomerate_mesh:  96%|█████████▋| 27/28 [00:03<00:00, 11.04it/s]
Applying function agglomerate_mesh: 100%|██████████| 28/28 [00:03<00:00,  8.34it/s]
/cis/home/rwang183/my_documents/BDD/SpineDetect-shengwen-branch/SpineDetect/tpm_simulator/microns_env/lib/python3.12/site-packages/meshmash/utils.py:26: PyVistaDeprecationWarning: Parameter 'use_all_points' is deprecated since VTK < 9.2 is no longer supported. This parameter has no effect and is always `True`.
  edge_data = poly.extract_all_edges(use_all_points=True, clear_data=True)
/cis/home/rwang183/my_documents/BDD/SpineDetect-shengwen-branch/SpineDetect/tpm_simulator/microns_env/lib/python3.12/site-packages/meshmash/utils.py:36: PyVistaDeprecationWarning: Parameter 'use_all_points' is deprecated since VTK < 9.2 is no longer supported. This parameter has no effect and is always `True`.
  edge_data = poly.extract_all_edges(use_all_points=True, clear_data=True)
/cis/home/rwang183/my_documents/BDD/SpineDetect-shengwen-branch/SpineDetect/tpm_simulator/microns_env/lib/python3.12/site-packages/meshmash/utils.py:36: PyVistaDeprecationWarning: Parameter 'use_all_points' is deprecated since VTK < 9.2 is no longer supported. This parameter has no effect and is always `True`.
  edge_data = poly.extract_all_edges(use_all_points=True, clear_data=True)
/cis/home/rwang183/my_documents/BDD/SpineDetect-shengwen-branch/SpineDetect/tpm_simulator/microns_env/lib/python3.12/site-packages/meshmash/utils.py:36: PyVistaDeprecationWarning: Parameter 'use_all_points' is deprecated since VTK < 9.2 is no longer supported. This parameter has no effect and is always `True`.
  edge_data = poly.extract_all_edges(use_all_points=True, clear_data=True)
/cis/home/rwang183/my_documents/BDD/SpineDetect-shengwen-branch/SpineDetect/tpm_simulator/microns_env/lib/python3.12/site-packages/meshmash/utils.py:36: PyVistaDeprecationWarning: Parameter 'use_all_points' is deprecated since VTK < 9.2 is no longer supported. This parameter has no effect and is always `True`.
  edge_data = poly.extract_all_edges(use_all_points=True, clear_data=True)
  Success! HKS computed for root_id 864691135995191722.

Processing root_id: 864691135947170596
  Loaded mesh with 2651631 vertices and 5324241 faces.
Subdividing mesh...
Meshes in queue: 2
Meshes in queue: 4
Finding overlapping submeshes...
Computing HKS across submeshes...

Applying function compute_hks:   0%|          | 0/55 [00:00<?, ?it/s]
Applying function compute_hks:   2%|▏         | 1/55 [00:08<07:38,  8.50s/it]
Applying function compute_hks:   4%|▎         | 2/55 [00:10<03:53,  4.42s/it]
Applying function compute_hks:   5%|▌         | 3/55 [00:12<03:00,  3.46s/it]
Applying function compute_hks:   7%|▋         | 4/55 [00:14<02:19,  2.74s/it]
Applying function compute_hks:   9%|▉         | 5/55 [00:14<01:38,  1.97s/it]
Applying function compute_hks:  13%|█▎        | 7/55 [00:15<00:57,  1.20s/it]
Applying function compute_hks:  15%|█▍        | 8/55 [00:17<01:04,  1.37s/it]
Applying function compute_hks:  16%|█▋        | 9/55 [00:17<00:52,  1.14s/it]
Applying function compute_hks:  18%|█▊        | 10/55 [00:18<00:39,  1.14it/s]
Applying function compute_hks:  20%|██        | 11/55 [00:18<00:32,  1.36it/s]
Applying function compute_hks:  24%|██▎       | 13/55 [00:19<00:23,  1.78it/s]
Applying function compute_hks:  25%|██▌       | 14/55 [00:19<00:20,  1.99it/s]
Applying function compute_hks:  27%|██▋       | 15/55 [00:19<00:19,  2.01it/s]
Applying function compute_hks:  29%|██▉       | 16/55 [00:20<00:19,  1.97it/s]
Applying function compute_hks:  31%|███       | 17/55 [00:20<00:17,  2.17it/s]
Applying function compute_hks:  35%|███▍      | 19/55 [00:21<00:11,  3.15it/s]
Applying function compute_hks:  36%|███▋      | 20/55 [00:22<00:18,  1.92it/s]
Applying function compute_hks:  38%|███▊      | 21/55 [00:23<00:24,  1.36it/s]
Applying function compute_hks:  40%|████      | 22/55 [00:24<00:22,  1.44it/s]
Applying function compute_hks:  42%|████▏     | 23/55 [00:24<00:20,  1.58it/s]
Applying function compute_hks:  44%|████▎     | 24/55 [00:25<00:22,  1.38it/s]
Applying function compute_hks:  45%|████▌     | 25/55 [00:26<00:24,  1.22it/s]
Applying function compute_hks:  47%|████▋     | 26/55 [00:27<00:22,  1.26it/s]
Applying function compute_hks:  49%|████▉     | 27/55 [00:27<00:19,  1.43it/s]
Applying function compute_hks:  51%|█████     | 28/55 [00:28<00:14,  1.87it/s]
Applying function compute_hks:  53%|█████▎    | 29/55 [00:28<00:11,  2.36it/s]
Applying function compute_hks:  55%|█████▍    | 30/55 [00:30<00:24,  1.03it/s]
Applying function compute_hks:  56%|█████▋    | 31/55 [00:30<00:17,  1.37it/s]
Applying function compute_hks:  58%|█████▊    | 32/55 [00:31<00:20,  1.11it/s]
Applying function compute_hks:  60%|██████    | 33/55 [00:33<00:26,  1.19s/it]
Applying function compute_hks:  64%|██████▎   | 35/55 [00:34<00:13,  1.43it/s]
Applying function compute_hks:  65%|██████▌   | 36/55 [00:34<00:13,  1.41it/s]
Applying function compute_hks:  67%|██████▋   | 37/55 [00:35<00:13,  1.30it/s]
Applying function compute_hks:  69%|██████▉   | 38/55 [00:36<00:12,  1.37it/s]
Applying function compute_hks:  71%|███████   | 39/55 [00:37<00:12,  1.31it/s]
Applying function compute_hks:  73%|███████▎  | 40/55 [00:37<00:08,  1.69it/s]
Applying function compute_hks:  76%|███████▋  | 42/55 [00:37<00:05,  2.39it/s]
Applying function compute_hks:  78%|███████▊  | 43/55 [00:39<00:08,  1.37it/s]
Applying function compute_hks:  80%|████████  | 44/55 [00:40<00:09,  1.14it/s]
Applying function compute_hks:  82%|████████▏ | 45/55 [00:42<00:10,  1.09s/it]
Applying function compute_hks:  84%|████████▎ | 46/55 [00:45<00:15,  1.76s/it]
Applying function compute_hks:  85%|████████▌ | 47/55 [00:47<00:14,  1.83s/it]
Applying function compute_hks:  87%|████████▋ | 48/55 [00:48<00:10,  1.53s/it]
Applying function compute_hks:  89%|████████▉ | 49/55 [00:49<00:07,  1.18s/it]
Applying function compute_hks:  91%|█████████ | 50/55 [00:49<00:05,  1.03s/it]
Applying function compute_hks:  93%|█████████▎| 51/55 [00:50<00:03,  1.05it/s]
Applying function compute_hks:  95%|█████████▍| 52/55 [00:51<00:02,  1.03it/s]
Applying function compute_hks:  96%|█████████▋| 53/55 [00:51<00:01,  1.29it/s]
Applying function compute_hks: 100%|██████████| 55/55 [00:52<00:00,  2.00it/s]
Applying function compute_hks: 100%|██████████| 55/55 [00:52<00:00,  1.05it/s]

Applying function agglomerate_mesh:   0%|          | 0/55 [00:00<?, ?it/s]/cis/home/rwang183/my_documents/BDD/SpineDetect-shengwen-branch/SpineDetect/tpm_simulator/microns_env/lib/python3.12/site-packages/meshmash/utils.py:36: PyVistaDeprecationWarning: Parameter 'use_all_points' is deprecated since VTK < 9.2 is no longer supported. This parameter has no effect and is always `True`.
  edge_data = poly.extract_all_edges(use_all_points=True, clear_data=True)
/cis/home/rwang183/my_documents/BDD/SpineDetect-shengwen-branch/SpineDetect/tpm_simulator/microns_env/lib/python3.12/site-packages/meshmash/utils.py:36: PyVistaDeprecationWarning: Parameter 'use_all_points' is deprecated since VTK < 9.2 is no longer supported. This parameter has no effect and is always `True`.
  edge_data = poly.extract_all_edges(use_all_points=True, clear_data=True)
/cis/home/rwang183/my_documents/BDD/SpineDetect-shengwen-branch/SpineDetect/tpm_simulator/microns_env/lib/python3.12/site-packages/meshmash/utils.py:36: PyVistaDeprecationWarning: Parameter 'use_all_points' is deprecated since VTK < 9.2 is no longer supported. This parameter has no effect and is always `True`.
  edge_data = poly.extract_all_edges(use_all_points=True, clear_data=True)
/cis/home/rwang183/my_documents/BDD/SpineDetect-shengwen-branch/SpineDetect/tpm_simulator/microns_env/lib/python3.12/site-packages/meshmash/utils.py:36: PyVistaDeprecationWarning: Parameter 'use_all_points' is deprecated since VTK < 9.2 is no longer supported. This parameter has no effect and is always `True`.
  edge_data = poly.extract_all_edges(use_all_points=True, clear_data=True)
/cis/home/rwang183/my_documents/BDD/SpineDetect-shengwen-branch/SpineDetect/tpm_simulator/microns_env/lib/python3.12/site-packages/meshmash/utils.py:36: PyVistaDeprecationWarning: Parameter 'use_all_points' is deprecated since VTK < 9.2 is no longer supported. This parameter has no effect and is always `True`.
  edge_data = poly.extract_all_edges(use_all_points=True, clear_data=True)
/cis/home/rwang183/my_documents/BDD/SpineDetect-shengwen-branch/SpineDetect/tpm_simulator/microns_env/lib/python3.12/site-packages/meshmash/utils.py:36: PyVistaDeprecationWarning: Parameter 'use_all_points' is deprecated since VTK < 9.2 is no longer supported. This parameter has no effect and is always `True`.
  edge_data = poly.extract_all_edges(use_all_points=True, clear_data=True)
/cis/home/rwang183/my_documents/BDD/SpineDetect-shengwen-branch/SpineDetect/tpm_simulator/microns_env/lib/python3.12/site-packages/meshmash/utils.py:36: PyVistaDeprecationWarning: Parameter 'use_all_points' is deprecated since VTK < 9.2 is no longer supported. This parameter has no effect and is always `True`.
  edge_data = poly.extract_all_edges(use_all_points=True, clear_data=True)
/cis/home/rwang183/my_documents/BDD/SpineDetect-shengwen-branch/SpineDetect/tpm_simulator/microns_env/lib/python3.12/site-packages/meshmash/utils.py:36: PyVistaDeprecationWarning: Parameter 'use_all_points' is deprecated since VTK < 9.2 is no longer supported. This parameter has no effect and is always `True`.
  edge_data = poly.extract_all_edges(use_all_points=True, clear_data=True)
/cis/home/rwang183/my_documents/BDD/SpineDetect-shengwen-branch/SpineDetect/tpm_simulator/microns_env/lib/python3.12/site-packages/meshmash/utils.py:36: PyVistaDeprecationWarning: Parameter 'use_all_points' is deprecated since VTK < 9.2 is no longer supported. This parameter has no effect and is always `True`.
  edge_data = poly.extract_all_edges(use_all_points=True, clear_data=True)
/cis/home/rwang183/my_documents/BDD/SpineDetect-shengwen-branch/SpineDetect/tpm_simulator/microns_env/lib/python3.12/site-packages/meshmash/utils.py:36: PyVistaDeprecationWarning: Parameter 'use_all_points' is deprecated since VTK < 9.2 is no longer supported. This parameter has no effect and is always `True`.
  edge_data = poly.extract_all_edges(use_all_points=True, clear_data=True)
/cis/home/rwang183/my_documents/BDD/SpineDetect-shengwen-branch/SpineDetect/tpm_simulator/microns_env/lib/python3.12/site-packages/meshmash/utils.py:36: PyVistaDeprecationWarning: Parameter 'use_all_points' is deprecated since VTK < 9.2 is no longer supported. This parameter has no effect and is always `True`.
  edge_data = poly.extract_all_edges(use_all_points=True, clear_data=True)
/cis/home/rwang183/my_documents/BDD/SpineDetect-shengwen-branch/SpineDetect/tpm_simulator/microns_env/lib/python3.12/site-packages/meshmash/utils.py:36: PyVistaDeprecationWarning: Parameter 'use_all_points' is deprecated since VTK < 9.2 is no longer supported. This parameter has no effect and is always `True`.
  edge_data = poly.extract_all_edges(use_all_points=True, clear_data=True)
/cis/home/rwang183/my_documents/BDD/SpineDetect-shengwen-branch/SpineDetect/tpm_simulator/microns_env/lib/python3.12/site-packages/meshmash/utils.py:36: PyVistaDeprecationWarning: Parameter 'use_all_points' is deprecated since VTK < 9.2 is no longer supported. This parameter has no effect and is always `True`.
  edge_data = poly.extract_all_edges(use_all_points=True, clear_data=True)
/cis/home/rwang183/my_documents/BDD/SpineDetect-shengwen-branch/SpineDetect/tpm_simulator/microns_env/lib/python3.12/site-packages/meshmash/utils.py:36: PyVistaDeprecationWarning: Parameter 'use_all_points' is deprecated since VTK < 9.2 is no longer supported. This parameter has no effect and is always `True`.
  edge_data = poly.extract_all_edges(use_all_points=True, clear_data=True)
/cis/home/rwang183/my_documents/BDD/SpineDetect-shengwen-branch/SpineDetect/tpm_simulator/microns_env/lib/python3.12/site-packages/meshmash/utils.py:36: PyVistaDeprecationWarning: Parameter 'use_all_points' is deprecated since VTK < 9.2 is no longer supported. This parameter has no effect and is always `True`.
  edge_data = poly.extract_all_edges(use_all_points=True, clear_data=True)
/cis/home/rwang183/my_documents/BDD/SpineDetect-shengwen-branch/SpineDetect/tpm_simulator/microns_env/lib/python3.12/site-packages/meshmash/utils.py:36: PyVistaDeprecationWarning: Parameter 'use_all_points' is deprecated since VTK < 9.2 is no longer supported. This parameter has no effect and is always `True`.
  edge_data = poly.extract_all_edges(use_all_points=True, clear_data=True)
/cis/home/rwang183/my_documents/BDD/SpineDetect-shengwen-branch/SpineDetect/tpm_simulator/microns_env/lib/python3.12/site-packages/meshmash/utils.py:36: PyVistaDeprecationWarning: Parameter 'use_all_points' is deprecated since VTK < 9.2 is no longer supported. This parameter has no effect and is always `True`.
  edge_data = poly.extract_all_edges(use_all_points=True, clear_data=True)
/cis/home/rwang183/my_documents/BDD/SpineDetect-shengwen-branch/SpineDetect/tpm_simulator/microns_env/lib/python3.12/site-packages/meshmash/utils.py:36: PyVistaDeprecationWarning: Parameter 'use_all_points' is deprecated since VTK < 9.2 is no longer supported. This parameter has no effect and is always `True`.
  edge_data = poly.extract_all_edges(use_all_points=True, clear_data=True)
/cis/home/rwang183/my_documents/BDD/SpineDetect-shengwen-branch/SpineDetect/tpm_simulator/microns_env/lib/python3.12/site-packages/meshmash/utils.py:36: PyVistaDeprecationWarning: Parameter 'use_all_points' is deprecated since VTK < 9.2 is no longer supported. This parameter has no effect and is always `True`.
  edge_data = poly.extract_all_edges(use_all_points=True, clear_data=True)
/cis/home/rwang183/my_documents/BDD/SpineDetect-shengwen-branch/SpineDetect/tpm_simulator/microns_env/lib/python3.12/site-packages/meshmash/utils.py:36: PyVistaDeprecationWarning: Parameter 'use_all_points' is deprecated since VTK < 9.2 is no longer supported. This parameter has no effect and is always `True`.
  edge_data = poly.extract_all_edges(use_all_points=True, clear_data=True)
/cis/home/rwang183/my_documents/BDD/SpineDetect-shengwen-branch/SpineDetect/tpm_simulator/microns_env/lib/python3.12/site-packages/meshmash/utils.py:36: PyVistaDeprecationWarning: Parameter 'use_all_points' is deprecated since VTK < 9.2 is no longer supported. This parameter has no effect and is always `True`.
  edge_data = poly.extract_all_edges(use_all_points=True, clear_data=True)
/cis/home/rwang183/my_documents/BDD/SpineDetect-shengwen-branch/SpineDetect/tpm_simulator/microns_env/lib/python3.12/site-packages/meshmash/utils.py:36: PyVistaDeprecationWarning: Parameter 'use_all_points' is deprecated since VTK < 9.2 is no longer supported. This parameter has no effect and is always `True`.
  edge_data = poly.extract_all_edges(use_all_points=True, clear_data=True)
/cis/home/rwang183/my_documents/BDD/SpineDetect-shengwen-branch/SpineDetect/tpm_simulator/microns_env/lib/python3.12/site-packages/meshmash/utils.py:36: PyVistaDeprecationWarning: Parameter 'use_all_points' is deprecated since VTK < 9.2 is no longer supported. This parameter has no effect and is always `True`.
  edge_data = poly.extract_all_edges(use_all_points=True, clear_data=True)
/cis/home/rwang183/my_documents/BDD/SpineDetect-shengwen-branch/SpineDetect/tpm_simulator/microns_env/lib/python3.12/site-packages/meshmash/utils.py:36: PyVistaDeprecationWarning: Parameter 'use_all_points' is deprecated since VTK < 9.2 is no longer supported. This parameter has no effect and is always `True`.
  edge_data = poly.extract_all_edges(use_all_points=True, clear_data=True)
/cis/home/rwang183/my_documents/BDD/SpineDetect-shengwen-branch/SpineDetect/tpm_simulator/microns_env/lib/python3.12/site-packages/meshmash/utils.py:36: PyVistaDeprecationWarning: Parameter 'use_all_points' is deprecated since VTK < 9.2 is no longer supported. This parameter has no effect and is always `True`.
  edge_data = poly.extract_all_edges(use_all_points=True, clear_data=True)
/cis/home/rwang183/my_documents/BDD/SpineDetect-shengwen-branch/SpineDetect/tpm_simulator/microns_env/lib/python3.12/site-packages/meshmash/utils.py:36: PyVistaDeprecationWarning: Parameter 'use_all_points' is deprecated since VTK < 9.2 is no longer supported. This parameter has no effect and is always `True`.
  edge_data = poly.extract_all_edges(use_all_points=True, clear_data=True)
/cis/home/rwang183/my_documents/BDD/SpineDetect-shengwen-branch/SpineDetect/tpm_simulator/microns_env/lib/python3.12/site-packages/meshmash/utils.py:36: PyVistaDeprecationWarning: Parameter 'use_all_points' is deprecated since VTK < 9.2 is no longer supported. This parameter has no effect and is always `True`.
  edge_data = poly.extract_all_edges(use_all_points=True, clear_data=True)
/cis/home/rwang183/my_documents/BDD/SpineDetect-shengwen-branch/SpineDetect/tpm_simulator/microns_env/lib/python3.12/site-packages/meshmash/utils.py:36: PyVistaDeprecationWarning: Parameter 'use_all_points' is deprecated since VTK < 9.2 is no longer supported. This parameter has no effect and is always `True`.
  edge_data = poly.extract_all_edges(use_all_points=True, clear_data=True)
/cis/home/rwang183/my_documents/BDD/SpineDetect-shengwen-branch/SpineDetect/tpm_simulator/microns_env/lib/python3.12/site-packages/meshmash/utils.py:36: PyVistaDeprecationWarning: Parameter 'use_all_points' is deprecated since VTK < 9.2 is no longer supported. This parameter has no effect and is always `True`.
  edge_data = poly.extract_all_edges(use_all_points=True, clear_data=True)
/cis/home/rwang183/my_documents/BDD/SpineDetect-shengwen-branch/SpineDetect/tpm_simulator/microns_env/lib/python3.12/site-packages/meshmash/utils.py:36: PyVistaDeprecationWarning: Parameter 'use_all_points' is deprecated since VTK < 9.2 is no longer supported. This parameter has no effect and is always `True`.
  edge_data = poly.extract_all_edges(use_all_points=True, clear_data=True)
/cis/home/rwang183/my_documents/BDD/SpineDetect-shengwen-branch/SpineDetect/tpm_simulator/microns_env/lib/python3.12/site-packages/meshmash/utils.py:36: PyVistaDeprecationWarning: Parameter 'use_all_points' is deprecated since VTK < 9.2 is no longer supported. This parameter has no effect and is always `True`.
  edge_data = poly.extract_all_edges(use_all_points=True, clear_data=True)
/cis/home/rwang183/my_documents/BDD/SpineDetect-shengwen-branch/SpineDetect/tpm_simulator/microns_env/lib/python3.12/site-packages/meshmash/utils.py:36: PyVistaDeprecationWarning: Parameter 'use_all_points' is deprecated since VTK < 9.2 is no longer supported. This parameter has no effect and is always `True`.
  edge_data = poly.extract_all_edges(use_all_points=True, clear_data=True)
/cis/home/rwang183/my_documents/BDD/SpineDetect-shengwen-branch/SpineDetect/tpm_simulator/microns_env/lib/python3.12/site-packages/meshmash/utils.py:36: PyVistaDeprecationWarning: Parameter 'use_all_points' is deprecated since VTK < 9.2 is no longer supported. This parameter has no effect and is always `True`.
  edge_data = poly.extract_all_edges(use_all_points=True, clear_data=True)
/cis/home/rwang183/my_documents/BDD/SpineDetect-shengwen-branch/SpineDetect/tpm_simulator/microns_env/lib/python3.12/site-packages/meshmash/utils.py:36: PyVistaDeprecationWarning: Parameter 'use_all_points' is deprecated since VTK < 9.2 is no longer supported. This parameter has no effect and is always `True`.
  edge_data = poly.extract_all_edges(use_all_points=True, clear_data=True)
/cis/home/rwang183/my_documents/BDD/SpineDetect-shengwen-branch/SpineDetect/tpm_simulator/microns_env/lib/python3.12/site-packages/meshmash/utils.py:36: PyVistaDeprecationWarning: Parameter 'use_all_points' is deprecated since VTK < 9.2 is no longer supported. This parameter has no effect and is always `True`.
  edge_data = poly.extract_all_edges(use_all_points=True, clear_data=True)
/cis/home/rwang183/my_documents/BDD/SpineDetect-shengwen-branch/SpineDetect/tpm_simulator/microns_env/lib/python3.12/site-packages/meshmash/utils.py:36: PyVistaDeprecationWarning: Parameter 'use_all_points' is deprecated since VTK < 9.2 is no longer supported. This parameter has no effect and is always `True`.
  edge_data = poly.extract_all_edges(use_all_points=True, clear_data=True)
/cis/home/rwang183/my_documents/BDD/SpineDetect-shengwen-branch/SpineDetect/tpm_simulator/microns_env/lib/python3.12/site-packages/meshmash/utils.py:36: PyVistaDeprecationWarning: Parameter 'use_all_points' is deprecated since VTK < 9.2 is no longer supported. This parameter has no effect and is always `True`.
  edge_data = poly.extract_all_edges(use_all_points=True, clear_data=True)
/cis/home/rwang183/my_documents/BDD/SpineDetect-shengwen-branch/SpineDetect/tpm_simulator/microns_env/lib/python3.12/site-packages/meshmash/utils.py:36: PyVistaDeprecationWarning: Parameter 'use_all_points' is deprecated since VTK < 9.2 is no longer supported. This parameter has no effect and is always `True`.
  edge_data = poly.extract_all_edges(use_all_points=True, clear_data=True)
/cis/home/rwang183/my_documents/BDD/SpineDetect-shengwen-branch/SpineDetect/tpm_simulator/microns_env/lib/python3.12/site-packages/meshmash/utils.py:36: PyVistaDeprecationWarning: Parameter 'use_all_points' is deprecated since VTK < 9.2 is no longer supported. This parameter has no effect and is always `True`.
  edge_data = poly.extract_all_edges(use_all_points=True, clear_data=True)
/cis/home/rwang183/my_documents/BDD/SpineDetect-shengwen-branch/SpineDetect/tpm_simulator/microns_env/lib/python3.12/site-packages/meshmash/utils.py:36: PyVistaDeprecationWarning: Parameter 'use_all_points' is deprecated since VTK < 9.2 is no longer supported. This parameter has no effect and is always `True`.
  edge_data = poly.extract_all_edges(use_all_points=True, clear_data=True)
/cis/home/rwang183/my_documents/BDD/SpineDetect-shengwen-branch/SpineDetect/tpm_simulator/microns_env/lib/python3.12/site-packages/meshmash/utils.py:36: PyVistaDeprecationWarning: Parameter 'use_all_points' is deprecated since VTK < 9.2 is no longer supported. This parameter has no effect and is always `True`.
  edge_data = poly.extract_all_edges(use_all_points=True, clear_data=True)
/cis/home/rwang183/my_documents/BDD/SpineDetect-shengwen-branch/SpineDetect/tpm_simulator/microns_env/lib/python3.12/site-packages/meshmash/utils.py:36: PyVistaDeprecationWarning: Parameter 'use_all_points' is deprecated since VTK < 9.2 is no longer supported. This parameter has no effect and is always `True`.
  edge_data = poly.extract_all_edges(use_all_points=True, clear_data=True)
/cis/home/rwang183/my_documents/BDD/SpineDetect-shengwen-branch/SpineDetect/tpm_simulator/microns_env/lib/python3.12/site-packages/meshmash/utils.py:36: PyVistaDeprecationWarning: Parameter 'use_all_points' is deprecated since VTK < 9.2 is no longer supported. This parameter has no effect and is always `True`.
  edge_data = poly.extract_all_edges(use_all_points=True, clear_data=True)
/cis/home/rwang183/my_documents/BDD/SpineDetect-shengwen-branch/SpineDetect/tpm_simulator/microns_env/lib/python3.12/site-packages/meshmash/utils.py:36: PyVistaDeprecationWarning: Parameter 'use_all_points' is deprecated since VTK < 9.2 is no longer supported. This parameter has no effect and is always `True`.
  edge_data = poly.extract_all_edges(use_all_points=True, clear_data=True)
/cis/home/rwang183/my_documents/BDD/SpineDetect-shengwen-branch/SpineDetect/tpm_simulator/microns_env/lib/python3.12/site-packages/meshmash/utils.py:36: PyVistaDeprecationWarning: Parameter 'use_all_points' is deprecated since VTK < 9.2 is no longer supported. This parameter has no effect and is always `True`.
  edge_data = poly.extract_all_edges(use_all_points=True, clear_data=True)
/cis/home/rwang183/my_documents/BDD/SpineDetect-shengwen-branch/SpineDetect/tpm_simulator/microns_env/lib/python3.12/site-packages/meshmash/utils.py:36: PyVistaDeprecationWarning: Parameter 'use_all_points' is deprecated since VTK < 9.2 is no longer supported. This parameter has no effect and is always `True`.
  edge_data = poly.extract_all_edges(use_all_points=True, clear_data=True)
/cis/home/rwang183/my_documents/BDD/SpineDetect-shengwen-branch/SpineDetect/tpm_simulator/microns_env/lib/python3.12/site-packages/meshmash/utils.py:36: PyVistaDeprecationWarning: Parameter 'use_all_points' is deprecated since VTK < 9.2 is no longer supported. This parameter has no effect and is always `True`.
  edge_data = poly.extract_all_edges(use_all_points=True, clear_data=True)
/cis/home/rwang183/my_documents/BDD/SpineDetect-shengwen-branch/SpineDetect/tpm_simulator/microns_env/lib/python3.12/site-packages/meshmash/utils.py:36: PyVistaDeprecationWarning: Parameter 'use_all_points' is deprecated since VTK < 9.2 is no longer supported. This parameter has no effect and is always `True`.
  edge_data = poly.extract_all_edges(use_all_points=True, clear_data=True)
/cis/home/rwang183/my_documents/BDD/SpineDetect-shengwen-branch/SpineDetect/tpm_simulator/microns_env/lib/python3.12/site-packages/meshmash/utils.py:36: PyVistaDeprecationWarning: Parameter 'use_all_points' is deprecated since VTK < 9.2 is no longer supported. This parameter has no effect and is always `True`.
  edge_data = poly.extract_all_edges(use_all_points=True, clear_data=True)
/cis/home/rwang183/my_documents/BDD/SpineDetect-shengwen-branch/SpineDetect/tpm_simulator/microns_env/lib/python3.12/site-packages/meshmash/utils.py:36: PyVistaDeprecationWarning: Parameter 'use_all_points' is deprecated since VTK < 9.2 is no longer supported. This parameter has no effect and is always `True`.
  edge_data = poly.extract_all_edges(use_all_points=True, clear_data=True)
/cis/home/rwang183/my_documents/BDD/SpineDetect-shengwen-branch/SpineDetect/tpm_simulator/microns_env/lib/python3.12/site-packages/meshmash/utils.py:36: PyVistaDeprecationWarning: Parameter 'use_all_points' is deprecated since VTK < 9.2 is no longer supported. This parameter has no effect and is always `True`.
  edge_data = poly.extract_all_edges(use_all_points=True, clear_data=True)
/cis/home/rwang183/my_documents/BDD/SpineDetect-shengwen-branch/SpineDetect/tpm_simulator/microns_env/lib/python3.12/site-packages/meshmash/utils.py:36: PyVistaDeprecationWarning: Parameter 'use_all_points' is deprecated since VTK < 9.2 is no longer supported. This parameter has no effect and is always `True`.
  edge_data = poly.extract_all_edges(use_all_points=True, clear_data=True)
/cis/home/rwang183/my_documents/BDD/SpineDetect-shengwen-branch/SpineDetect/tpm_simulator/microns_env/lib/python3.12/site-packages/meshmash/utils.py:36: PyVistaDeprecationWarning: Parameter 'use_all_points' is deprecated since VTK < 9.2 is no longer supported. This parameter has no effect and is always `True`.
  edge_data = poly.extract_all_edges(use_all_points=True, clear_data=True)
/cis/home/rwang183/my_documents/BDD/SpineDetect-shengwen-branch/SpineDetect/tpm_simulator/microns_env/lib/python3.12/site-packages/meshmash/utils.py:36: PyVistaDeprecationWarning: Parameter 'use_all_points' is deprecated since VTK < 9.2 is no longer supported. This parameter has no effect and is always `True`.
  edge_data = poly.extract_all_edges(use_all_points=True, clear_data=True)
/cis/home/rwang183/my_documents/BDD/SpineDetect-shengwen-branch/SpineDetect/tpm_simulator/microns_env/lib/python3.12/site-packages/meshmash/utils.py:36: PyVistaDeprecationWarning: Parameter 'use_all_points' is deprecated since VTK < 9.2 is no longer supported. This parameter has no effect and is always `True`.
  edge_data = poly.extract_all_edges(use_all_points=True, clear_data=True)

Applying function agglomerate_mesh:   2%|▏         | 1/55 [00:01<01:19,  1.48s/it]
Applying function agglomerate_mesh:   4%|▎         | 2/55 [00:01<00:41,  1.27it/s]
Applying function agglomerate_mesh:   9%|▉         | 5/55 [00:01<00:13,  3.84it/s]
Applying function agglomerate_mesh:  13%|█▎        | 7/55 [00:02<00:09,  5.16it/s]
Applying function agglomerate_mesh:  25%|██▌       | 14/55 [00:02<00:03, 12.73it/s]
Applying function agglomerate_mesh:  31%|███       | 17/55 [00:02<00:02, 13.32it/s]
Applying function agglomerate_mesh:  38%|███▊      | 21/55 [00:02<00:02, 16.29it/s]
Applying function agglomerate_mesh:  49%|████▉     | 27/55 [00:02<00:01, 23.57it/s]
Applying function agglomerate_mesh:  56%|█████▋    | 31/55 [00:02<00:00, 24.48it/s]
Applying function agglomerate_mesh:  65%|██████▌   | 36/55 [00:03<00:00, 27.72it/s]
Applying function agglomerate_mesh:  75%|███████▍  | 41/55 [00:03<00:00, 29.75it/s]
Applying function agglomerate_mesh:  82%|████████▏ | 45/55 [00:03<00:00, 20.06it/s]
Applying function agglomerate_mesh:  87%|████████▋ | 48/55 [00:03<00:00, 14.95it/s]
Applying function agglomerate_mesh:  93%|█████████▎| 51/55 [00:04<00:00, 16.85it/s]
Applying function agglomerate_mesh:  98%|█████████▊| 54/55 [00:04<00:00, 16.36it/s]
Applying function agglomerate_mesh: 100%|██████████| 55/55 [00:04<00:00, 12.54it/s]
/cis/home/rwang183/my_documents/BDD/SpineDetect-shengwen-branch/SpineDetect/tpm_simulator/microns_env/lib/python3.12/site-packages/meshmash/utils.py:26: PyVistaDeprecationWarning: Parameter 'use_all_points' is deprecated since VTK < 9.2 is no longer supported. This parameter has no effect and is always `True`.
  edge_data = poly.extract_all_edges(use_all_points=True, clear_data=True)
/cis/home/rwang183/my_documents/BDD/SpineDetect-shengwen-branch/SpineDetect/tpm_simulator/microns_env/lib/python3.12/site-packages/meshmash/utils.py:36: PyVistaDeprecationWarning: Parameter 'use_all_points' is deprecated since VTK < 9.2 is no longer supported. This parameter has no effect and is always `True`.
  edge_data = poly.extract_all_edges(use_all_points=True, clear_data=True)
/cis/home/rwang183/my_documents/BDD/SpineDetect-shengwen-branch/SpineDetect/tpm_simulator/microns_env/lib/python3.12/site-packages/meshmash/utils.py:36: PyVistaDeprecationWarning: Parameter 'use_all_points' is deprecated since VTK < 9.2 is no longer supported. This parameter has no effect and is always `True`.
  edge_data = poly.extract_all_edges(use_all_points=True, clear_data=True)
/cis/home/rwang183/my_documents/BDD/SpineDetect-shengwen-branch/SpineDetect/tpm_simulator/microns_env/lib/python3.12/site-packages/meshmash/utils.py:36: PyVistaDeprecationWarning: Parameter 'use_all_points' is deprecated since VTK < 9.2 is no longer supported. This parameter has no effect and is always `True`.
  edge_data = poly.extract_all_edges(use_all_points=True, clear_data=True)
/cis/home/rwang183/my_documents/BDD/SpineDetect-shengwen-branch/SpineDetect/tpm_simulator/microns_env/lib/python3.12/site-packages/meshmash/utils.py:36: PyVistaDeprecationWarning: Parameter 'use_all_points' is deprecated since VTK < 9.2 is no longer supported. This parameter has no effect and is always `True`.
  edge_data = poly.extract_all_edges(use_all_points=True, clear_data=True)
  Success! HKS computed for root_id 864691135947170596.

Processing root_id: 864691135755638226
  Loaded mesh with 1388258 vertices and 2792687 faces.
Subdividing mesh...
Meshes in queue: 2
Finding overlapping submeshes...
Computing HKS across submeshes...

Applying function compute_hks:   0%|          | 0/32 [00:00<?, ?it/s]
Applying function compute_hks:   3%|▎         | 1/32 [00:02<01:13,  2.38s/it]
Applying function compute_hks:   6%|▋         | 2/32 [00:02<00:38,  1.29s/it]
Applying function compute_hks:   9%|▉         | 3/32 [00:05<00:55,  1.91s/it]
Applying function compute_hks:  12%|█▎        | 4/32 [00:05<00:33,  1.20s/it]
Applying function compute_hks:  16%|█▌        | 5/32 [00:05<00:21,  1.23it/s]
Applying function compute_hks:  22%|██▏       | 7/32 [00:07<00:18,  1.33it/s]
Applying function compute_hks:  28%|██▊       | 9/32 [00:07<00:13,  1.72it/s]
Applying function compute_hks:  31%|███▏      | 10/32 [00:09<00:17,  1.25it/s]
Applying function compute_hks:  38%|███▊      | 12/32 [00:10<00:13,  1.49it/s]
Applying function compute_hks:  41%|████      | 13/32 [00:10<00:10,  1.78it/s]
Applying function compute_hks:  44%|████▍     | 14/32 [00:10<00:08,  2.20it/s]
Applying function compute_hks:  47%|████▋     | 15/32 [00:10<00:07,  2.37it/s]
Applying function compute_hks:  50%|█████     | 16/32 [00:11<00:06,  2.45it/s]
Applying function compute_hks:  53%|█████▎    | 17/32 [00:13<00:11,  1.30it/s]
Applying function compute_hks:  56%|█████▋    | 18/32 [00:13<00:09,  1.42it/s]
Applying function compute_hks:  59%|█████▉    | 19/32 [00:13<00:07,  1.73it/s]
Applying function compute_hks:  62%|██████▎   | 20/32 [00:15<00:10,  1.20it/s]
Applying function compute_hks:  66%|██████▌   | 21/32 [00:16<00:09,  1.15it/s]
Applying function compute_hks:  69%|██████▉   | 22/32 [00:20<00:19,  1.99s/it]
Applying function compute_hks:  72%|███████▏  | 23/32 [00:22<00:16,  1.78s/it]
Applying function compute_hks:  75%|███████▌  | 24/32 [00:22<00:11,  1.46s/it]
Applying function compute_hks:  78%|███████▊  | 25/32 [00:23<00:08,  1.27s/it]
Applying function compute_hks:  81%|████████▏ | 26/32 [00:26<00:09,  1.62s/it]
Applying function compute_hks:  84%|████████▍ | 27/32 [00:26<00:05,  1.19s/it]
Applying function compute_hks:  88%|████████▊ | 28/32 [00:28<00:05,  1.35s/it]
Applying function compute_hks:  91%|█████████ | 29/32 [00:29<00:04,  1.39s/it]
Applying function compute_hks:  94%|█████████▍| 30/32 [00:29<00:02,  1.10s/it]
Applying function compute_hks:  97%|█████████▋| 31/32 [00:31<00:01,  1.08s/it]
Applying function compute_hks: 100%|██████████| 32/32 [00:32<00:00,  1.07s/it]
Applying function compute_hks: 100%|██████████| 32/32 [00:32<00:00,  1.01s/it]

Applying function agglomerate_mesh:   0%|          | 0/32 [00:00<?, ?it/s]/cis/home/rwang183/my_documents/BDD/SpineDetect-shengwen-branch/SpineDetect/tpm_simulator/microns_env/lib/python3.12/site-packages/meshmash/utils.py:36: PyVistaDeprecationWarning: Parameter 'use_all_points' is deprecated since VTK < 9.2 is no longer supported. This parameter has no effect and is always `True`.
  edge_data = poly.extract_all_edges(use_all_points=True, clear_data=True)
/cis/home/rwang183/my_documents/BDD/SpineDetect-shengwen-branch/SpineDetect/tpm_simulator/microns_env/lib/python3.12/site-packages/meshmash/utils.py:36: PyVistaDeprecationWarning: Parameter 'use_all_points' is deprecated since VTK < 9.2 is no longer supported. This parameter has no effect and is always `True`.
  edge_data = poly.extract_all_edges(use_all_points=True, clear_data=True)
/cis/home/rwang183/my_documents/BDD/SpineDetect-shengwen-branch/SpineDetect/tpm_simulator/microns_env/lib/python3.12/site-packages/meshmash/utils.py:36: PyVistaDeprecationWarning: Parameter 'use_all_points' is deprecated since VTK < 9.2 is no longer supported. This parameter has no effect and is always `True`.
  edge_data = poly.extract_all_edges(use_all_points=True, clear_data=True)
/cis/home/rwang183/my_documents/BDD/SpineDetect-shengwen-branch/SpineDetect/tpm_simulator/microns_env/lib/python3.12/site-packages/meshmash/utils.py:36: PyVistaDeprecationWarning: Parameter 'use_all_points' is deprecated since VTK < 9.2 is no longer supported. This parameter has no effect and is always `True`.
  edge_data = poly.extract_all_edges(use_all_points=True, clear_data=True)
/cis/home/rwang183/my_documents/BDD/SpineDetect-shengwen-branch/SpineDetect/tpm_simulator/microns_env/lib/python3.12/site-packages/meshmash/utils.py:36: PyVistaDeprecationWarning: Parameter 'use_all_points' is deprecated since VTK < 9.2 is no longer supported. This parameter has no effect and is always `True`.
  edge_data = poly.extract_all_edges(use_all_points=True, clear_data=True)
/cis/home/rwang183/my_documents/BDD/SpineDetect-shengwen-branch/SpineDetect/tpm_simulator/microns_env/lib/python3.12/site-packages/meshmash/utils.py:36: PyVistaDeprecationWarning: Parameter 'use_all_points' is deprecated since VTK < 9.2 is no longer supported. This parameter has no effect and is always `True`.
  edge_data = poly.extract_all_edges(use_all_points=True, clear_data=True)
/cis/home/rwang183/my_documents/BDD/SpineDetect-shengwen-branch/SpineDetect/tpm_simulator/microns_env/lib/python3.12/site-packages/meshmash/utils.py:36: PyVistaDeprecationWarning: Parameter 'use_all_points' is deprecated since VTK < 9.2 is no longer supported. This parameter has no effect and is always `True`.
  edge_data = poly.extract_all_edges(use_all_points=True, clear_data=True)
/cis/home/rwang183/my_documents/BDD/SpineDetect-shengwen-branch/SpineDetect/tpm_simulator/microns_env/lib/python3.12/site-packages/meshmash/utils.py:36: PyVistaDeprecationWarning: Parameter 'use_all_points' is deprecated since VTK < 9.2 is no longer supported. This parameter has no effect and is always `True`.
  edge_data = poly.extract_all_edges(use_all_points=True, clear_data=True)
/cis/home/rwang183/my_documents/BDD/SpineDetect-shengwen-branch/SpineDetect/tpm_simulator/microns_env/lib/python3.12/site-packages/meshmash/utils.py:36: PyVistaDeprecationWarning: Parameter 'use_all_points' is deprecated since VTK < 9.2 is no longer supported. This parameter has no effect and is always `True`.
  edge_data = poly.extract_all_edges(use_all_points=True, clear_data=True)
/cis/home/rwang183/my_documents/BDD/SpineDetect-shengwen-branch/SpineDetect/tpm_simulator/microns_env/lib/python3.12/site-packages/meshmash/utils.py:36: PyVistaDeprecationWarning: Parameter 'use_all_points' is deprecated since VTK < 9.2 is no longer supported. This parameter has no effect and is always `True`.
  edge_data = poly.extract_all_edges(use_all_points=True, clear_data=True)
/cis/home/rwang183/my_documents/BDD/SpineDetect-shengwen-branch/SpineDetect/tpm_simulator/microns_env/lib/python3.12/site-packages/meshmash/utils.py:36: PyVistaDeprecationWarning: Parameter 'use_all_points' is deprecated since VTK < 9.2 is no longer supported. This parameter has no effect and is always `True`.
  edge_data = poly.extract_all_edges(use_all_points=True, clear_data=True)
/cis/home/rwang183/my_documents/BDD/SpineDetect-shengwen-branch/SpineDetect/tpm_simulator/microns_env/lib/python3.12/site-packages/meshmash/utils.py:36: PyVistaDeprecationWarning: Parameter 'use_all_points' is deprecated since VTK < 9.2 is no longer supported. This parameter has no effect and is always `True`.
  edge_data = poly.extract_all_edges(use_all_points=True, clear_data=True)
/cis/home/rwang183/my_documents/BDD/SpineDetect-shengwen-branch/SpineDetect/tpm_simulator/microns_env/lib/python3.12/site-packages/meshmash/utils.py:36: PyVistaDeprecationWarning: Parameter 'use_all_points' is deprecated since VTK < 9.2 is no longer supported. This parameter has no effect and is always `True`.
  edge_data = poly.extract_all_edges(use_all_points=True, clear_data=True)
/cis/home/rwang183/my_documents/BDD/SpineDetect-shengwen-branch/SpineDetect/tpm_simulator/microns_env/lib/python3.12/site-packages/meshmash/utils.py:36: PyVistaDeprecationWarning: Parameter 'use_all_points' is deprecated since VTK < 9.2 is no longer supported. This parameter has no effect and is always `True`.
  edge_data = poly.extract_all_edges(use_all_points=True, clear_data=True)
/cis/home/rwang183/my_documents/BDD/SpineDetect-shengwen-branch/SpineDetect/tpm_simulator/microns_env/lib/python3.12/site-packages/meshmash/utils.py:36: PyVistaDeprecationWarning: Parameter 'use_all_points' is deprecated since VTK < 9.2 is no longer supported. This parameter has no effect and is always `True`.
  edge_data = poly.extract_all_edges(use_all_points=True, clear_data=True)
/cis/home/rwang183/my_documents/BDD/SpineDetect-shengwen-branch/SpineDetect/tpm_simulator/microns_env/lib/python3.12/site-packages/meshmash/utils.py:36: PyVistaDeprecationWarning: Parameter 'use_all_points' is deprecated since VTK < 9.2 is no longer supported. This parameter has no effect and is always `True`.
  edge_data = poly.extract_all_edges(use_all_points=True, clear_data=True)
/cis/home/rwang183/my_documents/BDD/SpineDetect-shengwen-branch/SpineDetect/tpm_simulator/microns_env/lib/python3.12/site-packages/meshmash/utils.py:36: PyVistaDeprecationWarning: Parameter 'use_all_points' is deprecated since VTK < 9.2 is no longer supported. This parameter has no effect and is always `True`.
  edge_data = poly.extract_all_edges(use_all_points=True, clear_data=True)
/cis/home/rwang183/my_documents/BDD/SpineDetect-shengwen-branch/SpineDetect/tpm_simulator/microns_env/lib/python3.12/site-packages/meshmash/utils.py:36: PyVistaDeprecationWarning: Parameter 'use_all_points' is deprecated since VTK < 9.2 is no longer supported. This parameter has no effect and is always `True`.
  edge_data = poly.extract_all_edges(use_all_points=True, clear_data=True)
/cis/home/rwang183/my_documents/BDD/SpineDetect-shengwen-branch/SpineDetect/tpm_simulator/microns_env/lib/python3.12/site-packages/meshmash/utils.py:36: PyVistaDeprecationWarning: Parameter 'use_all_points' is deprecated since VTK < 9.2 is no longer supported. This parameter has no effect and is always `True`.
  edge_data = poly.extract_all_edges(use_all_points=True, clear_data=True)
/cis/home/rwang183/my_documents/BDD/SpineDetect-shengwen-branch/SpineDetect/tpm_simulator/microns_env/lib/python3.12/site-packages/meshmash/utils.py:36: PyVistaDeprecationWarning: Parameter 'use_all_points' is deprecated since VTK < 9.2 is no longer supported. This parameter has no effect and is always `True`.
  edge_data = poly.extract_all_edges(use_all_points=True, clear_data=True)
/cis/home/rwang183/my_documents/BDD/SpineDetect-shengwen-branch/SpineDetect/tpm_simulator/microns_env/lib/python3.12/site-packages/meshmash/utils.py:36: PyVistaDeprecationWarning: Parameter 'use_all_points' is deprecated since VTK < 9.2 is no longer supported. This parameter has no effect and is always `True`.
  edge_data = poly.extract_all_edges(use_all_points=True, clear_data=True)
/cis/home/rwang183/my_documents/BDD/SpineDetect-shengwen-branch/SpineDetect/tpm_simulator/microns_env/lib/python3.12/site-packages/meshmash/utils.py:36: PyVistaDeprecationWarning: Parameter 'use_all_points' is deprecated since VTK < 9.2 is no longer supported. This parameter has no effect and is always `True`.
  edge_data = poly.extract_all_edges(use_all_points=True, clear_data=True)
/cis/home/rwang183/my_documents/BDD/SpineDetect-shengwen-branch/SpineDetect/tpm_simulator/microns_env/lib/python3.12/site-packages/meshmash/utils.py:36: PyVistaDeprecationWarning: Parameter 'use_all_points' is deprecated since VTK < 9.2 is no longer supported. This parameter has no effect and is always `True`.
  edge_data = poly.extract_all_edges(use_all_points=True, clear_data=True)
/cis/home/rwang183/my_documents/BDD/SpineDetect-shengwen-branch/SpineDetect/tpm_simulator/microns_env/lib/python3.12/site-packages/meshmash/utils.py:36: PyVistaDeprecationWarning: Parameter 'use_all_points' is deprecated since VTK < 9.2 is no longer supported. This parameter has no effect and is always `True`.
  edge_data = poly.extract_all_edges(use_all_points=True, clear_data=True)
/cis/home/rwang183/my_documents/BDD/SpineDetect-shengwen-branch/SpineDetect/tpm_simulator/microns_env/lib/python3.12/site-packages/meshmash/utils.py:36: PyVistaDeprecationWarning: Parameter 'use_all_points' is deprecated since VTK < 9.2 is no longer supported. This parameter has no effect and is always `True`.
  edge_data = poly.extract_all_edges(use_all_points=True, clear_data=True)
/cis/home/rwang183/my_documents/BDD/SpineDetect-shengwen-branch/SpineDetect/tpm_simulator/microns_env/lib/python3.12/site-packages/meshmash/utils.py:36: PyVistaDeprecationWarning: Parameter 'use_all_points' is deprecated since VTK < 9.2 is no longer supported. This parameter has no effect and is always `True`.
  edge_data = poly.extract_all_edges(use_all_points=True, clear_data=True)
/cis/home/rwang183/my_documents/BDD/SpineDetect-shengwen-branch/SpineDetect/tpm_simulator/microns_env/lib/python3.12/site-packages/meshmash/utils.py:36: PyVistaDeprecationWarning: Parameter 'use_all_points' is deprecated since VTK < 9.2 is no longer supported. This parameter has no effect and is always `True`.
  edge_data = poly.extract_all_edges(use_all_points=True, clear_data=True)
/cis/home/rwang183/my_documents/BDD/SpineDetect-shengwen-branch/SpineDetect/tpm_simulator/microns_env/lib/python3.12/site-packages/meshmash/utils.py:36: PyVistaDeprecationWarning: Parameter 'use_all_points' is deprecated since VTK < 9.2 is no longer supported. This parameter has no effect and is always `True`.
  edge_data = poly.extract_all_edges(use_all_points=True, clear_data=True)
/cis/home/rwang183/my_documents/BDD/SpineDetect-shengwen-branch/SpineDetect/tpm_simulator/microns_env/lib/python3.12/site-packages/meshmash/utils.py:36: PyVistaDeprecationWarning: Parameter 'use_all_points' is deprecated since VTK < 9.2 is no longer supported. This parameter has no effect and is always `True`.
  edge_data = poly.extract_all_edges(use_all_points=True, clear_data=True)
/cis/home/rwang183/my_documents/BDD/SpineDetect-shengwen-branch/SpineDetect/tpm_simulator/microns_env/lib/python3.12/site-packages/meshmash/utils.py:36: PyVistaDeprecationWarning: Parameter 'use_all_points' is deprecated since VTK < 9.2 is no longer supported. This parameter has no effect and is always `True`.
  edge_data = poly.extract_all_edges(use_all_points=True, clear_data=True)
/cis/home/rwang183/my_documents/BDD/SpineDetect-shengwen-branch/SpineDetect/tpm_simulator/microns_env/lib/python3.12/site-packages/meshmash/utils.py:36: PyVistaDeprecationWarning: Parameter 'use_all_points' is deprecated since VTK < 9.2 is no longer supported. This parameter has no effect and is always `True`.
  edge_data = poly.extract_all_edges(use_all_points=True, clear_data=True)
/cis/home/rwang183/my_documents/BDD/SpineDetect-shengwen-branch/SpineDetect/tpm_simulator/microns_env/lib/python3.12/site-packages/meshmash/utils.py:36: PyVistaDeprecationWarning: Parameter 'use_all_points' is deprecated since VTK < 9.2 is no longer supported. This parameter has no effect and is always `True`.
  edge_data = poly.extract_all_edges(use_all_points=True, clear_data=True)

Applying function agglomerate_mesh:   3%|▎         | 1/32 [00:00<00:29,  1.06it/s]
Applying function agglomerate_mesh:   9%|▉         | 3/32 [00:01<00:08,  3.50it/s]
Applying function agglomerate_mesh:  19%|█▉        | 6/32 [00:01<00:04,  6.47it/s]
Applying function agglomerate_mesh:  28%|██▊       | 9/32 [00:01<00:02,  9.97it/s]
Applying function agglomerate_mesh:  34%|███▍      | 11/32 [00:01<00:01, 11.52it/s]
Applying function agglomerate_mesh:  44%|████▍     | 14/32 [00:01<00:01, 13.52it/s]
Applying function agglomerate_mesh:  50%|█████     | 16/32 [00:01<00:01, 11.92it/s]
Applying function agglomerate_mesh:  62%|██████▎   | 20/32 [00:01<00:00, 17.04it/s]
Applying function agglomerate_mesh:  72%|███████▏  | 23/32 [00:02<00:00, 17.26it/s]
Applying function agglomerate_mesh:  81%|████████▏ | 26/32 [00:02<00:00,  9.49it/s]
Applying function agglomerate_mesh:  88%|████████▊ | 28/32 [00:02<00:00,  9.60it/s]
Applying function agglomerate_mesh:  97%|█████████▋| 31/32 [00:03<00:00, 10.67it/s]
Applying function agglomerate_mesh: 100%|██████████| 32/32 [00:03<00:00,  9.24it/s]
/cis/home/rwang183/my_documents/BDD/SpineDetect-shengwen-branch/SpineDetect/tpm_simulator/microns_env/lib/python3.12/site-packages/meshmash/utils.py:26: PyVistaDeprecationWarning: Parameter 'use_all_points' is deprecated since VTK < 9.2 is no longer supported. This parameter has no effect and is always `True`.
  edge_data = poly.extract_all_edges(use_all_points=True, clear_data=True)
/cis/home/rwang183/my_documents/BDD/SpineDetect-shengwen-branch/SpineDetect/tpm_simulator/microns_env/lib/python3.12/site-packages/meshmash/utils.py:36: PyVistaDeprecationWarning: Parameter 'use_all_points' is deprecated since VTK < 9.2 is no longer supported. This parameter has no effect and is always `True`.
  edge_data = poly.extract_all_edges(use_all_points=True, clear_data=True)
/cis/home/rwang183/my_documents/BDD/SpineDetect-shengwen-branch/SpineDetect/tpm_simulator/microns_env/lib/python3.12/site-packages/meshmash/utils.py:36: PyVistaDeprecationWarning: Parameter 'use_all_points' is deprecated since VTK < 9.2 is no longer supported. This parameter has no effect and is always `True`.
  edge_data = poly.extract_all_edges(use_all_points=True, clear_data=True)
/cis/home/rwang183/my_documents/BDD/SpineDetect-shengwen-branch/SpineDetect/tpm_simulator/microns_env/lib/python3.12/site-packages/meshmash/utils.py:36: PyVistaDeprecationWarning: Parameter 'use_all_points' is deprecated since VTK < 9.2 is no longer supported. This parameter has no effect and is always `True`.
  edge_data = poly.extract_all_edges(use_all_points=True, clear_data=True)
/cis/home/rwang183/my_documents/BDD/SpineDetect-shengwen-branch/SpineDetect/tpm_simulator/microns_env/lib/python3.12/site-packages/meshmash/utils.py:36: PyVistaDeprecationWarning: Parameter 'use_all_points' is deprecated since VTK < 9.2 is no longer supported. This parameter has no effect and is always `True`.
  edge_data = poly.extract_all_edges(use_all_points=True, clear_data=True)
  Success! HKS computed for root_id 864691135755638226.

Processing root_id: 864691136116447908
  Loaded mesh with 1821365 vertices and 3670226 faces.
Subdividing mesh...
Meshes in queue: 3
Finding overlapping submeshes...
Computing HKS across submeshes...

Applying function compute_hks:   0%|          | 0/44 [00:00<?, ?it/s]
Applying function compute_hks:   2%|▏         | 1/44 [00:00<00:11,  3.59it/s]
Applying function compute_hks:   5%|▍         | 2/44 [00:00<00:07,  5.26it/s]
Applying function compute_hks:   7%|▋         | 3/44 [00:05<01:31,  2.23s/it]
Applying function compute_hks:   9%|▉         | 4/44 [00:05<01:04,  1.60s/it]
Applying function compute_hks:  11%|█▏        | 5/44 [00:06<00:51,  1.31s/it]
Applying function compute_hks:  14%|█▎        | 6/44 [00:08<00:52,  1.39s/it]
Applying function compute_hks:  16%|█▌        | 7/44 [00:09<00:50,  1.36s/it]
Applying function compute_hks:  18%|█▊        | 8/44 [00:09<00:35,  1.01it/s]
Applying function compute_hks:  20%|██        | 9/44 [00:09<00:26,  1.31it/s]
Applying function compute_hks:  25%|██▌       | 11/44 [00:10<00:17,  1.87it/s]
Applying function compute_hks:  27%|██▋       | 12/44 [00:10<00:17,  1.80it/s]
Applying function compute_hks:  32%|███▏      | 14/44 [00:11<00:13,  2.24it/s]
Applying function compute_hks:  34%|███▍      | 15/44 [00:12<00:13,  2.22it/s]
Applying function compute_hks:  36%|███▋      | 16/44 [00:12<00:11,  2.49it/s]
Applying function compute_hks:  39%|███▊      | 17/44 [00:13<00:14,  1.86it/s]
Applying function compute_hks:  41%|████      | 18/44 [00:13<00:11,  2.21it/s]
Applying function compute_hks:  43%|████▎     | 19/44 [00:13<00:09,  2.77it/s]
Applying function compute_hks:  45%|████▌     | 20/44 [00:13<00:06,  3.48it/s]
Applying function compute_hks:  50%|█████     | 22/44 [00:13<00:04,  4.94it/s]
Applying function compute_hks:  52%|█████▏    | 23/44 [00:14<00:04,  4.49it/s]
Applying function compute_hks:  55%|█████▍    | 24/44 [00:14<00:04,  4.86it/s]
Applying function compute_hks:  57%|█████▋    | 25/44 [00:14<00:06,  3.01it/s]
Applying function compute_hks:  61%|██████▏   | 27/44 [00:16<00:08,  2.08it/s]
Applying function compute_hks:  64%|██████▎   | 28/44 [00:17<00:08,  1.79it/s]
Applying function compute_hks:  66%|██████▌   | 29/44 [00:17<00:07,  2.05it/s]
Applying function compute_hks:  68%|██████▊   | 30/44 [00:18<00:08,  1.75it/s]
Applying function compute_hks:  70%|███████   | 31/44 [00:18<00:06,  1.96it/s]
Applying function compute_hks:  73%|███████▎  | 32/44 [00:19<00:06,  1.94it/s]
Applying function compute_hks:  75%|███████▌  | 33/44 [00:20<00:08,  1.28it/s]
Applying function compute_hks:  77%|███████▋  | 34/44 [00:21<00:09,  1.08it/s]
Applying function compute_hks:  80%|███████▉  | 35/44 [00:33<00:37,  4.13s/it]
Applying function compute_hks:  82%|████████▏ | 36/44 [00:33<00:23,  2.95s/it]
Applying function compute_hks:  84%|████████▍ | 37/44 [00:33<00:14,  2.10s/it]
Applying function compute_hks:  86%|████████▋ | 38/44 [00:34<00:09,  1.65s/it]
Applying function compute_hks:  89%|████████▊ | 39/44 [00:34<00:06,  1.22s/it]
Applying function compute_hks:  91%|█████████ | 40/44 [00:35<00:04,  1.06s/it]
Applying function compute_hks:  93%|█████████▎| 41/44 [00:35<00:02,  1.10it/s]
Applying function compute_hks:  95%|█████████▌| 42/44 [00:36<00:01,  1.39it/s]
Applying function compute_hks:  98%|█████████▊| 43/44 [00:37<00:00,  1.08it/s]
Applying function compute_hks: 100%|██████████| 44/44 [00:38<00:00,  1.13it/s]
Applying function compute_hks: 100%|██████████| 44/44 [00:38<00:00,  1.14it/s]

Applying function agglomerate_mesh:   0%|          | 0/44 [00:00<?, ?it/s]/cis/home/rwang183/my_documents/BDD/SpineDetect-shengwen-branch/SpineDetect/tpm_simulator/microns_env/lib/python3.12/site-packages/meshmash/utils.py:36: PyVistaDeprecationWarning: Parameter 'use_all_points' is deprecated since VTK < 9.2 is no longer supported. This parameter has no effect and is always `True`.
  edge_data = poly.extract_all_edges(use_all_points=True, clear_data=True)
/cis/home/rwang183/my_documents/BDD/SpineDetect-shengwen-branch/SpineDetect/tpm_simulator/microns_env/lib/python3.12/site-packages/meshmash/utils.py:36: PyVistaDeprecationWarning: Parameter 'use_all_points' is deprecated since VTK < 9.2 is no longer supported. This parameter has no effect and is always `True`.
  edge_data = poly.extract_all_edges(use_all_points=True, clear_data=True)
/cis/home/rwang183/my_documents/BDD/SpineDetect-shengwen-branch/SpineDetect/tpm_simulator/microns_env/lib/python3.12/site-packages/meshmash/utils.py:36: PyVistaDeprecationWarning: Parameter 'use_all_points' is deprecated since VTK < 9.2 is no longer supported. This parameter has no effect and is always `True`.
  edge_data = poly.extract_all_edges(use_all_points=True, clear_data=True)
/cis/home/rwang183/my_documents/BDD/SpineDetect-shengwen-branch/SpineDetect/tpm_simulator/microns_env/lib/python3.12/site-packages/meshmash/utils.py:36: PyVistaDeprecationWarning: Parameter 'use_all_points' is deprecated since VTK < 9.2 is no longer supported. This parameter has no effect and is always `True`.
  edge_data = poly.extract_all_edges(use_all_points=True, clear_data=True)
/cis/home/rwang183/my_documents/BDD/SpineDetect-shengwen-branch/SpineDetect/tpm_simulator/microns_env/lib/python3.12/site-packages/meshmash/utils.py:36: PyVistaDeprecationWarning: Parameter 'use_all_points' is deprecated since VTK < 9.2 is no longer supported. This parameter has no effect and is always `True`.
  edge_data = poly.extract_all_edges(use_all_points=True, clear_data=True)
/cis/home/rwang183/my_documents/BDD/SpineDetect-shengwen-branch/SpineDetect/tpm_simulator/microns_env/lib/python3.12/site-packages/meshmash/utils.py:36: PyVistaDeprecationWarning: Parameter 'use_all_points' is deprecated since VTK < 9.2 is no longer supported. This parameter has no effect and is always `True`.
  edge_data = poly.extract_all_edges(use_all_points=True, clear_data=True)
/cis/home/rwang183/my_documents/BDD/SpineDetect-shengwen-branch/SpineDetect/tpm_simulator/microns_env/lib/python3.12/site-packages/meshmash/utils.py:36: PyVistaDeprecationWarning: Parameter 'use_all_points' is deprecated since VTK < 9.2 is no longer supported. This parameter has no effect and is always `True`.
  edge_data = poly.extract_all_edges(use_all_points=True, clear_data=True)
/cis/home/rwang183/my_documents/BDD/SpineDetect-shengwen-branch/SpineDetect/tpm_simulator/microns_env/lib/python3.12/site-packages/meshmash/utils.py:36: PyVistaDeprecationWarning: Parameter 'use_all_points' is deprecated since VTK < 9.2 is no longer supported. This parameter has no effect and is always `True`.
  edge_data = poly.extract_all_edges(use_all_points=True, clear_data=True)
/cis/home/rwang183/my_documents/BDD/SpineDetect-shengwen-branch/SpineDetect/tpm_simulator/microns_env/lib/python3.12/site-packages/meshmash/utils.py:36: PyVistaDeprecationWarning: Parameter 'use_all_points' is deprecated since VTK < 9.2 is no longer supported. This parameter has no effect and is always `True`.
  edge_data = poly.extract_all_edges(use_all_points=True, clear_data=True)
/cis/home/rwang183/my_documents/BDD/SpineDetect-shengwen-branch/SpineDetect/tpm_simulator/microns_env/lib/python3.12/site-packages/meshmash/utils.py:36: PyVistaDeprecationWarning: Parameter 'use_all_points' is deprecated since VTK < 9.2 is no longer supported. This parameter has no effect and is always `True`.
  edge_data = poly.extract_all_edges(use_all_points=True, clear_data=True)
/cis/home/rwang183/my_documents/BDD/SpineDetect-shengwen-branch/SpineDetect/tpm_simulator/microns_env/lib/python3.12/site-packages/meshmash/utils.py:36: PyVistaDeprecationWarning: Parameter 'use_all_points' is deprecated since VTK < 9.2 is no longer supported. This parameter has no effect and is always `True`.
  edge_data = poly.extract_all_edges(use_all_points=True, clear_data=True)
/cis/home/rwang183/my_documents/BDD/SpineDetect-shengwen-branch/SpineDetect/tpm_simulator/microns_env/lib/python3.12/site-packages/meshmash/utils.py:36: PyVistaDeprecationWarning: Parameter 'use_all_points' is deprecated since VTK < 9.2 is no longer supported. This parameter has no effect and is always `True`.
  edge_data = poly.extract_all_edges(use_all_points=True, clear_data=True)
/cis/home/rwang183/my_documents/BDD/SpineDetect-shengwen-branch/SpineDetect/tpm_simulator/microns_env/lib/python3.12/site-packages/meshmash/utils.py:36: PyVistaDeprecationWarning: Parameter 'use_all_points' is deprecated since VTK < 9.2 is no longer supported. This parameter has no effect and is always `True`.
  edge_data = poly.extract_all_edges(use_all_points=True, clear_data=True)
/cis/home/rwang183/my_documents/BDD/SpineDetect-shengwen-branch/SpineDetect/tpm_simulator/microns_env/lib/python3.12/site-packages/meshmash/utils.py:36: PyVistaDeprecationWarning: Parameter 'use_all_points' is deprecated since VTK < 9.2 is no longer supported. This parameter has no effect and is always `True`.
  edge_data = poly.extract_all_edges(use_all_points=True, clear_data=True)
/cis/home/rwang183/my_documents/BDD/SpineDetect-shengwen-branch/SpineDetect/tpm_simulator/microns_env/lib/python3.12/site-packages/meshmash/utils.py:36: PyVistaDeprecationWarning: Parameter 'use_all_points' is deprecated since VTK < 9.2 is no longer supported. This parameter has no effect and is always `True`.
  edge_data = poly.extract_all_edges(use_all_points=True, clear_data=True)
/cis/home/rwang183/my_documents/BDD/SpineDetect-shengwen-branch/SpineDetect/tpm_simulator/microns_env/lib/python3.12/site-packages/meshmash/utils.py:36: PyVistaDeprecationWarning: Parameter 'use_all_points' is deprecated since VTK < 9.2 is no longer supported. This parameter has no effect and is always `True`.
  edge_data = poly.extract_all_edges(use_all_points=True, clear_data=True)
/cis/home/rwang183/my_documents/BDD/SpineDetect-shengwen-branch/SpineDetect/tpm_simulator/microns_env/lib/python3.12/site-packages/meshmash/utils.py:36: PyVistaDeprecationWarning: Parameter 'use_all_points' is deprecated since VTK < 9.2 is no longer supported. This parameter has no effect and is always `True`.
  edge_data = poly.extract_all_edges(use_all_points=True, clear_data=True)
/cis/home/rwang183/my_documents/BDD/SpineDetect-shengwen-branch/SpineDetect/tpm_simulator/microns_env/lib/python3.12/site-packages/meshmash/utils.py:36: PyVistaDeprecationWarning: Parameter 'use_all_points' is deprecated since VTK < 9.2 is no longer supported. This parameter has no effect and is always `True`.
  edge_data = poly.extract_all_edges(use_all_points=True, clear_data=True)
/cis/home/rwang183/my_documents/BDD/SpineDetect-shengwen-branch/SpineDetect/tpm_simulator/microns_env/lib/python3.12/site-packages/meshmash/utils.py:36: PyVistaDeprecationWarning: Parameter 'use_all_points' is deprecated since VTK < 9.2 is no longer supported. This parameter has no effect and is always `True`.
  edge_data = poly.extract_all_edges(use_all_points=True, clear_data=True)
/cis/home/rwang183/my_documents/BDD/SpineDetect-shengwen-branch/SpineDetect/tpm_simulator/microns_env/lib/python3.12/site-packages/meshmash/utils.py:36: PyVistaDeprecationWarning: Parameter 'use_all_points' is deprecated since VTK < 9.2 is no longer supported. This parameter has no effect and is always `True`.
  edge_data = poly.extract_all_edges(use_all_points=True, clear_data=True)
/cis/home/rwang183/my_documents/BDD/SpineDetect-shengwen-branch/SpineDetect/tpm_simulator/microns_env/lib/python3.12/site-packages/meshmash/utils.py:36: PyVistaDeprecationWarning: Parameter 'use_all_points' is deprecated since VTK < 9.2 is no longer supported. This parameter has no effect and is always `True`.
  edge_data = poly.extract_all_edges(use_all_points=True, clear_data=True)
/cis/home/rwang183/my_documents/BDD/SpineDetect-shengwen-branch/SpineDetect/tpm_simulator/microns_env/lib/python3.12/site-packages/meshmash/utils.py:36: PyVistaDeprecationWarning: Parameter 'use_all_points' is deprecated since VTK < 9.2 is no longer supported. This parameter has no effect and is always `True`.
  edge_data = poly.extract_all_edges(use_all_points=True, clear_data=True)
/cis/home/rwang183/my_documents/BDD/SpineDetect-shengwen-branch/SpineDetect/tpm_simulator/microns_env/lib/python3.12/site-packages/meshmash/utils.py:36: PyVistaDeprecationWarning: Parameter 'use_all_points' is deprecated since VTK < 9.2 is no longer supported. This parameter has no effect and is always `True`.
  edge_data = poly.extract_all_edges(use_all_points=True, clear_data=True)
/cis/home/rwang183/my_documents/BDD/SpineDetect-shengwen-branch/SpineDetect/tpm_simulator/microns_env/lib/python3.12/site-packages/meshmash/utils.py:36: PyVistaDeprecationWarning: Parameter 'use_all_points' is deprecated since VTK < 9.2 is no longer supported. This parameter has no effect and is always `True`.
  edge_data = poly.extract_all_edges(use_all_points=True, clear_data=True)
/cis/home/rwang183/my_documents/BDD/SpineDetect-shengwen-branch/SpineDetect/tpm_simulator/microns_env/lib/python3.12/site-packages/meshmash/utils.py:36: PyVistaDeprecationWarning: Parameter 'use_all_points' is deprecated since VTK < 9.2 is no longer supported. This parameter has no effect and is always `True`.
  edge_data = poly.extract_all_edges(use_all_points=True, clear_data=True)
/cis/home/rwang183/my_documents/BDD/SpineDetect-shengwen-branch/SpineDetect/tpm_simulator/microns_env/lib/python3.12/site-packages/meshmash/utils.py:36: PyVistaDeprecationWarning: Parameter 'use_all_points' is deprecated since VTK < 9.2 is no longer supported. This parameter has no effect and is always `True`.
  edge_data = poly.extract_all_edges(use_all_points=True, clear_data=True)
/cis/home/rwang183/my_documents/BDD/SpineDetect-shengwen-branch/SpineDetect/tpm_simulator/microns_env/lib/python3.12/site-packages/meshmash/utils.py:36: PyVistaDeprecationWarning: Parameter 'use_all_points' is deprecated since VTK < 9.2 is no longer supported. This parameter has no effect and is always `True`.
  edge_data = poly.extract_all_edges(use_all_points=True, clear_data=True)
/cis/home/rwang183/my_documents/BDD/SpineDetect-shengwen-branch/SpineDetect/tpm_simulator/microns_env/lib/python3.12/site-packages/meshmash/utils.py:36: PyVistaDeprecationWarning: Parameter 'use_all_points' is deprecated since VTK < 9.2 is no longer supported. This parameter has no effect and is always `True`.
  edge_data = poly.extract_all_edges(use_all_points=True, clear_data=True)
/cis/home/rwang183/my_documents/BDD/SpineDetect-shengwen-branch/SpineDetect/tpm_simulator/microns_env/lib/python3.12/site-packages/meshmash/utils.py:36: PyVistaDeprecationWarning: Parameter 'use_all_points' is deprecated since VTK < 9.2 is no longer supported. This parameter has no effect and is always `True`.
  edge_data = poly.extract_all_edges(use_all_points=True, clear_data=True)
/cis/home/rwang183/my_documents/BDD/SpineDetect-shengwen-branch/SpineDetect/tpm_simulator/microns_env/lib/python3.12/site-packages/meshmash/utils.py:36: PyVistaDeprecationWarning: Parameter 'use_all_points' is deprecated since VTK < 9.2 is no longer supported. This parameter has no effect and is always `True`.
  edge_data = poly.extract_all_edges(use_all_points=True, clear_data=True)
/cis/home/rwang183/my_documents/BDD/SpineDetect-shengwen-branch/SpineDetect/tpm_simulator/microns_env/lib/python3.12/site-packages/meshmash/utils.py:36: PyVistaDeprecationWarning: Parameter 'use_all_points' is deprecated since VTK < 9.2 is no longer supported. This parameter has no effect and is always `True`.
  edge_data = poly.extract_all_edges(use_all_points=True, clear_data=True)
/cis/home/rwang183/my_documents/BDD/SpineDetect-shengwen-branch/SpineDetect/tpm_simulator/microns_env/lib/python3.12/site-packages/meshmash/utils.py:36: PyVistaDeprecationWarning: Parameter 'use_all_points' is deprecated since VTK < 9.2 is no longer supported. This parameter has no effect and is always `True`.
  edge_data = poly.extract_all_edges(use_all_points=True, clear_data=True)
/cis/home/rwang183/my_documents/BDD/SpineDetect-shengwen-branch/SpineDetect/tpm_simulator/microns_env/lib/python3.12/site-packages/meshmash/utils.py:36: PyVistaDeprecationWarning: Parameter 'use_all_points' is deprecated since VTK < 9.2 is no longer supported. This parameter has no effect and is always `True`.
  edge_data = poly.extract_all_edges(use_all_points=True, clear_data=True)
/cis/home/rwang183/my_documents/BDD/SpineDetect-shengwen-branch/SpineDetect/tpm_simulator/microns_env/lib/python3.12/site-packages/meshmash/utils.py:36: PyVistaDeprecationWarning: Parameter 'use_all_points' is deprecated since VTK < 9.2 is no longer supported. This parameter has no effect and is always `True`.
  edge_data = poly.extract_all_edges(use_all_points=True, clear_data=True)
/cis/home/rwang183/my_documents/BDD/SpineDetect-shengwen-branch/SpineDetect/tpm_simulator/microns_env/lib/python3.12/site-packages/meshmash/utils.py:36: PyVistaDeprecationWarning: Parameter 'use_all_points' is deprecated since VTK < 9.2 is no longer supported. This parameter has no effect and is always `True`.
  edge_data = poly.extract_all_edges(use_all_points=True, clear_data=True)
/cis/home/rwang183/my_documents/BDD/SpineDetect-shengwen-branch/SpineDetect/tpm_simulator/microns_env/lib/python3.12/site-packages/meshmash/utils.py:36: PyVistaDeprecationWarning: Parameter 'use_all_points' is deprecated since VTK < 9.2 is no longer supported. This parameter has no effect and is always `True`.
  edge_data = poly.extract_all_edges(use_all_points=True, clear_data=True)
/cis/home/rwang183/my_documents/BDD/SpineDetect-shengwen-branch/SpineDetect/tpm_simulator/microns_env/lib/python3.12/site-packages/meshmash/utils.py:36: PyVistaDeprecationWarning: Parameter 'use_all_points' is deprecated since VTK < 9.2 is no longer supported. This parameter has no effect and is always `True`.
  edge_data = poly.extract_all_edges(use_all_points=True, clear_data=True)
/cis/home/rwang183/my_documents/BDD/SpineDetect-shengwen-branch/SpineDetect/tpm_simulator/microns_env/lib/python3.12/site-packages/meshmash/utils.py:36: PyVistaDeprecationWarning: Parameter 'use_all_points' is deprecated since VTK < 9.2 is no longer supported. This parameter has no effect and is always `True`.
  edge_data = poly.extract_all_edges(use_all_points=True, clear_data=True)

Applying function agglomerate_mesh:   2%|▏         | 1/44 [00:00<00:22,  1.92it/s]/cis/home/rwang183/my_documents/BDD/SpineDetect-shengwen-branch/SpineDetect/tpm_simulator/microns_env/lib/python3.12/site-packages/meshmash/utils.py:36: PyVistaDeprecationWarning: Parameter 'use_all_points' is deprecated since VTK < 9.2 is no longer supported. This parameter has no effect and is always `True`.
  edge_data = poly.extract_all_edges(use_all_points=True, clear_data=True)
/cis/home/rwang183/my_documents/BDD/SpineDetect-shengwen-branch/SpineDetect/tpm_simulator/microns_env/lib/python3.12/site-packages/meshmash/utils.py:36: PyVistaDeprecationWarning: Parameter 'use_all_points' is deprecated since VTK < 9.2 is no longer supported. This parameter has no effect and is always `True`.
  edge_data = poly.extract_all_edges(use_all_points=True, clear_data=True)
/cis/home/rwang183/my_documents/BDD/SpineDetect-shengwen-branch/SpineDetect/tpm_simulator/microns_env/lib/python3.12/site-packages/meshmash/utils.py:36: PyVistaDeprecationWarning: Parameter 'use_all_points' is deprecated since VTK < 9.2 is no longer supported. This parameter has no effect and is always `True`.
  edge_data = poly.extract_all_edges(use_all_points=True, clear_data=True)
/cis/home/rwang183/my_documents/BDD/SpineDetect-shengwen-branch/SpineDetect/tpm_simulator/microns_env/lib/python3.12/site-packages/meshmash/utils.py:36: PyVistaDeprecationWarning: Parameter 'use_all_points' is deprecated since VTK < 9.2 is no longer supported. This parameter has no effect and is always `True`.
  edge_data = poly.extract_all_edges(use_all_points=True, clear_data=True)
/cis/home/rwang183/my_documents/BDD/SpineDetect-shengwen-branch/SpineDetect/tpm_simulator/microns_env/lib/python3.12/site-packages/meshmash/utils.py:36: PyVistaDeprecationWarning: Parameter 'use_all_points' is deprecated since VTK < 9.2 is no longer supported. This parameter has no effect and is always `True`.
  edge_data = poly.extract_all_edges(use_all_points=True, clear_data=True)
/cis/home/rwang183/my_documents/BDD/SpineDetect-shengwen-branch/SpineDetect/tpm_simulator/microns_env/lib/python3.12/site-packages/meshmash/utils.py:36: PyVistaDeprecationWarning: Parameter 'use_all_points' is deprecated since VTK < 9.2 is no longer supported. This parameter has no effect and is always `True`.
  edge_data = poly.extract_all_edges(use_all_points=True, clear_data=True)

Applying function agglomerate_mesh:   5%|▍         | 2/44 [00:00<00:14,  2.92it/s]
Applying function agglomerate_mesh:   7%|▋         | 3/44 [00:01<00:15,  2.63it/s]
Applying function agglomerate_mesh:  14%|█▎        | 6/44 [00:01<00:05,  6.39it/s]
Applying function agglomerate_mesh:  30%|██▉       | 13/44 [00:01<00:01, 16.89it/s]
Applying function agglomerate_mesh:  43%|████▎     | 19/44 [00:01<00:01, 24.69it/s]
Applying function agglomerate_mesh:  55%|█████▍    | 24/44 [00:01<00:00, 28.55it/s]
Applying function agglomerate_mesh:  64%|██████▎   | 28/44 [00:01<00:00, 21.74it/s]
Applying function agglomerate_mesh:  73%|███████▎  | 32/44 [00:02<00:00, 22.22it/s]
Applying function agglomerate_mesh:  80%|███████▉  | 35/44 [00:03<00:01,  7.96it/s]
Applying function agglomerate_mesh:  86%|████████▋ | 38/44 [00:03<00:00,  7.67it/s]
Applying function agglomerate_mesh:  93%|█████████▎| 41/44 [00:03<00:00,  8.27it/s]
Applying function agglomerate_mesh:  98%|█████████▊| 43/44 [00:04<00:00,  8.82it/s]
Applying function agglomerate_mesh: 100%|██████████| 44/44 [00:04<00:00, 10.21it/s]
/cis/home/rwang183/my_documents/BDD/SpineDetect-shengwen-branch/SpineDetect/tpm_simulator/microns_env/lib/python3.12/site-packages/meshmash/utils.py:26: PyVistaDeprecationWarning: Parameter 'use_all_points' is deprecated since VTK < 9.2 is no longer supported. This parameter has no effect and is always `True`.
  edge_data = poly.extract_all_edges(use_all_points=True, clear_data=True)
/cis/home/rwang183/my_documents/BDD/SpineDetect-shengwen-branch/SpineDetect/tpm_simulator/microns_env/lib/python3.12/site-packages/meshmash/utils.py:36: PyVistaDeprecationWarning: Parameter 'use_all_points' is deprecated since VTK < 9.2 is no longer supported. This parameter has no effect and is always `True`.
  edge_data = poly.extract_all_edges(use_all_points=True, clear_data=True)
/cis/home/rwang183/my_documents/BDD/SpineDetect-shengwen-branch/SpineDetect/tpm_simulator/microns_env/lib/python3.12/site-packages/meshmash/utils.py:36: PyVistaDeprecationWarning: Parameter 'use_all_points' is deprecated since VTK < 9.2 is no longer supported. This parameter has no effect and is always `True`.
  edge_data = poly.extract_all_edges(use_all_points=True, clear_data=True)
/cis/home/rwang183/my_documents/BDD/SpineDetect-shengwen-branch/SpineDetect/tpm_simulator/microns_env/lib/python3.12/site-packages/meshmash/utils.py:36: PyVistaDeprecationWarning: Parameter 'use_all_points' is deprecated since VTK < 9.2 is no longer supported. This parameter has no effect and is always `True`.
  edge_data = poly.extract_all_edges(use_all_points=True, clear_data=True)
/cis/home/rwang183/my_documents/BDD/SpineDetect-shengwen-branch/SpineDetect/tpm_simulator/microns_env/lib/python3.12/site-packages/meshmash/utils.py:36: PyVistaDeprecationWarning: Parameter 'use_all_points' is deprecated since VTK < 9.2 is no longer supported. This parameter has no effect and is always `True`.
  edge_data = poly.extract_all_edges(use_all_points=True, clear_data=True)
  Success! HKS computed for root_id 864691136116447908.

Processing root_id: 864691135807347229
  Loaded mesh with 7299088 vertices and 14650287 faces.
Subdividing mesh...
Meshes in queue: 2
Meshes in queue: 35
Meshes in queue: 34
Meshes in queue: 14
Finding overlapping submeshes...
Computing HKS across submeshes...

Applying function compute_hks:   0%|          | 0/171 [00:00<?, ?it/s]
Applying function compute_hks:   1%|          | 1/171 [01:40<4:43:57, 100.22s/it]
Applying function compute_hks:   1%|          | 2/171 [02:02<2:32:28, 54.13s/it] 
Applying function compute_hks:   2%|▏         | 3/171 [02:03<1:24:11, 30.07s/it]
Applying function compute_hks:   2%|▏         | 4/171 [02:06<54:15, 19.49s/it]  
Applying function compute_hks:   3%|▎         | 5/171 [02:08<36:15, 13.11s/it]
Applying function compute_hks:   4%|▎         | 6/171 [02:11<26:49,  9.75s/it]
Applying function compute_hks:   4%|▍         | 7/171 [02:12<18:29,  6.77s/it]
Applying function compute_hks:   5%|▍         | 8/171 [02:13<13:13,  4.87s/it]
Applying function compute_hks:   5%|▌         | 9/171 [02:13<09:30,  3.52s/it]
Applying function compute_hks:   6%|▌         | 10/171 [02:14<06:42,  2.50s/it]
Applying function compute_hks:   6%|▋         | 11/171 [02:14<04:57,  1.86s/it]
Applying function compute_hks:   7%|▋         | 12/171 [02:15<03:54,  1.47s/it]
Applying function compute_hks:   8%|▊         | 13/171 [02:15<03:15,  1.24s/it]
Applying function compute_hks:   8%|▊         | 14/171 [02:15<02:21,  1.11it/s]
Applying function compute_hks:   9%|▉         | 15/171 [02:16<01:50,  1.41it/s]
Applying function compute_hks:   9%|▉         | 16/171 [02:16<01:23,  1.86it/s]
Applying function compute_hks:  10%|▉         | 17/171 [02:16<01:14,  2.06it/s]
Applying function compute_hks:  11%|█         | 18/171 [02:16<01:03,  2.42it/s]
Applying function compute_hks:  11%|█         | 19/171 [02:17<00:59,  2.56it/s]
Applying function compute_hks:  12%|█▏        | 20/171 [02:17<00:56,  2.67it/s]
Applying function compute_hks:  12%|█▏        | 21/171 [02:18<01:11,  2.11it/s]
Applying function compute_hks:  13%|█▎        | 22/171 [02:18<01:19,  1.86it/s]
Applying function compute_hks:  13%|█▎        | 23/171 [02:19<01:02,  2.37it/s]
Applying function compute_hks:  14%|█▍        | 24/171 [02:19<00:50,  2.94it/s]
Applying function compute_hks:  15%|█▍        | 25/171 [02:19<00:39,  3.70it/s]
Applying function compute_hks:  15%|█▌        | 26/171 [02:19<00:37,  3.90it/s]
Applying function compute_hks:  16%|█▌        | 27/171 [02:19<00:35,  4.02it/s]
Applying function compute_hks:  16%|█▋        | 28/171 [02:19<00:31,  4.60it/s]
Applying function compute_hks:  17%|█▋        | 29/171 [02:20<00:27,  5.13it/s]
Applying function compute_hks:  18%|█▊        | 30/171 [02:20<00:42,  3.29it/s]
Applying function compute_hks:  18%|█▊        | 31/171 [02:21<00:51,  2.71it/s]
Applying function compute_hks:  19%|█▊        | 32/171 [02:22<01:22,  1.69it/s]
Applying function compute_hks:  19%|█▉        | 33/171 [02:22<01:22,  1.67it/s]
Applying function compute_hks:  20%|█▉        | 34/171 [02:23<01:30,  1.52it/s]
Applying function compute_hks:  20%|██        | 35/171 [02:23<01:11,  1.90it/s]
Applying function compute_hks:  21%|██        | 36/171 [02:25<01:55,  1.17it/s]
Applying function compute_hks:  22%|██▏       | 37/171 [02:26<01:45,  1.27it/s]
Applying function compute_hks:  22%|██▏       | 38/171 [02:26<01:35,  1.39it/s]
Applying function compute_hks:  23%|██▎       | 39/171 [02:30<03:53,  1.77s/it]
Applying function compute_hks:  23%|██▎       | 40/171 [02:31<02:50,  1.30s/it]
Applying function compute_hks:  24%|██▍       | 41/171 [02:32<03:04,  1.42s/it]
Applying function compute_hks:  25%|██▍       | 42/171 [02:32<02:14,  1.04s/it]
Applying function compute_hks:  25%|██▌       | 43/171 [02:33<01:38,  1.30it/s]
Applying function compute_hks:  26%|██▌       | 44/171 [02:33<01:18,  1.62it/s]
Applying function compute_hks:  26%|██▋       | 45/171 [02:34<01:19,  1.59it/s]
Applying function compute_hks:  27%|██▋       | 47/171 [02:34<01:01,  2.03it/s]
Applying function compute_hks:  28%|██▊       | 48/171 [02:35<00:56,  2.17it/s]
Applying function compute_hks:  29%|██▊       | 49/171 [02:36<01:21,  1.50it/s]
Applying function compute_hks:  29%|██▉       | 50/171 [02:36<01:13,  1.65it/s]
Applying function compute_hks:  30%|██▉       | 51/171 [02:36<00:56,  2.12it/s]
Applying function compute_hks:  30%|███       | 52/171 [02:37<00:43,  2.74it/s]
Applying function compute_hks:  31%|███       | 53/171 [02:37<00:36,  3.27it/s]
Applying function compute_hks:  32%|███▏      | 54/171 [02:37<00:30,  3.89it/s]
Applying function compute_hks:  32%|███▏      | 55/171 [02:37<00:26,  4.41it/s]
Applying function compute_hks:  33%|███▎      | 56/171 [02:37<00:28,  4.00it/s]
Applying function compute_hks:  33%|███▎      | 57/171 [02:37<00:26,  4.25it/s]
Applying function compute_hks:  34%|███▍      | 58/171 [02:40<01:33,  1.21it/s]
Applying function compute_hks:  35%|███▍      | 59/171 [02:40<01:10,  1.58it/s]
Applying function compute_hks:  35%|███▌      | 60/171 [02:46<04:22,  2.36s/it]
Applying function compute_hks:  36%|███▌      | 61/171 [02:48<03:49,  2.09s/it]
Applying function compute_hks:  36%|███▋      | 62/171 [02:48<02:46,  1.53s/it]
Applying function compute_hks:  37%|███▋      | 63/171 [02:49<02:42,  1.51s/it]
Applying function compute_hks:  37%|███▋      | 64/171 [02:50<02:07,  1.19s/it]
Applying function compute_hks:  38%|███▊      | 65/171 [02:50<01:39,  1.06it/s]
Applying function compute_hks:  39%|███▊      | 66/171 [02:51<01:38,  1.07it/s]
Applying function compute_hks:  39%|███▉      | 67/171 [02:52<01:42,  1.01it/s]
Applying function compute_hks:  40%|███▉      | 68/171 [02:53<01:27,  1.18it/s]
Applying function compute_hks:  40%|████      | 69/171 [02:54<01:24,  1.20it/s]
Applying function compute_hks:  41%|████      | 70/171 [02:54<01:03,  1.58it/s]
Applying function compute_hks:  42%|████▏     | 71/171 [02:59<03:20,  2.00s/it]
Applying function compute_hks:  42%|████▏     | 72/171 [03:00<02:39,  1.61s/it]
Applying function compute_hks:  43%|████▎     | 73/171 [03:00<01:55,  1.18s/it]
Applying function compute_hks:  43%|████▎     | 74/171 [03:00<01:24,  1.14it/s]
Applying function compute_hks:  44%|████▍     | 75/171 [03:00<01:07,  1.42it/s]
Applying function compute_hks:  44%|████▍     | 76/171 [03:00<00:51,  1.83it/s]
Applying function compute_hks:  45%|████▌     | 77/171 [03:02<01:18,  1.20it/s]
Applying function compute_hks:  46%|████▌     | 78/171 [03:06<02:59,  1.93s/it]
Applying function compute_hks:  46%|████▌     | 79/171 [03:09<03:06,  2.03s/it]
Applying function compute_hks:  47%|████▋     | 80/171 [03:10<02:34,  1.70s/it]
Applying function compute_hks:  47%|████▋     | 81/171 [03:31<11:25,  7.61s/it]
Applying function compute_hks:  48%|████▊     | 82/171 [03:59<20:12, 13.62s/it]
Applying function compute_hks:  49%|████▊     | 83/171 [04:04<16:10, 11.03s/it]
Applying function compute_hks:  49%|████▉     | 84/171 [04:07<12:29,  8.62s/it]
Applying function compute_hks:  50%|████▉     | 85/171 [04:07<08:53,  6.21s/it]
Applying function compute_hks:  50%|█████     | 86/171 [04:08<06:29,  4.58s/it]
Applying function compute_hks:  51%|█████     | 87/171 [04:09<04:47,  3.42s/it]
Applying function compute_hks:  51%|█████▏    | 88/171 [04:10<03:47,  2.74s/it]
Applying function compute_hks:  52%|█████▏    | 89/171 [04:11<02:54,  2.13s/it]
Applying function compute_hks:  53%|█████▎    | 90/171 [04:11<02:14,  1.66s/it]
Applying function compute_hks:  53%|█████▎    | 91/171 [04:14<02:39,  1.99s/it]
Applying function compute_hks:  55%|█████▍    | 94/171 [04:14<01:12,  1.07it/s]
Applying function compute_hks:  56%|█████▌    | 95/171 [04:15<01:01,  1.23it/s]
Applying function compute_hks:  56%|█████▌    | 96/171 [04:15<00:49,  1.51it/s]
Applying function compute_hks:  57%|█████▋    | 97/171 [04:15<00:39,  1.87it/s]
Applying function compute_hks:  58%|█████▊    | 99/171 [04:15<00:26,  2.72it/s]
Applying function compute_hks:  58%|█████▊    | 100/171 [04:17<00:44,  1.60it/s]
Applying function compute_hks:  59%|█████▉    | 101/171 [04:17<00:44,  1.57it/s]
Applying function compute_hks:  60%|█████▉    | 102/171 [04:19<01:05,  1.05it/s]
Applying function compute_hks:  60%|██████    | 103/171 [04:19<00:51,  1.31it/s]
Applying function compute_hks:  61%|██████    | 104/171 [04:20<00:45,  1.47it/s]
Applying function compute_hks:  62%|██████▏   | 106/171 [04:21<00:39,  1.66it/s]
Applying function compute_hks:  63%|██████▎   | 107/171 [04:21<00:32,  1.99it/s]
Applying function compute_hks:  63%|██████▎   | 108/171 [04:21<00:26,  2.39it/s]
Applying function compute_hks:  64%|██████▎   | 109/171 [04:22<00:25,  2.46it/s]
Applying function compute_hks:  64%|██████▍   | 110/171 [04:22<00:22,  2.68it/s]
Applying function compute_hks:  65%|██████▍   | 111/171 [04:23<00:27,  2.20it/s]
Applying function compute_hks:  65%|██████▌   | 112/171 [04:24<00:42,  1.38it/s]
Applying function compute_hks:  66%|██████▌   | 113/171 [04:24<00:36,  1.59it/s]
Applying function compute_hks:  67%|██████▋   | 114/171 [04:25<00:36,  1.54it/s]
Applying function compute_hks:  67%|██████▋   | 115/171 [04:26<00:42,  1.33it/s]
Applying function compute_hks:  68%|██████▊   | 116/171 [04:27<00:37,  1.45it/s]
Applying function compute_hks:  68%|██████▊   | 117/171 [04:27<00:35,  1.51it/s]
Applying function compute_hks:  69%|██████▉   | 118/171 [04:27<00:28,  1.84it/s]
Applying function compute_hks:  70%|██████▉   | 119/171 [04:28<00:22,  2.35it/s]
Applying function compute_hks:  70%|███████   | 120/171 [04:31<01:00,  1.19s/it]
Applying function compute_hks:  71%|███████   | 121/171 [04:32<00:59,  1.18s/it]
Applying function compute_hks:  71%|███████▏  | 122/171 [04:37<02:02,  2.50s/it]
Applying function compute_hks:  72%|███████▏  | 123/171 [04:39<01:47,  2.24s/it]
Applying function compute_hks:  73%|███████▎  | 124/171 [04:41<01:37,  2.07s/it]
Applying function compute_hks:  73%|███████▎  | 125/171 [04:43<01:35,  2.08s/it]
Applying function compute_hks:  74%|███████▎  | 126/171 [04:44<01:20,  1.79s/it]
Applying function compute_hks:  74%|███████▍  | 127/171 [04:45<01:09,  1.58s/it]
Applying function compute_hks:  75%|███████▌  | 129/171 [04:47<00:53,  1.28s/it]
Applying function compute_hks:  76%|███████▌  | 130/171 [04:47<00:43,  1.07s/it]
Applying function compute_hks:  77%|███████▋  | 131/171 [04:48<00:36,  1.08it/s]
Applying function compute_hks:  77%|███████▋  | 132/171 [04:49<00:35,  1.10it/s]
Applying function compute_hks:  78%|███████▊  | 133/171 [04:49<00:26,  1.46it/s]
Applying function compute_hks:  78%|███████▊  | 134/171 [04:49<00:23,  1.56it/s]
Applying function compute_hks:  79%|███████▉  | 135/171 [04:51<00:32,  1.12it/s]
Applying function compute_hks:  80%|███████▉  | 136/171 [04:51<00:27,  1.27it/s]
Applying function compute_hks:  80%|████████  | 137/171 [04:52<00:21,  1.58it/s]
Applying function compute_hks:  81%|████████▏ | 139/171 [04:52<00:11,  2.73it/s]
Applying function compute_hks:  82%|████████▏ | 140/171 [04:52<00:10,  2.93it/s]
Applying function compute_hks:  82%|████████▏ | 141/171 [04:52<00:08,  3.50it/s]
Applying function compute_hks:  84%|████████▎ | 143/171 [04:52<00:05,  5.32it/s]
Applying function compute_hks:  85%|████████▍ | 145/171 [04:54<00:13,  1.88it/s]
Applying function compute_hks:  85%|████████▌ | 146/171 [04:55<00:15,  1.65it/s]
Applying function compute_hks:  86%|████████▌ | 147/171 [04:56<00:13,  1.73it/s]
Applying function compute_hks:  87%|████████▋ | 148/171 [04:57<00:16,  1.40it/s]
Applying function compute_hks:  87%|████████▋ | 149/171 [04:57<00:12,  1.71it/s]
Applying function compute_hks:  88%|████████▊ | 150/171 [04:58<00:11,  1.79it/s]
Applying function compute_hks:  88%|████████▊ | 151/171 [04:58<00:08,  2.25it/s]
Applying function compute_hks:  89%|████████▉ | 152/171 [04:58<00:08,  2.24it/s]
Applying function compute_hks:  90%|█████████ | 154/171 [04:59<00:05,  2.86it/s]
Applying function compute_hks:  91%|█████████ | 156/171 [04:59<00:04,  3.60it/s]
Applying function compute_hks:  92%|█████████▏| 158/171 [05:00<00:03,  3.66it/s]
Applying function compute_hks:  93%|█████████▎| 159/171 [05:01<00:06,  1.81it/s]
Applying function compute_hks:  94%|█████████▎| 160/171 [05:02<00:06,  1.72it/s]
Applying function compute_hks:  95%|█████████▍| 162/171 [05:02<00:03,  2.46it/s]
Applying function compute_hks:  95%|█████████▌| 163/171 [05:02<00:03,  2.64it/s]
Applying function compute_hks:  96%|█████████▌| 164/171 [05:03<00:03,  2.03it/s]
Applying function compute_hks:  96%|█████████▋| 165/171 [05:05<00:04,  1.23it/s]
Applying function compute_hks:  97%|█████████▋| 166/171 [05:05<00:03,  1.41it/s]
Applying function compute_hks:  98%|█████████▊| 167/171 [05:06<00:02,  1.46it/s]
Applying function compute_hks:  98%|█████████▊| 168/171 [05:08<00:02,  1.09it/s]
Applying function compute_hks:  99%|█████████▉| 169/171 [05:08<00:01,  1.32it/s]
Applying function compute_hks: 100%|██████████| 171/171 [05:09<00:00,  1.47it/s]
Applying function compute_hks: 100%|██████████| 171/171 [05:09<00:00,  1.81s/it]

Applying function agglomerate_mesh:   0%|          | 0/171 [00:00<?, ?it/s]/cis/home/rwang183/my_documents/BDD/SpineDetect-shengwen-branch/SpineDetect/tpm_simulator/microns_env/lib/python3.12/site-packages/meshmash/utils.py:36: PyVistaDeprecationWarning: Parameter 'use_all_points' is deprecated since VTK < 9.2 is no longer supported. This parameter has no effect and is always `True`.
  edge_data = poly.extract_all_edges(use_all_points=True, clear_data=True)
/cis/home/rwang183/my_documents/BDD/SpineDetect-shengwen-branch/SpineDetect/tpm_simulator/microns_env/lib/python3.12/site-packages/meshmash/utils.py:36: PyVistaDeprecationWarning: Parameter 'use_all_points' is deprecated since VTK < 9.2 is no longer supported. This parameter has no effect and is always `True`.
  edge_data = poly.extract_all_edges(use_all_points=True, clear_data=True)
/cis/home/rwang183/my_documents/BDD/SpineDetect-shengwen-branch/SpineDetect/tpm_simulator/microns_env/lib/python3.12/site-packages/meshmash/utils.py:36: PyVistaDeprecationWarning: Parameter 'use_all_points' is deprecated since VTK < 9.2 is no longer supported. This parameter has no effect and is always `True`.
  edge_data = poly.extract_all_edges(use_all_points=True, clear_data=True)
/cis/home/rwang183/my_documents/BDD/SpineDetect-shengwen-branch/SpineDetect/tpm_simulator/microns_env/lib/python3.12/site-packages/meshmash/utils.py:36: PyVistaDeprecationWarning: Parameter 'use_all_points' is deprecated since VTK < 9.2 is no longer supported. This parameter has no effect and is always `True`.
  edge_data = poly.extract_all_edges(use_all_points=True, clear_data=True)
/cis/home/rwang183/my_documents/BDD/SpineDetect-shengwen-branch/SpineDetect/tpm_simulator/microns_env/lib/python3.12/site-packages/meshmash/utils.py:36: PyVistaDeprecationWarning: Parameter 'use_all_points' is deprecated since VTK < 9.2 is no longer supported. This parameter has no effect and is always `True`.
  edge_data = poly.extract_all_edges(use_all_points=True, clear_data=True)
/cis/home/rwang183/my_documents/BDD/SpineDetect-shengwen-branch/SpineDetect/tpm_simulator/microns_env/lib/python3.12/site-packages/meshmash/utils.py:36: PyVistaDeprecationWarning: Parameter 'use_all_points' is deprecated since VTK < 9.2 is no longer supported. This parameter has no effect and is always `True`.
  edge_data = poly.extract_all_edges(use_all_points=True, clear_data=True)
/cis/home/rwang183/my_documents/BDD/SpineDetect-shengwen-branch/SpineDetect/tpm_simulator/microns_env/lib/python3.12/site-packages/meshmash/utils.py:36: PyVistaDeprecationWarning: Parameter 'use_all_points' is deprecated since VTK < 9.2 is no longer supported. This parameter has no effect and is always `True`.
  edge_data = poly.extract_all_edges(use_all_points=True, clear_data=True)
/cis/home/rwang183/my_documents/BDD/SpineDetect-shengwen-branch/SpineDetect/tpm_simulator/microns_env/lib/python3.12/site-packages/meshmash/utils.py:36: PyVistaDeprecationWarning: Parameter 'use_all_points' is deprecated since VTK < 9.2 is no longer supported. This parameter has no effect and is always `True`.
  edge_data = poly.extract_all_edges(use_all_points=True, clear_data=True)
/cis/home/rwang183/my_documents/BDD/SpineDetect-shengwen-branch/SpineDetect/tpm_simulator/microns_env/lib/python3.12/site-packages/meshmash/utils.py:36: PyVistaDeprecationWarning: Parameter 'use_all_points' is deprecated since VTK < 9.2 is no longer supported. This parameter has no effect and is always `True`.
  edge_data = poly.extract_all_edges(use_all_points=True, clear_data=True)
/cis/home/rwang183/my_documents/BDD/SpineDetect-shengwen-branch/SpineDetect/tpm_simulator/microns_env/lib/python3.12/site-packages/meshmash/utils.py:36: PyVistaDeprecationWarning: Parameter 'use_all_points' is deprecated since VTK < 9.2 is no longer supported. This parameter has no effect and is always `True`.
  edge_data = poly.extract_all_edges(use_all_points=True, clear_data=True)
/cis/home/rwang183/my_documents/BDD/SpineDetect-shengwen-branch/SpineDetect/tpm_simulator/microns_env/lib/python3.12/site-packages/meshmash/utils.py:36: PyVistaDeprecationWarning: Parameter 'use_all_points' is deprecated since VTK < 9.2 is no longer supported. This parameter has no effect and is always `True`.
  edge_data = poly.extract_all_edges(use_all_points=True, clear_data=True)
/cis/home/rwang183/my_documents/BDD/SpineDetect-shengwen-branch/SpineDetect/tpm_simulator/microns_env/lib/python3.12/site-packages/meshmash/utils.py:36: PyVistaDeprecationWarning: Parameter 'use_all_points' is deprecated since VTK < 9.2 is no longer supported. This parameter has no effect and is always `True`.
  edge_data = poly.extract_all_edges(use_all_points=True, clear_data=True)
/cis/home/rwang183/my_documents/BDD/SpineDetect-shengwen-branch/SpineDetect/tpm_simulator/microns_env/lib/python3.12/site-packages/meshmash/utils.py:36: PyVistaDeprecationWarning: Parameter 'use_all_points' is deprecated since VTK < 9.2 is no longer supported. This parameter has no effect and is always `True`.
  edge_data = poly.extract_all_edges(use_all_points=True, clear_data=True)
/cis/home/rwang183/my_documents/BDD/SpineDetect-shengwen-branch/SpineDetect/tpm_simulator/microns_env/lib/python3.12/site-packages/meshmash/utils.py:36: PyVistaDeprecationWarning: Parameter 'use_all_points' is deprecated since VTK < 9.2 is no longer supported. This parameter has no effect and is always `True`.
  edge_data = poly.extract_all_edges(use_all_points=True, clear_data=True)
/cis/home/rwang183/my_documents/BDD/SpineDetect-shengwen-branch/SpineDetect/tpm_simulator/microns_env/lib/python3.12/site-packages/meshmash/utils.py:36: PyVistaDeprecationWarning: Parameter 'use_all_points' is deprecated since VTK < 9.2 is no longer supported. This parameter has no effect and is always `True`.
  edge_data = poly.extract_all_edges(use_all_points=True, clear_data=True)
/cis/home/rwang183/my_documents/BDD/SpineDetect-shengwen-branch/SpineDetect/tpm_simulator/microns_env/lib/python3.12/site-packages/meshmash/utils.py:36: PyVistaDeprecationWarning: Parameter 'use_all_points' is deprecated since VTK < 9.2 is no longer supported. This parameter has no effect and is always `True`.
  edge_data = poly.extract_all_edges(use_all_points=True, clear_data=True)
/cis/home/rwang183/my_documents/BDD/SpineDetect-shengwen-branch/SpineDetect/tpm_simulator/microns_env/lib/python3.12/site-packages/meshmash/utils.py:36: PyVistaDeprecationWarning: Parameter 'use_all_points' is deprecated since VTK < 9.2 is no longer supported. This parameter has no effect and is always `True`.
  edge_data = poly.extract_all_edges(use_all_points=True, clear_data=True)
/cis/home/rwang183/my_documents/BDD/SpineDetect-shengwen-branch/SpineDetect/tpm_simulator/microns_env/lib/python3.12/site-packages/meshmash/utils.py:36: PyVistaDeprecationWarning: Parameter 'use_all_points' is deprecated since VTK < 9.2 is no longer supported. This parameter has no effect and is always `True`.
  edge_data = poly.extract_all_edges(use_all_points=True, clear_data=True)
/cis/home/rwang183/my_documents/BDD/SpineDetect-shengwen-branch/SpineDetect/tpm_simulator/microns_env/lib/python3.12/site-packages/meshmash/utils.py:36: PyVistaDeprecationWarning: Parameter 'use_all_points' is deprecated since VTK < 9.2 is no longer supported. This parameter has no effect and is always `True`.
  edge_data = poly.extract_all_edges(use_all_points=True, clear_data=True)
/cis/home/rwang183/my_documents/BDD/SpineDetect-shengwen-branch/SpineDetect/tpm_simulator/microns_env/lib/python3.12/site-packages/meshmash/utils.py:36: PyVistaDeprecationWarning: Parameter 'use_all_points' is deprecated since VTK < 9.2 is no longer supported. This parameter has no effect and is always `True`.
  edge_data = poly.extract_all_edges(use_all_points=True, clear_data=True)
/cis/home/rwang183/my_documents/BDD/SpineDetect-shengwen-branch/SpineDetect/tpm_simulator/microns_env/lib/python3.12/site-packages/meshmash/utils.py:36: PyVistaDeprecationWarning: Parameter 'use_all_points' is deprecated since VTK < 9.2 is no longer supported. This parameter has no effect and is always `True`.
  edge_data = poly.extract_all_edges(use_all_points=True, clear_data=True)
/cis/home/rwang183/my_documents/BDD/SpineDetect-shengwen-branch/SpineDetect/tpm_simulator/microns_env/lib/python3.12/site-packages/meshmash/utils.py:36: PyVistaDeprecationWarning: Parameter 'use_all_points' is deprecated since VTK < 9.2 is no longer supported. This parameter has no effect and is always `True`.
  edge_data = poly.extract_all_edges(use_all_points=True, clear_data=True)
/cis/home/rwang183/my_documents/BDD/SpineDetect-shengwen-branch/SpineDetect/tpm_simulator/microns_env/lib/python3.12/site-packages/meshmash/utils.py:36: PyVistaDeprecationWarning: Parameter 'use_all_points' is deprecated since VTK < 9.2 is no longer supported. This parameter has no effect and is always `True`.
  edge_data = poly.extract_all_edges(use_all_points=True, clear_data=True)
/cis/home/rwang183/my_documents/BDD/SpineDetect-shengwen-branch/SpineDetect/tpm_simulator/microns_env/lib/python3.12/site-packages/meshmash/utils.py:36: PyVistaDeprecationWarning: Parameter 'use_all_points' is deprecated since VTK < 9.2 is no longer supported. This parameter has no effect and is always `True`.
  edge_data = poly.extract_all_edges(use_all_points=True, clear_data=True)
/cis/home/rwang183/my_documents/BDD/SpineDetect-shengwen-branch/SpineDetect/tpm_simulator/microns_env/lib/python3.12/site-packages/meshmash/utils.py:36: PyVistaDeprecationWarning: Parameter 'use_all_points' is deprecated since VTK < 9.2 is no longer supported. This parameter has no effect and is always `True`.
  edge_data = poly.extract_all_edges(use_all_points=True, clear_data=True)
/cis/home/rwang183/my_documents/BDD/SpineDetect-shengwen-branch/SpineDetect/tpm_simulator/microns_env/lib/python3.12/site-packages/meshmash/utils.py:36: PyVistaDeprecationWarning: Parameter 'use_all_points' is deprecated since VTK < 9.2 is no longer supported. This parameter has no effect and is always `True`.
  edge_data = poly.extract_all_edges(use_all_points=True, clear_data=True)
/cis/home/rwang183/my_documents/BDD/SpineDetect-shengwen-branch/SpineDetect/tpm_simulator/microns_env/lib/python3.12/site-packages/meshmash/utils.py:36: PyVistaDeprecationWarning: Parameter 'use_all_points' is deprecated since VTK < 9.2 is no longer supported. This parameter has no effect and is always `True`.
  edge_data = poly.extract_all_edges(use_all_points=True, clear_data=True)
/cis/home/rwang183/my_documents/BDD/SpineDetect-shengwen-branch/SpineDetect/tpm_simulator/microns_env/lib/python3.12/site-packages/meshmash/utils.py:36: PyVistaDeprecationWarning: Parameter 'use_all_points' is deprecated since VTK < 9.2 is no longer supported. This parameter has no effect and is always `True`.
  edge_data = poly.extract_all_edges(use_all_points=True, clear_data=True)
/cis/home/rwang183/my_documents/BDD/SpineDetect-shengwen-branch/SpineDetect/tpm_simulator/microns_env/lib/python3.12/site-packages/meshmash/utils.py:36: PyVistaDeprecationWarning: Parameter 'use_all_points' is deprecated since VTK < 9.2 is no longer supported. This parameter has no effect and is always `True`.
  edge_data = poly.extract_all_edges(use_all_points=True, clear_data=True)
/cis/home/rwang183/my_documents/BDD/SpineDetect-shengwen-branch/SpineDetect/tpm_simulator/microns_env/lib/python3.12/site-packages/meshmash/utils.py:36: PyVistaDeprecationWarning: Parameter 'use_all_points' is deprecated since VTK < 9.2 is no longer supported. This parameter has no effect and is always `True`.
  edge_data = poly.extract_all_edges(use_all_points=True, clear_data=True)
/cis/home/rwang183/my_documents/BDD/SpineDetect-shengwen-branch/SpineDetect/tpm_simulator/microns_env/lib/python3.12/site-packages/meshmash/utils.py:36: PyVistaDeprecationWarning: Parameter 'use_all_points' is deprecated since VTK < 9.2 is no longer supported. This parameter has no effect and is always `True`.
  edge_data = poly.extract_all_edges(use_all_points=True, clear_data=True)
/cis/home/rwang183/my_documents/BDD/SpineDetect-shengwen-branch/SpineDetect/tpm_simulator/microns_env/lib/python3.12/site-packages/meshmash/utils.py:36: PyVistaDeprecationWarning: Parameter 'use_all_points' is deprecated since VTK < 9.2 is no longer supported. This parameter has no effect and is always `True`.
  edge_data = poly.extract_all_edges(use_all_points=True, clear_data=True)
/cis/home/rwang183/my_documents/BDD/SpineDetect-shengwen-branch/SpineDetect/tpm_simulator/microns_env/lib/python3.12/site-packages/meshmash/utils.py:36: PyVistaDeprecationWarning: Parameter 'use_all_points' is deprecated since VTK < 9.2 is no longer supported. This parameter has no effect and is always `True`.
  edge_data = poly.extract_all_edges(use_all_points=True, clear_data=True)
/cis/home/rwang183/my_documents/BDD/SpineDetect-shengwen-branch/SpineDetect/tpm_simulator/microns_env/lib/python3.12/site-packages/meshmash/utils.py:36: PyVistaDeprecationWarning: Parameter 'use_all_points' is deprecated since VTK < 9.2 is no longer supported. This parameter has no effect and is always `True`.
  edge_data = poly.extract_all_edges(use_all_points=True, clear_data=True)
/cis/home/rwang183/my_documents/BDD/SpineDetect-shengwen-branch/SpineDetect/tpm_simulator/microns_env/lib/python3.12/site-packages/meshmash/utils.py:36: PyVistaDeprecationWarning: Parameter 'use_all_points' is deprecated since VTK < 9.2 is no longer supported. This parameter has no effect and is always `True`.
  edge_data = poly.extract_all_edges(use_all_points=True, clear_data=True)
/cis/home/rwang183/my_documents/BDD/SpineDetect-shengwen-branch/SpineDetect/tpm_simulator/microns_env/lib/python3.12/site-packages/meshmash/utils.py:36: PyVistaDeprecationWarning: Parameter 'use_all_points' is deprecated since VTK < 9.2 is no longer supported. This parameter has no effect and is always `True`.
  edge_data = poly.extract_all_edges(use_all_points=True, clear_data=True)
/cis/home/rwang183/my_documents/BDD/SpineDetect-shengwen-branch/SpineDetect/tpm_simulator/microns_env/lib/python3.12/site-packages/meshmash/utils.py:36: PyVistaDeprecationWarning: Parameter 'use_all_points' is deprecated since VTK < 9.2 is no longer supported. This parameter has no effect and is always `True`.
  edge_data = poly.extract_all_edges(use_all_points=True, clear_data=True)
/cis/home/rwang183/my_documents/BDD/SpineDetect-shengwen-branch/SpineDetect/tpm_simulator/microns_env/lib/python3.12/site-packages/meshmash/utils.py:36: PyVistaDeprecationWarning: Parameter 'use_all_points' is deprecated since VTK < 9.2 is no longer supported. This parameter has no effect and is always `True`.
  edge_data = poly.extract_all_edges(use_all_points=True, clear_data=True)
/cis/home/rwang183/my_documents/BDD/SpineDetect-shengwen-branch/SpineDetect/tpm_simulator/microns_env/lib/python3.12/site-packages/meshmash/utils.py:36: PyVistaDeprecationWarning: Parameter 'use_all_points' is deprecated since VTK < 9.2 is no longer supported. This parameter has no effect and is always `True`.
  edge_data = poly.extract_all_edges(use_all_points=True, clear_data=True)
/cis/home/rwang183/my_documents/BDD/SpineDetect-shengwen-branch/SpineDetect/tpm_simulator/microns_env/lib/python3.12/site-packages/meshmash/utils.py:36: PyVistaDeprecationWarning: Parameter 'use_all_points' is deprecated since VTK < 9.2 is no longer supported. This parameter has no effect and is always `True`.
  edge_data = poly.extract_all_edges(use_all_points=True, clear_data=True)
/cis/home/rwang183/my_documents/BDD/SpineDetect-shengwen-branch/SpineDetect/tpm_simulator/microns_env/lib/python3.12/site-packages/meshmash/utils.py:36: PyVistaDeprecationWarning: Parameter 'use_all_points' is deprecated since VTK < 9.2 is no longer supported. This parameter has no effect and is always `True`.
  edge_data = poly.extract_all_edges(use_all_points=True, clear_data=True)
/cis/home/rwang183/my_documents/BDD/SpineDetect-shengwen-branch/SpineDetect/tpm_simulator/microns_env/lib/python3.12/site-packages/meshmash/utils.py:36: PyVistaDeprecationWarning: Parameter 'use_all_points' is deprecated since VTK < 9.2 is no longer supported. This parameter has no effect and is always `True`.
  edge_data = poly.extract_all_edges(use_all_points=True, clear_data=True)
/cis/home/rwang183/my_documents/BDD/SpineDetect-shengwen-branch/SpineDetect/tpm_simulator/microns_env/lib/python3.12/site-packages/meshmash/utils.py:36: PyVistaDeprecationWarning: Parameter 'use_all_points' is deprecated since VTK < 9.2 is no longer supported. This parameter has no effect and is always `True`.
  edge_data = poly.extract_all_edges(use_all_points=True, clear_data=True)
/cis/home/rwang183/my_documents/BDD/SpineDetect-shengwen-branch/SpineDetect/tpm_simulator/microns_env/lib/python3.12/site-packages/meshmash/utils.py:36: PyVistaDeprecationWarning: Parameter 'use_all_points' is deprecated since VTK < 9.2 is no longer supported. This parameter has no effect and is always `True`.
  edge_data = poly.extract_all_edges(use_all_points=True, clear_data=True)
/cis/home/rwang183/my_documents/BDD/SpineDetect-shengwen-branch/SpineDetect/tpm_simulator/microns_env/lib/python3.12/site-packages/meshmash/utils.py:36: PyVistaDeprecationWarning: Parameter 'use_all_points' is deprecated since VTK < 9.2 is no longer supported. This parameter has no effect and is always `True`.
  edge_data = poly.extract_all_edges(use_all_points=True, clear_data=True)
/cis/home/rwang183/my_documents/BDD/SpineDetect-shengwen-branch/SpineDetect/tpm_simulator/microns_env/lib/python3.12/site-packages/meshmash/utils.py:36: PyVistaDeprecationWarning: Parameter 'use_all_points' is deprecated since VTK < 9.2 is no longer supported. This parameter has no effect and is always `True`.
  edge_data = poly.extract_all_edges(use_all_points=True, clear_data=True)
/cis/home/rwang183/my_documents/BDD/SpineDetect-shengwen-branch/SpineDetect/tpm_simulator/microns_env/lib/python3.12/site-packages/meshmash/utils.py:36: PyVistaDeprecationWarning: Parameter 'use_all_points' is deprecated since VTK < 9.2 is no longer supported. This parameter has no effect and is always `True`.
  edge_data = poly.extract_all_edges(use_all_points=True, clear_data=True)
/cis/home/rwang183/my_documents/BDD/SpineDetect-shengwen-branch/SpineDetect/tpm_simulator/microns_env/lib/python3.12/site-packages/meshmash/utils.py:36: PyVistaDeprecationWarning: Parameter 'use_all_points' is deprecated since VTK < 9.2 is no longer supported. This parameter has no effect and is always `True`.
  edge_data = poly.extract_all_edges(use_all_points=True, clear_data=True)
/cis/home/rwang183/my_documents/BDD/SpineDetect-shengwen-branch/SpineDetect/tpm_simulator/microns_env/lib/python3.12/site-packages/meshmash/utils.py:36: PyVistaDeprecationWarning: Parameter 'use_all_points' is deprecated since VTK < 9.2 is no longer supported. This parameter has no effect and is always `True`.
  edge_data = poly.extract_all_edges(use_all_points=True, clear_data=True)
/cis/home/rwang183/my_documents/BDD/SpineDetect-shengwen-branch/SpineDetect/tpm_simulator/microns_env/lib/python3.12/site-packages/meshmash/utils.py:36: PyVistaDeprecationWarning: Parameter 'use_all_points' is deprecated since VTK < 9.2 is no longer supported. This parameter has no effect and is always `True`.
  edge_data = poly.extract_all_edges(use_all_points=True, clear_data=True)
/cis/home/rwang183/my_documents/BDD/SpineDetect-shengwen-branch/SpineDetect/tpm_simulator/microns_env/lib/python3.12/site-packages/meshmash/utils.py:36: PyVistaDeprecationWarning: Parameter 'use_all_points' is deprecated since VTK < 9.2 is no longer supported. This parameter has no effect and is always `True`.
  edge_data = poly.extract_all_edges(use_all_points=True, clear_data=True)
/cis/home/rwang183/my_documents/BDD/SpineDetect-shengwen-branch/SpineDetect/tpm_simulator/microns_env/lib/python3.12/site-packages/meshmash/utils.py:36: PyVistaDeprecationWarning: Parameter 'use_all_points' is deprecated since VTK < 9.2 is no longer supported. This parameter has no effect and is always `True`.
  edge_data = poly.extract_all_edges(use_all_points=True, clear_data=True)
/cis/home/rwang183/my_documents/BDD/SpineDetect-shengwen-branch/SpineDetect/tpm_simulator/microns_env/lib/python3.12/site-packages/meshmash/utils.py:36: PyVistaDeprecationWarning: Parameter 'use_all_points' is deprecated since VTK < 9.2 is no longer supported. This parameter has no effect and is always `True`.
  edge_data = poly.extract_all_edges(use_all_points=True, clear_data=True)
/cis/home/rwang183/my_documents/BDD/SpineDetect-shengwen-branch/SpineDetect/tpm_simulator/microns_env/lib/python3.12/site-packages/meshmash/utils.py:36: PyVistaDeprecationWarning: Parameter 'use_all_points' is deprecated since VTK < 9.2 is no longer supported. This parameter has no effect and is always `True`.
  edge_data = poly.extract_all_edges(use_all_points=True, clear_data=True)
/cis/home/rwang183/my_documents/BDD/SpineDetect-shengwen-branch/SpineDetect/tpm_simulator/microns_env/lib/python3.12/site-packages/meshmash/utils.py:36: PyVistaDeprecationWarning: Parameter 'use_all_points' is deprecated since VTK < 9.2 is no longer supported. This parameter has no effect and is always `True`.
  edge_data = poly.extract_all_edges(use_all_points=True, clear_data=True)
/cis/home/rwang183/my_documents/BDD/SpineDetect-shengwen-branch/SpineDetect/tpm_simulator/microns_env/lib/python3.12/site-packages/meshmash/utils.py:36: PyVistaDeprecationWarning: Parameter 'use_all_points' is deprecated since VTK < 9.2 is no longer supported. This parameter has no effect and is always `True`.
  edge_data = poly.extract_all_edges(use_all_points=True, clear_data=True)
/cis/home/rwang183/my_documents/BDD/SpineDetect-shengwen-branch/SpineDetect/tpm_simulator/microns_env/lib/python3.12/site-packages/meshmash/utils.py:36: PyVistaDeprecationWarning: Parameter 'use_all_points' is deprecated since VTK < 9.2 is no longer supported. This parameter has no effect and is always `True`.
  edge_data = poly.extract_all_edges(use_all_points=True, clear_data=True)
/cis/home/rwang183/my_documents/BDD/SpineDetect-shengwen-branch/SpineDetect/tpm_simulator/microns_env/lib/python3.12/site-packages/meshmash/utils.py:36: PyVistaDeprecationWarning: Parameter 'use_all_points' is deprecated since VTK < 9.2 is no longer supported. This parameter has no effect and is always `True`.
  edge_data = poly.extract_all_edges(use_all_points=True, clear_data=True)
/cis/home/rwang183/my_documents/BDD/SpineDetect-shengwen-branch/SpineDetect/tpm_simulator/microns_env/lib/python3.12/site-packages/meshmash/utils.py:36: PyVistaDeprecationWarning: Parameter 'use_all_points' is deprecated since VTK < 9.2 is no longer supported. This parameter has no effect and is always `True`.
  edge_data = poly.extract_all_edges(use_all_points=True, clear_data=True)
/cis/home/rwang183/my_documents/BDD/SpineDetect-shengwen-branch/SpineDetect/tpm_simulator/microns_env/lib/python3.12/site-packages/meshmash/utils.py:36: PyVistaDeprecationWarning: Parameter 'use_all_points' is deprecated since VTK < 9.2 is no longer supported. This parameter has no effect and is always `True`.
  edge_data = poly.extract_all_edges(use_all_points=True, clear_data=True)
/cis/home/rwang183/my_documents/BDD/SpineDetect-shengwen-branch/SpineDetect/tpm_simulator/microns_env/lib/python3.12/site-packages/meshmash/utils.py:36: PyVistaDeprecationWarning: Parameter 'use_all_points' is deprecated since VTK < 9.2 is no longer supported. This parameter has no effect and is always `True`.
  edge_data = poly.extract_all_edges(use_all_points=True, clear_data=True)
/cis/home/rwang183/my_documents/BDD/SpineDetect-shengwen-branch/SpineDetect/tpm_simulator/microns_env/lib/python3.12/site-packages/meshmash/utils.py:36: PyVistaDeprecationWarning: Parameter 'use_all_points' is deprecated since VTK < 9.2 is no longer supported. This parameter has no effect and is always `True`.
  edge_data = poly.extract_all_edges(use_all_points=True, clear_data=True)
/cis/home/rwang183/my_documents/BDD/SpineDetect-shengwen-branch/SpineDetect/tpm_simulator/microns_env/lib/python3.12/site-packages/meshmash/utils.py:36: PyVistaDeprecationWarning: Parameter 'use_all_points' is deprecated since VTK < 9.2 is no longer supported. This parameter has no effect and is always `True`.
  edge_data = poly.extract_all_edges(use_all_points=True, clear_data=True)
/cis/home/rwang183/my_documents/BDD/SpineDetect-shengwen-branch/SpineDetect/tpm_simulator/microns_env/lib/python3.12/site-packages/meshmash/utils.py:36: PyVistaDeprecationWarning: Parameter 'use_all_points' is deprecated since VTK < 9.2 is no longer supported. This parameter has no effect and is always `True`.
  edge_data = poly.extract_all_edges(use_all_points=True, clear_data=True)
/cis/home/rwang183/my_documents/BDD/SpineDetect-shengwen-branch/SpineDetect/tpm_simulator/microns_env/lib/python3.12/site-packages/meshmash/utils.py:36: PyVistaDeprecationWarning: Parameter 'use_all_points' is deprecated since VTK < 9.2 is no longer supported. This parameter has no effect and is always `True`.
  edge_data = poly.extract_all_edges(use_all_points=True, clear_data=True)
/cis/home/rwang183/my_documents/BDD/SpineDetect-shengwen-branch/SpineDetect/tpm_simulator/microns_env/lib/python3.12/site-packages/meshmash/utils.py:36: PyVistaDeprecationWarning: Parameter 'use_all_points' is deprecated since VTK < 9.2 is no longer supported. This parameter has no effect and is always `True`.
  edge_data = poly.extract_all_edges(use_all_points=True, clear_data=True)
/cis/home/rwang183/my_documents/BDD/SpineDetect-shengwen-branch/SpineDetect/tpm_simulator/microns_env/lib/python3.12/site-packages/meshmash/utils.py:36: PyVistaDeprecationWarning: Parameter 'use_all_points' is deprecated since VTK < 9.2 is no longer supported. This parameter has no effect and is always `True`.
  edge_data = poly.extract_all_edges(use_all_points=True, clear_data=True)
/cis/home/rwang183/my_documents/BDD/SpineDetect-shengwen-branch/SpineDetect/tpm_simulator/microns_env/lib/python3.12/site-packages/meshmash/utils.py:36: PyVistaDeprecationWarning: Parameter 'use_all_points' is deprecated since VTK < 9.2 is no longer supported. This parameter has no effect and is always `True`.
  edge_data = poly.extract_all_edges(use_all_points=True, clear_data=True)
/cis/home/rwang183/my_documents/BDD/SpineDetect-shengwen-branch/SpineDetect/tpm_simulator/microns_env/lib/python3.12/site-packages/meshmash/utils.py:36: PyVistaDeprecationWarning: Parameter 'use_all_points' is deprecated since VTK < 9.2 is no longer supported. This parameter has no effect and is always `True`.
  edge_data = poly.extract_all_edges(use_all_points=True, clear_data=True)
/cis/home/rwang183/my_documents/BDD/SpineDetect-shengwen-branch/SpineDetect/tpm_simulator/microns_env/lib/python3.12/site-packages/meshmash/utils.py:36: PyVistaDeprecationWarning: Parameter 'use_all_points' is deprecated since VTK < 9.2 is no longer supported. This parameter has no effect and is always `True`.
  edge_data = poly.extract_all_edges(use_all_points=True, clear_data=True)
/cis/home/rwang183/my_documents/BDD/SpineDetect-shengwen-branch/SpineDetect/tpm_simulator/microns_env/lib/python3.12/site-packages/meshmash/utils.py:36: PyVistaDeprecationWarning: Parameter 'use_all_points' is deprecated since VTK < 9.2 is no longer supported. This parameter has no effect and is always `True`.
  edge_data = poly.extract_all_edges(use_all_points=True, clear_data=True)
/cis/home/rwang183/my_documents/BDD/SpineDetect-shengwen-branch/SpineDetect/tpm_simulator/microns_env/lib/python3.12/site-packages/meshmash/utils.py:36: PyVistaDeprecationWarning: Parameter 'use_all_points' is deprecated since VTK < 9.2 is no longer supported. This parameter has no effect and is always `True`.
  edge_data = poly.extract_all_edges(use_all_points=True, clear_data=True)
/cis/home/rwang183/my_documents/BDD/SpineDetect-shengwen-branch/SpineDetect/tpm_simulator/microns_env/lib/python3.12/site-packages/meshmash/utils.py:36: PyVistaDeprecationWarning: Parameter 'use_all_points' is deprecated since VTK < 9.2 is no longer supported. This parameter has no effect and is always `True`.
  edge_data = poly.extract_all_edges(use_all_points=True, clear_data=True)
/cis/home/rwang183/my_documents/BDD/SpineDetect-shengwen-branch/SpineDetect/tpm_simulator/microns_env/lib/python3.12/site-packages/meshmash/utils.py:36: PyVistaDeprecationWarning: Parameter 'use_all_points' is deprecated since VTK < 9.2 is no longer supported. This parameter has no effect and is always `True`.
  edge_data = poly.extract_all_edges(use_all_points=True, clear_data=True)
/cis/home/rwang183/my_documents/BDD/SpineDetect-shengwen-branch/SpineDetect/tpm_simulator/microns_env/lib/python3.12/site-packages/meshmash/utils.py:36: PyVistaDeprecationWarning: Parameter 'use_all_points' is deprecated since VTK < 9.2 is no longer supported. This parameter has no effect and is always `True`.
  edge_data = poly.extract_all_edges(use_all_points=True, clear_data=True)
/cis/home/rwang183/my_documents/BDD/SpineDetect-shengwen-branch/SpineDetect/tpm_simulator/microns_env/lib/python3.12/site-packages/meshmash/utils.py:36: PyVistaDeprecationWarning: Parameter 'use_all_points' is deprecated since VTK < 9.2 is no longer supported. This parameter has no effect and is always `True`.
  edge_data = poly.extract_all_edges(use_all_points=True, clear_data=True)
/cis/home/rwang183/my_documents/BDD/SpineDetect-shengwen-branch/SpineDetect/tpm_simulator/microns_env/lib/python3.12/site-packages/meshmash/utils.py:36: PyVistaDeprecationWarning: Parameter 'use_all_points' is deprecated since VTK < 9.2 is no longer supported. This parameter has no effect and is always `True`.
  edge_data = poly.extract_all_edges(use_all_points=True, clear_data=True)
/cis/home/rwang183/my_documents/BDD/SpineDetect-shengwen-branch/SpineDetect/tpm_simulator/microns_env/lib/python3.12/site-packages/meshmash/utils.py:36: PyVistaDeprecationWarning: Parameter 'use_all_points' is deprecated since VTK < 9.2 is no longer supported. This parameter has no effect and is always `True`.
  edge_data = poly.extract_all_edges(use_all_points=True, clear_data=True)
/cis/home/rwang183/my_documents/BDD/SpineDetect-shengwen-branch/SpineDetect/tpm_simulator/microns_env/lib/python3.12/site-packages/meshmash/utils.py:36: PyVistaDeprecationWarning: Parameter 'use_all_points' is deprecated since VTK < 9.2 is no longer supported. This parameter has no effect and is always `True`.
  edge_data = poly.extract_all_edges(use_all_points=True, clear_data=True)
/cis/home/rwang183/my_documents/BDD/SpineDetect-shengwen-branch/SpineDetect/tpm_simulator/microns_env/lib/python3.12/site-packages/meshmash/utils.py:36: PyVistaDeprecationWarning: Parameter 'use_all_points' is deprecated since VTK < 9.2 is no longer supported. This parameter has no effect and is always `True`.
  edge_data = poly.extract_all_edges(use_all_points=True, clear_data=True)

Applying function agglomerate_mesh:   1%|          | 1/171 [00:05<15:54,  5.61s/it]
Applying function agglomerate_mesh:   1%|          | 2/171 [00:05<06:45,  2.40s/it]/cis/home/rwang183/my_documents/BDD/SpineDetect-shengwen-branch/SpineDetect/tpm_simulator/microns_env/lib/python3.12/site-packages/meshmash/utils.py:36: PyVistaDeprecationWarning: Parameter 'use_all_points' is deprecated since VTK < 9.2 is no longer supported. This parameter has no effect and is always `True`.
  edge_data = poly.extract_all_edges(use_all_points=True, clear_data=True)

Applying function agglomerate_mesh:   2%|▏         | 4/171 [00:05<02:37,  1.06it/s]/cis/home/rwang183/my_documents/BDD/SpineDetect-shengwen-branch/SpineDetect/tpm_simulator/microns_env/lib/python3.12/site-packages/meshmash/utils.py:36: PyVistaDeprecationWarning: Parameter 'use_all_points' is deprecated since VTK < 9.2 is no longer supported. This parameter has no effect and is always `True`.
  edge_data = poly.extract_all_edges(use_all_points=True, clear_data=True)
/cis/home/rwang183/my_documents/BDD/SpineDetect-shengwen-branch/SpineDetect/tpm_simulator/microns_env/lib/python3.12/site-packages/meshmash/utils.py:36: PyVistaDeprecationWarning: Parameter 'use_all_points' is deprecated since VTK < 9.2 is no longer supported. This parameter has no effect and is always `True`.
  edge_data = poly.extract_all_edges(use_all_points=True, clear_data=True)

Applying function agglomerate_mesh:   4%|▍         | 7/171 [00:06<01:10,  2.32it/s]/cis/home/rwang183/my_documents/BDD/SpineDetect-shengwen-branch/SpineDetect/tpm_simulator/microns_env/lib/python3.12/site-packages/meshmash/utils.py:36: PyVistaDeprecationWarning: Parameter 'use_all_points' is deprecated since VTK < 9.2 is no longer supported. This parameter has no effect and is always `True`.
  edge_data = poly.extract_all_edges(use_all_points=True, clear_data=True)
/cis/home/rwang183/my_documents/BDD/SpineDetect-shengwen-branch/SpineDetect/tpm_simulator/microns_env/lib/python3.12/site-packages/meshmash/utils.py:36: PyVistaDeprecationWarning: Parameter 'use_all_points' is deprecated since VTK < 9.2 is no longer supported. This parameter has no effect and is always `True`.
  edge_data = poly.extract_all_edges(use_all_points=True, clear_data=True)

Applying function agglomerate_mesh:   5%|▌         | 9/171 [00:06<00:48,  3.34it/s]/cis/home/rwang183/my_documents/BDD/SpineDetect-shengwen-branch/SpineDetect/tpm_simulator/microns_env/lib/python3.12/site-packages/meshmash/utils.py:36: PyVistaDeprecationWarning: Parameter 'use_all_points' is deprecated since VTK < 9.2 is no longer supported. This parameter has no effect and is always `True`.
  edge_data = poly.extract_all_edges(use_all_points=True, clear_data=True)
/cis/home/rwang183/my_documents/BDD/SpineDetect-shengwen-branch/SpineDetect/tpm_simulator/microns_env/lib/python3.12/site-packages/meshmash/utils.py:36: PyVistaDeprecationWarning: Parameter 'use_all_points' is deprecated since VTK < 9.2 is no longer supported. This parameter has no effect and is always `True`.
  edge_data = poly.extract_all_edges(use_all_points=True, clear_data=True)
/cis/home/rwang183/my_documents/BDD/SpineDetect-shengwen-branch/SpineDetect/tpm_simulator/microns_env/lib/python3.12/site-packages/meshmash/utils.py:36: PyVistaDeprecationWarning: Parameter 'use_all_points' is deprecated since VTK < 9.2 is no longer supported. This parameter has no effect and is always `True`.
  edge_data = poly.extract_all_edges(use_all_points=True, clear_data=True)

Applying function agglomerate_mesh:   7%|▋         | 12/171 [00:06<00:30,  5.26it/s]/cis/home/rwang183/my_documents/BDD/SpineDetect-shengwen-branch/SpineDetect/tpm_simulator/microns_env/lib/python3.12/site-packages/meshmash/utils.py:36: PyVistaDeprecationWarning: Parameter 'use_all_points' is deprecated since VTK < 9.2 is no longer supported. This parameter has no effect and is always `True`.
  edge_data = poly.extract_all_edges(use_all_points=True, clear_data=True)
/cis/home/rwang183/my_documents/BDD/SpineDetect-shengwen-branch/SpineDetect/tpm_simulator/microns_env/lib/python3.12/site-packages/meshmash/utils.py:36: PyVistaDeprecationWarning: Parameter 'use_all_points' is deprecated since VTK < 9.2 is no longer supported. This parameter has no effect and is always `True`.
  edge_data = poly.extract_all_edges(use_all_points=True, clear_data=True)

Applying function agglomerate_mesh:  11%|█         | 18/171 [00:06<00:14, 10.21it/s]/cis/home/rwang183/my_documents/BDD/SpineDetect-shengwen-branch/SpineDetect/tpm_simulator/microns_env/lib/python3.12/site-packages/meshmash/utils.py:36: PyVistaDeprecationWarning: Parameter 'use_all_points' is deprecated since VTK < 9.2 is no longer supported. This parameter has no effect and is always `True`.
  edge_data = poly.extract_all_edges(use_all_points=True, clear_data=True)
/cis/home/rwang183/my_documents/BDD/SpineDetect-shengwen-branch/SpineDetect/tpm_simulator/microns_env/lib/python3.12/site-packages/meshmash/utils.py:36: PyVistaDeprecationWarning: Parameter 'use_all_points' is deprecated since VTK < 9.2 is no longer supported. This parameter has no effect and is always `True`.
  edge_data = poly.extract_all_edges(use_all_points=True, clear_data=True)
/cis/home/rwang183/my_documents/BDD/SpineDetect-shengwen-branch/SpineDetect/tpm_simulator/microns_env/lib/python3.12/site-packages/meshmash/utils.py:36: PyVistaDeprecationWarning: Parameter 'use_all_points' is deprecated since VTK < 9.2 is no longer supported. This parameter has no effect and is always `True`.
  edge_data = poly.extract_all_edges(use_all_points=True, clear_data=True)

Applying function agglomerate_mesh:  13%|█▎        | 22/171 [00:06<00:11, 13.17it/s]/cis/home/rwang183/my_documents/BDD/SpineDetect-shengwen-branch/SpineDetect/tpm_simulator/microns_env/lib/python3.12/site-packages/meshmash/utils.py:36: PyVistaDeprecationWarning: Parameter 'use_all_points' is deprecated since VTK < 9.2 is no longer supported. This parameter has no effect and is always `True`.
  edge_data = poly.extract_all_edges(use_all_points=True, clear_data=True)
/cis/home/rwang183/my_documents/BDD/SpineDetect-shengwen-branch/SpineDetect/tpm_simulator/microns_env/lib/python3.12/site-packages/meshmash/utils.py:36: PyVistaDeprecationWarning: Parameter 'use_all_points' is deprecated since VTK < 9.2 is no longer supported. This parameter has no effect and is always `True`.
  edge_data = poly.extract_all_edges(use_all_points=True, clear_data=True)

Applying function agglomerate_mesh:  16%|█▌        | 27/171 [00:06<00:07, 18.16it/s]/cis/home/rwang183/my_documents/BDD/SpineDetect-shengwen-branch/SpineDetect/tpm_simulator/microns_env/lib/python3.12/site-packages/meshmash/utils.py:36: PyVistaDeprecationWarning: Parameter 'use_all_points' is deprecated since VTK < 9.2 is no longer supported. This parameter has no effect and is always `True`.
  edge_data = poly.extract_all_edges(use_all_points=True, clear_data=True)
/cis/home/rwang183/my_documents/BDD/SpineDetect-shengwen-branch/SpineDetect/tpm_simulator/microns_env/lib/python3.12/site-packages/meshmash/utils.py:36: PyVistaDeprecationWarning: Parameter 'use_all_points' is deprecated since VTK < 9.2 is no longer supported. This parameter has no effect and is always `True`.
  edge_data = poly.extract_all_edges(use_all_points=True, clear_data=True)
/cis/home/rwang183/my_documents/BDD/SpineDetect-shengwen-branch/SpineDetect/tpm_simulator/microns_env/lib/python3.12/site-packages/meshmash/utils.py:36: PyVistaDeprecationWarning: Parameter 'use_all_points' is deprecated since VTK < 9.2 is no longer supported. This parameter has no effect and is always `True`.
  edge_data = poly.extract_all_edges(use_all_points=True, clear_data=True)

Applying function agglomerate_mesh:  20%|██        | 35/171 [00:06<00:05, 26.29it/s]/cis/home/rwang183/my_documents/BDD/SpineDetect-shengwen-branch/SpineDetect/tpm_simulator/microns_env/lib/python3.12/site-packages/meshmash/utils.py:36: PyVistaDeprecationWarning: Parameter 'use_all_points' is deprecated since VTK < 9.2 is no longer supported. This parameter has no effect and is always `True`.
  edge_data = poly.extract_all_edges(use_all_points=True, clear_data=True)
/cis/home/rwang183/my_documents/BDD/SpineDetect-shengwen-branch/SpineDetect/tpm_simulator/microns_env/lib/python3.12/site-packages/meshmash/utils.py:36: PyVistaDeprecationWarning: Parameter 'use_all_points' is deprecated since VTK < 9.2 is no longer supported. This parameter has no effect and is always `True`.
  edge_data = poly.extract_all_edges(use_all_points=True, clear_data=True)
/cis/home/rwang183/my_documents/BDD/SpineDetect-shengwen-branch/SpineDetect/tpm_simulator/microns_env/lib/python3.12/site-packages/meshmash/utils.py:36: PyVistaDeprecationWarning: Parameter 'use_all_points' is deprecated since VTK < 9.2 is no longer supported. This parameter has no effect and is always `True`.
  edge_data = poly.extract_all_edges(use_all_points=True, clear_data=True)
/cis/home/rwang183/my_documents/BDD/SpineDetect-shengwen-branch/SpineDetect/tpm_simulator/microns_env/lib/python3.12/site-packages/meshmash/utils.py:36: PyVistaDeprecationWarning: Parameter 'use_all_points' is deprecated since VTK < 9.2 is no longer supported. This parameter has no effect and is always `True`.
  edge_data = poly.extract_all_edges(use_all_points=True, clear_data=True)
/cis/home/rwang183/my_documents/BDD/SpineDetect-shengwen-branch/SpineDetect/tpm_simulator/microns_env/lib/python3.12/site-packages/meshmash/utils.py:36: PyVistaDeprecationWarning: Parameter 'use_all_points' is deprecated since VTK < 9.2 is no longer supported. This parameter has no effect and is always `True`.
  edge_data = poly.extract_all_edges(use_all_points=True, clear_data=True)

Applying function agglomerate_mesh:  25%|██▍       | 42/171 [00:06<00:04, 31.36it/s]/cis/home/rwang183/my_documents/BDD/SpineDetect-shengwen-branch/SpineDetect/tpm_simulator/microns_env/lib/python3.12/site-packages/meshmash/utils.py:36: PyVistaDeprecationWarning: Parameter 'use_all_points' is deprecated since VTK < 9.2 is no longer supported. This parameter has no effect and is always `True`.
  edge_data = poly.extract_all_edges(use_all_points=True, clear_data=True)
/cis/home/rwang183/my_documents/BDD/SpineDetect-shengwen-branch/SpineDetect/tpm_simulator/microns_env/lib/python3.12/site-packages/meshmash/utils.py:36: PyVistaDeprecationWarning: Parameter 'use_all_points' is deprecated since VTK < 9.2 is no longer supported. This parameter has no effect and is always `True`.
  edge_data = poly.extract_all_edges(use_all_points=True, clear_data=True)
/cis/home/rwang183/my_documents/BDD/SpineDetect-shengwen-branch/SpineDetect/tpm_simulator/microns_env/lib/python3.12/site-packages/meshmash/utils.py:36: PyVistaDeprecationWarning: Parameter 'use_all_points' is deprecated since VTK < 9.2 is no longer supported. This parameter has no effect and is always `True`.
  edge_data = poly.extract_all_edges(use_all_points=True, clear_data=True)
/cis/home/rwang183/my_documents/BDD/SpineDetect-shengwen-branch/SpineDetect/tpm_simulator/microns_env/lib/python3.12/site-packages/meshmash/utils.py:36: PyVistaDeprecationWarning: Parameter 'use_all_points' is deprecated since VTK < 9.2 is no longer supported. This parameter has no effect and is always `True`.
  edge_data = poly.extract_all_edges(use_all_points=True, clear_data=True)
/cis/home/rwang183/my_documents/BDD/SpineDetect-shengwen-branch/SpineDetect/tpm_simulator/microns_env/lib/python3.12/site-packages/meshmash/utils.py:36: PyVistaDeprecationWarning: Parameter 'use_all_points' is deprecated since VTK < 9.2 is no longer supported. This parameter has no effect and is always `True`.
  edge_data = poly.extract_all_edges(use_all_points=True, clear_data=True)
/cis/home/rwang183/my_documents/BDD/SpineDetect-shengwen-branch/SpineDetect/tpm_simulator/microns_env/lib/python3.12/site-packages/meshmash/utils.py:36: PyVistaDeprecationWarning: Parameter 'use_all_points' is deprecated since VTK < 9.2 is no longer supported. This parameter has no effect and is always `True`.
  edge_data = poly.extract_all_edges(use_all_points=True, clear_data=True)
/cis/home/rwang183/my_documents/BDD/SpineDetect-shengwen-branch/SpineDetect/tpm_simulator/microns_env/lib/python3.12/site-packages/meshmash/utils.py:36: PyVistaDeprecationWarning: Parameter 'use_all_points' is deprecated since VTK < 9.2 is no longer supported. This parameter has no effect and is always `True`.
  edge_data = poly.extract_all_edges(use_all_points=True, clear_data=True)
/cis/home/rwang183/my_documents/BDD/SpineDetect-shengwen-branch/SpineDetect/tpm_simulator/microns_env/lib/python3.12/site-packages/meshmash/utils.py:36: PyVistaDeprecationWarning: Parameter 'use_all_points' is deprecated since VTK < 9.2 is no longer supported. This parameter has no effect and is always `True`.
  edge_data = poly.extract_all_edges(use_all_points=True, clear_data=True)
/cis/home/rwang183/my_documents/BDD/SpineDetect-shengwen-branch/SpineDetect/tpm_simulator/microns_env/lib/python3.12/site-packages/meshmash/utils.py:36: PyVistaDeprecationWarning: Parameter 'use_all_points' is deprecated since VTK < 9.2 is no longer supported. This parameter has no effect and is always `True`.
  edge_data = poly.extract_all_edges(use_all_points=True, clear_data=True)
/cis/home/rwang183/my_documents/BDD/SpineDetect-shengwen-branch/SpineDetect/tpm_simulator/microns_env/lib/python3.12/site-packages/meshmash/utils.py:36: PyVistaDeprecationWarning: Parameter 'use_all_points' is deprecated since VTK < 9.2 is no longer supported. This parameter has no effect and is always `True`.
  edge_data = poly.extract_all_edges(use_all_points=True, clear_data=True)

Applying function agglomerate_mesh:  27%|██▋       | 47/171 [00:07<00:05, 24.36it/s]/cis/home/rwang183/my_documents/BDD/SpineDetect-shengwen-branch/SpineDetect/tpm_simulator/microns_env/lib/python3.12/site-packages/meshmash/utils.py:36: PyVistaDeprecationWarning: Parameter 'use_all_points' is deprecated since VTK < 9.2 is no longer supported. This parameter has no effect and is always `True`.
  edge_data = poly.extract_all_edges(use_all_points=True, clear_data=True)
/cis/home/rwang183/my_documents/BDD/SpineDetect-shengwen-branch/SpineDetect/tpm_simulator/microns_env/lib/python3.12/site-packages/meshmash/utils.py:36: PyVistaDeprecationWarning: Parameter 'use_all_points' is deprecated since VTK < 9.2 is no longer supported. This parameter has no effect and is always `True`.
  edge_data = poly.extract_all_edges(use_all_points=True, clear_data=True)
/cis/home/rwang183/my_documents/BDD/SpineDetect-shengwen-branch/SpineDetect/tpm_simulator/microns_env/lib/python3.12/site-packages/meshmash/utils.py:36: PyVistaDeprecationWarning: Parameter 'use_all_points' is deprecated since VTK < 9.2 is no longer supported. This parameter has no effect and is always `True`.
  edge_data = poly.extract_all_edges(use_all_points=True, clear_data=True)
/cis/home/rwang183/my_documents/BDD/SpineDetect-shengwen-branch/SpineDetect/tpm_simulator/microns_env/lib/python3.12/site-packages/meshmash/utils.py:36: PyVistaDeprecationWarning: Parameter 'use_all_points' is deprecated since VTK < 9.2 is no longer supported. This parameter has no effect and is always `True`.
  edge_data = poly.extract_all_edges(use_all_points=True, clear_data=True)
/cis/home/rwang183/my_documents/BDD/SpineDetect-shengwen-branch/SpineDetect/tpm_simulator/microns_env/lib/python3.12/site-packages/meshmash/utils.py:36: PyVistaDeprecationWarning: Parameter 'use_all_points' is deprecated since VTK < 9.2 is no longer supported. This parameter has no effect and is always `True`.
  edge_data = poly.extract_all_edges(use_all_points=True, clear_data=True)

Applying function agglomerate_mesh:  30%|██▉       | 51/171 [00:07<00:04, 25.08it/s]/cis/home/rwang183/my_documents/BDD/SpineDetect-shengwen-branch/SpineDetect/tpm_simulator/microns_env/lib/python3.12/site-packages/meshmash/utils.py:36: PyVistaDeprecationWarning: Parameter 'use_all_points' is deprecated since VTK < 9.2 is no longer supported. This parameter has no effect and is always `True`.
  edge_data = poly.extract_all_edges(use_all_points=True, clear_data=True)
/cis/home/rwang183/my_documents/BDD/SpineDetect-shengwen-branch/SpineDetect/tpm_simulator/microns_env/lib/python3.12/site-packages/meshmash/utils.py:36: PyVistaDeprecationWarning: Parameter 'use_all_points' is deprecated since VTK < 9.2 is no longer supported. This parameter has no effect and is always `True`.
  edge_data = poly.extract_all_edges(use_all_points=True, clear_data=True)
/cis/home/rwang183/my_documents/BDD/SpineDetect-shengwen-branch/SpineDetect/tpm_simulator/microns_env/lib/python3.12/site-packages/meshmash/utils.py:36: PyVistaDeprecationWarning: Parameter 'use_all_points' is deprecated since VTK < 9.2 is no longer supported. This parameter has no effect and is always `True`.
  edge_data = poly.extract_all_edges(use_all_points=True, clear_data=True)
/cis/home/rwang183/my_documents/BDD/SpineDetect-shengwen-branch/SpineDetect/tpm_simulator/microns_env/lib/python3.12/site-packages/meshmash/utils.py:36: PyVistaDeprecationWarning: Parameter 'use_all_points' is deprecated since VTK < 9.2 is no longer supported. This parameter has no effect and is always `True`.
  edge_data = poly.extract_all_edges(use_all_points=True, clear_data=True)
/cis/home/rwang183/my_documents/BDD/SpineDetect-shengwen-branch/SpineDetect/tpm_simulator/microns_env/lib/python3.12/site-packages/meshmash/utils.py:36: PyVistaDeprecationWarning: Parameter 'use_all_points' is deprecated since VTK < 9.2 is no longer supported. This parameter has no effect and is always `True`.
  edge_data = poly.extract_all_edges(use_all_points=True, clear_data=True)
/cis/home/rwang183/my_documents/BDD/SpineDetect-shengwen-branch/SpineDetect/tpm_simulator/microns_env/lib/python3.12/site-packages/meshmash/utils.py:36: PyVistaDeprecationWarning: Parameter 'use_all_points' is deprecated since VTK < 9.2 is no longer supported. This parameter has no effect and is always `True`.
  edge_data = poly.extract_all_edges(use_all_points=True, clear_data=True)
/cis/home/rwang183/my_documents/BDD/SpineDetect-shengwen-branch/SpineDetect/tpm_simulator/microns_env/lib/python3.12/site-packages/meshmash/utils.py:36: PyVistaDeprecationWarning: Parameter 'use_all_points' is deprecated since VTK < 9.2 is no longer supported. This parameter has no effect and is always `True`.
  edge_data = poly.extract_all_edges(use_all_points=True, clear_data=True)
/cis/home/rwang183/my_documents/BDD/SpineDetect-shengwen-branch/SpineDetect/tpm_simulator/microns_env/lib/python3.12/site-packages/meshmash/utils.py:36: PyVistaDeprecationWarning: Parameter 'use_all_points' is deprecated since VTK < 9.2 is no longer supported. This parameter has no effect and is always `True`.
  edge_data = poly.extract_all_edges(use_all_points=True, clear_data=True)
/cis/home/rwang183/my_documents/BDD/SpineDetect-shengwen-branch/SpineDetect/tpm_simulator/microns_env/lib/python3.12/site-packages/meshmash/utils.py:36: PyVistaDeprecationWarning: Parameter 'use_all_points' is deprecated since VTK < 9.2 is no longer supported. This parameter has no effect and is always `True`.
  edge_data = poly.extract_all_edges(use_all_points=True, clear_data=True)
/cis/home/rwang183/my_documents/BDD/SpineDetect-shengwen-branch/SpineDetect/tpm_simulator/microns_env/lib/python3.12/site-packages/meshmash/utils.py:36: PyVistaDeprecationWarning: Parameter 'use_all_points' is deprecated since VTK < 9.2 is no longer supported. This parameter has no effect and is always `True`.
  edge_data = poly.extract_all_edges(use_all_points=True, clear_data=True)
/cis/home/rwang183/my_documents/BDD/SpineDetect-shengwen-branch/SpineDetect/tpm_simulator/microns_env/lib/python3.12/site-packages/meshmash/utils.py:36: PyVistaDeprecationWarning: Parameter 'use_all_points' is deprecated since VTK < 9.2 is no longer supported. This parameter has no effect and is always `True`.
  edge_data = poly.extract_all_edges(use_all_points=True, clear_data=True)
/cis/home/rwang183/my_documents/BDD/SpineDetect-shengwen-branch/SpineDetect/tpm_simulator/microns_env/lib/python3.12/site-packages/meshmash/utils.py:36: PyVistaDeprecationWarning: Parameter 'use_all_points' is deprecated since VTK < 9.2 is no longer supported. This parameter has no effect and is always `True`.
  edge_data = poly.extract_all_edges(use_all_points=True, clear_data=True)

Applying function agglomerate_mesh:  32%|███▏      | 55/171 [00:07<00:07, 15.97it/s]/cis/home/rwang183/my_documents/BDD/SpineDetect-shengwen-branch/SpineDetect/tpm_simulator/microns_env/lib/python3.12/site-packages/meshmash/utils.py:36: PyVistaDeprecationWarning: Parameter 'use_all_points' is deprecated since VTK < 9.2 is no longer supported. This parameter has no effect and is always `True`.
  edge_data = poly.extract_all_edges(use_all_points=True, clear_data=True)

Applying function agglomerate_mesh:  34%|███▍      | 58/171 [00:08<00:06, 17.43it/s]/cis/home/rwang183/my_documents/BDD/SpineDetect-shengwen-branch/SpineDetect/tpm_simulator/microns_env/lib/python3.12/site-packages/meshmash/utils.py:36: PyVistaDeprecationWarning: Parameter 'use_all_points' is deprecated since VTK < 9.2 is no longer supported. This parameter has no effect and is always `True`.
  edge_data = poly.extract_all_edges(use_all_points=True, clear_data=True)
/cis/home/rwang183/my_documents/BDD/SpineDetect-shengwen-branch/SpineDetect/tpm_simulator/microns_env/lib/python3.12/site-packages/meshmash/utils.py:36: PyVistaDeprecationWarning: Parameter 'use_all_points' is deprecated since VTK < 9.2 is no longer supported. This parameter has no effect and is always `True`.
  edge_data = poly.extract_all_edges(use_all_points=True, clear_data=True)
/cis/home/rwang183/my_documents/BDD/SpineDetect-shengwen-branch/SpineDetect/tpm_simulator/microns_env/lib/python3.12/site-packages/meshmash/utils.py:36: PyVistaDeprecationWarning: Parameter 'use_all_points' is deprecated since VTK < 9.2 is no longer supported. This parameter has no effect and is always `True`.
  edge_data = poly.extract_all_edges(use_all_points=True, clear_data=True)
/cis/home/rwang183/my_documents/BDD/SpineDetect-shengwen-branch/SpineDetect/tpm_simulator/microns_env/lib/python3.12/site-packages/meshmash/utils.py:36: PyVistaDeprecationWarning: Parameter 'use_all_points' is deprecated since VTK < 9.2 is no longer supported. This parameter has no effect and is always `True`.
  edge_data = poly.extract_all_edges(use_all_points=True, clear_data=True)
/cis/home/rwang183/my_documents/BDD/SpineDetect-shengwen-branch/SpineDetect/tpm_simulator/microns_env/lib/python3.12/site-packages/meshmash/utils.py:36: PyVistaDeprecationWarning: Parameter 'use_all_points' is deprecated since VTK < 9.2 is no longer supported. This parameter has no effect and is always `True`.
  edge_data = poly.extract_all_edges(use_all_points=True, clear_data=True)

Applying function agglomerate_mesh:  36%|███▌      | 61/171 [00:08<00:06, 17.82it/s]/cis/home/rwang183/my_documents/BDD/SpineDetect-shengwen-branch/SpineDetect/tpm_simulator/microns_env/lib/python3.12/site-packages/meshmash/utils.py:36: PyVistaDeprecationWarning: Parameter 'use_all_points' is deprecated since VTK < 9.2 is no longer supported. This parameter has no effect and is always `True`.
  edge_data = poly.extract_all_edges(use_all_points=True, clear_data=True)
/cis/home/rwang183/my_documents/BDD/SpineDetect-shengwen-branch/SpineDetect/tpm_simulator/microns_env/lib/python3.12/site-packages/meshmash/utils.py:36: PyVistaDeprecationWarning: Parameter 'use_all_points' is deprecated since VTK < 9.2 is no longer supported. This parameter has no effect and is always `True`.
  edge_data = poly.extract_all_edges(use_all_points=True, clear_data=True)

Applying function agglomerate_mesh:  37%|███▋      | 64/171 [00:08<00:05, 18.46it/s]/cis/home/rwang183/my_documents/BDD/SpineDetect-shengwen-branch/SpineDetect/tpm_simulator/microns_env/lib/python3.12/site-packages/meshmash/utils.py:36: PyVistaDeprecationWarning: Parameter 'use_all_points' is deprecated since VTK < 9.2 is no longer supported. This parameter has no effect and is always `True`.
  edge_data = poly.extract_all_edges(use_all_points=True, clear_data=True)
/cis/home/rwang183/my_documents/BDD/SpineDetect-shengwen-branch/SpineDetect/tpm_simulator/microns_env/lib/python3.12/site-packages/meshmash/utils.py:36: PyVistaDeprecationWarning: Parameter 'use_all_points' is deprecated since VTK < 9.2 is no longer supported. This parameter has no effect and is always `True`.
  edge_data = poly.extract_all_edges(use_all_points=True, clear_data=True)

Applying function agglomerate_mesh:  40%|████      | 69/171 [00:08<00:04, 22.02it/s]/cis/home/rwang183/my_documents/BDD/SpineDetect-shengwen-branch/SpineDetect/tpm_simulator/microns_env/lib/python3.12/site-packages/meshmash/utils.py:36: PyVistaDeprecationWarning: Parameter 'use_all_points' is deprecated since VTK < 9.2 is no longer supported. This parameter has no effect and is always `True`.
  edge_data = poly.extract_all_edges(use_all_points=True, clear_data=True)
/cis/home/rwang183/my_documents/BDD/SpineDetect-shengwen-branch/SpineDetect/tpm_simulator/microns_env/lib/python3.12/site-packages/meshmash/utils.py:36: PyVistaDeprecationWarning: Parameter 'use_all_points' is deprecated since VTK < 9.2 is no longer supported. This parameter has no effect and is always `True`.
  edge_data = poly.extract_all_edges(use_all_points=True, clear_data=True)
/cis/home/rwang183/my_documents/BDD/SpineDetect-shengwen-branch/SpineDetect/tpm_simulator/microns_env/lib/python3.12/site-packages/meshmash/utils.py:36: PyVistaDeprecationWarning: Parameter 'use_all_points' is deprecated since VTK < 9.2 is no longer supported. This parameter has no effect and is always `True`.
  edge_data = poly.extract_all_edges(use_all_points=True, clear_data=True)
/cis/home/rwang183/my_documents/BDD/SpineDetect-shengwen-branch/SpineDetect/tpm_simulator/microns_env/lib/python3.12/site-packages/meshmash/utils.py:36: PyVistaDeprecationWarning: Parameter 'use_all_points' is deprecated since VTK < 9.2 is no longer supported. This parameter has no effect and is always `True`.
  edge_data = poly.extract_all_edges(use_all_points=True, clear_data=True)
/cis/home/rwang183/my_documents/BDD/SpineDetect-shengwen-branch/SpineDetect/tpm_simulator/microns_env/lib/python3.12/site-packages/meshmash/utils.py:36: PyVistaDeprecationWarning: Parameter 'use_all_points' is deprecated since VTK < 9.2 is no longer supported. This parameter has no effect and is always `True`.
  edge_data = poly.extract_all_edges(use_all_points=True, clear_data=True)
/cis/home/rwang183/my_documents/BDD/SpineDetect-shengwen-branch/SpineDetect/tpm_simulator/microns_env/lib/python3.12/site-packages/meshmash/utils.py:36: PyVistaDeprecationWarning: Parameter 'use_all_points' is deprecated since VTK < 9.2 is no longer supported. This parameter has no effect and is always `True`.
  edge_data = poly.extract_all_edges(use_all_points=True, clear_data=True)
/cis/home/rwang183/my_documents/BDD/SpineDetect-shengwen-branch/SpineDetect/tpm_simulator/microns_env/lib/python3.12/site-packages/meshmash/utils.py:36: PyVistaDeprecationWarning: Parameter 'use_all_points' is deprecated since VTK < 9.2 is no longer supported. This parameter has no effect and is always `True`.
  edge_data = poly.extract_all_edges(use_all_points=True, clear_data=True)

Applying function agglomerate_mesh:  42%|████▏     | 72/171 [00:08<00:06, 14.55it/s]/cis/home/rwang183/my_documents/BDD/SpineDetect-shengwen-branch/SpineDetect/tpm_simulator/microns_env/lib/python3.12/site-packages/meshmash/utils.py:36: PyVistaDeprecationWarning: Parameter 'use_all_points' is deprecated since VTK < 9.2 is no longer supported. This parameter has no effect and is always `True`.
  edge_data = poly.extract_all_edges(use_all_points=True, clear_data=True)
/cis/home/rwang183/my_documents/BDD/SpineDetect-shengwen-branch/SpineDetect/tpm_simulator/microns_env/lib/python3.12/site-packages/meshmash/utils.py:36: PyVistaDeprecationWarning: Parameter 'use_all_points' is deprecated since VTK < 9.2 is no longer supported. This parameter has no effect and is always `True`.
  edge_data = poly.extract_all_edges(use_all_points=True, clear_data=True)
/cis/home/rwang183/my_documents/BDD/SpineDetect-shengwen-branch/SpineDetect/tpm_simulator/microns_env/lib/python3.12/site-packages/meshmash/utils.py:36: PyVistaDeprecationWarning: Parameter 'use_all_points' is deprecated since VTK < 9.2 is no longer supported. This parameter has no effect and is always `True`.
  edge_data = poly.extract_all_edges(use_all_points=True, clear_data=True)
/cis/home/rwang183/my_documents/BDD/SpineDetect-shengwen-branch/SpineDetect/tpm_simulator/microns_env/lib/python3.12/site-packages/meshmash/utils.py:36: PyVistaDeprecationWarning: Parameter 'use_all_points' is deprecated since VTK < 9.2 is no longer supported. This parameter has no effect and is always `True`.
  edge_data = poly.extract_all_edges(use_all_points=True, clear_data=True)
/cis/home/rwang183/my_documents/BDD/SpineDetect-shengwen-branch/SpineDetect/tpm_simulator/microns_env/lib/python3.12/site-packages/meshmash/utils.py:36: PyVistaDeprecationWarning: Parameter 'use_all_points' is deprecated since VTK < 9.2 is no longer supported. This parameter has no effect and is always `True`.
  edge_data = poly.extract_all_edges(use_all_points=True, clear_data=True)

Applying function agglomerate_mesh:  44%|████▍     | 76/171 [00:09<00:06, 15.45it/s]/cis/home/rwang183/my_documents/BDD/SpineDetect-shengwen-branch/SpineDetect/tpm_simulator/microns_env/lib/python3.12/site-packages/meshmash/utils.py:36: PyVistaDeprecationWarning: Parameter 'use_all_points' is deprecated since VTK < 9.2 is no longer supported. This parameter has no effect and is always `True`.
  edge_data = poly.extract_all_edges(use_all_points=True, clear_data=True)
/cis/home/rwang183/my_documents/BDD/SpineDetect-shengwen-branch/SpineDetect/tpm_simulator/microns_env/lib/python3.12/site-packages/meshmash/utils.py:36: PyVistaDeprecationWarning: Parameter 'use_all_points' is deprecated since VTK < 9.2 is no longer supported. This parameter has no effect and is always `True`.
  edge_data = poly.extract_all_edges(use_all_points=True, clear_data=True)

Applying function agglomerate_mesh:  46%|████▌     | 78/171 [00:09<00:05, 16.05it/s]/cis/home/rwang183/my_documents/BDD/SpineDetect-shengwen-branch/SpineDetect/tpm_simulator/microns_env/lib/python3.12/site-packages/meshmash/utils.py:36: PyVistaDeprecationWarning: Parameter 'use_all_points' is deprecated since VTK < 9.2 is no longer supported. This parameter has no effect and is always `True`.
  edge_data = poly.extract_all_edges(use_all_points=True, clear_data=True)
/cis/home/rwang183/my_documents/BDD/SpineDetect-shengwen-branch/SpineDetect/tpm_simulator/microns_env/lib/python3.12/site-packages/meshmash/utils.py:36: PyVistaDeprecationWarning: Parameter 'use_all_points' is deprecated since VTK < 9.2 is no longer supported. This parameter has no effect and is always `True`.
  edge_data = poly.extract_all_edges(use_all_points=True, clear_data=True)
/cis/home/rwang183/my_documents/BDD/SpineDetect-shengwen-branch/SpineDetect/tpm_simulator/microns_env/lib/python3.12/site-packages/meshmash/utils.py:36: PyVistaDeprecationWarning: Parameter 'use_all_points' is deprecated since VTK < 9.2 is no longer supported. This parameter has no effect and is always `True`.
  edge_data = poly.extract_all_edges(use_all_points=True, clear_data=True)
/cis/home/rwang183/my_documents/BDD/SpineDetect-shengwen-branch/SpineDetect/tpm_simulator/microns_env/lib/python3.12/site-packages/meshmash/utils.py:36: PyVistaDeprecationWarning: Parameter 'use_all_points' is deprecated since VTK < 9.2 is no longer supported. This parameter has no effect and is always `True`.
  edge_data = poly.extract_all_edges(use_all_points=True, clear_data=True)
/cis/home/rwang183/my_documents/BDD/SpineDetect-shengwen-branch/SpineDetect/tpm_simulator/microns_env/lib/python3.12/site-packages/meshmash/utils.py:36: PyVistaDeprecationWarning: Parameter 'use_all_points' is deprecated since VTK < 9.2 is no longer supported. This parameter has no effect and is always `True`.
  edge_data = poly.extract_all_edges(use_all_points=True, clear_data=True)

Applying function agglomerate_mesh:  47%|████▋     | 80/171 [00:09<00:07, 11.39it/s]/cis/home/rwang183/my_documents/BDD/SpineDetect-shengwen-branch/SpineDetect/tpm_simulator/microns_env/lib/python3.12/site-packages/meshmash/utils.py:36: PyVistaDeprecationWarning: Parameter 'use_all_points' is deprecated since VTK < 9.2 is no longer supported. This parameter has no effect and is always `True`.
  edge_data = poly.extract_all_edges(use_all_points=True, clear_data=True)
/cis/home/rwang183/my_documents/BDD/SpineDetect-shengwen-branch/SpineDetect/tpm_simulator/microns_env/lib/python3.12/site-packages/meshmash/utils.py:36: PyVistaDeprecationWarning: Parameter 'use_all_points' is deprecated since VTK < 9.2 is no longer supported. This parameter has no effect and is always `True`.
  edge_data = poly.extract_all_edges(use_all_points=True, clear_data=True)

Applying function agglomerate_mesh:  48%|████▊     | 82/171 [00:11<00:22,  3.93it/s]/cis/home/rwang183/my_documents/BDD/SpineDetect-shengwen-branch/SpineDetect/tpm_simulator/microns_env/lib/python3.12/site-packages/meshmash/utils.py:36: PyVistaDeprecationWarning: Parameter 'use_all_points' is deprecated since VTK < 9.2 is no longer supported. This parameter has no effect and is always `True`.
  edge_data = poly.extract_all_edges(use_all_points=True, clear_data=True)

Applying function agglomerate_mesh:  49%|████▉     | 84/171 [00:11<00:19,  4.38it/s]/cis/home/rwang183/my_documents/BDD/SpineDetect-shengwen-branch/SpineDetect/tpm_simulator/microns_env/lib/python3.12/site-packages/meshmash/utils.py:36: PyVistaDeprecationWarning: Parameter 'use_all_points' is deprecated since VTK < 9.2 is no longer supported. This parameter has no effect and is always `True`.
  edge_data = poly.extract_all_edges(use_all_points=True, clear_data=True)

Applying function agglomerate_mesh:  50%|████▉     | 85/171 [00:11<00:18,  4.70it/s]/cis/home/rwang183/my_documents/BDD/SpineDetect-shengwen-branch/SpineDetect/tpm_simulator/microns_env/lib/python3.12/site-packages/meshmash/utils.py:36: PyVistaDeprecationWarning: Parameter 'use_all_points' is deprecated since VTK < 9.2 is no longer supported. This parameter has no effect and is always `True`.
  edge_data = poly.extract_all_edges(use_all_points=True, clear_data=True)
/cis/home/rwang183/my_documents/BDD/SpineDetect-shengwen-branch/SpineDetect/tpm_simulator/microns_env/lib/python3.12/site-packages/meshmash/utils.py:36: PyVistaDeprecationWarning: Parameter 'use_all_points' is deprecated since VTK < 9.2 is no longer supported. This parameter has no effect and is always `True`.
  edge_data = poly.extract_all_edges(use_all_points=True, clear_data=True)
/cis/home/rwang183/my_documents/BDD/SpineDetect-shengwen-branch/SpineDetect/tpm_simulator/microns_env/lib/python3.12/site-packages/meshmash/utils.py:36: PyVistaDeprecationWarning: Parameter 'use_all_points' is deprecated since VTK < 9.2 is no longer supported. This parameter has no effect and is always `True`.
  edge_data = poly.extract_all_edges(use_all_points=True, clear_data=True)

Applying function agglomerate_mesh:  51%|█████     | 87/171 [00:12<00:19,  4.28it/s]
Applying function agglomerate_mesh:  53%|█████▎    | 90/171 [00:12<00:13,  6.22it/s]/cis/home/rwang183/my_documents/BDD/SpineDetect-shengwen-branch/SpineDetect/tpm_simulator/microns_env/lib/python3.12/site-packages/meshmash/utils.py:36: PyVistaDeprecationWarning: Parameter 'use_all_points' is deprecated since VTK < 9.2 is no longer supported. This parameter has no effect and is always `True`.
  edge_data = poly.extract_all_edges(use_all_points=True, clear_data=True)
/cis/home/rwang183/my_documents/BDD/SpineDetect-shengwen-branch/SpineDetect/tpm_simulator/microns_env/lib/python3.12/site-packages/meshmash/utils.py:36: PyVistaDeprecationWarning: Parameter 'use_all_points' is deprecated since VTK < 9.2 is no longer supported. This parameter has no effect and is always `True`.
  edge_data = poly.extract_all_edges(use_all_points=True, clear_data=True)
/cis/home/rwang183/my_documents/BDD/SpineDetect-shengwen-branch/SpineDetect/tpm_simulator/microns_env/lib/python3.12/site-packages/meshmash/utils.py:36: PyVistaDeprecationWarning: Parameter 'use_all_points' is deprecated since VTK < 9.2 is no longer supported. This parameter has no effect and is always `True`.
  edge_data = poly.extract_all_edges(use_all_points=True, clear_data=True)

Applying function agglomerate_mesh:  54%|█████▍    | 93/171 [00:12<00:09,  8.27it/s]/cis/home/rwang183/my_documents/BDD/SpineDetect-shengwen-branch/SpineDetect/tpm_simulator/microns_env/lib/python3.12/site-packages/meshmash/utils.py:36: PyVistaDeprecationWarning: Parameter 'use_all_points' is deprecated since VTK < 9.2 is no longer supported. This parameter has no effect and is always `True`.
  edge_data = poly.extract_all_edges(use_all_points=True, clear_data=True)
/cis/home/rwang183/my_documents/BDD/SpineDetect-shengwen-branch/SpineDetect/tpm_simulator/microns_env/lib/python3.12/site-packages/meshmash/utils.py:36: PyVistaDeprecationWarning: Parameter 'use_all_points' is deprecated since VTK < 9.2 is no longer supported. This parameter has no effect and is always `True`.
  edge_data = poly.extract_all_edges(use_all_points=True, clear_data=True)

Applying function agglomerate_mesh:  57%|█████▋    | 97/171 [00:12<00:06, 11.74it/s]
Applying function agglomerate_mesh:  58%|█████▊    | 99/171 [00:12<00:05, 12.01it/s]
Applying function agglomerate_mesh:  60%|██████    | 103/171 [00:12<00:04, 16.04it/s]
Applying function agglomerate_mesh:  62%|██████▏   | 106/171 [00:13<00:03, 17.10it/s]
Applying function agglomerate_mesh:  64%|██████▎   | 109/171 [00:13<00:03, 18.90it/s]
Applying function agglomerate_mesh:  66%|██████▌   | 113/171 [00:13<00:02, 21.07it/s]
Applying function agglomerate_mesh:  69%|██████▉   | 118/171 [00:13<00:01, 26.62it/s]
Applying function agglomerate_mesh:  72%|███████▏  | 123/171 [00:13<00:01, 31.15it/s]
Applying function agglomerate_mesh:  76%|███████▌  | 130/171 [00:13<00:01, 38.29it/s]
Applying function agglomerate_mesh:  79%|███████▉  | 135/171 [00:13<00:01, 34.31it/s]
Applying function agglomerate_mesh:  81%|████████▏ | 139/171 [00:14<00:01, 24.62it/s]
Applying function agglomerate_mesh:  83%|████████▎ | 142/171 [00:14<00:01, 24.96it/s]
Applying function agglomerate_mesh:  85%|████████▍ | 145/171 [00:14<00:01, 25.20it/s]
Applying function agglomerate_mesh:  87%|████████▋ | 148/171 [00:14<00:00, 25.82it/s]
Applying function agglomerate_mesh:  88%|████████▊ | 151/171 [00:14<00:00, 23.18it/s]
Applying function agglomerate_mesh:  91%|█████████ | 155/171 [00:14<00:00, 25.40it/s]
Applying function agglomerate_mesh:  93%|█████████▎| 159/171 [00:14<00:00, 26.96it/s]
Applying function agglomerate_mesh:  95%|█████████▍| 162/171 [00:15<00:00, 16.57it/s]
Applying function agglomerate_mesh:  96%|█████████▋| 165/171 [00:15<00:00, 13.66it/s]
Applying function agglomerate_mesh:  98%|█████████▊| 167/171 [00:15<00:00, 13.39it/s]
Applying function agglomerate_mesh:  99%|█████████▉| 169/171 [00:16<00:00,  9.65it/s]
Applying function agglomerate_mesh: 100%|██████████| 171/171 [00:16<00:00, 10.34it/s]
/cis/home/rwang183/my_documents/BDD/SpineDetect-shengwen-branch/SpineDetect/tpm_simulator/microns_env/lib/python3.12/site-packages/meshmash/utils.py:26: PyVistaDeprecationWarning: Parameter 'use_all_points' is deprecated since VTK < 9.2 is no longer supported. This parameter has no effect and is always `True`.
  edge_data = poly.extract_all_edges(use_all_points=True, clear_data=True)
/cis/home/rwang183/my_documents/BDD/SpineDetect-shengwen-branch/SpineDetect/tpm_simulator/microns_env/lib/python3.12/site-packages/meshmash/utils.py:36: PyVistaDeprecationWarning: Parameter 'use_all_points' is deprecated since VTK < 9.2 is no longer supported. This parameter has no effect and is always `True`.
  edge_data = poly.extract_all_edges(use_all_points=True, clear_data=True)
/cis/home/rwang183/my_documents/BDD/SpineDetect-shengwen-branch/SpineDetect/tpm_simulator/microns_env/lib/python3.12/site-packages/meshmash/utils.py:36: PyVistaDeprecationWarning: Parameter 'use_all_points' is deprecated since VTK < 9.2 is no longer supported. This parameter has no effect and is always `True`.
  edge_data = poly.extract_all_edges(use_all_points=True, clear_data=True)
/cis/home/rwang183/my_documents/BDD/SpineDetect-shengwen-branch/SpineDetect/tpm_simulator/microns_env/lib/python3.12/site-packages/meshmash/utils.py:36: PyVistaDeprecationWarning: Parameter 'use_all_points' is deprecated since VTK < 9.2 is no longer supported. This parameter has no effect and is always `True`.
  edge_data = poly.extract_all_edges(use_all_points=True, clear_data=True)
/cis/home/rwang183/my_documents/BDD/SpineDetect-shengwen-branch/SpineDetect/tpm_simulator/microns_env/lib/python3.12/site-packages/meshmash/utils.py:36: PyVistaDeprecationWarning: Parameter 'use_all_points' is deprecated since VTK < 9.2 is no longer supported. This parameter has no effect and is always `True`.
  edge_data = poly.extract_all_edges(use_all_points=True, clear_data=True)
  Success! HKS computed for root_id 864691135807347229.

Processing root_id: 864691135058889115
  Loaded mesh with 4002263 vertices and 7998089 faces.
Subdividing mesh...
Meshes in queue: 5
Meshes in queue: 15
Finding overlapping submeshes...
Computing HKS across submeshes...

Applying function compute_hks:   0%|          | 0/93 [00:00<?, ?it/s]
Applying function compute_hks:   1%|          | 1/93 [00:07<11:41,  7.63s/it]
Applying function compute_hks:   2%|▏         | 2/93 [00:10<06:56,  4.57s/it]
Applying function compute_hks:   3%|▎         | 3/93 [00:11<04:47,  3.19s/it]
Applying function compute_hks:   4%|▍         | 4/93 [00:12<03:15,  2.20s/it]
Applying function compute_hks:   5%|▌         | 5/93 [00:14<03:03,  2.08s/it]
Applying function compute_hks:   6%|▋         | 6/93 [00:14<02:13,  1.53s/it]
Applying function compute_hks:   8%|▊         | 7/93 [00:14<01:37,  1.14s/it]
Applying function compute_hks:  10%|▉         | 9/93 [00:15<00:54,  1.55it/s]
Applying function compute_hks:  12%|█▏        | 11/93 [00:15<00:33,  2.43it/s]
Applying function compute_hks:  13%|█▎        | 12/93 [00:15<00:28,  2.87it/s]
Applying function compute_hks:  16%|█▌        | 15/93 [00:15<00:15,  4.97it/s]
Applying function compute_hks:  18%|█▊        | 17/93 [00:16<00:18,  4.17it/s]
Applying function compute_hks:  19%|█▉        | 18/93 [00:16<00:24,  3.07it/s]
Applying function compute_hks:  20%|██        | 19/93 [00:17<00:21,  3.38it/s]
Applying function compute_hks:  22%|██▏       | 20/93 [00:17<00:20,  3.56it/s]
Applying function compute_hks:  23%|██▎       | 21/93 [00:17<00:23,  3.09it/s]
Applying function compute_hks:  24%|██▎       | 22/93 [00:18<00:24,  2.86it/s]
Applying function compute_hks:  25%|██▍       | 23/93 [00:18<00:30,  2.31it/s]
Applying function compute_hks:  26%|██▌       | 24/93 [00:19<00:23,  2.91it/s]
Applying function compute_hks:  27%|██▋       | 25/93 [00:19<00:29,  2.33it/s]
Applying function compute_hks:  28%|██▊       | 26/93 [00:19<00:22,  2.94it/s]
Applying function compute_hks:  30%|███       | 28/93 [00:20<00:18,  3.57it/s]
Applying function compute_hks:  31%|███       | 29/93 [00:20<00:17,  3.69it/s]
Applying function compute_hks:  33%|███▎      | 31/93 [00:20<00:15,  3.96it/s]
Applying function compute_hks:  34%|███▍      | 32/93 [00:21<00:19,  3.16it/s]
Applying function compute_hks:  35%|███▌      | 33/93 [00:21<00:16,  3.62it/s]
Applying function compute_hks:  37%|███▋      | 34/93 [00:21<00:17,  3.43it/s]
Applying function compute_hks:  39%|███▊      | 36/93 [00:22<00:19,  2.99it/s]
Applying function compute_hks:  40%|███▉      | 37/93 [00:22<00:17,  3.19it/s]
Applying function compute_hks:  41%|████      | 38/93 [00:23<00:17,  3.18it/s]
Applying function compute_hks:  42%|████▏     | 39/93 [00:23<00:15,  3.41it/s]
Applying function compute_hks:  43%|████▎     | 40/93 [00:23<00:16,  3.27it/s]
Applying function compute_hks:  44%|████▍     | 41/93 [00:24<00:16,  3.07it/s]
Applying function compute_hks:  46%|████▌     | 43/93 [00:24<00:10,  4.62it/s]
Applying function compute_hks:  47%|████▋     | 44/93 [00:24<00:11,  4.32it/s]
Applying function compute_hks:  48%|████▊     | 45/93 [00:24<00:09,  5.04it/s]
Applying function compute_hks:  49%|████▉     | 46/93 [00:25<00:14,  3.25it/s]
Applying function compute_hks:  51%|█████     | 47/93 [00:25<00:14,  3.19it/s]
Applying function compute_hks:  52%|█████▏    | 48/93 [00:25<00:12,  3.49it/s]
Applying function compute_hks:  53%|█████▎    | 49/93 [00:26<00:14,  3.08it/s]
Applying function compute_hks:  55%|█████▍    | 51/93 [00:26<00:11,  3.79it/s]
Applying function compute_hks:  56%|█████▌    | 52/93 [00:26<00:09,  4.37it/s]
Applying function compute_hks:  57%|█████▋    | 53/93 [00:27<00:08,  4.47it/s]
Applying function compute_hks:  59%|█████▉    | 55/93 [00:27<00:07,  5.11it/s]
Applying function compute_hks:  60%|██████    | 56/93 [00:27<00:10,  3.48it/s]
Applying function compute_hks:  61%|██████▏   | 57/93 [00:28<00:08,  4.06it/s]
Applying function compute_hks:  62%|██████▏   | 58/93 [00:28<00:07,  4.57it/s]
Applying function compute_hks:  63%|██████▎   | 59/93 [00:28<00:10,  3.13it/s]
Applying function compute_hks:  65%|██████▍   | 60/93 [00:29<00:10,  3.22it/s]
Applying function compute_hks:  68%|██████▊   | 63/93 [00:29<00:05,  5.72it/s]
Applying function compute_hks:  70%|██████▉   | 65/93 [00:29<00:05,  4.86it/s]
Applying function compute_hks:  71%|███████   | 66/93 [00:30<00:07,  3.72it/s]
Applying function compute_hks:  72%|███████▏  | 67/93 [00:30<00:07,  3.44it/s]
Applying function compute_hks:  73%|███████▎  | 68/93 [00:30<00:06,  3.57it/s]
Applying function compute_hks:  74%|███████▍  | 69/93 [00:31<00:09,  2.43it/s]
Applying function compute_hks:  75%|███████▌  | 70/93 [00:32<00:11,  1.93it/s]
Applying function compute_hks:  76%|███████▋  | 71/93 [00:32<00:08,  2.47it/s]
Applying function compute_hks:  78%|███████▊  | 73/93 [00:32<00:05,  3.85it/s]
Applying function compute_hks:  80%|███████▉  | 74/93 [00:33<00:05,  3.49it/s]
Applying function compute_hks:  81%|████████  | 75/93 [00:33<00:05,  3.32it/s]
Applying function compute_hks:  82%|████████▏ | 76/93 [00:34<00:06,  2.51it/s]
Applying function compute_hks:  83%|████████▎ | 77/93 [00:34<00:06,  2.31it/s]
Applying function compute_hks:  84%|████████▍ | 78/93 [00:34<00:05,  2.79it/s]
Applying function compute_hks:  86%|████████▌ | 80/93 [00:35<00:03,  4.21it/s]
Applying function compute_hks:  87%|████████▋ | 81/93 [00:35<00:03,  3.51it/s]
Applying function compute_hks:  89%|████████▉ | 83/93 [00:35<00:02,  4.12it/s]
Applying function compute_hks:  90%|█████████ | 84/93 [00:37<00:05,  1.73it/s]
Applying function compute_hks:  91%|█████████▏| 85/93 [00:43<00:14,  1.80s/it]
Applying function compute_hks:  92%|█████████▏| 86/93 [00:46<00:15,  2.27s/it]
Applying function compute_hks:  94%|█████████▎| 87/93 [00:51<00:17,  2.95s/it]
Applying function compute_hks:  96%|█████████▌| 89/93 [00:51<00:06,  1.70s/it]
Applying function compute_hks:  97%|█████████▋| 90/93 [00:52<00:04,  1.50s/it]
Applying function compute_hks:  98%|█████████▊| 91/93 [00:53<00:02,  1.25s/it]
Applying function compute_hks:  99%|█████████▉| 92/93 [00:54<00:01,  1.29s/it]
Applying function compute_hks: 100%|██████████| 93/93 [00:55<00:00,  1.09s/it]
Applying function compute_hks: 100%|██████████| 93/93 [00:55<00:00,  1.69it/s]

Applying function agglomerate_mesh:   0%|          | 0/93 [00:00<?, ?it/s]/cis/home/rwang183/my_documents/BDD/SpineDetect-shengwen-branch/SpineDetect/tpm_simulator/microns_env/lib/python3.12/site-packages/meshmash/utils.py:36: PyVistaDeprecationWarning: Parameter 'use_all_points' is deprecated since VTK < 9.2 is no longer supported. This parameter has no effect and is always `True`.
  edge_data = poly.extract_all_edges(use_all_points=True, clear_data=True)
/cis/home/rwang183/my_documents/BDD/SpineDetect-shengwen-branch/SpineDetect/tpm_simulator/microns_env/lib/python3.12/site-packages/meshmash/utils.py:36: PyVistaDeprecationWarning: Parameter 'use_all_points' is deprecated since VTK < 9.2 is no longer supported. This parameter has no effect and is always `True`.
  edge_data = poly.extract_all_edges(use_all_points=True, clear_data=True)
/cis/home/rwang183/my_documents/BDD/SpineDetect-shengwen-branch/SpineDetect/tpm_simulator/microns_env/lib/python3.12/site-packages/meshmash/utils.py:36: PyVistaDeprecationWarning: Parameter 'use_all_points' is deprecated since VTK < 9.2 is no longer supported. This parameter has no effect and is always `True`.
  edge_data = poly.extract_all_edges(use_all_points=True, clear_data=True)
/cis/home/rwang183/my_documents/BDD/SpineDetect-shengwen-branch/SpineDetect/tpm_simulator/microns_env/lib/python3.12/site-packages/meshmash/utils.py:36: PyVistaDeprecationWarning: Parameter 'use_all_points' is deprecated since VTK < 9.2 is no longer supported. This parameter has no effect and is always `True`.
  edge_data = poly.extract_all_edges(use_all_points=True, clear_data=True)
/cis/home/rwang183/my_documents/BDD/SpineDetect-shengwen-branch/SpineDetect/tpm_simulator/microns_env/lib/python3.12/site-packages/meshmash/utils.py:36: PyVistaDeprecationWarning: Parameter 'use_all_points' is deprecated since VTK < 9.2 is no longer supported. This parameter has no effect and is always `True`.
  edge_data = poly.extract_all_edges(use_all_points=True, clear_data=True)
/cis/home/rwang183/my_documents/BDD/SpineDetect-shengwen-branch/SpineDetect/tpm_simulator/microns_env/lib/python3.12/site-packages/meshmash/utils.py:36: PyVistaDeprecationWarning: Parameter 'use_all_points' is deprecated since VTK < 9.2 is no longer supported. This parameter has no effect and is always `True`.
  edge_data = poly.extract_all_edges(use_all_points=True, clear_data=True)
/cis/home/rwang183/my_documents/BDD/SpineDetect-shengwen-branch/SpineDetect/tpm_simulator/microns_env/lib/python3.12/site-packages/meshmash/utils.py:36: PyVistaDeprecationWarning: Parameter 'use_all_points' is deprecated since VTK < 9.2 is no longer supported. This parameter has no effect and is always `True`.
  edge_data = poly.extract_all_edges(use_all_points=True, clear_data=True)
/cis/home/rwang183/my_documents/BDD/SpineDetect-shengwen-branch/SpineDetect/tpm_simulator/microns_env/lib/python3.12/site-packages/meshmash/utils.py:36: PyVistaDeprecationWarning: Parameter 'use_all_points' is deprecated since VTK < 9.2 is no longer supported. This parameter has no effect and is always `True`.
  edge_data = poly.extract_all_edges(use_all_points=True, clear_data=True)
/cis/home/rwang183/my_documents/BDD/SpineDetect-shengwen-branch/SpineDetect/tpm_simulator/microns_env/lib/python3.12/site-packages/meshmash/utils.py:36: PyVistaDeprecationWarning: Parameter 'use_all_points' is deprecated since VTK < 9.2 is no longer supported. This parameter has no effect and is always `True`.
  edge_data = poly.extract_all_edges(use_all_points=True, clear_data=True)
/cis/home/rwang183/my_documents/BDD/SpineDetect-shengwen-branch/SpineDetect/tpm_simulator/microns_env/lib/python3.12/site-packages/meshmash/utils.py:36: PyVistaDeprecationWarning: Parameter 'use_all_points' is deprecated since VTK < 9.2 is no longer supported. This parameter has no effect and is always `True`.
  edge_data = poly.extract_all_edges(use_all_points=True, clear_data=True)
/cis/home/rwang183/my_documents/BDD/SpineDetect-shengwen-branch/SpineDetect/tpm_simulator/microns_env/lib/python3.12/site-packages/meshmash/utils.py:36: PyVistaDeprecationWarning: Parameter 'use_all_points' is deprecated since VTK < 9.2 is no longer supported. This parameter has no effect and is always `True`.
  edge_data = poly.extract_all_edges(use_all_points=True, clear_data=True)
/cis/home/rwang183/my_documents/BDD/SpineDetect-shengwen-branch/SpineDetect/tpm_simulator/microns_env/lib/python3.12/site-packages/meshmash/utils.py:36: PyVistaDeprecationWarning: Parameter 'use_all_points' is deprecated since VTK < 9.2 is no longer supported. This parameter has no effect and is always `True`.
  edge_data = poly.extract_all_edges(use_all_points=True, clear_data=True)
/cis/home/rwang183/my_documents/BDD/SpineDetect-shengwen-branch/SpineDetect/tpm_simulator/microns_env/lib/python3.12/site-packages/meshmash/utils.py:36: PyVistaDeprecationWarning: Parameter 'use_all_points' is deprecated since VTK < 9.2 is no longer supported. This parameter has no effect and is always `True`.
  edge_data = poly.extract_all_edges(use_all_points=True, clear_data=True)
/cis/home/rwang183/my_documents/BDD/SpineDetect-shengwen-branch/SpineDetect/tpm_simulator/microns_env/lib/python3.12/site-packages/meshmash/utils.py:36: PyVistaDeprecationWarning: Parameter 'use_all_points' is deprecated since VTK < 9.2 is no longer supported. This parameter has no effect and is always `True`.
  edge_data = poly.extract_all_edges(use_all_points=True, clear_data=True)
/cis/home/rwang183/my_documents/BDD/SpineDetect-shengwen-branch/SpineDetect/tpm_simulator/microns_env/lib/python3.12/site-packages/meshmash/utils.py:36: PyVistaDeprecationWarning: Parameter 'use_all_points' is deprecated since VTK < 9.2 is no longer supported. This parameter has no effect and is always `True`.
  edge_data = poly.extract_all_edges(use_all_points=True, clear_data=True)
/cis/home/rwang183/my_documents/BDD/SpineDetect-shengwen-branch/SpineDetect/tpm_simulator/microns_env/lib/python3.12/site-packages/meshmash/utils.py:36: PyVistaDeprecationWarning: Parameter 'use_all_points' is deprecated since VTK < 9.2 is no longer supported. This parameter has no effect and is always `True`.
  edge_data = poly.extract_all_edges(use_all_points=True, clear_data=True)
/cis/home/rwang183/my_documents/BDD/SpineDetect-shengwen-branch/SpineDetect/tpm_simulator/microns_env/lib/python3.12/site-packages/meshmash/utils.py:36: PyVistaDeprecationWarning: Parameter 'use_all_points' is deprecated since VTK < 9.2 is no longer supported. This parameter has no effect and is always `True`.
  edge_data = poly.extract_all_edges(use_all_points=True, clear_data=True)
/cis/home/rwang183/my_documents/BDD/SpineDetect-shengwen-branch/SpineDetect/tpm_simulator/microns_env/lib/python3.12/site-packages/meshmash/utils.py:36: PyVistaDeprecationWarning: Parameter 'use_all_points' is deprecated since VTK < 9.2 is no longer supported. This parameter has no effect and is always `True`.
  edge_data = poly.extract_all_edges(use_all_points=True, clear_data=True)
/cis/home/rwang183/my_documents/BDD/SpineDetect-shengwen-branch/SpineDetect/tpm_simulator/microns_env/lib/python3.12/site-packages/meshmash/utils.py:36: PyVistaDeprecationWarning: Parameter 'use_all_points' is deprecated since VTK < 9.2 is no longer supported. This parameter has no effect and is always `True`.
  edge_data = poly.extract_all_edges(use_all_points=True, clear_data=True)
/cis/home/rwang183/my_documents/BDD/SpineDetect-shengwen-branch/SpineDetect/tpm_simulator/microns_env/lib/python3.12/site-packages/meshmash/utils.py:36: PyVistaDeprecationWarning: Parameter 'use_all_points' is deprecated since VTK < 9.2 is no longer supported. This parameter has no effect and is always `True`.
  edge_data = poly.extract_all_edges(use_all_points=True, clear_data=True)
/cis/home/rwang183/my_documents/BDD/SpineDetect-shengwen-branch/SpineDetect/tpm_simulator/microns_env/lib/python3.12/site-packages/meshmash/utils.py:36: PyVistaDeprecationWarning: Parameter 'use_all_points' is deprecated since VTK < 9.2 is no longer supported. This parameter has no effect and is always `True`.
  edge_data = poly.extract_all_edges(use_all_points=True, clear_data=True)
/cis/home/rwang183/my_documents/BDD/SpineDetect-shengwen-branch/SpineDetect/tpm_simulator/microns_env/lib/python3.12/site-packages/meshmash/utils.py:36: PyVistaDeprecationWarning: Parameter 'use_all_points' is deprecated since VTK < 9.2 is no longer supported. This parameter has no effect and is always `True`.
  edge_data = poly.extract_all_edges(use_all_points=True, clear_data=True)
/cis/home/rwang183/my_documents/BDD/SpineDetect-shengwen-branch/SpineDetect/tpm_simulator/microns_env/lib/python3.12/site-packages/meshmash/utils.py:36: PyVistaDeprecationWarning: Parameter 'use_all_points' is deprecated since VTK < 9.2 is no longer supported. This parameter has no effect and is always `True`.
  edge_data = poly.extract_all_edges(use_all_points=True, clear_data=True)
/cis/home/rwang183/my_documents/BDD/SpineDetect-shengwen-branch/SpineDetect/tpm_simulator/microns_env/lib/python3.12/site-packages/meshmash/utils.py:36: PyVistaDeprecationWarning: Parameter 'use_all_points' is deprecated since VTK < 9.2 is no longer supported. This parameter has no effect and is always `True`.
  edge_data = poly.extract_all_edges(use_all_points=True, clear_data=True)
/cis/home/rwang183/my_documents/BDD/SpineDetect-shengwen-branch/SpineDetect/tpm_simulator/microns_env/lib/python3.12/site-packages/meshmash/utils.py:36: PyVistaDeprecationWarning: Parameter 'use_all_points' is deprecated since VTK < 9.2 is no longer supported. This parameter has no effect and is always `True`.
  edge_data = poly.extract_all_edges(use_all_points=True, clear_data=True)
/cis/home/rwang183/my_documents/BDD/SpineDetect-shengwen-branch/SpineDetect/tpm_simulator/microns_env/lib/python3.12/site-packages/meshmash/utils.py:36: PyVistaDeprecationWarning: Parameter 'use_all_points' is deprecated since VTK < 9.2 is no longer supported. This parameter has no effect and is always `True`.
  edge_data = poly.extract_all_edges(use_all_points=True, clear_data=True)
/cis/home/rwang183/my_documents/BDD/SpineDetect-shengwen-branch/SpineDetect/tpm_simulator/microns_env/lib/python3.12/site-packages/meshmash/utils.py:36: PyVistaDeprecationWarning: Parameter 'use_all_points' is deprecated since VTK < 9.2 is no longer supported. This parameter has no effect and is always `True`.
  edge_data = poly.extract_all_edges(use_all_points=True, clear_data=True)
/cis/home/rwang183/my_documents/BDD/SpineDetect-shengwen-branch/SpineDetect/tpm_simulator/microns_env/lib/python3.12/site-packages/meshmash/utils.py:36: PyVistaDeprecationWarning: Parameter 'use_all_points' is deprecated since VTK < 9.2 is no longer supported. This parameter has no effect and is always `True`.
  edge_data = poly.extract_all_edges(use_all_points=True, clear_data=True)
/cis/home/rwang183/my_documents/BDD/SpineDetect-shengwen-branch/SpineDetect/tpm_simulator/microns_env/lib/python3.12/site-packages/meshmash/utils.py:36: PyVistaDeprecationWarning: Parameter 'use_all_points' is deprecated since VTK < 9.2 is no longer supported. This parameter has no effect and is always `True`.
  edge_data = poly.extract_all_edges(use_all_points=True, clear_data=True)
/cis/home/rwang183/my_documents/BDD/SpineDetect-shengwen-branch/SpineDetect/tpm_simulator/microns_env/lib/python3.12/site-packages/meshmash/utils.py:36: PyVistaDeprecationWarning: Parameter 'use_all_points' is deprecated since VTK < 9.2 is no longer supported. This parameter has no effect and is always `True`.
  edge_data = poly.extract_all_edges(use_all_points=True, clear_data=True)
/cis/home/rwang183/my_documents/BDD/SpineDetect-shengwen-branch/SpineDetect/tpm_simulator/microns_env/lib/python3.12/site-packages/meshmash/utils.py:36: PyVistaDeprecationWarning: Parameter 'use_all_points' is deprecated since VTK < 9.2 is no longer supported. This parameter has no effect and is always `True`.
  edge_data = poly.extract_all_edges(use_all_points=True, clear_data=True)
/cis/home/rwang183/my_documents/BDD/SpineDetect-shengwen-branch/SpineDetect/tpm_simulator/microns_env/lib/python3.12/site-packages/meshmash/utils.py:36: PyVistaDeprecationWarning: Parameter 'use_all_points' is deprecated since VTK < 9.2 is no longer supported. This parameter has no effect and is always `True`.
  edge_data = poly.extract_all_edges(use_all_points=True, clear_data=True)
/cis/home/rwang183/my_documents/BDD/SpineDetect-shengwen-branch/SpineDetect/tpm_simulator/microns_env/lib/python3.12/site-packages/meshmash/utils.py:36: PyVistaDeprecationWarning: Parameter 'use_all_points' is deprecated since VTK < 9.2 is no longer supported. This parameter has no effect and is always `True`.
  edge_data = poly.extract_all_edges(use_all_points=True, clear_data=True)
/cis/home/rwang183/my_documents/BDD/SpineDetect-shengwen-branch/SpineDetect/tpm_simulator/microns_env/lib/python3.12/site-packages/meshmash/utils.py:36: PyVistaDeprecationWarning: Parameter 'use_all_points' is deprecated since VTK < 9.2 is no longer supported. This parameter has no effect and is always `True`.
  edge_data = poly.extract_all_edges(use_all_points=True, clear_data=True)
/cis/home/rwang183/my_documents/BDD/SpineDetect-shengwen-branch/SpineDetect/tpm_simulator/microns_env/lib/python3.12/site-packages/meshmash/utils.py:36: PyVistaDeprecationWarning: Parameter 'use_all_points' is deprecated since VTK < 9.2 is no longer supported. This parameter has no effect and is always `True`.
  edge_data = poly.extract_all_edges(use_all_points=True, clear_data=True)
/cis/home/rwang183/my_documents/BDD/SpineDetect-shengwen-branch/SpineDetect/tpm_simulator/microns_env/lib/python3.12/site-packages/meshmash/utils.py:36: PyVistaDeprecationWarning: Parameter 'use_all_points' is deprecated since VTK < 9.2 is no longer supported. This parameter has no effect and is always `True`.
  edge_data = poly.extract_all_edges(use_all_points=True, clear_data=True)
/cis/home/rwang183/my_documents/BDD/SpineDetect-shengwen-branch/SpineDetect/tpm_simulator/microns_env/lib/python3.12/site-packages/meshmash/utils.py:36: PyVistaDeprecationWarning: Parameter 'use_all_points' is deprecated since VTK < 9.2 is no longer supported. This parameter has no effect and is always `True`.
  edge_data = poly.extract_all_edges(use_all_points=True, clear_data=True)
/cis/home/rwang183/my_documents/BDD/SpineDetect-shengwen-branch/SpineDetect/tpm_simulator/microns_env/lib/python3.12/site-packages/meshmash/utils.py:36: PyVistaDeprecationWarning: Parameter 'use_all_points' is deprecated since VTK < 9.2 is no longer supported. This parameter has no effect and is always `True`.
  edge_data = poly.extract_all_edges(use_all_points=True, clear_data=True)
/cis/home/rwang183/my_documents/BDD/SpineDetect-shengwen-branch/SpineDetect/tpm_simulator/microns_env/lib/python3.12/site-packages/meshmash/utils.py:36: PyVistaDeprecationWarning: Parameter 'use_all_points' is deprecated since VTK < 9.2 is no longer supported. This parameter has no effect and is always `True`.
  edge_data = poly.extract_all_edges(use_all_points=True, clear_data=True)
/cis/home/rwang183/my_documents/BDD/SpineDetect-shengwen-branch/SpineDetect/tpm_simulator/microns_env/lib/python3.12/site-packages/meshmash/utils.py:36: PyVistaDeprecationWarning: Parameter 'use_all_points' is deprecated since VTK < 9.2 is no longer supported. This parameter has no effect and is always `True`.
  edge_data = poly.extract_all_edges(use_all_points=True, clear_data=True)
/cis/home/rwang183/my_documents/BDD/SpineDetect-shengwen-branch/SpineDetect/tpm_simulator/microns_env/lib/python3.12/site-packages/meshmash/utils.py:36: PyVistaDeprecationWarning: Parameter 'use_all_points' is deprecated since VTK < 9.2 is no longer supported. This parameter has no effect and is always `True`.
  edge_data = poly.extract_all_edges(use_all_points=True, clear_data=True)
/cis/home/rwang183/my_documents/BDD/SpineDetect-shengwen-branch/SpineDetect/tpm_simulator/microns_env/lib/python3.12/site-packages/meshmash/utils.py:36: PyVistaDeprecationWarning: Parameter 'use_all_points' is deprecated since VTK < 9.2 is no longer supported. This parameter has no effect and is always `True`.
  edge_data = poly.extract_all_edges(use_all_points=True, clear_data=True)
/cis/home/rwang183/my_documents/BDD/SpineDetect-shengwen-branch/SpineDetect/tpm_simulator/microns_env/lib/python3.12/site-packages/meshmash/utils.py:36: PyVistaDeprecationWarning: Parameter 'use_all_points' is deprecated since VTK < 9.2 is no longer supported. This parameter has no effect and is always `True`.
  edge_data = poly.extract_all_edges(use_all_points=True, clear_data=True)
/cis/home/rwang183/my_documents/BDD/SpineDetect-shengwen-branch/SpineDetect/tpm_simulator/microns_env/lib/python3.12/site-packages/meshmash/utils.py:36: PyVistaDeprecationWarning: Parameter 'use_all_points' is deprecated since VTK < 9.2 is no longer supported. This parameter has no effect and is always `True`.
  edge_data = poly.extract_all_edges(use_all_points=True, clear_data=True)
/cis/home/rwang183/my_documents/BDD/SpineDetect-shengwen-branch/SpineDetect/tpm_simulator/microns_env/lib/python3.12/site-packages/meshmash/utils.py:36: PyVistaDeprecationWarning: Parameter 'use_all_points' is deprecated since VTK < 9.2 is no longer supported. This parameter has no effect and is always `True`.
  edge_data = poly.extract_all_edges(use_all_points=True, clear_data=True)
/cis/home/rwang183/my_documents/BDD/SpineDetect-shengwen-branch/SpineDetect/tpm_simulator/microns_env/lib/python3.12/site-packages/meshmash/utils.py:36: PyVistaDeprecationWarning: Parameter 'use_all_points' is deprecated since VTK < 9.2 is no longer supported. This parameter has no effect and is always `True`.
  edge_data = poly.extract_all_edges(use_all_points=True, clear_data=True)
/cis/home/rwang183/my_documents/BDD/SpineDetect-shengwen-branch/SpineDetect/tpm_simulator/microns_env/lib/python3.12/site-packages/meshmash/utils.py:36: PyVistaDeprecationWarning: Parameter 'use_all_points' is deprecated since VTK < 9.2 is no longer supported. This parameter has no effect and is always `True`.
  edge_data = poly.extract_all_edges(use_all_points=True, clear_data=True)
/cis/home/rwang183/my_documents/BDD/SpineDetect-shengwen-branch/SpineDetect/tpm_simulator/microns_env/lib/python3.12/site-packages/meshmash/utils.py:36: PyVistaDeprecationWarning: Parameter 'use_all_points' is deprecated since VTK < 9.2 is no longer supported. This parameter has no effect and is always `True`.
  edge_data = poly.extract_all_edges(use_all_points=True, clear_data=True)
/cis/home/rwang183/my_documents/BDD/SpineDetect-shengwen-branch/SpineDetect/tpm_simulator/microns_env/lib/python3.12/site-packages/meshmash/utils.py:36: PyVistaDeprecationWarning: Parameter 'use_all_points' is deprecated since VTK < 9.2 is no longer supported. This parameter has no effect and is always `True`.
  edge_data = poly.extract_all_edges(use_all_points=True, clear_data=True)
/cis/home/rwang183/my_documents/BDD/SpineDetect-shengwen-branch/SpineDetect/tpm_simulator/microns_env/lib/python3.12/site-packages/meshmash/utils.py:36: PyVistaDeprecationWarning: Parameter 'use_all_points' is deprecated since VTK < 9.2 is no longer supported. This parameter has no effect and is always `True`.
  edge_data = poly.extract_all_edges(use_all_points=True, clear_data=True)
/cis/home/rwang183/my_documents/BDD/SpineDetect-shengwen-branch/SpineDetect/tpm_simulator/microns_env/lib/python3.12/site-packages/meshmash/utils.py:36: PyVistaDeprecationWarning: Parameter 'use_all_points' is deprecated since VTK < 9.2 is no longer supported. This parameter has no effect and is always `True`.
  edge_data = poly.extract_all_edges(use_all_points=True, clear_data=True)
/cis/home/rwang183/my_documents/BDD/SpineDetect-shengwen-branch/SpineDetect/tpm_simulator/microns_env/lib/python3.12/site-packages/meshmash/utils.py:36: PyVistaDeprecationWarning: Parameter 'use_all_points' is deprecated since VTK < 9.2 is no longer supported. This parameter has no effect and is always `True`.
  edge_data = poly.extract_all_edges(use_all_points=True, clear_data=True)
/cis/home/rwang183/my_documents/BDD/SpineDetect-shengwen-branch/SpineDetect/tpm_simulator/microns_env/lib/python3.12/site-packages/meshmash/utils.py:36: PyVistaDeprecationWarning: Parameter 'use_all_points' is deprecated since VTK < 9.2 is no longer supported. This parameter has no effect and is always `True`.
  edge_data = poly.extract_all_edges(use_all_points=True, clear_data=True)
/cis/home/rwang183/my_documents/BDD/SpineDetect-shengwen-branch/SpineDetect/tpm_simulator/microns_env/lib/python3.12/site-packages/meshmash/utils.py:36: PyVistaDeprecationWarning: Parameter 'use_all_points' is deprecated since VTK < 9.2 is no longer supported. This parameter has no effect and is always `True`.
  edge_data = poly.extract_all_edges(use_all_points=True, clear_data=True)
/cis/home/rwang183/my_documents/BDD/SpineDetect-shengwen-branch/SpineDetect/tpm_simulator/microns_env/lib/python3.12/site-packages/meshmash/utils.py:36: PyVistaDeprecationWarning: Parameter 'use_all_points' is deprecated since VTK < 9.2 is no longer supported. This parameter has no effect and is always `True`.
  edge_data = poly.extract_all_edges(use_all_points=True, clear_data=True)
/cis/home/rwang183/my_documents/BDD/SpineDetect-shengwen-branch/SpineDetect/tpm_simulator/microns_env/lib/python3.12/site-packages/meshmash/utils.py:36: PyVistaDeprecationWarning: Parameter 'use_all_points' is deprecated since VTK < 9.2 is no longer supported. This parameter has no effect and is always `True`.
  edge_data = poly.extract_all_edges(use_all_points=True, clear_data=True)
/cis/home/rwang183/my_documents/BDD/SpineDetect-shengwen-branch/SpineDetect/tpm_simulator/microns_env/lib/python3.12/site-packages/meshmash/utils.py:36: PyVistaDeprecationWarning: Parameter 'use_all_points' is deprecated since VTK < 9.2 is no longer supported. This parameter has no effect and is always `True`.
  edge_data = poly.extract_all_edges(use_all_points=True, clear_data=True)
/cis/home/rwang183/my_documents/BDD/SpineDetect-shengwen-branch/SpineDetect/tpm_simulator/microns_env/lib/python3.12/site-packages/meshmash/utils.py:36: PyVistaDeprecationWarning: Parameter 'use_all_points' is deprecated since VTK < 9.2 is no longer supported. This parameter has no effect and is always `True`.
  edge_data = poly.extract_all_edges(use_all_points=True, clear_data=True)
/cis/home/rwang183/my_documents/BDD/SpineDetect-shengwen-branch/SpineDetect/tpm_simulator/microns_env/lib/python3.12/site-packages/meshmash/utils.py:36: PyVistaDeprecationWarning: Parameter 'use_all_points' is deprecated since VTK < 9.2 is no longer supported. This parameter has no effect and is always `True`.
  edge_data = poly.extract_all_edges(use_all_points=True, clear_data=True)
/cis/home/rwang183/my_documents/BDD/SpineDetect-shengwen-branch/SpineDetect/tpm_simulator/microns_env/lib/python3.12/site-packages/meshmash/utils.py:36: PyVistaDeprecationWarning: Parameter 'use_all_points' is deprecated since VTK < 9.2 is no longer supported. This parameter has no effect and is always `True`.
  edge_data = poly.extract_all_edges(use_all_points=True, clear_data=True)
/cis/home/rwang183/my_documents/BDD/SpineDetect-shengwen-branch/SpineDetect/tpm_simulator/microns_env/lib/python3.12/site-packages/meshmash/utils.py:36: PyVistaDeprecationWarning: Parameter 'use_all_points' is deprecated since VTK < 9.2 is no longer supported. This parameter has no effect and is always `True`.
  edge_data = poly.extract_all_edges(use_all_points=True, clear_data=True)
/cis/home/rwang183/my_documents/BDD/SpineDetect-shengwen-branch/SpineDetect/tpm_simulator/microns_env/lib/python3.12/site-packages/meshmash/utils.py:36: PyVistaDeprecationWarning: Parameter 'use_all_points' is deprecated since VTK < 9.2 is no longer supported. This parameter has no effect and is always `True`.
  edge_data = poly.extract_all_edges(use_all_points=True, clear_data=True)
/cis/home/rwang183/my_documents/BDD/SpineDetect-shengwen-branch/SpineDetect/tpm_simulator/microns_env/lib/python3.12/site-packages/meshmash/utils.py:36: PyVistaDeprecationWarning: Parameter 'use_all_points' is deprecated since VTK < 9.2 is no longer supported. This parameter has no effect and is always `True`.
  edge_data = poly.extract_all_edges(use_all_points=True, clear_data=True)
/cis/home/rwang183/my_documents/BDD/SpineDetect-shengwen-branch/SpineDetect/tpm_simulator/microns_env/lib/python3.12/site-packages/meshmash/utils.py:36: PyVistaDeprecationWarning: Parameter 'use_all_points' is deprecated since VTK < 9.2 is no longer supported. This parameter has no effect and is always `True`.
  edge_data = poly.extract_all_edges(use_all_points=True, clear_data=True)
/cis/home/rwang183/my_documents/BDD/SpineDetect-shengwen-branch/SpineDetect/tpm_simulator/microns_env/lib/python3.12/site-packages/meshmash/utils.py:36: PyVistaDeprecationWarning: Parameter 'use_all_points' is deprecated since VTK < 9.2 is no longer supported. This parameter has no effect and is always `True`.
  edge_data = poly.extract_all_edges(use_all_points=True, clear_data=True)
/cis/home/rwang183/my_documents/BDD/SpineDetect-shengwen-branch/SpineDetect/tpm_simulator/microns_env/lib/python3.12/site-packages/meshmash/utils.py:36: PyVistaDeprecationWarning: Parameter 'use_all_points' is deprecated since VTK < 9.2 is no longer supported. This parameter has no effect and is always `True`.
  edge_data = poly.extract_all_edges(use_all_points=True, clear_data=True)
/cis/home/rwang183/my_documents/BDD/SpineDetect-shengwen-branch/SpineDetect/tpm_simulator/microns_env/lib/python3.12/site-packages/meshmash/utils.py:36: PyVistaDeprecationWarning: Parameter 'use_all_points' is deprecated since VTK < 9.2 is no longer supported. This parameter has no effect and is always `True`.
  edge_data = poly.extract_all_edges(use_all_points=True, clear_data=True)
/cis/home/rwang183/my_documents/BDD/SpineDetect-shengwen-branch/SpineDetect/tpm_simulator/microns_env/lib/python3.12/site-packages/meshmash/utils.py:36: PyVistaDeprecationWarning: Parameter 'use_all_points' is deprecated since VTK < 9.2 is no longer supported. This parameter has no effect and is always `True`.
  edge_data = poly.extract_all_edges(use_all_points=True, clear_data=True)
/cis/home/rwang183/my_documents/BDD/SpineDetect-shengwen-branch/SpineDetect/tpm_simulator/microns_env/lib/python3.12/site-packages/meshmash/utils.py:36: PyVistaDeprecationWarning: Parameter 'use_all_points' is deprecated since VTK < 9.2 is no longer supported. This parameter has no effect and is always `True`.
  edge_data = poly.extract_all_edges(use_all_points=True, clear_data=True)
/cis/home/rwang183/my_documents/BDD/SpineDetect-shengwen-branch/SpineDetect/tpm_simulator/microns_env/lib/python3.12/site-packages/meshmash/utils.py:36: PyVistaDeprecationWarning: Parameter 'use_all_points' is deprecated since VTK < 9.2 is no longer supported. This parameter has no effect and is always `True`.
  edge_data = poly.extract_all_edges(use_all_points=True, clear_data=True)
/cis/home/rwang183/my_documents/BDD/SpineDetect-shengwen-branch/SpineDetect/tpm_simulator/microns_env/lib/python3.12/site-packages/meshmash/utils.py:36: PyVistaDeprecationWarning: Parameter 'use_all_points' is deprecated since VTK < 9.2 is no longer supported. This parameter has no effect and is always `True`.
  edge_data = poly.extract_all_edges(use_all_points=True, clear_data=True)
/cis/home/rwang183/my_documents/BDD/SpineDetect-shengwen-branch/SpineDetect/tpm_simulator/microns_env/lib/python3.12/site-packages/meshmash/utils.py:36: PyVistaDeprecationWarning: Parameter 'use_all_points' is deprecated since VTK < 9.2 is no longer supported. This parameter has no effect and is always `True`.
  edge_data = poly.extract_all_edges(use_all_points=True, clear_data=True)
/cis/home/rwang183/my_documents/BDD/SpineDetect-shengwen-branch/SpineDetect/tpm_simulator/microns_env/lib/python3.12/site-packages/meshmash/utils.py:36: PyVistaDeprecationWarning: Parameter 'use_all_points' is deprecated since VTK < 9.2 is no longer supported. This parameter has no effect and is always `True`.
  edge_data = poly.extract_all_edges(use_all_points=True, clear_data=True)
/cis/home/rwang183/my_documents/BDD/SpineDetect-shengwen-branch/SpineDetect/tpm_simulator/microns_env/lib/python3.12/site-packages/meshmash/utils.py:36: PyVistaDeprecationWarning: Parameter 'use_all_points' is deprecated since VTK < 9.2 is no longer supported. This parameter has no effect and is always `True`.
  edge_data = poly.extract_all_edges(use_all_points=True, clear_data=True)
/cis/home/rwang183/my_documents/BDD/SpineDetect-shengwen-branch/SpineDetect/tpm_simulator/microns_env/lib/python3.12/site-packages/meshmash/utils.py:36: PyVistaDeprecationWarning: Parameter 'use_all_points' is deprecated since VTK < 9.2 is no longer supported. This parameter has no effect and is always `True`.
  edge_data = poly.extract_all_edges(use_all_points=True, clear_data=True)
/cis/home/rwang183/my_documents/BDD/SpineDetect-shengwen-branch/SpineDetect/tpm_simulator/microns_env/lib/python3.12/site-packages/meshmash/utils.py:36: PyVistaDeprecationWarning: Parameter 'use_all_points' is deprecated since VTK < 9.2 is no longer supported. This parameter has no effect and is always `True`.
  edge_data = poly.extract_all_edges(use_all_points=True, clear_data=True)
/cis/home/rwang183/my_documents/BDD/SpineDetect-shengwen-branch/SpineDetect/tpm_simulator/microns_env/lib/python3.12/site-packages/meshmash/utils.py:36: PyVistaDeprecationWarning: Parameter 'use_all_points' is deprecated since VTK < 9.2 is no longer supported. This parameter has no effect and is always `True`.
  edge_data = poly.extract_all_edges(use_all_points=True, clear_data=True)
/cis/home/rwang183/my_documents/BDD/SpineDetect-shengwen-branch/SpineDetect/tpm_simulator/microns_env/lib/python3.12/site-packages/meshmash/utils.py:36: PyVistaDeprecationWarning: Parameter 'use_all_points' is deprecated since VTK < 9.2 is no longer supported. This parameter has no effect and is always `True`.
  edge_data = poly.extract_all_edges(use_all_points=True, clear_data=True)
/cis/home/rwang183/my_documents/BDD/SpineDetect-shengwen-branch/SpineDetect/tpm_simulator/microns_env/lib/python3.12/site-packages/meshmash/utils.py:36: PyVistaDeprecationWarning: Parameter 'use_all_points' is deprecated since VTK < 9.2 is no longer supported. This parameter has no effect and is always `True`.
  edge_data = poly.extract_all_edges(use_all_points=True, clear_data=True)
/cis/home/rwang183/my_documents/BDD/SpineDetect-shengwen-branch/SpineDetect/tpm_simulator/microns_env/lib/python3.12/site-packages/meshmash/utils.py:36: PyVistaDeprecationWarning: Parameter 'use_all_points' is deprecated since VTK < 9.2 is no longer supported. This parameter has no effect and is always `True`.
  edge_data = poly.extract_all_edges(use_all_points=True, clear_data=True)

Applying function agglomerate_mesh:   1%|          | 1/93 [00:02<03:26,  2.25s/it]/cis/home/rwang183/my_documents/BDD/SpineDetect-shengwen-branch/SpineDetect/tpm_simulator/microns_env/lib/python3.12/site-packages/meshmash/utils.py:36: PyVistaDeprecationWarning: Parameter 'use_all_points' is deprecated since VTK < 9.2 is no longer supported. This parameter has no effect and is always `True`.
  edge_data = poly.extract_all_edges(use_all_points=True, clear_data=True)
/cis/home/rwang183/my_documents/BDD/SpineDetect-shengwen-branch/SpineDetect/tpm_simulator/microns_env/lib/python3.12/site-packages/meshmash/utils.py:36: PyVistaDeprecationWarning: Parameter 'use_all_points' is deprecated since VTK < 9.2 is no longer supported. This parameter has no effect and is always `True`.
  edge_data = poly.extract_all_edges(use_all_points=True, clear_data=True)

Applying function agglomerate_mesh:   5%|▌         | 5/93 [00:02<00:31,  2.77it/s]/cis/home/rwang183/my_documents/BDD/SpineDetect-shengwen-branch/SpineDetect/tpm_simulator/microns_env/lib/python3.12/site-packages/meshmash/utils.py:36: PyVistaDeprecationWarning: Parameter 'use_all_points' is deprecated since VTK < 9.2 is no longer supported. This parameter has no effect and is always `True`.
  edge_data = poly.extract_all_edges(use_all_points=True, clear_data=True)
/cis/home/rwang183/my_documents/BDD/SpineDetect-shengwen-branch/SpineDetect/tpm_simulator/microns_env/lib/python3.12/site-packages/meshmash/utils.py:36: PyVistaDeprecationWarning: Parameter 'use_all_points' is deprecated since VTK < 9.2 is no longer supported. This parameter has no effect and is always `True`.
  edge_data = poly.extract_all_edges(use_all_points=True, clear_data=True)

Applying function agglomerate_mesh:  10%|▉         | 9/93 [00:02<00:14,  5.63it/s]/cis/home/rwang183/my_documents/BDD/SpineDetect-shengwen-branch/SpineDetect/tpm_simulator/microns_env/lib/python3.12/site-packages/meshmash/utils.py:36: PyVistaDeprecationWarning: Parameter 'use_all_points' is deprecated since VTK < 9.2 is no longer supported. This parameter has no effect and is always `True`.
  edge_data = poly.extract_all_edges(use_all_points=True, clear_data=True)
/cis/home/rwang183/my_documents/BDD/SpineDetect-shengwen-branch/SpineDetect/tpm_simulator/microns_env/lib/python3.12/site-packages/meshmash/utils.py:36: PyVistaDeprecationWarning: Parameter 'use_all_points' is deprecated since VTK < 9.2 is no longer supported. This parameter has no effect and is always `True`.
  edge_data = poly.extract_all_edges(use_all_points=True, clear_data=True)
/cis/home/rwang183/my_documents/BDD/SpineDetect-shengwen-branch/SpineDetect/tpm_simulator/microns_env/lib/python3.12/site-packages/meshmash/utils.py:36: PyVistaDeprecationWarning: Parameter 'use_all_points' is deprecated since VTK < 9.2 is no longer supported. This parameter has no effect and is always `True`.
  edge_data = poly.extract_all_edges(use_all_points=True, clear_data=True)
/cis/home/rwang183/my_documents/BDD/SpineDetect-shengwen-branch/SpineDetect/tpm_simulator/microns_env/lib/python3.12/site-packages/meshmash/utils.py:36: PyVistaDeprecationWarning: Parameter 'use_all_points' is deprecated since VTK < 9.2 is no longer supported. This parameter has no effect and is always `True`.
  edge_data = poly.extract_all_edges(use_all_points=True, clear_data=True)
/cis/home/rwang183/my_documents/BDD/SpineDetect-shengwen-branch/SpineDetect/tpm_simulator/microns_env/lib/python3.12/site-packages/meshmash/utils.py:36: PyVistaDeprecationWarning: Parameter 'use_all_points' is deprecated since VTK < 9.2 is no longer supported. This parameter has no effect and is always `True`.
  edge_data = poly.extract_all_edges(use_all_points=True, clear_data=True)
/cis/home/rwang183/my_documents/BDD/SpineDetect-shengwen-branch/SpineDetect/tpm_simulator/microns_env/lib/python3.12/site-packages/meshmash/utils.py:36: PyVistaDeprecationWarning: Parameter 'use_all_points' is deprecated since VTK < 9.2 is no longer supported. This parameter has no effect and is always `True`.
  edge_data = poly.extract_all_edges(use_all_points=True, clear_data=True)

Applying function agglomerate_mesh:  16%|█▌        | 15/93 [00:02<00:07, 11.02it/s]/cis/home/rwang183/my_documents/BDD/SpineDetect-shengwen-branch/SpineDetect/tpm_simulator/microns_env/lib/python3.12/site-packages/meshmash/utils.py:36: PyVistaDeprecationWarning: Parameter 'use_all_points' is deprecated since VTK < 9.2 is no longer supported. This parameter has no effect and is always `True`.
  edge_data = poly.extract_all_edges(use_all_points=True, clear_data=True)
/cis/home/rwang183/my_documents/BDD/SpineDetect-shengwen-branch/SpineDetect/tpm_simulator/microns_env/lib/python3.12/site-packages/meshmash/utils.py:36: PyVistaDeprecationWarning: Parameter 'use_all_points' is deprecated since VTK < 9.2 is no longer supported. This parameter has no effect and is always `True`.
  edge_data = poly.extract_all_edges(use_all_points=True, clear_data=True)
/cis/home/rwang183/my_documents/BDD/SpineDetect-shengwen-branch/SpineDetect/tpm_simulator/microns_env/lib/python3.12/site-packages/meshmash/utils.py:36: PyVistaDeprecationWarning: Parameter 'use_all_points' is deprecated since VTK < 9.2 is no longer supported. This parameter has no effect and is always `True`.
  edge_data = poly.extract_all_edges(use_all_points=True, clear_data=True)

Applying function agglomerate_mesh:  26%|██▌       | 24/93 [00:02<00:03, 19.92it/s]
Applying function agglomerate_mesh:  35%|███▌      | 33/93 [00:02<00:02, 28.82it/s]
Applying function agglomerate_mesh:  44%|████▍     | 41/93 [00:02<00:01, 37.25it/s]
Applying function agglomerate_mesh:  52%|█████▏    | 48/93 [00:03<00:01, 39.85it/s]
Applying function agglomerate_mesh:  63%|██████▎   | 59/93 [00:03<00:00, 51.70it/s]
Applying function agglomerate_mesh:  75%|███████▌  | 70/93 [00:03<00:00, 62.25it/s]
Applying function agglomerate_mesh:  84%|████████▍ | 78/93 [00:03<00:00, 45.07it/s]
Applying function agglomerate_mesh:  91%|█████████▏| 85/93 [00:04<00:00, 28.50it/s]
Applying function agglomerate_mesh:  97%|█████████▋| 90/93 [00:04<00:00, 17.32it/s]
Applying function agglomerate_mesh: 100%|██████████| 93/93 [00:05<00:00, 16.06it/s]
/cis/home/rwang183/my_documents/BDD/SpineDetect-shengwen-branch/SpineDetect/tpm_simulator/microns_env/lib/python3.12/site-packages/meshmash/utils.py:26: PyVistaDeprecationWarning: Parameter 'use_all_points' is deprecated since VTK < 9.2 is no longer supported. This parameter has no effect and is always `True`.
  edge_data = poly.extract_all_edges(use_all_points=True, clear_data=True)
/cis/home/rwang183/my_documents/BDD/SpineDetect-shengwen-branch/SpineDetect/tpm_simulator/microns_env/lib/python3.12/site-packages/meshmash/utils.py:36: PyVistaDeprecationWarning: Parameter 'use_all_points' is deprecated since VTK < 9.2 is no longer supported. This parameter has no effect and is always `True`.
  edge_data = poly.extract_all_edges(use_all_points=True, clear_data=True)
/cis/home/rwang183/my_documents/BDD/SpineDetect-shengwen-branch/SpineDetect/tpm_simulator/microns_env/lib/python3.12/site-packages/meshmash/utils.py:36: PyVistaDeprecationWarning: Parameter 'use_all_points' is deprecated since VTK < 9.2 is no longer supported. This parameter has no effect and is always `True`.
  edge_data = poly.extract_all_edges(use_all_points=True, clear_data=True)
/cis/home/rwang183/my_documents/BDD/SpineDetect-shengwen-branch/SpineDetect/tpm_simulator/microns_env/lib/python3.12/site-packages/meshmash/utils.py:36: PyVistaDeprecationWarning: Parameter 'use_all_points' is deprecated since VTK < 9.2 is no longer supported. This parameter has no effect and is always `True`.
  edge_data = poly.extract_all_edges(use_all_points=True, clear_data=True)
/cis/home/rwang183/my_documents/BDD/SpineDetect-shengwen-branch/SpineDetect/tpm_simulator/microns_env/lib/python3.12/site-packages/meshmash/utils.py:36: PyVistaDeprecationWarning: Parameter 'use_all_points' is deprecated since VTK < 9.2 is no longer supported. This parameter has no effect and is always `True`.
  edge_data = poly.extract_all_edges(use_all_points=True, clear_data=True)
  Success! HKS computed for root_id 864691135058889115.

Processing root_id: 864691136238373436
  Loaded mesh with 1137614 vertices and 2292292 faces.
Subdividing mesh...
Meshes in queue: 3
Finding overlapping submeshes...
Computing HKS across submeshes...

Applying function compute_hks:   0%|          | 0/27 [00:00<?, ?it/s]
Applying function compute_hks:   4%|▎         | 1/27 [00:02<00:58,  2.27s/it]
Applying function compute_hks:   7%|▋         | 2/27 [00:03<00:44,  1.79s/it]
Applying function compute_hks:  11%|█         | 3/27 [00:03<00:25,  1.05s/it]
Applying function compute_hks:  15%|█▍        | 4/27 [00:04<00:17,  1.33it/s]
Applying function compute_hks:  22%|██▏       | 6/27 [00:04<00:08,  2.42it/s]
Applying function compute_hks:  30%|██▉       | 8/27 [00:05<00:06,  2.72it/s]
Applying function compute_hks:  33%|███▎      | 9/27 [00:05<00:05,  3.09it/s]
Applying function compute_hks:  37%|███▋      | 10/27 [00:08<00:16,  1.05it/s]
Applying function compute_hks:  41%|████      | 11/27 [00:08<00:12,  1.30it/s]
Applying function compute_hks:  44%|████▍     | 12/27 [00:09<00:14,  1.06it/s]
Applying function compute_hks:  52%|█████▏    | 14/27 [00:09<00:07,  1.81it/s]
Applying function compute_hks:  56%|█████▌    | 15/27 [00:09<00:05,  2.13it/s]
Applying function compute_hks:  59%|█████▉    | 16/27 [00:10<00:04,  2.62it/s]
Applying function compute_hks:  63%|██████▎   | 17/27 [00:10<00:04,  2.12it/s]
Applying function compute_hks:  67%|██████▋   | 18/27 [00:12<00:07,  1.24it/s]
Applying function compute_hks:  70%|███████   | 19/27 [00:12<00:04,  1.63it/s]
Applying function compute_hks:  74%|███████▍  | 20/27 [00:13<00:03,  1.81it/s]
Applying function compute_hks:  78%|███████▊  | 21/27 [00:13<00:03,  1.92it/s]
Applying function compute_hks:  81%|████████▏ | 22/27 [00:14<00:03,  1.29it/s]
Applying function compute_hks:  85%|████████▌ | 23/27 [00:21<00:10,  2.59s/it]
Applying function compute_hks:  89%|████████▉ | 24/27 [00:25<00:08,  2.80s/it]
Applying function compute_hks:  93%|█████████▎| 25/27 [00:26<00:04,  2.38s/it]
Applying function compute_hks:  96%|█████████▋| 26/27 [00:29<00:02,  2.46s/it]
Applying function compute_hks: 100%|██████████| 27/27 [00:30<00:00,  2.17s/it]
Applying function compute_hks: 100%|██████████| 27/27 [00:30<00:00,  1.14s/it]

Applying function agglomerate_mesh:   0%|          | 0/27 [00:00<?, ?it/s]/cis/home/rwang183/my_documents/BDD/SpineDetect-shengwen-branch/SpineDetect/tpm_simulator/microns_env/lib/python3.12/site-packages/meshmash/utils.py:36: PyVistaDeprecationWarning: Parameter 'use_all_points' is deprecated since VTK < 9.2 is no longer supported. This parameter has no effect and is always `True`.
  edge_data = poly.extract_all_edges(use_all_points=True, clear_data=True)
/cis/home/rwang183/my_documents/BDD/SpineDetect-shengwen-branch/SpineDetect/tpm_simulator/microns_env/lib/python3.12/site-packages/meshmash/utils.py:36: PyVistaDeprecationWarning: Parameter 'use_all_points' is deprecated since VTK < 9.2 is no longer supported. This parameter has no effect and is always `True`.
  edge_data = poly.extract_all_edges(use_all_points=True, clear_data=True)
/cis/home/rwang183/my_documents/BDD/SpineDetect-shengwen-branch/SpineDetect/tpm_simulator/microns_env/lib/python3.12/site-packages/meshmash/utils.py:36: PyVistaDeprecationWarning: Parameter 'use_all_points' is deprecated since VTK < 9.2 is no longer supported. This parameter has no effect and is always `True`.
  edge_data = poly.extract_all_edges(use_all_points=True, clear_data=True)
/cis/home/rwang183/my_documents/BDD/SpineDetect-shengwen-branch/SpineDetect/tpm_simulator/microns_env/lib/python3.12/site-packages/meshmash/utils.py:36: PyVistaDeprecationWarning: Parameter 'use_all_points' is deprecated since VTK < 9.2 is no longer supported. This parameter has no effect and is always `True`.
  edge_data = poly.extract_all_edges(use_all_points=True, clear_data=True)
/cis/home/rwang183/my_documents/BDD/SpineDetect-shengwen-branch/SpineDetect/tpm_simulator/microns_env/lib/python3.12/site-packages/meshmash/utils.py:36: PyVistaDeprecationWarning: Parameter 'use_all_points' is deprecated since VTK < 9.2 is no longer supported. This parameter has no effect and is always `True`.
  edge_data = poly.extract_all_edges(use_all_points=True, clear_data=True)
/cis/home/rwang183/my_documents/BDD/SpineDetect-shengwen-branch/SpineDetect/tpm_simulator/microns_env/lib/python3.12/site-packages/meshmash/utils.py:36: PyVistaDeprecationWarning: Parameter 'use_all_points' is deprecated since VTK < 9.2 is no longer supported. This parameter has no effect and is always `True`.
  edge_data = poly.extract_all_edges(use_all_points=True, clear_data=True)
/cis/home/rwang183/my_documents/BDD/SpineDetect-shengwen-branch/SpineDetect/tpm_simulator/microns_env/lib/python3.12/site-packages/meshmash/utils.py:36: PyVistaDeprecationWarning: Parameter 'use_all_points' is deprecated since VTK < 9.2 is no longer supported. This parameter has no effect and is always `True`.
  edge_data = poly.extract_all_edges(use_all_points=True, clear_data=True)
/cis/home/rwang183/my_documents/BDD/SpineDetect-shengwen-branch/SpineDetect/tpm_simulator/microns_env/lib/python3.12/site-packages/meshmash/utils.py:36: PyVistaDeprecationWarning: Parameter 'use_all_points' is deprecated since VTK < 9.2 is no longer supported. This parameter has no effect and is always `True`.
  edge_data = poly.extract_all_edges(use_all_points=True, clear_data=True)
/cis/home/rwang183/my_documents/BDD/SpineDetect-shengwen-branch/SpineDetect/tpm_simulator/microns_env/lib/python3.12/site-packages/meshmash/utils.py:36: PyVistaDeprecationWarning: Parameter 'use_all_points' is deprecated since VTK < 9.2 is no longer supported. This parameter has no effect and is always `True`.
  edge_data = poly.extract_all_edges(use_all_points=True, clear_data=True)
/cis/home/rwang183/my_documents/BDD/SpineDetect-shengwen-branch/SpineDetect/tpm_simulator/microns_env/lib/python3.12/site-packages/meshmash/utils.py:36: PyVistaDeprecationWarning: Parameter 'use_all_points' is deprecated since VTK < 9.2 is no longer supported. This parameter has no effect and is always `True`.
  edge_data = poly.extract_all_edges(use_all_points=True, clear_data=True)
/cis/home/rwang183/my_documents/BDD/SpineDetect-shengwen-branch/SpineDetect/tpm_simulator/microns_env/lib/python3.12/site-packages/meshmash/utils.py:36: PyVistaDeprecationWarning: Parameter 'use_all_points' is deprecated since VTK < 9.2 is no longer supported. This parameter has no effect and is always `True`.
  edge_data = poly.extract_all_edges(use_all_points=True, clear_data=True)
/cis/home/rwang183/my_documents/BDD/SpineDetect-shengwen-branch/SpineDetect/tpm_simulator/microns_env/lib/python3.12/site-packages/meshmash/utils.py:36: PyVistaDeprecationWarning: Parameter 'use_all_points' is deprecated since VTK < 9.2 is no longer supported. This parameter has no effect and is always `True`.
  edge_data = poly.extract_all_edges(use_all_points=True, clear_data=True)
/cis/home/rwang183/my_documents/BDD/SpineDetect-shengwen-branch/SpineDetect/tpm_simulator/microns_env/lib/python3.12/site-packages/meshmash/utils.py:36: PyVistaDeprecationWarning: Parameter 'use_all_points' is deprecated since VTK < 9.2 is no longer supported. This parameter has no effect and is always `True`.
  edge_data = poly.extract_all_edges(use_all_points=True, clear_data=True)
/cis/home/rwang183/my_documents/BDD/SpineDetect-shengwen-branch/SpineDetect/tpm_simulator/microns_env/lib/python3.12/site-packages/meshmash/utils.py:36: PyVistaDeprecationWarning: Parameter 'use_all_points' is deprecated since VTK < 9.2 is no longer supported. This parameter has no effect and is always `True`.
  edge_data = poly.extract_all_edges(use_all_points=True, clear_data=True)
/cis/home/rwang183/my_documents/BDD/SpineDetect-shengwen-branch/SpineDetect/tpm_simulator/microns_env/lib/python3.12/site-packages/meshmash/utils.py:36: PyVistaDeprecationWarning: Parameter 'use_all_points' is deprecated since VTK < 9.2 is no longer supported. This parameter has no effect and is always `True`.
  edge_data = poly.extract_all_edges(use_all_points=True, clear_data=True)
/cis/home/rwang183/my_documents/BDD/SpineDetect-shengwen-branch/SpineDetect/tpm_simulator/microns_env/lib/python3.12/site-packages/meshmash/utils.py:36: PyVistaDeprecationWarning: Parameter 'use_all_points' is deprecated since VTK < 9.2 is no longer supported. This parameter has no effect and is always `True`.
  edge_data = poly.extract_all_edges(use_all_points=True, clear_data=True)
/cis/home/rwang183/my_documents/BDD/SpineDetect-shengwen-branch/SpineDetect/tpm_simulator/microns_env/lib/python3.12/site-packages/meshmash/utils.py:36: PyVistaDeprecationWarning: Parameter 'use_all_points' is deprecated since VTK < 9.2 is no longer supported. This parameter has no effect and is always `True`.
  edge_data = poly.extract_all_edges(use_all_points=True, clear_data=True)
/cis/home/rwang183/my_documents/BDD/SpineDetect-shengwen-branch/SpineDetect/tpm_simulator/microns_env/lib/python3.12/site-packages/meshmash/utils.py:36: PyVistaDeprecationWarning: Parameter 'use_all_points' is deprecated since VTK < 9.2 is no longer supported. This parameter has no effect and is always `True`.
  edge_data = poly.extract_all_edges(use_all_points=True, clear_data=True)
/cis/home/rwang183/my_documents/BDD/SpineDetect-shengwen-branch/SpineDetect/tpm_simulator/microns_env/lib/python3.12/site-packages/meshmash/utils.py:36: PyVistaDeprecationWarning: Parameter 'use_all_points' is deprecated since VTK < 9.2 is no longer supported. This parameter has no effect and is always `True`.
  edge_data = poly.extract_all_edges(use_all_points=True, clear_data=True)
/cis/home/rwang183/my_documents/BDD/SpineDetect-shengwen-branch/SpineDetect/tpm_simulator/microns_env/lib/python3.12/site-packages/meshmash/utils.py:36: PyVistaDeprecationWarning: Parameter 'use_all_points' is deprecated since VTK < 9.2 is no longer supported. This parameter has no effect and is always `True`.
  edge_data = poly.extract_all_edges(use_all_points=True, clear_data=True)
/cis/home/rwang183/my_documents/BDD/SpineDetect-shengwen-branch/SpineDetect/tpm_simulator/microns_env/lib/python3.12/site-packages/meshmash/utils.py:36: PyVistaDeprecationWarning: Parameter 'use_all_points' is deprecated since VTK < 9.2 is no longer supported. This parameter has no effect and is always `True`.
  edge_data = poly.extract_all_edges(use_all_points=True, clear_data=True)
/cis/home/rwang183/my_documents/BDD/SpineDetect-shengwen-branch/SpineDetect/tpm_simulator/microns_env/lib/python3.12/site-packages/meshmash/utils.py:36: PyVistaDeprecationWarning: Parameter 'use_all_points' is deprecated since VTK < 9.2 is no longer supported. This parameter has no effect and is always `True`.
  edge_data = poly.extract_all_edges(use_all_points=True, clear_data=True)
/cis/home/rwang183/my_documents/BDD/SpineDetect-shengwen-branch/SpineDetect/tpm_simulator/microns_env/lib/python3.12/site-packages/meshmash/utils.py:36: PyVistaDeprecationWarning: Parameter 'use_all_points' is deprecated since VTK < 9.2 is no longer supported. This parameter has no effect and is always `True`.
  edge_data = poly.extract_all_edges(use_all_points=True, clear_data=True)
/cis/home/rwang183/my_documents/BDD/SpineDetect-shengwen-branch/SpineDetect/tpm_simulator/microns_env/lib/python3.12/site-packages/meshmash/utils.py:36: PyVistaDeprecationWarning: Parameter 'use_all_points' is deprecated since VTK < 9.2 is no longer supported. This parameter has no effect and is always `True`.
  edge_data = poly.extract_all_edges(use_all_points=True, clear_data=True)
/cis/home/rwang183/my_documents/BDD/SpineDetect-shengwen-branch/SpineDetect/tpm_simulator/microns_env/lib/python3.12/site-packages/meshmash/utils.py:36: PyVistaDeprecationWarning: Parameter 'use_all_points' is deprecated since VTK < 9.2 is no longer supported. This parameter has no effect and is always `True`.
  edge_data = poly.extract_all_edges(use_all_points=True, clear_data=True)
/cis/home/rwang183/my_documents/BDD/SpineDetect-shengwen-branch/SpineDetect/tpm_simulator/microns_env/lib/python3.12/site-packages/meshmash/utils.py:36: PyVistaDeprecationWarning: Parameter 'use_all_points' is deprecated since VTK < 9.2 is no longer supported. This parameter has no effect and is always `True`.
  edge_data = poly.extract_all_edges(use_all_points=True, clear_data=True)
/cis/home/rwang183/my_documents/BDD/SpineDetect-shengwen-branch/SpineDetect/tpm_simulator/microns_env/lib/python3.12/site-packages/meshmash/utils.py:36: PyVistaDeprecationWarning: Parameter 'use_all_points' is deprecated since VTK < 9.2 is no longer supported. This parameter has no effect and is always `True`.
  edge_data = poly.extract_all_edges(use_all_points=True, clear_data=True)

Applying function agglomerate_mesh:   4%|▎         | 1/27 [00:00<00:23,  1.09it/s]
Applying function agglomerate_mesh:  26%|██▌       | 7/27 [00:01<00:02,  8.68it/s]
Applying function agglomerate_mesh:  37%|███▋      | 10/27 [00:01<00:01,  9.00it/s]
Applying function agglomerate_mesh:  44%|████▍     | 12/27 [00:01<00:01,  9.53it/s]
Applying function agglomerate_mesh:  59%|█████▉    | 16/27 [00:01<00:00, 11.41it/s]
Applying function agglomerate_mesh:  78%|███████▊  | 21/27 [00:02<00:00, 14.85it/s]
Applying function agglomerate_mesh:  85%|████████▌ | 23/27 [00:02<00:00,  9.98it/s]
Applying function agglomerate_mesh:  93%|█████████▎| 25/27 [00:02<00:00,  7.55it/s]
Applying function agglomerate_mesh: 100%|██████████| 27/27 [00:03<00:00,  7.69it/s]
Applying function agglomerate_mesh: 100%|██████████| 27/27 [00:03<00:00,  8.16it/s]
/cis/home/rwang183/my_documents/BDD/SpineDetect-shengwen-branch/SpineDetect/tpm_simulator/microns_env/lib/python3.12/site-packages/meshmash/utils.py:26: PyVistaDeprecationWarning: Parameter 'use_all_points' is deprecated since VTK < 9.2 is no longer supported. This parameter has no effect and is always `True`.
  edge_data = poly.extract_all_edges(use_all_points=True, clear_data=True)
/cis/home/rwang183/my_documents/BDD/SpineDetect-shengwen-branch/SpineDetect/tpm_simulator/microns_env/lib/python3.12/site-packages/meshmash/utils.py:36: PyVistaDeprecationWarning: Parameter 'use_all_points' is deprecated since VTK < 9.2 is no longer supported. This parameter has no effect and is always `True`.
  edge_data = poly.extract_all_edges(use_all_points=True, clear_data=True)
/cis/home/rwang183/my_documents/BDD/SpineDetect-shengwen-branch/SpineDetect/tpm_simulator/microns_env/lib/python3.12/site-packages/meshmash/utils.py:36: PyVistaDeprecationWarning: Parameter 'use_all_points' is deprecated since VTK < 9.2 is no longer supported. This parameter has no effect and is always `True`.
  edge_data = poly.extract_all_edges(use_all_points=True, clear_data=True)
/cis/home/rwang183/my_documents/BDD/SpineDetect-shengwen-branch/SpineDetect/tpm_simulator/microns_env/lib/python3.12/site-packages/meshmash/utils.py:36: PyVistaDeprecationWarning: Parameter 'use_all_points' is deprecated since VTK < 9.2 is no longer supported. This parameter has no effect and is always `True`.
  edge_data = poly.extract_all_edges(use_all_points=True, clear_data=True)
/cis/home/rwang183/my_documents/BDD/SpineDetect-shengwen-branch/SpineDetect/tpm_simulator/microns_env/lib/python3.12/site-packages/meshmash/utils.py:36: PyVistaDeprecationWarning: Parameter 'use_all_points' is deprecated since VTK < 9.2 is no longer supported. This parameter has no effect and is always `True`.
  edge_data = poly.extract_all_edges(use_all_points=True, clear_data=True)
  Success! HKS computed for root_id 864691136238373436.

Processing root_id: 864691136539123618
  Loaded mesh with 2852651 vertices and 5698023 faces.
Subdividing mesh...
Meshes in queue: 2
Meshes in queue: 8
Finding overlapping submeshes...
Computing HKS across submeshes...

Applying function compute_hks:   0%|          | 0/64 [00:00<?, ?it/s]
Applying function compute_hks:   2%|▏         | 1/64 [00:00<00:23,  2.74it/s]
Applying function compute_hks:   3%|▎         | 2/64 [00:04<02:54,  2.82s/it]
Applying function compute_hks:   5%|▍         | 3/64 [00:10<04:13,  4.16s/it]
Applying function compute_hks:   6%|▋         | 4/64 [00:10<02:36,  2.61s/it]
Applying function compute_hks:   8%|▊         | 5/64 [00:11<01:47,  1.83s/it]
Applying function compute_hks:   9%|▉         | 6/64 [00:11<01:13,  1.27s/it]
Applying function compute_hks:  11%|█         | 7/64 [00:11<00:54,  1.05it/s]
Applying function compute_hks:  12%|█▎        | 8/64 [00:12<00:50,  1.11it/s]
Applying function compute_hks:  14%|█▍        | 9/64 [00:12<00:37,  1.48it/s]
Applying function compute_hks:  16%|█▌        | 10/64 [00:12<00:27,  1.97it/s]
Applying function compute_hks:  19%|█▉        | 12/64 [00:13<00:19,  2.65it/s]
Applying function compute_hks:  20%|██        | 13/64 [00:14<00:26,  1.90it/s]
Applying function compute_hks:  22%|██▏       | 14/64 [00:14<00:21,  2.34it/s]
Applying function compute_hks:  23%|██▎       | 15/64 [00:14<00:19,  2.48it/s]
Applying function compute_hks:  27%|██▋       | 17/64 [00:15<00:18,  2.50it/s]
Applying function compute_hks:  28%|██▊       | 18/64 [00:17<00:30,  1.53it/s]
Applying function compute_hks:  30%|██▉       | 19/64 [00:17<00:30,  1.50it/s]
Applying function compute_hks:  33%|███▎      | 21/64 [00:18<00:22,  1.90it/s]
Applying function compute_hks:  34%|███▍      | 22/64 [00:19<00:22,  1.85it/s]
Applying function compute_hks:  36%|███▌      | 23/64 [00:20<00:29,  1.40it/s]
Applying function compute_hks:  39%|███▉      | 25/64 [00:20<00:18,  2.14it/s]
Applying function compute_hks:  41%|████      | 26/64 [00:21<00:26,  1.46it/s]
Applying function compute_hks:  42%|████▏     | 27/64 [00:22<00:20,  1.83it/s]
Applying function compute_hks:  45%|████▌     | 29/64 [00:22<00:14,  2.37it/s]
Applying function compute_hks:  48%|████▊     | 31/64 [00:23<00:11,  2.84it/s]
Applying function compute_hks:  50%|█████     | 32/64 [00:23<00:12,  2.54it/s]
Applying function compute_hks:  52%|█████▏    | 33/64 [00:24<00:15,  2.05it/s]
Applying function compute_hks:  53%|█████▎    | 34/64 [00:24<00:13,  2.30it/s]
Applying function compute_hks:  55%|█████▍    | 35/64 [00:24<00:10,  2.84it/s]
Applying function compute_hks:  56%|█████▋    | 36/64 [00:25<00:11,  2.38it/s]
Applying function compute_hks:  58%|█████▊    | 37/64 [00:25<00:12,  2.23it/s]
Applying function compute_hks:  59%|█████▉    | 38/64 [00:26<00:09,  2.75it/s]
Applying function compute_hks:  61%|██████    | 39/64 [00:27<00:14,  1.68it/s]
Applying function compute_hks:  62%|██████▎   | 40/64 [00:27<00:12,  1.89it/s]
Applying function compute_hks:  66%|██████▌   | 42/64 [00:28<00:10,  2.11it/s]
Applying function compute_hks:  67%|██████▋   | 43/64 [00:30<00:18,  1.13it/s]
Applying function compute_hks:  69%|██████▉   | 44/64 [00:31<00:18,  1.07it/s]
Applying function compute_hks:  70%|███████   | 45/64 [00:31<00:13,  1.41it/s]
Applying function compute_hks:  72%|███████▏  | 46/64 [00:31<00:10,  1.78it/s]
Applying function compute_hks:  73%|███████▎  | 47/64 [00:32<00:08,  2.10it/s]
Applying function compute_hks:  78%|███████▊  | 50/64 [00:32<00:03,  3.60it/s]
Applying function compute_hks:  80%|███████▉  | 51/64 [00:33<00:04,  2.94it/s]
Applying function compute_hks:  81%|████████▏ | 52/64 [00:33<00:03,  3.05it/s]
Applying function compute_hks:  83%|████████▎ | 53/64 [00:35<00:08,  1.25it/s]
Applying function compute_hks:  84%|████████▍ | 54/64 [00:35<00:06,  1.56it/s]
Applying function compute_hks:  86%|████████▌ | 55/64 [00:36<00:06,  1.31it/s]
Applying function compute_hks:  88%|████████▊ | 56/64 [00:38<00:07,  1.03it/s]
Applying function compute_hks:  89%|████████▉ | 57/64 [00:45<00:18,  2.66s/it]
Applying function compute_hks:  91%|█████████ | 58/64 [00:46<00:13,  2.24s/it]
Applying function compute_hks:  92%|█████████▏| 59/64 [00:47<00:08,  1.76s/it]
Applying function compute_hks:  94%|█████████▍| 60/64 [00:48<00:06,  1.67s/it]
Applying function compute_hks:  95%|█████████▌| 61/64 [00:48<00:03,  1.26s/it]
Applying function compute_hks:  98%|█████████▊| 63/64 [00:49<00:00,  1.25it/s]
Applying function compute_hks: 100%|██████████| 64/64 [00:49<00:00,  1.44it/s]
Applying function compute_hks: 100%|██████████| 64/64 [00:49<00:00,  1.28it/s]

Applying function agglomerate_mesh:   0%|          | 0/64 [00:00<?, ?it/s]/cis/home/rwang183/my_documents/BDD/SpineDetect-shengwen-branch/SpineDetect/tpm_simulator/microns_env/lib/python3.12/site-packages/meshmash/utils.py:36: PyVistaDeprecationWarning: Parameter 'use_all_points' is deprecated since VTK < 9.2 is no longer supported. This parameter has no effect and is always `True`.
  edge_data = poly.extract_all_edges(use_all_points=True, clear_data=True)
/cis/home/rwang183/my_documents/BDD/SpineDetect-shengwen-branch/SpineDetect/tpm_simulator/microns_env/lib/python3.12/site-packages/meshmash/utils.py:36: PyVistaDeprecationWarning: Parameter 'use_all_points' is deprecated since VTK < 9.2 is no longer supported. This parameter has no effect and is always `True`.
  edge_data = poly.extract_all_edges(use_all_points=True, clear_data=True)
/cis/home/rwang183/my_documents/BDD/SpineDetect-shengwen-branch/SpineDetect/tpm_simulator/microns_env/lib/python3.12/site-packages/meshmash/utils.py:36: PyVistaDeprecationWarning: Parameter 'use_all_points' is deprecated since VTK < 9.2 is no longer supported. This parameter has no effect and is always `True`.
  edge_data = poly.extract_all_edges(use_all_points=True, clear_data=True)
/cis/home/rwang183/my_documents/BDD/SpineDetect-shengwen-branch/SpineDetect/tpm_simulator/microns_env/lib/python3.12/site-packages/meshmash/utils.py:36: PyVistaDeprecationWarning: Parameter 'use_all_points' is deprecated since VTK < 9.2 is no longer supported. This parameter has no effect and is always `True`.
  edge_data = poly.extract_all_edges(use_all_points=True, clear_data=True)
/cis/home/rwang183/my_documents/BDD/SpineDetect-shengwen-branch/SpineDetect/tpm_simulator/microns_env/lib/python3.12/site-packages/meshmash/utils.py:36: PyVistaDeprecationWarning: Parameter 'use_all_points' is deprecated since VTK < 9.2 is no longer supported. This parameter has no effect and is always `True`.
  edge_data = poly.extract_all_edges(use_all_points=True, clear_data=True)
/cis/home/rwang183/my_documents/BDD/SpineDetect-shengwen-branch/SpineDetect/tpm_simulator/microns_env/lib/python3.12/site-packages/meshmash/utils.py:36: PyVistaDeprecationWarning: Parameter 'use_all_points' is deprecated since VTK < 9.2 is no longer supported. This parameter has no effect and is always `True`.
  edge_data = poly.extract_all_edges(use_all_points=True, clear_data=True)
/cis/home/rwang183/my_documents/BDD/SpineDetect-shengwen-branch/SpineDetect/tpm_simulator/microns_env/lib/python3.12/site-packages/meshmash/utils.py:36: PyVistaDeprecationWarning: Parameter 'use_all_points' is deprecated since VTK < 9.2 is no longer supported. This parameter has no effect and is always `True`.
  edge_data = poly.extract_all_edges(use_all_points=True, clear_data=True)
/cis/home/rwang183/my_documents/BDD/SpineDetect-shengwen-branch/SpineDetect/tpm_simulator/microns_env/lib/python3.12/site-packages/meshmash/utils.py:36: PyVistaDeprecationWarning: Parameter 'use_all_points' is deprecated since VTK < 9.2 is no longer supported. This parameter has no effect and is always `True`.
  edge_data = poly.extract_all_edges(use_all_points=True, clear_data=True)
/cis/home/rwang183/my_documents/BDD/SpineDetect-shengwen-branch/SpineDetect/tpm_simulator/microns_env/lib/python3.12/site-packages/meshmash/utils.py:36: PyVistaDeprecationWarning: Parameter 'use_all_points' is deprecated since VTK < 9.2 is no longer supported. This parameter has no effect and is always `True`.
  edge_data = poly.extract_all_edges(use_all_points=True, clear_data=True)
/cis/home/rwang183/my_documents/BDD/SpineDetect-shengwen-branch/SpineDetect/tpm_simulator/microns_env/lib/python3.12/site-packages/meshmash/utils.py:36: PyVistaDeprecationWarning: Parameter 'use_all_points' is deprecated since VTK < 9.2 is no longer supported. This parameter has no effect and is always `True`.
  edge_data = poly.extract_all_edges(use_all_points=True, clear_data=True)
/cis/home/rwang183/my_documents/BDD/SpineDetect-shengwen-branch/SpineDetect/tpm_simulator/microns_env/lib/python3.12/site-packages/meshmash/utils.py:36: PyVistaDeprecationWarning: Parameter 'use_all_points' is deprecated since VTK < 9.2 is no longer supported. This parameter has no effect and is always `True`.
  edge_data = poly.extract_all_edges(use_all_points=True, clear_data=True)
/cis/home/rwang183/my_documents/BDD/SpineDetect-shengwen-branch/SpineDetect/tpm_simulator/microns_env/lib/python3.12/site-packages/meshmash/utils.py:36: PyVistaDeprecationWarning: Parameter 'use_all_points' is deprecated since VTK < 9.2 is no longer supported. This parameter has no effect and is always `True`.
  edge_data = poly.extract_all_edges(use_all_points=True, clear_data=True)
/cis/home/rwang183/my_documents/BDD/SpineDetect-shengwen-branch/SpineDetect/tpm_simulator/microns_env/lib/python3.12/site-packages/meshmash/utils.py:36: PyVistaDeprecationWarning: Parameter 'use_all_points' is deprecated since VTK < 9.2 is no longer supported. This parameter has no effect and is always `True`.
  edge_data = poly.extract_all_edges(use_all_points=True, clear_data=True)
/cis/home/rwang183/my_documents/BDD/SpineDetect-shengwen-branch/SpineDetect/tpm_simulator/microns_env/lib/python3.12/site-packages/meshmash/utils.py:36: PyVistaDeprecationWarning: Parameter 'use_all_points' is deprecated since VTK < 9.2 is no longer supported. This parameter has no effect and is always `True`.
  edge_data = poly.extract_all_edges(use_all_points=True, clear_data=True)
/cis/home/rwang183/my_documents/BDD/SpineDetect-shengwen-branch/SpineDetect/tpm_simulator/microns_env/lib/python3.12/site-packages/meshmash/utils.py:36: PyVistaDeprecationWarning: Parameter 'use_all_points' is deprecated since VTK < 9.2 is no longer supported. This parameter has no effect and is always `True`.
  edge_data = poly.extract_all_edges(use_all_points=True, clear_data=True)
/cis/home/rwang183/my_documents/BDD/SpineDetect-shengwen-branch/SpineDetect/tpm_simulator/microns_env/lib/python3.12/site-packages/meshmash/utils.py:36: PyVistaDeprecationWarning: Parameter 'use_all_points' is deprecated since VTK < 9.2 is no longer supported. This parameter has no effect and is always `True`.
  edge_data = poly.extract_all_edges(use_all_points=True, clear_data=True)
/cis/home/rwang183/my_documents/BDD/SpineDetect-shengwen-branch/SpineDetect/tpm_simulator/microns_env/lib/python3.12/site-packages/meshmash/utils.py:36: PyVistaDeprecationWarning: Parameter 'use_all_points' is deprecated since VTK < 9.2 is no longer supported. This parameter has no effect and is always `True`.
  edge_data = poly.extract_all_edges(use_all_points=True, clear_data=True)
/cis/home/rwang183/my_documents/BDD/SpineDetect-shengwen-branch/SpineDetect/tpm_simulator/microns_env/lib/python3.12/site-packages/meshmash/utils.py:36: PyVistaDeprecationWarning: Parameter 'use_all_points' is deprecated since VTK < 9.2 is no longer supported. This parameter has no effect and is always `True`.
  edge_data = poly.extract_all_edges(use_all_points=True, clear_data=True)
/cis/home/rwang183/my_documents/BDD/SpineDetect-shengwen-branch/SpineDetect/tpm_simulator/microns_env/lib/python3.12/site-packages/meshmash/utils.py:36: PyVistaDeprecationWarning: Parameter 'use_all_points' is deprecated since VTK < 9.2 is no longer supported. This parameter has no effect and is always `True`.
  edge_data = poly.extract_all_edges(use_all_points=True, clear_data=True)
/cis/home/rwang183/my_documents/BDD/SpineDetect-shengwen-branch/SpineDetect/tpm_simulator/microns_env/lib/python3.12/site-packages/meshmash/utils.py:36: PyVistaDeprecationWarning: Parameter 'use_all_points' is deprecated since VTK < 9.2 is no longer supported. This parameter has no effect and is always `True`.
  edge_data = poly.extract_all_edges(use_all_points=True, clear_data=True)
/cis/home/rwang183/my_documents/BDD/SpineDetect-shengwen-branch/SpineDetect/tpm_simulator/microns_env/lib/python3.12/site-packages/meshmash/utils.py:36: PyVistaDeprecationWarning: Parameter 'use_all_points' is deprecated since VTK < 9.2 is no longer supported. This parameter has no effect and is always `True`.
  edge_data = poly.extract_all_edges(use_all_points=True, clear_data=True)
/cis/home/rwang183/my_documents/BDD/SpineDetect-shengwen-branch/SpineDetect/tpm_simulator/microns_env/lib/python3.12/site-packages/meshmash/utils.py:36: PyVistaDeprecationWarning: Parameter 'use_all_points' is deprecated since VTK < 9.2 is no longer supported. This parameter has no effect and is always `True`.
  edge_data = poly.extract_all_edges(use_all_points=True, clear_data=True)
/cis/home/rwang183/my_documents/BDD/SpineDetect-shengwen-branch/SpineDetect/tpm_simulator/microns_env/lib/python3.12/site-packages/meshmash/utils.py:36: PyVistaDeprecationWarning: Parameter 'use_all_points' is deprecated since VTK < 9.2 is no longer supported. This parameter has no effect and is always `True`.
  edge_data = poly.extract_all_edges(use_all_points=True, clear_data=True)
/cis/home/rwang183/my_documents/BDD/SpineDetect-shengwen-branch/SpineDetect/tpm_simulator/microns_env/lib/python3.12/site-packages/meshmash/utils.py:36: PyVistaDeprecationWarning: Parameter 'use_all_points' is deprecated since VTK < 9.2 is no longer supported. This parameter has no effect and is always `True`.
  edge_data = poly.extract_all_edges(use_all_points=True, clear_data=True)
/cis/home/rwang183/my_documents/BDD/SpineDetect-shengwen-branch/SpineDetect/tpm_simulator/microns_env/lib/python3.12/site-packages/meshmash/utils.py:36: PyVistaDeprecationWarning: Parameter 'use_all_points' is deprecated since VTK < 9.2 is no longer supported. This parameter has no effect and is always `True`.
  edge_data = poly.extract_all_edges(use_all_points=True, clear_data=True)
/cis/home/rwang183/my_documents/BDD/SpineDetect-shengwen-branch/SpineDetect/tpm_simulator/microns_env/lib/python3.12/site-packages/meshmash/utils.py:36: PyVistaDeprecationWarning: Parameter 'use_all_points' is deprecated since VTK < 9.2 is no longer supported. This parameter has no effect and is always `True`.
  edge_data = poly.extract_all_edges(use_all_points=True, clear_data=True)
/cis/home/rwang183/my_documents/BDD/SpineDetect-shengwen-branch/SpineDetect/tpm_simulator/microns_env/lib/python3.12/site-packages/meshmash/utils.py:36: PyVistaDeprecationWarning: Parameter 'use_all_points' is deprecated since VTK < 9.2 is no longer supported. This parameter has no effect and is always `True`.
  edge_data = poly.extract_all_edges(use_all_points=True, clear_data=True)
/cis/home/rwang183/my_documents/BDD/SpineDetect-shengwen-branch/SpineDetect/tpm_simulator/microns_env/lib/python3.12/site-packages/meshmash/utils.py:36: PyVistaDeprecationWarning: Parameter 'use_all_points' is deprecated since VTK < 9.2 is no longer supported. This parameter has no effect and is always `True`.
  edge_data = poly.extract_all_edges(use_all_points=True, clear_data=True)
/cis/home/rwang183/my_documents/BDD/SpineDetect-shengwen-branch/SpineDetect/tpm_simulator/microns_env/lib/python3.12/site-packages/meshmash/utils.py:36: PyVistaDeprecationWarning: Parameter 'use_all_points' is deprecated since VTK < 9.2 is no longer supported. This parameter has no effect and is always `True`.
  edge_data = poly.extract_all_edges(use_all_points=True, clear_data=True)
/cis/home/rwang183/my_documents/BDD/SpineDetect-shengwen-branch/SpineDetect/tpm_simulator/microns_env/lib/python3.12/site-packages/meshmash/utils.py:36: PyVistaDeprecationWarning: Parameter 'use_all_points' is deprecated since VTK < 9.2 is no longer supported. This parameter has no effect and is always `True`.
  edge_data = poly.extract_all_edges(use_all_points=True, clear_data=True)
/cis/home/rwang183/my_documents/BDD/SpineDetect-shengwen-branch/SpineDetect/tpm_simulator/microns_env/lib/python3.12/site-packages/meshmash/utils.py:36: PyVistaDeprecationWarning: Parameter 'use_all_points' is deprecated since VTK < 9.2 is no longer supported. This parameter has no effect and is always `True`.
  edge_data = poly.extract_all_edges(use_all_points=True, clear_data=True)
/cis/home/rwang183/my_documents/BDD/SpineDetect-shengwen-branch/SpineDetect/tpm_simulator/microns_env/lib/python3.12/site-packages/meshmash/utils.py:36: PyVistaDeprecationWarning: Parameter 'use_all_points' is deprecated since VTK < 9.2 is no longer supported. This parameter has no effect and is always `True`.
  edge_data = poly.extract_all_edges(use_all_points=True, clear_data=True)
/cis/home/rwang183/my_documents/BDD/SpineDetect-shengwen-branch/SpineDetect/tpm_simulator/microns_env/lib/python3.12/site-packages/meshmash/utils.py:36: PyVistaDeprecationWarning: Parameter 'use_all_points' is deprecated since VTK < 9.2 is no longer supported. This parameter has no effect and is always `True`.
  edge_data = poly.extract_all_edges(use_all_points=True, clear_data=True)
/cis/home/rwang183/my_documents/BDD/SpineDetect-shengwen-branch/SpineDetect/tpm_simulator/microns_env/lib/python3.12/site-packages/meshmash/utils.py:36: PyVistaDeprecationWarning: Parameter 'use_all_points' is deprecated since VTK < 9.2 is no longer supported. This parameter has no effect and is always `True`.
  edge_data = poly.extract_all_edges(use_all_points=True, clear_data=True)
/cis/home/rwang183/my_documents/BDD/SpineDetect-shengwen-branch/SpineDetect/tpm_simulator/microns_env/lib/python3.12/site-packages/meshmash/utils.py:36: PyVistaDeprecationWarning: Parameter 'use_all_points' is deprecated since VTK < 9.2 is no longer supported. This parameter has no effect and is always `True`.
  edge_data = poly.extract_all_edges(use_all_points=True, clear_data=True)
/cis/home/rwang183/my_documents/BDD/SpineDetect-shengwen-branch/SpineDetect/tpm_simulator/microns_env/lib/python3.12/site-packages/meshmash/utils.py:36: PyVistaDeprecationWarning: Parameter 'use_all_points' is deprecated since VTK < 9.2 is no longer supported. This parameter has no effect and is always `True`.
  edge_data = poly.extract_all_edges(use_all_points=True, clear_data=True)
/cis/home/rwang183/my_documents/BDD/SpineDetect-shengwen-branch/SpineDetect/tpm_simulator/microns_env/lib/python3.12/site-packages/meshmash/utils.py:36: PyVistaDeprecationWarning: Parameter 'use_all_points' is deprecated since VTK < 9.2 is no longer supported. This parameter has no effect and is always `True`.
  edge_data = poly.extract_all_edges(use_all_points=True, clear_data=True)
/cis/home/rwang183/my_documents/BDD/SpineDetect-shengwen-branch/SpineDetect/tpm_simulator/microns_env/lib/python3.12/site-packages/meshmash/utils.py:36: PyVistaDeprecationWarning: Parameter 'use_all_points' is deprecated since VTK < 9.2 is no longer supported. This parameter has no effect and is always `True`.
  edge_data = poly.extract_all_edges(use_all_points=True, clear_data=True)
/cis/home/rwang183/my_documents/BDD/SpineDetect-shengwen-branch/SpineDetect/tpm_simulator/microns_env/lib/python3.12/site-packages/meshmash/utils.py:36: PyVistaDeprecationWarning: Parameter 'use_all_points' is deprecated since VTK < 9.2 is no longer supported. This parameter has no effect and is always `True`.
  edge_data = poly.extract_all_edges(use_all_points=True, clear_data=True)
/cis/home/rwang183/my_documents/BDD/SpineDetect-shengwen-branch/SpineDetect/tpm_simulator/microns_env/lib/python3.12/site-packages/meshmash/utils.py:36: PyVistaDeprecationWarning: Parameter 'use_all_points' is deprecated since VTK < 9.2 is no longer supported. This parameter has no effect and is always `True`.
  edge_data = poly.extract_all_edges(use_all_points=True, clear_data=True)
/cis/home/rwang183/my_documents/BDD/SpineDetect-shengwen-branch/SpineDetect/tpm_simulator/microns_env/lib/python3.12/site-packages/meshmash/utils.py:36: PyVistaDeprecationWarning: Parameter 'use_all_points' is deprecated since VTK < 9.2 is no longer supported. This parameter has no effect and is always `True`.
  edge_data = poly.extract_all_edges(use_all_points=True, clear_data=True)
/cis/home/rwang183/my_documents/BDD/SpineDetect-shengwen-branch/SpineDetect/tpm_simulator/microns_env/lib/python3.12/site-packages/meshmash/utils.py:36: PyVistaDeprecationWarning: Parameter 'use_all_points' is deprecated since VTK < 9.2 is no longer supported. This parameter has no effect and is always `True`.
  edge_data = poly.extract_all_edges(use_all_points=True, clear_data=True)
/cis/home/rwang183/my_documents/BDD/SpineDetect-shengwen-branch/SpineDetect/tpm_simulator/microns_env/lib/python3.12/site-packages/meshmash/utils.py:36: PyVistaDeprecationWarning: Parameter 'use_all_points' is deprecated since VTK < 9.2 is no longer supported. This parameter has no effect and is always `True`.
  edge_data = poly.extract_all_edges(use_all_points=True, clear_data=True)
/cis/home/rwang183/my_documents/BDD/SpineDetect-shengwen-branch/SpineDetect/tpm_simulator/microns_env/lib/python3.12/site-packages/meshmash/utils.py:36: PyVistaDeprecationWarning: Parameter 'use_all_points' is deprecated since VTK < 9.2 is no longer supported. This parameter has no effect and is always `True`.
  edge_data = poly.extract_all_edges(use_all_points=True, clear_data=True)
/cis/home/rwang183/my_documents/BDD/SpineDetect-shengwen-branch/SpineDetect/tpm_simulator/microns_env/lib/python3.12/site-packages/meshmash/utils.py:36: PyVistaDeprecationWarning: Parameter 'use_all_points' is deprecated since VTK < 9.2 is no longer supported. This parameter has no effect and is always `True`.
  edge_data = poly.extract_all_edges(use_all_points=True, clear_data=True)
/cis/home/rwang183/my_documents/BDD/SpineDetect-shengwen-branch/SpineDetect/tpm_simulator/microns_env/lib/python3.12/site-packages/meshmash/utils.py:36: PyVistaDeprecationWarning: Parameter 'use_all_points' is deprecated since VTK < 9.2 is no longer supported. This parameter has no effect and is always `True`.
  edge_data = poly.extract_all_edges(use_all_points=True, clear_data=True)
/cis/home/rwang183/my_documents/BDD/SpineDetect-shengwen-branch/SpineDetect/tpm_simulator/microns_env/lib/python3.12/site-packages/meshmash/utils.py:36: PyVistaDeprecationWarning: Parameter 'use_all_points' is deprecated since VTK < 9.2 is no longer supported. This parameter has no effect and is always `True`.
  edge_data = poly.extract_all_edges(use_all_points=True, clear_data=True)
/cis/home/rwang183/my_documents/BDD/SpineDetect-shengwen-branch/SpineDetect/tpm_simulator/microns_env/lib/python3.12/site-packages/meshmash/utils.py:36: PyVistaDeprecationWarning: Parameter 'use_all_points' is deprecated since VTK < 9.2 is no longer supported. This parameter has no effect and is always `True`.
  edge_data = poly.extract_all_edges(use_all_points=True, clear_data=True)
/cis/home/rwang183/my_documents/BDD/SpineDetect-shengwen-branch/SpineDetect/tpm_simulator/microns_env/lib/python3.12/site-packages/meshmash/utils.py:36: PyVistaDeprecationWarning: Parameter 'use_all_points' is deprecated since VTK < 9.2 is no longer supported. This parameter has no effect and is always `True`.
  edge_data = poly.extract_all_edges(use_all_points=True, clear_data=True)
/cis/home/rwang183/my_documents/BDD/SpineDetect-shengwen-branch/SpineDetect/tpm_simulator/microns_env/lib/python3.12/site-packages/meshmash/utils.py:36: PyVistaDeprecationWarning: Parameter 'use_all_points' is deprecated since VTK < 9.2 is no longer supported. This parameter has no effect and is always `True`.
  edge_data = poly.extract_all_edges(use_all_points=True, clear_data=True)
/cis/home/rwang183/my_documents/BDD/SpineDetect-shengwen-branch/SpineDetect/tpm_simulator/microns_env/lib/python3.12/site-packages/meshmash/utils.py:36: PyVistaDeprecationWarning: Parameter 'use_all_points' is deprecated since VTK < 9.2 is no longer supported. This parameter has no effect and is always `True`.
  edge_data = poly.extract_all_edges(use_all_points=True, clear_data=True)
/cis/home/rwang183/my_documents/BDD/SpineDetect-shengwen-branch/SpineDetect/tpm_simulator/microns_env/lib/python3.12/site-packages/meshmash/utils.py:36: PyVistaDeprecationWarning: Parameter 'use_all_points' is deprecated since VTK < 9.2 is no longer supported. This parameter has no effect and is always `True`.
  edge_data = poly.extract_all_edges(use_all_points=True, clear_data=True)
/cis/home/rwang183/my_documents/BDD/SpineDetect-shengwen-branch/SpineDetect/tpm_simulator/microns_env/lib/python3.12/site-packages/meshmash/utils.py:36: PyVistaDeprecationWarning: Parameter 'use_all_points' is deprecated since VTK < 9.2 is no longer supported. This parameter has no effect and is always `True`.
  edge_data = poly.extract_all_edges(use_all_points=True, clear_data=True)
/cis/home/rwang183/my_documents/BDD/SpineDetect-shengwen-branch/SpineDetect/tpm_simulator/microns_env/lib/python3.12/site-packages/meshmash/utils.py:36: PyVistaDeprecationWarning: Parameter 'use_all_points' is deprecated since VTK < 9.2 is no longer supported. This parameter has no effect and is always `True`.
  edge_data = poly.extract_all_edges(use_all_points=True, clear_data=True)
/cis/home/rwang183/my_documents/BDD/SpineDetect-shengwen-branch/SpineDetect/tpm_simulator/microns_env/lib/python3.12/site-packages/meshmash/utils.py:36: PyVistaDeprecationWarning: Parameter 'use_all_points' is deprecated since VTK < 9.2 is no longer supported. This parameter has no effect and is always `True`.
  edge_data = poly.extract_all_edges(use_all_points=True, clear_data=True)
/cis/home/rwang183/my_documents/BDD/SpineDetect-shengwen-branch/SpineDetect/tpm_simulator/microns_env/lib/python3.12/site-packages/meshmash/utils.py:36: PyVistaDeprecationWarning: Parameter 'use_all_points' is deprecated since VTK < 9.2 is no longer supported. This parameter has no effect and is always `True`.
  edge_data = poly.extract_all_edges(use_all_points=True, clear_data=True)
/cis/home/rwang183/my_documents/BDD/SpineDetect-shengwen-branch/SpineDetect/tpm_simulator/microns_env/lib/python3.12/site-packages/meshmash/utils.py:36: PyVistaDeprecationWarning: Parameter 'use_all_points' is deprecated since VTK < 9.2 is no longer supported. This parameter has no effect and is always `True`.
  edge_data = poly.extract_all_edges(use_all_points=True, clear_data=True)
/cis/home/rwang183/my_documents/BDD/SpineDetect-shengwen-branch/SpineDetect/tpm_simulator/microns_env/lib/python3.12/site-packages/meshmash/utils.py:36: PyVistaDeprecationWarning: Parameter 'use_all_points' is deprecated since VTK < 9.2 is no longer supported. This parameter has no effect and is always `True`.
  edge_data = poly.extract_all_edges(use_all_points=True, clear_data=True)
/cis/home/rwang183/my_documents/BDD/SpineDetect-shengwen-branch/SpineDetect/tpm_simulator/microns_env/lib/python3.12/site-packages/meshmash/utils.py:36: PyVistaDeprecationWarning: Parameter 'use_all_points' is deprecated since VTK < 9.2 is no longer supported. This parameter has no effect and is always `True`.
  edge_data = poly.extract_all_edges(use_all_points=True, clear_data=True)
/cis/home/rwang183/my_documents/BDD/SpineDetect-shengwen-branch/SpineDetect/tpm_simulator/microns_env/lib/python3.12/site-packages/meshmash/utils.py:36: PyVistaDeprecationWarning: Parameter 'use_all_points' is deprecated since VTK < 9.2 is no longer supported. This parameter has no effect and is always `True`.
  edge_data = poly.extract_all_edges(use_all_points=True, clear_data=True)
/cis/home/rwang183/my_documents/BDD/SpineDetect-shengwen-branch/SpineDetect/tpm_simulator/microns_env/lib/python3.12/site-packages/meshmash/utils.py:36: PyVistaDeprecationWarning: Parameter 'use_all_points' is deprecated since VTK < 9.2 is no longer supported. This parameter has no effect and is always `True`.
  edge_data = poly.extract_all_edges(use_all_points=True, clear_data=True)

Applying function agglomerate_mesh:   2%|▏         | 1/64 [00:00<01:02,  1.00it/s]/cis/home/rwang183/my_documents/BDD/SpineDetect-shengwen-branch/SpineDetect/tpm_simulator/microns_env/lib/python3.12/site-packages/meshmash/utils.py:36: PyVistaDeprecationWarning: Parameter 'use_all_points' is deprecated since VTK < 9.2 is no longer supported. This parameter has no effect and is always `True`.
  edge_data = poly.extract_all_edges(use_all_points=True, clear_data=True)
/cis/home/rwang183/my_documents/BDD/SpineDetect-shengwen-branch/SpineDetect/tpm_simulator/microns_env/lib/python3.12/site-packages/meshmash/utils.py:36: PyVistaDeprecationWarning: Parameter 'use_all_points' is deprecated since VTK < 9.2 is no longer supported. This parameter has no effect and is always `True`.
  edge_data = poly.extract_all_edges(use_all_points=True, clear_data=True)
/cis/home/rwang183/my_documents/BDD/SpineDetect-shengwen-branch/SpineDetect/tpm_simulator/microns_env/lib/python3.12/site-packages/meshmash/utils.py:36: PyVistaDeprecationWarning: Parameter 'use_all_points' is deprecated since VTK < 9.2 is no longer supported. This parameter has no effect and is always `True`.
  edge_data = poly.extract_all_edges(use_all_points=True, clear_data=True)

Applying function agglomerate_mesh:   3%|▎         | 2/64 [00:01<00:51,  1.21it/s]
Applying function agglomerate_mesh:   6%|▋         | 4/64 [00:01<00:20,  2.89it/s]
Applying function agglomerate_mesh:   9%|▉         | 6/64 [00:02<00:13,  4.27it/s]
Applying function agglomerate_mesh:  14%|█▍        | 9/64 [00:02<00:07,  7.50it/s]
Applying function agglomerate_mesh:  20%|██        | 13/64 [00:02<00:04, 11.83it/s]
Applying function agglomerate_mesh:  28%|██▊       | 18/64 [00:02<00:02, 17.37it/s]
Applying function agglomerate_mesh:  34%|███▍      | 22/64 [00:02<00:02, 20.93it/s]
Applying function agglomerate_mesh:  39%|███▉      | 25/64 [00:02<00:01, 22.47it/s]
Applying function agglomerate_mesh:  47%|████▋     | 30/64 [00:02<00:01, 26.87it/s]
Applying function agglomerate_mesh:  55%|█████▍    | 35/64 [00:02<00:01, 28.46it/s]
Applying function agglomerate_mesh:  61%|██████    | 39/64 [00:03<00:00, 27.81it/s]
Applying function agglomerate_mesh:  67%|██████▋   | 43/64 [00:03<00:00, 28.98it/s]
Applying function agglomerate_mesh:  73%|███████▎  | 47/64 [00:03<00:00, 29.20it/s]
Applying function agglomerate_mesh:  80%|███████▉  | 51/64 [00:03<00:00, 27.99it/s]
Applying function agglomerate_mesh:  86%|████████▌ | 55/64 [00:03<00:00, 28.31it/s]
Applying function agglomerate_mesh:  91%|█████████ | 58/64 [00:04<00:00, 14.06it/s]
Applying function agglomerate_mesh:  95%|█████████▌| 61/64 [00:04<00:00, 14.59it/s]
Applying function agglomerate_mesh: 100%|██████████| 64/64 [00:04<00:00, 11.85it/s]
Applying function agglomerate_mesh: 100%|██████████| 64/64 [00:04<00:00, 13.17it/s]
/cis/home/rwang183/my_documents/BDD/SpineDetect-shengwen-branch/SpineDetect/tpm_simulator/microns_env/lib/python3.12/site-packages/meshmash/utils.py:26: PyVistaDeprecationWarning: Parameter 'use_all_points' is deprecated since VTK < 9.2 is no longer supported. This parameter has no effect and is always `True`.
  edge_data = poly.extract_all_edges(use_all_points=True, clear_data=True)
/cis/home/rwang183/my_documents/BDD/SpineDetect-shengwen-branch/SpineDetect/tpm_simulator/microns_env/lib/python3.12/site-packages/meshmash/utils.py:36: PyVistaDeprecationWarning: Parameter 'use_all_points' is deprecated since VTK < 9.2 is no longer supported. This parameter has no effect and is always `True`.
  edge_data = poly.extract_all_edges(use_all_points=True, clear_data=True)
/cis/home/rwang183/my_documents/BDD/SpineDetect-shengwen-branch/SpineDetect/tpm_simulator/microns_env/lib/python3.12/site-packages/meshmash/utils.py:36: PyVistaDeprecationWarning: Parameter 'use_all_points' is deprecated since VTK < 9.2 is no longer supported. This parameter has no effect and is always `True`.
  edge_data = poly.extract_all_edges(use_all_points=True, clear_data=True)
/cis/home/rwang183/my_documents/BDD/SpineDetect-shengwen-branch/SpineDetect/tpm_simulator/microns_env/lib/python3.12/site-packages/meshmash/utils.py:36: PyVistaDeprecationWarning: Parameter 'use_all_points' is deprecated since VTK < 9.2 is no longer supported. This parameter has no effect and is always `True`.
  edge_data = poly.extract_all_edges(use_all_points=True, clear_data=True)
/cis/home/rwang183/my_documents/BDD/SpineDetect-shengwen-branch/SpineDetect/tpm_simulator/microns_env/lib/python3.12/site-packages/meshmash/utils.py:36: PyVistaDeprecationWarning: Parameter 'use_all_points' is deprecated since VTK < 9.2 is no longer supported. This parameter has no effect and is always `True`.
  edge_data = poly.extract_all_edges(use_all_points=True, clear_data=True)
  Success! HKS computed for root_id 864691136539123618.

Processing root_id: 864691134989182074
  Loaded mesh with 1942295 vertices and 3905570 faces.
Subdividing mesh...
Meshes in queue: 1
Finding overlapping submeshes...
Computing HKS across submeshes...

Applying function compute_hks:   0%|          | 0/41 [00:00<?, ?it/s]
Applying function compute_hks:   2%|▏         | 1/41 [00:03<02:34,  3.87s/it]
Applying function compute_hks:   5%|▍         | 2/41 [00:05<01:37,  2.50s/it]
Applying function compute_hks:   7%|▋         | 3/41 [00:05<00:58,  1.55s/it]
Applying function compute_hks:  10%|▉         | 4/41 [00:07<00:59,  1.60s/it]
Applying function compute_hks:  12%|█▏        | 5/41 [00:08<00:48,  1.35s/it]
Applying function compute_hks:  15%|█▍        | 6/41 [00:08<00:32,  1.06it/s]
Applying function compute_hks:  17%|█▋        | 7/41 [00:08<00:25,  1.33it/s]
Applying function compute_hks:  20%|█▉        | 8/41 [00:09<00:21,  1.53it/s]
Applying function compute_hks:  22%|██▏       | 9/41 [00:10<00:24,  1.29it/s]
Applying function compute_hks:  27%|██▋       | 11/41 [00:11<00:19,  1.52it/s]
Applying function compute_hks:  29%|██▉       | 12/41 [00:11<00:15,  1.87it/s]
Applying function compute_hks:  34%|███▍      | 14/41 [00:11<00:09,  2.76it/s]
Applying function compute_hks:  37%|███▋      | 15/41 [00:12<00:09,  2.80it/s]
Applying function compute_hks:  39%|███▉      | 16/41 [00:12<00:11,  2.21it/s]
Applying function compute_hks:  44%|████▍     | 18/41 [00:13<00:06,  3.46it/s]
Applying function compute_hks:  49%|████▉     | 20/41 [00:13<00:05,  3.89it/s]
Applying function compute_hks:  51%|█████     | 21/41 [00:14<00:07,  2.84it/s]
Applying function compute_hks:  54%|█████▎    | 22/41 [00:14<00:06,  2.76it/s]
Applying function compute_hks:  56%|█████▌    | 23/41 [00:15<00:07,  2.55it/s]
Applying function compute_hks:  61%|██████    | 25/41 [00:17<00:10,  1.50it/s]
Applying function compute_hks:  63%|██████▎   | 26/41 [00:17<00:08,  1.82it/s]
Applying function compute_hks:  66%|██████▌   | 27/41 [00:17<00:07,  1.93it/s]
Applying function compute_hks:  68%|██████▊   | 28/41 [00:18<00:08,  1.57it/s]
Applying function compute_hks:  71%|███████   | 29/41 [00:19<00:09,  1.30it/s]
Applying function compute_hks:  73%|███████▎  | 30/41 [00:20<00:08,  1.35it/s]
Applying function compute_hks:  78%|███████▊  | 32/41 [00:20<00:03,  2.30it/s]
Applying function compute_hks:  80%|████████  | 33/41 [00:23<00:07,  1.04it/s]
Applying function compute_hks:  83%|████████▎ | 34/41 [00:33<00:23,  3.29s/it]
Applying function compute_hks:  85%|████████▌ | 35/41 [00:34<00:16,  2.83s/it]
Applying function compute_hks:  88%|████████▊ | 36/41 [00:35<00:11,  2.27s/it]
Applying function compute_hks:  93%|█████████▎| 38/41 [00:36<00:04,  1.37s/it]
Applying function compute_hks:  95%|█████████▌| 39/41 [00:36<00:02,  1.11s/it]
Applying function compute_hks:  98%|█████████▊| 40/41 [00:37<00:01,  1.09s/it]
Applying function compute_hks: 100%|██████████| 41/41 [00:39<00:00,  1.29s/it]
Applying function compute_hks: 100%|██████████| 41/41 [00:39<00:00,  1.04it/s]

Applying function agglomerate_mesh:   0%|          | 0/41 [00:00<?, ?it/s]/cis/home/rwang183/my_documents/BDD/SpineDetect-shengwen-branch/SpineDetect/tpm_simulator/microns_env/lib/python3.12/site-packages/meshmash/utils.py:36: PyVistaDeprecationWarning: Parameter 'use_all_points' is deprecated since VTK < 9.2 is no longer supported. This parameter has no effect and is always `True`.
  edge_data = poly.extract_all_edges(use_all_points=True, clear_data=True)
/cis/home/rwang183/my_documents/BDD/SpineDetect-shengwen-branch/SpineDetect/tpm_simulator/microns_env/lib/python3.12/site-packages/meshmash/utils.py:36: PyVistaDeprecationWarning: Parameter 'use_all_points' is deprecated since VTK < 9.2 is no longer supported. This parameter has no effect and is always `True`.
  edge_data = poly.extract_all_edges(use_all_points=True, clear_data=True)
/cis/home/rwang183/my_documents/BDD/SpineDetect-shengwen-branch/SpineDetect/tpm_simulator/microns_env/lib/python3.12/site-packages/meshmash/utils.py:36: PyVistaDeprecationWarning: Parameter 'use_all_points' is deprecated since VTK < 9.2 is no longer supported. This parameter has no effect and is always `True`.
  edge_data = poly.extract_all_edges(use_all_points=True, clear_data=True)
/cis/home/rwang183/my_documents/BDD/SpineDetect-shengwen-branch/SpineDetect/tpm_simulator/microns_env/lib/python3.12/site-packages/meshmash/utils.py:36: PyVistaDeprecationWarning: Parameter 'use_all_points' is deprecated since VTK < 9.2 is no longer supported. This parameter has no effect and is always `True`.
  edge_data = poly.extract_all_edges(use_all_points=True, clear_data=True)
/cis/home/rwang183/my_documents/BDD/SpineDetect-shengwen-branch/SpineDetect/tpm_simulator/microns_env/lib/python3.12/site-packages/meshmash/utils.py:36: PyVistaDeprecationWarning: Parameter 'use_all_points' is deprecated since VTK < 9.2 is no longer supported. This parameter has no effect and is always `True`.
  edge_data = poly.extract_all_edges(use_all_points=True, clear_data=True)
/cis/home/rwang183/my_documents/BDD/SpineDetect-shengwen-branch/SpineDetect/tpm_simulator/microns_env/lib/python3.12/site-packages/meshmash/utils.py:36: PyVistaDeprecationWarning: Parameter 'use_all_points' is deprecated since VTK < 9.2 is no longer supported. This parameter has no effect and is always `True`.
  edge_data = poly.extract_all_edges(use_all_points=True, clear_data=True)
/cis/home/rwang183/my_documents/BDD/SpineDetect-shengwen-branch/SpineDetect/tpm_simulator/microns_env/lib/python3.12/site-packages/meshmash/utils.py:36: PyVistaDeprecationWarning: Parameter 'use_all_points' is deprecated since VTK < 9.2 is no longer supported. This parameter has no effect and is always `True`.
  edge_data = poly.extract_all_edges(use_all_points=True, clear_data=True)
/cis/home/rwang183/my_documents/BDD/SpineDetect-shengwen-branch/SpineDetect/tpm_simulator/microns_env/lib/python3.12/site-packages/meshmash/utils.py:36: PyVistaDeprecationWarning: Parameter 'use_all_points' is deprecated since VTK < 9.2 is no longer supported. This parameter has no effect and is always `True`.
  edge_data = poly.extract_all_edges(use_all_points=True, clear_data=True)
/cis/home/rwang183/my_documents/BDD/SpineDetect-shengwen-branch/SpineDetect/tpm_simulator/microns_env/lib/python3.12/site-packages/meshmash/utils.py:36: PyVistaDeprecationWarning: Parameter 'use_all_points' is deprecated since VTK < 9.2 is no longer supported. This parameter has no effect and is always `True`.
  edge_data = poly.extract_all_edges(use_all_points=True, clear_data=True)
/cis/home/rwang183/my_documents/BDD/SpineDetect-shengwen-branch/SpineDetect/tpm_simulator/microns_env/lib/python3.12/site-packages/meshmash/utils.py:36: PyVistaDeprecationWarning: Parameter 'use_all_points' is deprecated since VTK < 9.2 is no longer supported. This parameter has no effect and is always `True`.
  edge_data = poly.extract_all_edges(use_all_points=True, clear_data=True)
/cis/home/rwang183/my_documents/BDD/SpineDetect-shengwen-branch/SpineDetect/tpm_simulator/microns_env/lib/python3.12/site-packages/meshmash/utils.py:36: PyVistaDeprecationWarning: Parameter 'use_all_points' is deprecated since VTK < 9.2 is no longer supported. This parameter has no effect and is always `True`.
  edge_data = poly.extract_all_edges(use_all_points=True, clear_data=True)
/cis/home/rwang183/my_documents/BDD/SpineDetect-shengwen-branch/SpineDetect/tpm_simulator/microns_env/lib/python3.12/site-packages/meshmash/utils.py:36: PyVistaDeprecationWarning: Parameter 'use_all_points' is deprecated since VTK < 9.2 is no longer supported. This parameter has no effect and is always `True`.
  edge_data = poly.extract_all_edges(use_all_points=True, clear_data=True)
/cis/home/rwang183/my_documents/BDD/SpineDetect-shengwen-branch/SpineDetect/tpm_simulator/microns_env/lib/python3.12/site-packages/meshmash/utils.py:36: PyVistaDeprecationWarning: Parameter 'use_all_points' is deprecated since VTK < 9.2 is no longer supported. This parameter has no effect and is always `True`.
  edge_data = poly.extract_all_edges(use_all_points=True, clear_data=True)
/cis/home/rwang183/my_documents/BDD/SpineDetect-shengwen-branch/SpineDetect/tpm_simulator/microns_env/lib/python3.12/site-packages/meshmash/utils.py:36: PyVistaDeprecationWarning: Parameter 'use_all_points' is deprecated since VTK < 9.2 is no longer supported. This parameter has no effect and is always `True`.
  edge_data = poly.extract_all_edges(use_all_points=True, clear_data=True)
/cis/home/rwang183/my_documents/BDD/SpineDetect-shengwen-branch/SpineDetect/tpm_simulator/microns_env/lib/python3.12/site-packages/meshmash/utils.py:36: PyVistaDeprecationWarning: Parameter 'use_all_points' is deprecated since VTK < 9.2 is no longer supported. This parameter has no effect and is always `True`.
  edge_data = poly.extract_all_edges(use_all_points=True, clear_data=True)
/cis/home/rwang183/my_documents/BDD/SpineDetect-shengwen-branch/SpineDetect/tpm_simulator/microns_env/lib/python3.12/site-packages/meshmash/utils.py:36: PyVistaDeprecationWarning: Parameter 'use_all_points' is deprecated since VTK < 9.2 is no longer supported. This parameter has no effect and is always `True`.
  edge_data = poly.extract_all_edges(use_all_points=True, clear_data=True)
/cis/home/rwang183/my_documents/BDD/SpineDetect-shengwen-branch/SpineDetect/tpm_simulator/microns_env/lib/python3.12/site-packages/meshmash/utils.py:36: PyVistaDeprecationWarning: Parameter 'use_all_points' is deprecated since VTK < 9.2 is no longer supported. This parameter has no effect and is always `True`.
  edge_data = poly.extract_all_edges(use_all_points=True, clear_data=True)
/cis/home/rwang183/my_documents/BDD/SpineDetect-shengwen-branch/SpineDetect/tpm_simulator/microns_env/lib/python3.12/site-packages/meshmash/utils.py:36: PyVistaDeprecationWarning: Parameter 'use_all_points' is deprecated since VTK < 9.2 is no longer supported. This parameter has no effect and is always `True`.
  edge_data = poly.extract_all_edges(use_all_points=True, clear_data=True)
/cis/home/rwang183/my_documents/BDD/SpineDetect-shengwen-branch/SpineDetect/tpm_simulator/microns_env/lib/python3.12/site-packages/meshmash/utils.py:36: PyVistaDeprecationWarning: Parameter 'use_all_points' is deprecated since VTK < 9.2 is no longer supported. This parameter has no effect and is always `True`.
  edge_data = poly.extract_all_edges(use_all_points=True, clear_data=True)
/cis/home/rwang183/my_documents/BDD/SpineDetect-shengwen-branch/SpineDetect/tpm_simulator/microns_env/lib/python3.12/site-packages/meshmash/utils.py:36: PyVistaDeprecationWarning: Parameter 'use_all_points' is deprecated since VTK < 9.2 is no longer supported. This parameter has no effect and is always `True`.
  edge_data = poly.extract_all_edges(use_all_points=True, clear_data=True)
/cis/home/rwang183/my_documents/BDD/SpineDetect-shengwen-branch/SpineDetect/tpm_simulator/microns_env/lib/python3.12/site-packages/meshmash/utils.py:36: PyVistaDeprecationWarning: Parameter 'use_all_points' is deprecated since VTK < 9.2 is no longer supported. This parameter has no effect and is always `True`.
  edge_data = poly.extract_all_edges(use_all_points=True, clear_data=True)
/cis/home/rwang183/my_documents/BDD/SpineDetect-shengwen-branch/SpineDetect/tpm_simulator/microns_env/lib/python3.12/site-packages/meshmash/utils.py:36: PyVistaDeprecationWarning: Parameter 'use_all_points' is deprecated since VTK < 9.2 is no longer supported. This parameter has no effect and is always `True`.
  edge_data = poly.extract_all_edges(use_all_points=True, clear_data=True)
/cis/home/rwang183/my_documents/BDD/SpineDetect-shengwen-branch/SpineDetect/tpm_simulator/microns_env/lib/python3.12/site-packages/meshmash/utils.py:36: PyVistaDeprecationWarning: Parameter 'use_all_points' is deprecated since VTK < 9.2 is no longer supported. This parameter has no effect and is always `True`.
  edge_data = poly.extract_all_edges(use_all_points=True, clear_data=True)
/cis/home/rwang183/my_documents/BDD/SpineDetect-shengwen-branch/SpineDetect/tpm_simulator/microns_env/lib/python3.12/site-packages/meshmash/utils.py:36: PyVistaDeprecationWarning: Parameter 'use_all_points' is deprecated since VTK < 9.2 is no longer supported. This parameter has no effect and is always `True`.
  edge_data = poly.extract_all_edges(use_all_points=True, clear_data=True)
/cis/home/rwang183/my_documents/BDD/SpineDetect-shengwen-branch/SpineDetect/tpm_simulator/microns_env/lib/python3.12/site-packages/meshmash/utils.py:36: PyVistaDeprecationWarning: Parameter 'use_all_points' is deprecated since VTK < 9.2 is no longer supported. This parameter has no effect and is always `True`.
  edge_data = poly.extract_all_edges(use_all_points=True, clear_data=True)
/cis/home/rwang183/my_documents/BDD/SpineDetect-shengwen-branch/SpineDetect/tpm_simulator/microns_env/lib/python3.12/site-packages/meshmash/utils.py:36: PyVistaDeprecationWarning: Parameter 'use_all_points' is deprecated since VTK < 9.2 is no longer supported. This parameter has no effect and is always `True`.
  edge_data = poly.extract_all_edges(use_all_points=True, clear_data=True)
/cis/home/rwang183/my_documents/BDD/SpineDetect-shengwen-branch/SpineDetect/tpm_simulator/microns_env/lib/python3.12/site-packages/meshmash/utils.py:36: PyVistaDeprecationWarning: Parameter 'use_all_points' is deprecated since VTK < 9.2 is no longer supported. This parameter has no effect and is always `True`.
  edge_data = poly.extract_all_edges(use_all_points=True, clear_data=True)
/cis/home/rwang183/my_documents/BDD/SpineDetect-shengwen-branch/SpineDetect/tpm_simulator/microns_env/lib/python3.12/site-packages/meshmash/utils.py:36: PyVistaDeprecationWarning: Parameter 'use_all_points' is deprecated since VTK < 9.2 is no longer supported. This parameter has no effect and is always `True`.
  edge_data = poly.extract_all_edges(use_all_points=True, clear_data=True)
/cis/home/rwang183/my_documents/BDD/SpineDetect-shengwen-branch/SpineDetect/tpm_simulator/microns_env/lib/python3.12/site-packages/meshmash/utils.py:36: PyVistaDeprecationWarning: Parameter 'use_all_points' is deprecated since VTK < 9.2 is no longer supported. This parameter has no effect and is always `True`.
  edge_data = poly.extract_all_edges(use_all_points=True, clear_data=True)
/cis/home/rwang183/my_documents/BDD/SpineDetect-shengwen-branch/SpineDetect/tpm_simulator/microns_env/lib/python3.12/site-packages/meshmash/utils.py:36: PyVistaDeprecationWarning: Parameter 'use_all_points' is deprecated since VTK < 9.2 is no longer supported. This parameter has no effect and is always `True`.
  edge_data = poly.extract_all_edges(use_all_points=True, clear_data=True)
/cis/home/rwang183/my_documents/BDD/SpineDetect-shengwen-branch/SpineDetect/tpm_simulator/microns_env/lib/python3.12/site-packages/meshmash/utils.py:36: PyVistaDeprecationWarning: Parameter 'use_all_points' is deprecated since VTK < 9.2 is no longer supported. This parameter has no effect and is always `True`.
  edge_data = poly.extract_all_edges(use_all_points=True, clear_data=True)
/cis/home/rwang183/my_documents/BDD/SpineDetect-shengwen-branch/SpineDetect/tpm_simulator/microns_env/lib/python3.12/site-packages/meshmash/utils.py:36: PyVistaDeprecationWarning: Parameter 'use_all_points' is deprecated since VTK < 9.2 is no longer supported. This parameter has no effect and is always `True`.
  edge_data = poly.extract_all_edges(use_all_points=True, clear_data=True)
/cis/home/rwang183/my_documents/BDD/SpineDetect-shengwen-branch/SpineDetect/tpm_simulator/microns_env/lib/python3.12/site-packages/meshmash/utils.py:36: PyVistaDeprecationWarning: Parameter 'use_all_points' is deprecated since VTK < 9.2 is no longer supported. This parameter has no effect and is always `True`.
  edge_data = poly.extract_all_edges(use_all_points=True, clear_data=True)
/cis/home/rwang183/my_documents/BDD/SpineDetect-shengwen-branch/SpineDetect/tpm_simulator/microns_env/lib/python3.12/site-packages/meshmash/utils.py:36: PyVistaDeprecationWarning: Parameter 'use_all_points' is deprecated since VTK < 9.2 is no longer supported. This parameter has no effect and is always `True`.
  edge_data = poly.extract_all_edges(use_all_points=True, clear_data=True)
/cis/home/rwang183/my_documents/BDD/SpineDetect-shengwen-branch/SpineDetect/tpm_simulator/microns_env/lib/python3.12/site-packages/meshmash/utils.py:36: PyVistaDeprecationWarning: Parameter 'use_all_points' is deprecated since VTK < 9.2 is no longer supported. This parameter has no effect and is always `True`.
  edge_data = poly.extract_all_edges(use_all_points=True, clear_data=True)
/cis/home/rwang183/my_documents/BDD/SpineDetect-shengwen-branch/SpineDetect/tpm_simulator/microns_env/lib/python3.12/site-packages/meshmash/utils.py:36: PyVistaDeprecationWarning: Parameter 'use_all_points' is deprecated since VTK < 9.2 is no longer supported. This parameter has no effect and is always `True`.
  edge_data = poly.extract_all_edges(use_all_points=True, clear_data=True)
/cis/home/rwang183/my_documents/BDD/SpineDetect-shengwen-branch/SpineDetect/tpm_simulator/microns_env/lib/python3.12/site-packages/meshmash/utils.py:36: PyVistaDeprecationWarning: Parameter 'use_all_points' is deprecated since VTK < 9.2 is no longer supported. This parameter has no effect and is always `True`.
  edge_data = poly.extract_all_edges(use_all_points=True, clear_data=True)
/cis/home/rwang183/my_documents/BDD/SpineDetect-shengwen-branch/SpineDetect/tpm_simulator/microns_env/lib/python3.12/site-packages/meshmash/utils.py:36: PyVistaDeprecationWarning: Parameter 'use_all_points' is deprecated since VTK < 9.2 is no longer supported. This parameter has no effect and is always `True`.
  edge_data = poly.extract_all_edges(use_all_points=True, clear_data=True)
/cis/home/rwang183/my_documents/BDD/SpineDetect-shengwen-branch/SpineDetect/tpm_simulator/microns_env/lib/python3.12/site-packages/meshmash/utils.py:36: PyVistaDeprecationWarning: Parameter 'use_all_points' is deprecated since VTK < 9.2 is no longer supported. This parameter has no effect and is always `True`.
  edge_data = poly.extract_all_edges(use_all_points=True, clear_data=True)
/cis/home/rwang183/my_documents/BDD/SpineDetect-shengwen-branch/SpineDetect/tpm_simulator/microns_env/lib/python3.12/site-packages/meshmash/utils.py:36: PyVistaDeprecationWarning: Parameter 'use_all_points' is deprecated since VTK < 9.2 is no longer supported. This parameter has no effect and is always `True`.
  edge_data = poly.extract_all_edges(use_all_points=True, clear_data=True)
/cis/home/rwang183/my_documents/BDD/SpineDetect-shengwen-branch/SpineDetect/tpm_simulator/microns_env/lib/python3.12/site-packages/meshmash/utils.py:36: PyVistaDeprecationWarning: Parameter 'use_all_points' is deprecated since VTK < 9.2 is no longer supported. This parameter has no effect and is always `True`.
  edge_data = poly.extract_all_edges(use_all_points=True, clear_data=True)

Applying function agglomerate_mesh:   2%|▏         | 1/41 [00:01<00:46,  1.16s/it]
Applying function agglomerate_mesh:  12%|█▏        | 5/41 [00:01<00:07,  4.72it/s]
Applying function agglomerate_mesh:  17%|█▋        | 7/41 [00:01<00:05,  6.57it/s]
Applying function agglomerate_mesh:  27%|██▋       | 11/41 [00:01<00:03,  9.90it/s]
Applying function agglomerate_mesh:  39%|███▉      | 16/41 [00:01<00:01, 13.88it/s]
Applying function agglomerate_mesh:  54%|█████▎    | 22/41 [00:01<00:00, 20.51it/s]
Applying function agglomerate_mesh:  63%|██████▎   | 26/41 [00:02<00:00, 23.64it/s]
Applying function agglomerate_mesh:  73%|███████▎  | 30/41 [00:02<00:00, 16.50it/s]
Applying function agglomerate_mesh:  80%|████████  | 33/41 [00:03<00:00, 11.54it/s]
Applying function agglomerate_mesh:  85%|████████▌ | 35/41 [00:03<00:00, 12.17it/s]
Applying function agglomerate_mesh:  90%|█████████ | 37/41 [00:03<00:00, 11.31it/s]
Applying function agglomerate_mesh:  95%|█████████▌| 39/41 [00:03<00:00, 10.27it/s]
Applying function agglomerate_mesh: 100%|██████████| 41/41 [00:03<00:00,  9.15it/s]
Applying function agglomerate_mesh: 100%|██████████| 41/41 [00:04<00:00, 10.18it/s]
/cis/home/rwang183/my_documents/BDD/SpineDetect-shengwen-branch/SpineDetect/tpm_simulator/microns_env/lib/python3.12/site-packages/meshmash/utils.py:26: PyVistaDeprecationWarning: Parameter 'use_all_points' is deprecated since VTK < 9.2 is no longer supported. This parameter has no effect and is always `True`.
  edge_data = poly.extract_all_edges(use_all_points=True, clear_data=True)
/cis/home/rwang183/my_documents/BDD/SpineDetect-shengwen-branch/SpineDetect/tpm_simulator/microns_env/lib/python3.12/site-packages/meshmash/utils.py:36: PyVistaDeprecationWarning: Parameter 'use_all_points' is deprecated since VTK < 9.2 is no longer supported. This parameter has no effect and is always `True`.
  edge_data = poly.extract_all_edges(use_all_points=True, clear_data=True)
/cis/home/rwang183/my_documents/BDD/SpineDetect-shengwen-branch/SpineDetect/tpm_simulator/microns_env/lib/python3.12/site-packages/meshmash/utils.py:36: PyVistaDeprecationWarning: Parameter 'use_all_points' is deprecated since VTK < 9.2 is no longer supported. This parameter has no effect and is always `True`.
  edge_data = poly.extract_all_edges(use_all_points=True, clear_data=True)
/cis/home/rwang183/my_documents/BDD/SpineDetect-shengwen-branch/SpineDetect/tpm_simulator/microns_env/lib/python3.12/site-packages/meshmash/utils.py:36: PyVistaDeprecationWarning: Parameter 'use_all_points' is deprecated since VTK < 9.2 is no longer supported. This parameter has no effect and is always `True`.
  edge_data = poly.extract_all_edges(use_all_points=True, clear_data=True)
/cis/home/rwang183/my_documents/BDD/SpineDetect-shengwen-branch/SpineDetect/tpm_simulator/microns_env/lib/python3.12/site-packages/meshmash/utils.py:36: PyVistaDeprecationWarning: Parameter 'use_all_points' is deprecated since VTK < 9.2 is no longer supported. This parameter has no effect and is always `True`.
  edge_data = poly.extract_all_edges(use_all_points=True, clear_data=True)
  Success! HKS computed for root_id 864691134989182074.

Processing root_id: 864691135494379664
  Loaded mesh with 543827 vertices and 1094712 faces.
Subdividing mesh...
Meshes in queue: 3
Finding overlapping submeshes...
Computing HKS across submeshes...

Applying function compute_hks:   0%|          | 0/17 [00:00<?, ?it/s]
Applying function compute_hks:   6%|▌         | 1/17 [00:00<00:02,  5.96it/s]
Applying function compute_hks:  12%|█▏        | 2/17 [00:00<00:02,  6.37it/s]
Applying function compute_hks:  18%|█▊        | 3/17 [00:01<00:11,  1.24it/s]
Applying function compute_hks:  24%|██▎       | 4/17 [00:02<00:11,  1.12it/s]
Applying function compute_hks:  29%|██▉       | 5/17 [00:03<00:08,  1.47it/s]
Applying function compute_hks:  35%|███▌      | 6/17 [00:06<00:18,  1.65s/it]
Applying function compute_hks:  41%|████      | 7/17 [00:08<00:17,  1.72s/it]
Applying function compute_hks:  47%|████▋     | 8/17 [00:09<00:13,  1.49s/it]
Applying function compute_hks:  53%|█████▎    | 9/17 [00:11<00:13,  1.71s/it]
Applying function compute_hks:  59%|█████▉    | 10/17 [00:18<00:21,  3.12s/it]
Applying function compute_hks:  71%|███████   | 12/17 [00:24<00:15,  3.17s/it]
Applying function compute_hks:  76%|███████▋  | 13/17 [00:26<00:11,  2.76s/it]
Applying function compute_hks:  82%|████████▏ | 14/17 [00:30<00:09,  3.27s/it]
Applying function compute_hks:  88%|████████▊ | 15/17 [00:31<00:05,  2.67s/it]
Applying function compute_hks:  94%|█████████▍| 16/17 [00:35<00:02,  2.87s/it]
Applying function compute_hks: 100%|██████████| 17/17 [00:38<00:00,  2.86s/it]
Applying function compute_hks: 100%|██████████| 17/17 [00:38<00:00,  2.24s/it]

Applying function agglomerate_mesh:   0%|          | 0/17 [00:00<?, ?it/s]/cis/home/rwang183/my_documents/BDD/SpineDetect-shengwen-branch/SpineDetect/tpm_simulator/microns_env/lib/python3.12/site-packages/meshmash/utils.py:36: PyVistaDeprecationWarning: Parameter 'use_all_points' is deprecated since VTK < 9.2 is no longer supported. This parameter has no effect and is always `True`.
  edge_data = poly.extract_all_edges(use_all_points=True, clear_data=True)
/cis/home/rwang183/my_documents/BDD/SpineDetect-shengwen-branch/SpineDetect/tpm_simulator/microns_env/lib/python3.12/site-packages/meshmash/utils.py:36: PyVistaDeprecationWarning: Parameter 'use_all_points' is deprecated since VTK < 9.2 is no longer supported. This parameter has no effect and is always `True`.
  edge_data = poly.extract_all_edges(use_all_points=True, clear_data=True)
/cis/home/rwang183/my_documents/BDD/SpineDetect-shengwen-branch/SpineDetect/tpm_simulator/microns_env/lib/python3.12/site-packages/meshmash/utils.py:36: PyVistaDeprecationWarning: Parameter 'use_all_points' is deprecated since VTK < 9.2 is no longer supported. This parameter has no effect and is always `True`.
  edge_data = poly.extract_all_edges(use_all_points=True, clear_data=True)
/cis/home/rwang183/my_documents/BDD/SpineDetect-shengwen-branch/SpineDetect/tpm_simulator/microns_env/lib/python3.12/site-packages/meshmash/utils.py:36: PyVistaDeprecationWarning: Parameter 'use_all_points' is deprecated since VTK < 9.2 is no longer supported. This parameter has no effect and is always `True`.
  edge_data = poly.extract_all_edges(use_all_points=True, clear_data=True)
/cis/home/rwang183/my_documents/BDD/SpineDetect-shengwen-branch/SpineDetect/tpm_simulator/microns_env/lib/python3.12/site-packages/meshmash/utils.py:36: PyVistaDeprecationWarning: Parameter 'use_all_points' is deprecated since VTK < 9.2 is no longer supported. This parameter has no effect and is always `True`.
  edge_data = poly.extract_all_edges(use_all_points=True, clear_data=True)
/cis/home/rwang183/my_documents/BDD/SpineDetect-shengwen-branch/SpineDetect/tpm_simulator/microns_env/lib/python3.12/site-packages/meshmash/utils.py:36: PyVistaDeprecationWarning: Parameter 'use_all_points' is deprecated since VTK < 9.2 is no longer supported. This parameter has no effect and is always `True`.
  edge_data = poly.extract_all_edges(use_all_points=True, clear_data=True)
/cis/home/rwang183/my_documents/BDD/SpineDetect-shengwen-branch/SpineDetect/tpm_simulator/microns_env/lib/python3.12/site-packages/meshmash/utils.py:36: PyVistaDeprecationWarning: Parameter 'use_all_points' is deprecated since VTK < 9.2 is no longer supported. This parameter has no effect and is always `True`.
  edge_data = poly.extract_all_edges(use_all_points=True, clear_data=True)
/cis/home/rwang183/my_documents/BDD/SpineDetect-shengwen-branch/SpineDetect/tpm_simulator/microns_env/lib/python3.12/site-packages/meshmash/utils.py:36: PyVistaDeprecationWarning: Parameter 'use_all_points' is deprecated since VTK < 9.2 is no longer supported. This parameter has no effect and is always `True`.
  edge_data = poly.extract_all_edges(use_all_points=True, clear_data=True)
/cis/home/rwang183/my_documents/BDD/SpineDetect-shengwen-branch/SpineDetect/tpm_simulator/microns_env/lib/python3.12/site-packages/meshmash/utils.py:36: PyVistaDeprecationWarning: Parameter 'use_all_points' is deprecated since VTK < 9.2 is no longer supported. This parameter has no effect and is always `True`.
  edge_data = poly.extract_all_edges(use_all_points=True, clear_data=True)
/cis/home/rwang183/my_documents/BDD/SpineDetect-shengwen-branch/SpineDetect/tpm_simulator/microns_env/lib/python3.12/site-packages/meshmash/utils.py:36: PyVistaDeprecationWarning: Parameter 'use_all_points' is deprecated since VTK < 9.2 is no longer supported. This parameter has no effect and is always `True`.
  edge_data = poly.extract_all_edges(use_all_points=True, clear_data=True)
/cis/home/rwang183/my_documents/BDD/SpineDetect-shengwen-branch/SpineDetect/tpm_simulator/microns_env/lib/python3.12/site-packages/meshmash/utils.py:36: PyVistaDeprecationWarning: Parameter 'use_all_points' is deprecated since VTK < 9.2 is no longer supported. This parameter has no effect and is always `True`.
  edge_data = poly.extract_all_edges(use_all_points=True, clear_data=True)
/cis/home/rwang183/my_documents/BDD/SpineDetect-shengwen-branch/SpineDetect/tpm_simulator/microns_env/lib/python3.12/site-packages/meshmash/utils.py:36: PyVistaDeprecationWarning: Parameter 'use_all_points' is deprecated since VTK < 9.2 is no longer supported. This parameter has no effect and is always `True`.
  edge_data = poly.extract_all_edges(use_all_points=True, clear_data=True)
/cis/home/rwang183/my_documents/BDD/SpineDetect-shengwen-branch/SpineDetect/tpm_simulator/microns_env/lib/python3.12/site-packages/meshmash/utils.py:36: PyVistaDeprecationWarning: Parameter 'use_all_points' is deprecated since VTK < 9.2 is no longer supported. This parameter has no effect and is always `True`.
  edge_data = poly.extract_all_edges(use_all_points=True, clear_data=True)
/cis/home/rwang183/my_documents/BDD/SpineDetect-shengwen-branch/SpineDetect/tpm_simulator/microns_env/lib/python3.12/site-packages/meshmash/utils.py:36: PyVistaDeprecationWarning: Parameter 'use_all_points' is deprecated since VTK < 9.2 is no longer supported. This parameter has no effect and is always `True`.
  edge_data = poly.extract_all_edges(use_all_points=True, clear_data=True)

Applying function agglomerate_mesh:   6%|▌         | 1/17 [00:00<00:03,  4.40it/s]/cis/home/rwang183/my_documents/BDD/SpineDetect-shengwen-branch/SpineDetect/tpm_simulator/microns_env/lib/python3.12/site-packages/meshmash/utils.py:36: PyVistaDeprecationWarning: Parameter 'use_all_points' is deprecated since VTK < 9.2 is no longer supported. This parameter has no effect and is always `True`.
  edge_data = poly.extract_all_edges(use_all_points=True, clear_data=True)
/cis/home/rwang183/my_documents/BDD/SpineDetect-shengwen-branch/SpineDetect/tpm_simulator/microns_env/lib/python3.12/site-packages/meshmash/utils.py:36: PyVistaDeprecationWarning: Parameter 'use_all_points' is deprecated since VTK < 9.2 is no longer supported. This parameter has no effect and is always `True`.
  edge_data = poly.extract_all_edges(use_all_points=True, clear_data=True)
/cis/home/rwang183/my_documents/BDD/SpineDetect-shengwen-branch/SpineDetect/tpm_simulator/microns_env/lib/python3.12/site-packages/meshmash/utils.py:36: PyVistaDeprecationWarning: Parameter 'use_all_points' is deprecated since VTK < 9.2 is no longer supported. This parameter has no effect and is always `True`.
  edge_data = poly.extract_all_edges(use_all_points=True, clear_data=True)

Applying function agglomerate_mesh:  12%|█▏        | 2/17 [00:00<00:02,  6.11it/s]
Applying function agglomerate_mesh:  18%|█▊        | 3/17 [00:00<00:03,  4.63it/s]
Applying function agglomerate_mesh:  29%|██▉       | 5/17 [00:00<00:01,  6.81it/s]
Applying function agglomerate_mesh:  41%|████      | 7/17 [00:01<00:01,  5.96it/s]
Applying function agglomerate_mesh:  47%|████▋     | 8/17 [00:01<00:01,  6.43it/s]
Applying function agglomerate_mesh:  53%|█████▎    | 9/17 [00:01<00:01,  4.92it/s]
Applying function agglomerate_mesh:  59%|█████▉    | 10/17 [00:01<00:01,  4.18it/s]
Applying function agglomerate_mesh:  71%|███████   | 12/17 [00:02<00:00,  5.35it/s]
Applying function agglomerate_mesh:  76%|███████▋  | 13/17 [00:02<00:00,  5.66it/s]
Applying function agglomerate_mesh:  88%|████████▊ | 15/17 [00:02<00:00,  6.74it/s]
Applying function agglomerate_mesh: 100%|██████████| 17/17 [00:02<00:00,  6.08it/s]
/cis/home/rwang183/my_documents/BDD/SpineDetect-shengwen-branch/SpineDetect/tpm_simulator/microns_env/lib/python3.12/site-packages/meshmash/utils.py:26: PyVistaDeprecationWarning: Parameter 'use_all_points' is deprecated since VTK < 9.2 is no longer supported. This parameter has no effect and is always `True`.
  edge_data = poly.extract_all_edges(use_all_points=True, clear_data=True)
/cis/home/rwang183/my_documents/BDD/SpineDetect-shengwen-branch/SpineDetect/tpm_simulator/microns_env/lib/python3.12/site-packages/meshmash/utils.py:36: PyVistaDeprecationWarning: Parameter 'use_all_points' is deprecated since VTK < 9.2 is no longer supported. This parameter has no effect and is always `True`.
  edge_data = poly.extract_all_edges(use_all_points=True, clear_data=True)
/cis/home/rwang183/my_documents/BDD/SpineDetect-shengwen-branch/SpineDetect/tpm_simulator/microns_env/lib/python3.12/site-packages/meshmash/utils.py:36: PyVistaDeprecationWarning: Parameter 'use_all_points' is deprecated since VTK < 9.2 is no longer supported. This parameter has no effect and is always `True`.
  edge_data = poly.extract_all_edges(use_all_points=True, clear_data=True)
/cis/home/rwang183/my_documents/BDD/SpineDetect-shengwen-branch/SpineDetect/tpm_simulator/microns_env/lib/python3.12/site-packages/meshmash/utils.py:36: PyVistaDeprecationWarning: Parameter 'use_all_points' is deprecated since VTK < 9.2 is no longer supported. This parameter has no effect and is always `True`.
  edge_data = poly.extract_all_edges(use_all_points=True, clear_data=True)
/cis/home/rwang183/my_documents/BDD/SpineDetect-shengwen-branch/SpineDetect/tpm_simulator/microns_env/lib/python3.12/site-packages/meshmash/utils.py:36: PyVistaDeprecationWarning: Parameter 'use_all_points' is deprecated since VTK < 9.2 is no longer supported. This parameter has no effect and is always `True`.
  edge_data = poly.extract_all_edges(use_all_points=True, clear_data=True)
  Success! HKS computed for root_id 864691135494379664.

Processing root_id: 864691136583041186
  Loaded mesh with 2878012 vertices and 5749980 faces.
Subdividing mesh...
Meshes in queue: 1
Meshes in queue: 8
Finding overlapping submeshes...
Computing HKS across submeshes...

Applying function compute_hks:   0%|          | 0/66 [00:00<?, ?it/s]
Applying function compute_hks:   2%|▏         | 1/66 [00:06<07:19,  6.76s/it]
Applying function compute_hks:   3%|▎         | 2/66 [00:11<05:41,  5.34s/it]
Applying function compute_hks:   5%|▍         | 3/66 [00:11<03:10,  3.02s/it]
Applying function compute_hks:   6%|▌         | 4/66 [00:11<01:57,  1.90s/it]
Applying function compute_hks:   8%|▊         | 5/66 [00:12<01:31,  1.50s/it]
Applying function compute_hks:   9%|▉         | 6/66 [00:12<01:03,  1.06s/it]
Applying function compute_hks:  12%|█▏        | 8/66 [00:12<00:34,  1.69it/s]
Applying function compute_hks:  14%|█▎        | 9/66 [00:13<00:29,  1.91it/s]
Applying function compute_hks:  17%|█▋        | 11/66 [00:13<00:22,  2.45it/s]
Applying function compute_hks:  18%|█▊        | 12/66 [00:14<00:30,  1.79it/s]
Applying function compute_hks:  20%|█▉        | 13/66 [00:14<00:25,  2.07it/s]
Applying function compute_hks:  21%|██        | 14/66 [00:15<00:27,  1.89it/s]
Applying function compute_hks:  24%|██▍       | 16/66 [00:16<00:21,  2.29it/s]
Applying function compute_hks:  26%|██▌       | 17/66 [00:17<00:27,  1.77it/s]
Applying function compute_hks:  29%|██▉       | 19/66 [00:17<00:18,  2.58it/s]
Applying function compute_hks:  30%|███       | 20/66 [00:17<00:15,  2.92it/s]
Applying function compute_hks:  32%|███▏      | 21/66 [00:18<00:24,  1.87it/s]
Applying function compute_hks:  33%|███▎      | 22/66 [00:20<00:38,  1.14it/s]
Applying function compute_hks:  35%|███▍      | 23/66 [00:20<00:29,  1.44it/s]
Applying function compute_hks:  38%|███▊      | 25/66 [00:20<00:17,  2.37it/s]
Applying function compute_hks:  41%|████      | 27/66 [00:21<00:12,  3.21it/s]
Applying function compute_hks:  42%|████▏     | 28/66 [00:21<00:11,  3.38it/s]
Applying function compute_hks:  45%|████▌     | 30/66 [00:22<00:13,  2.75it/s]
Applying function compute_hks:  48%|████▊     | 32/66 [00:22<00:10,  3.35it/s]
Applying function compute_hks:  52%|█████▏    | 34/66 [00:23<00:09,  3.45it/s]
Applying function compute_hks:  53%|█████▎    | 35/66 [00:23<00:08,  3.80it/s]
Applying function compute_hks:  55%|█████▍    | 36/66 [00:23<00:07,  4.27it/s]
Applying function compute_hks:  56%|█████▌    | 37/66 [00:23<00:07,  3.95it/s]
Applying function compute_hks:  58%|█████▊    | 38/66 [00:24<00:06,  4.36it/s]
Applying function compute_hks:  59%|█████▉    | 39/66 [00:24<00:07,  3.78it/s]
Applying function compute_hks:  61%|██████    | 40/66 [00:24<00:06,  4.14it/s]
Applying function compute_hks:  62%|██████▏   | 41/66 [00:25<00:07,  3.18it/s]
Applying function compute_hks:  64%|██████▎   | 42/66 [00:25<00:07,  3.25it/s]
Applying function compute_hks:  67%|██████▋   | 44/66 [00:26<00:09,  2.26it/s]
Applying function compute_hks:  70%|██████▉   | 46/66 [00:27<00:07,  2.65it/s]
Applying function compute_hks:  71%|███████   | 47/66 [00:27<00:07,  2.44it/s]
Applying function compute_hks:  73%|███████▎  | 48/66 [00:29<00:11,  1.55it/s]
Applying function compute_hks:  74%|███████▍  | 49/66 [00:30<00:15,  1.10it/s]
Applying function compute_hks:  76%|███████▌  | 50/66 [00:31<00:15,  1.04it/s]
Applying function compute_hks:  77%|███████▋  | 51/66 [00:32<00:12,  1.25it/s]
Applying function compute_hks:  79%|███████▉  | 52/66 [00:33<00:13,  1.05it/s]
Applying function compute_hks:  80%|████████  | 53/66 [00:33<00:09,  1.39it/s]
Applying function compute_hks:  82%|████████▏ | 54/66 [00:34<00:08,  1.43it/s]
Applying function compute_hks:  83%|████████▎ | 55/66 [00:40<00:24,  2.25s/it]
Applying function compute_hks:  85%|████████▍ | 56/66 [00:44<00:29,  2.95s/it]
Applying function compute_hks:  86%|████████▋ | 57/66 [00:46<00:22,  2.55s/it]
Applying function compute_hks:  88%|████████▊ | 58/66 [00:46<00:14,  1.86s/it]
Applying function compute_hks:  89%|████████▉ | 59/66 [00:47<00:09,  1.39s/it]
Applying function compute_hks:  91%|█████████ | 60/66 [00:48<00:08,  1.34s/it]
Applying function compute_hks:  92%|█████████▏| 61/66 [00:48<00:04,  1.03it/s]
Applying function compute_hks:  95%|█████████▌| 63/66 [00:48<00:01,  1.75it/s]
Applying function compute_hks:  97%|█████████▋| 64/66 [00:48<00:00,  2.19it/s]
Applying function compute_hks:  98%|█████████▊| 65/66 [00:49<00:00,  2.19it/s]
Applying function compute_hks: 100%|██████████| 66/66 [00:50<00:00,  1.76it/s]
Applying function compute_hks: 100%|██████████| 66/66 [00:50<00:00,  1.31it/s]

Applying function agglomerate_mesh:   0%|          | 0/66 [00:00<?, ?it/s]/cis/home/rwang183/my_documents/BDD/SpineDetect-shengwen-branch/SpineDetect/tpm_simulator/microns_env/lib/python3.12/site-packages/meshmash/utils.py:36: PyVistaDeprecationWarning: Parameter 'use_all_points' is deprecated since VTK < 9.2 is no longer supported. This parameter has no effect and is always `True`.
  edge_data = poly.extract_all_edges(use_all_points=True, clear_data=True)
/cis/home/rwang183/my_documents/BDD/SpineDetect-shengwen-branch/SpineDetect/tpm_simulator/microns_env/lib/python3.12/site-packages/meshmash/utils.py:36: PyVistaDeprecationWarning: Parameter 'use_all_points' is deprecated since VTK < 9.2 is no longer supported. This parameter has no effect and is always `True`.
  edge_data = poly.extract_all_edges(use_all_points=True, clear_data=True)
/cis/home/rwang183/my_documents/BDD/SpineDetect-shengwen-branch/SpineDetect/tpm_simulator/microns_env/lib/python3.12/site-packages/meshmash/utils.py:36: PyVistaDeprecationWarning: Parameter 'use_all_points' is deprecated since VTK < 9.2 is no longer supported. This parameter has no effect and is always `True`.
  edge_data = poly.extract_all_edges(use_all_points=True, clear_data=True)
/cis/home/rwang183/my_documents/BDD/SpineDetect-shengwen-branch/SpineDetect/tpm_simulator/microns_env/lib/python3.12/site-packages/meshmash/utils.py:36: PyVistaDeprecationWarning: Parameter 'use_all_points' is deprecated since VTK < 9.2 is no longer supported. This parameter has no effect and is always `True`.
  edge_data = poly.extract_all_edges(use_all_points=True, clear_data=True)
/cis/home/rwang183/my_documents/BDD/SpineDetect-shengwen-branch/SpineDetect/tpm_simulator/microns_env/lib/python3.12/site-packages/meshmash/utils.py:36: PyVistaDeprecationWarning: Parameter 'use_all_points' is deprecated since VTK < 9.2 is no longer supported. This parameter has no effect and is always `True`.
  edge_data = poly.extract_all_edges(use_all_points=True, clear_data=True)
/cis/home/rwang183/my_documents/BDD/SpineDetect-shengwen-branch/SpineDetect/tpm_simulator/microns_env/lib/python3.12/site-packages/meshmash/utils.py:36: PyVistaDeprecationWarning: Parameter 'use_all_points' is deprecated since VTK < 9.2 is no longer supported. This parameter has no effect and is always `True`.
  edge_data = poly.extract_all_edges(use_all_points=True, clear_data=True)
/cis/home/rwang183/my_documents/BDD/SpineDetect-shengwen-branch/SpineDetect/tpm_simulator/microns_env/lib/python3.12/site-packages/meshmash/utils.py:36: PyVistaDeprecationWarning: Parameter 'use_all_points' is deprecated since VTK < 9.2 is no longer supported. This parameter has no effect and is always `True`.
  edge_data = poly.extract_all_edges(use_all_points=True, clear_data=True)
/cis/home/rwang183/my_documents/BDD/SpineDetect-shengwen-branch/SpineDetect/tpm_simulator/microns_env/lib/python3.12/site-packages/meshmash/utils.py:36: PyVistaDeprecationWarning: Parameter 'use_all_points' is deprecated since VTK < 9.2 is no longer supported. This parameter has no effect and is always `True`.
  edge_data = poly.extract_all_edges(use_all_points=True, clear_data=True)
/cis/home/rwang183/my_documents/BDD/SpineDetect-shengwen-branch/SpineDetect/tpm_simulator/microns_env/lib/python3.12/site-packages/meshmash/utils.py:36: PyVistaDeprecationWarning: Parameter 'use_all_points' is deprecated since VTK < 9.2 is no longer supported. This parameter has no effect and is always `True`.
  edge_data = poly.extract_all_edges(use_all_points=True, clear_data=True)
/cis/home/rwang183/my_documents/BDD/SpineDetect-shengwen-branch/SpineDetect/tpm_simulator/microns_env/lib/python3.12/site-packages/meshmash/utils.py:36: PyVistaDeprecationWarning: Parameter 'use_all_points' is deprecated since VTK < 9.2 is no longer supported. This parameter has no effect and is always `True`.
  edge_data = poly.extract_all_edges(use_all_points=True, clear_data=True)
/cis/home/rwang183/my_documents/BDD/SpineDetect-shengwen-branch/SpineDetect/tpm_simulator/microns_env/lib/python3.12/site-packages/meshmash/utils.py:36: PyVistaDeprecationWarning: Parameter 'use_all_points' is deprecated since VTK < 9.2 is no longer supported. This parameter has no effect and is always `True`.
  edge_data = poly.extract_all_edges(use_all_points=True, clear_data=True)
/cis/home/rwang183/my_documents/BDD/SpineDetect-shengwen-branch/SpineDetect/tpm_simulator/microns_env/lib/python3.12/site-packages/meshmash/utils.py:36: PyVistaDeprecationWarning: Parameter 'use_all_points' is deprecated since VTK < 9.2 is no longer supported. This parameter has no effect and is always `True`.
  edge_data = poly.extract_all_edges(use_all_points=True, clear_data=True)
/cis/home/rwang183/my_documents/BDD/SpineDetect-shengwen-branch/SpineDetect/tpm_simulator/microns_env/lib/python3.12/site-packages/meshmash/utils.py:36: PyVistaDeprecationWarning: Parameter 'use_all_points' is deprecated since VTK < 9.2 is no longer supported. This parameter has no effect and is always `True`.
  edge_data = poly.extract_all_edges(use_all_points=True, clear_data=True)
/cis/home/rwang183/my_documents/BDD/SpineDetect-shengwen-branch/SpineDetect/tpm_simulator/microns_env/lib/python3.12/site-packages/meshmash/utils.py:36: PyVistaDeprecationWarning: Parameter 'use_all_points' is deprecated since VTK < 9.2 is no longer supported. This parameter has no effect and is always `True`.
  edge_data = poly.extract_all_edges(use_all_points=True, clear_data=True)
/cis/home/rwang183/my_documents/BDD/SpineDetect-shengwen-branch/SpineDetect/tpm_simulator/microns_env/lib/python3.12/site-packages/meshmash/utils.py:36: PyVistaDeprecationWarning: Parameter 'use_all_points' is deprecated since VTK < 9.2 is no longer supported. This parameter has no effect and is always `True`.
  edge_data = poly.extract_all_edges(use_all_points=True, clear_data=True)
/cis/home/rwang183/my_documents/BDD/SpineDetect-shengwen-branch/SpineDetect/tpm_simulator/microns_env/lib/python3.12/site-packages/meshmash/utils.py:36: PyVistaDeprecationWarning: Parameter 'use_all_points' is deprecated since VTK < 9.2 is no longer supported. This parameter has no effect and is always `True`.
  edge_data = poly.extract_all_edges(use_all_points=True, clear_data=True)
/cis/home/rwang183/my_documents/BDD/SpineDetect-shengwen-branch/SpineDetect/tpm_simulator/microns_env/lib/python3.12/site-packages/meshmash/utils.py:36: PyVistaDeprecationWarning: Parameter 'use_all_points' is deprecated since VTK < 9.2 is no longer supported. This parameter has no effect and is always `True`.
  edge_data = poly.extract_all_edges(use_all_points=True, clear_data=True)
/cis/home/rwang183/my_documents/BDD/SpineDetect-shengwen-branch/SpineDetect/tpm_simulator/microns_env/lib/python3.12/site-packages/meshmash/utils.py:36: PyVistaDeprecationWarning: Parameter 'use_all_points' is deprecated since VTK < 9.2 is no longer supported. This parameter has no effect and is always `True`.
  edge_data = poly.extract_all_edges(use_all_points=True, clear_data=True)
/cis/home/rwang183/my_documents/BDD/SpineDetect-shengwen-branch/SpineDetect/tpm_simulator/microns_env/lib/python3.12/site-packages/meshmash/utils.py:36: PyVistaDeprecationWarning: Parameter 'use_all_points' is deprecated since VTK < 9.2 is no longer supported. This parameter has no effect and is always `True`.
  edge_data = poly.extract_all_edges(use_all_points=True, clear_data=True)
/cis/home/rwang183/my_documents/BDD/SpineDetect-shengwen-branch/SpineDetect/tpm_simulator/microns_env/lib/python3.12/site-packages/meshmash/utils.py:36: PyVistaDeprecationWarning: Parameter 'use_all_points' is deprecated since VTK < 9.2 is no longer supported. This parameter has no effect and is always `True`.
  edge_data = poly.extract_all_edges(use_all_points=True, clear_data=True)
/cis/home/rwang183/my_documents/BDD/SpineDetect-shengwen-branch/SpineDetect/tpm_simulator/microns_env/lib/python3.12/site-packages/meshmash/utils.py:36: PyVistaDeprecationWarning: Parameter 'use_all_points' is deprecated since VTK < 9.2 is no longer supported. This parameter has no effect and is always `True`.
  edge_data = poly.extract_all_edges(use_all_points=True, clear_data=True)
/cis/home/rwang183/my_documents/BDD/SpineDetect-shengwen-branch/SpineDetect/tpm_simulator/microns_env/lib/python3.12/site-packages/meshmash/utils.py:36: PyVistaDeprecationWarning: Parameter 'use_all_points' is deprecated since VTK < 9.2 is no longer supported. This parameter has no effect and is always `True`.
  edge_data = poly.extract_all_edges(use_all_points=True, clear_data=True)
/cis/home/rwang183/my_documents/BDD/SpineDetect-shengwen-branch/SpineDetect/tpm_simulator/microns_env/lib/python3.12/site-packages/meshmash/utils.py:36: PyVistaDeprecationWarning: Parameter 'use_all_points' is deprecated since VTK < 9.2 is no longer supported. This parameter has no effect and is always `True`.
  edge_data = poly.extract_all_edges(use_all_points=True, clear_data=True)
/cis/home/rwang183/my_documents/BDD/SpineDetect-shengwen-branch/SpineDetect/tpm_simulator/microns_env/lib/python3.12/site-packages/meshmash/utils.py:36: PyVistaDeprecationWarning: Parameter 'use_all_points' is deprecated since VTK < 9.2 is no longer supported. This parameter has no effect and is always `True`.
  edge_data = poly.extract_all_edges(use_all_points=True, clear_data=True)
/cis/home/rwang183/my_documents/BDD/SpineDetect-shengwen-branch/SpineDetect/tpm_simulator/microns_env/lib/python3.12/site-packages/meshmash/utils.py:36: PyVistaDeprecationWarning: Parameter 'use_all_points' is deprecated since VTK < 9.2 is no longer supported. This parameter has no effect and is always `True`.
  edge_data = poly.extract_all_edges(use_all_points=True, clear_data=True)
/cis/home/rwang183/my_documents/BDD/SpineDetect-shengwen-branch/SpineDetect/tpm_simulator/microns_env/lib/python3.12/site-packages/meshmash/utils.py:36: PyVistaDeprecationWarning: Parameter 'use_all_points' is deprecated since VTK < 9.2 is no longer supported. This parameter has no effect and is always `True`.
  edge_data = poly.extract_all_edges(use_all_points=True, clear_data=True)
/cis/home/rwang183/my_documents/BDD/SpineDetect-shengwen-branch/SpineDetect/tpm_simulator/microns_env/lib/python3.12/site-packages/meshmash/utils.py:36: PyVistaDeprecationWarning: Parameter 'use_all_points' is deprecated since VTK < 9.2 is no longer supported. This parameter has no effect and is always `True`.
  edge_data = poly.extract_all_edges(use_all_points=True, clear_data=True)
/cis/home/rwang183/my_documents/BDD/SpineDetect-shengwen-branch/SpineDetect/tpm_simulator/microns_env/lib/python3.12/site-packages/meshmash/utils.py:36: PyVistaDeprecationWarning: Parameter 'use_all_points' is deprecated since VTK < 9.2 is no longer supported. This parameter has no effect and is always `True`.
  edge_data = poly.extract_all_edges(use_all_points=True, clear_data=True)
/cis/home/rwang183/my_documents/BDD/SpineDetect-shengwen-branch/SpineDetect/tpm_simulator/microns_env/lib/python3.12/site-packages/meshmash/utils.py:36: PyVistaDeprecationWarning: Parameter 'use_all_points' is deprecated since VTK < 9.2 is no longer supported. This parameter has no effect and is always `True`.
  edge_data = poly.extract_all_edges(use_all_points=True, clear_data=True)
/cis/home/rwang183/my_documents/BDD/SpineDetect-shengwen-branch/SpineDetect/tpm_simulator/microns_env/lib/python3.12/site-packages/meshmash/utils.py:36: PyVistaDeprecationWarning: Parameter 'use_all_points' is deprecated since VTK < 9.2 is no longer supported. This parameter has no effect and is always `True`.
  edge_data = poly.extract_all_edges(use_all_points=True, clear_data=True)
/cis/home/rwang183/my_documents/BDD/SpineDetect-shengwen-branch/SpineDetect/tpm_simulator/microns_env/lib/python3.12/site-packages/meshmash/utils.py:36: PyVistaDeprecationWarning: Parameter 'use_all_points' is deprecated since VTK < 9.2 is no longer supported. This parameter has no effect and is always `True`.
  edge_data = poly.extract_all_edges(use_all_points=True, clear_data=True)
/cis/home/rwang183/my_documents/BDD/SpineDetect-shengwen-branch/SpineDetect/tpm_simulator/microns_env/lib/python3.12/site-packages/meshmash/utils.py:36: PyVistaDeprecationWarning: Parameter 'use_all_points' is deprecated since VTK < 9.2 is no longer supported. This parameter has no effect and is always `True`.
  edge_data = poly.extract_all_edges(use_all_points=True, clear_data=True)
/cis/home/rwang183/my_documents/BDD/SpineDetect-shengwen-branch/SpineDetect/tpm_simulator/microns_env/lib/python3.12/site-packages/meshmash/utils.py:36: PyVistaDeprecationWarning: Parameter 'use_all_points' is deprecated since VTK < 9.2 is no longer supported. This parameter has no effect and is always `True`.
  edge_data = poly.extract_all_edges(use_all_points=True, clear_data=True)
/cis/home/rwang183/my_documents/BDD/SpineDetect-shengwen-branch/SpineDetect/tpm_simulator/microns_env/lib/python3.12/site-packages/meshmash/utils.py:36: PyVistaDeprecationWarning: Parameter 'use_all_points' is deprecated since VTK < 9.2 is no longer supported. This parameter has no effect and is always `True`.
  edge_data = poly.extract_all_edges(use_all_points=True, clear_data=True)
/cis/home/rwang183/my_documents/BDD/SpineDetect-shengwen-branch/SpineDetect/tpm_simulator/microns_env/lib/python3.12/site-packages/meshmash/utils.py:36: PyVistaDeprecationWarning: Parameter 'use_all_points' is deprecated since VTK < 9.2 is no longer supported. This parameter has no effect and is always `True`.
  edge_data = poly.extract_all_edges(use_all_points=True, clear_data=True)
/cis/home/rwang183/my_documents/BDD/SpineDetect-shengwen-branch/SpineDetect/tpm_simulator/microns_env/lib/python3.12/site-packages/meshmash/utils.py:36: PyVistaDeprecationWarning: Parameter 'use_all_points' is deprecated since VTK < 9.2 is no longer supported. This parameter has no effect and is always `True`.
  edge_data = poly.extract_all_edges(use_all_points=True, clear_data=True)
/cis/home/rwang183/my_documents/BDD/SpineDetect-shengwen-branch/SpineDetect/tpm_simulator/microns_env/lib/python3.12/site-packages/meshmash/utils.py:36: PyVistaDeprecationWarning: Parameter 'use_all_points' is deprecated since VTK < 9.2 is no longer supported. This parameter has no effect and is always `True`.
  edge_data = poly.extract_all_edges(use_all_points=True, clear_data=True)
/cis/home/rwang183/my_documents/BDD/SpineDetect-shengwen-branch/SpineDetect/tpm_simulator/microns_env/lib/python3.12/site-packages/meshmash/utils.py:36: PyVistaDeprecationWarning: Parameter 'use_all_points' is deprecated since VTK < 9.2 is no longer supported. This parameter has no effect and is always `True`.
  edge_data = poly.extract_all_edges(use_all_points=True, clear_data=True)
/cis/home/rwang183/my_documents/BDD/SpineDetect-shengwen-branch/SpineDetect/tpm_simulator/microns_env/lib/python3.12/site-packages/meshmash/utils.py:36: PyVistaDeprecationWarning: Parameter 'use_all_points' is deprecated since VTK < 9.2 is no longer supported. This parameter has no effect and is always `True`.
  edge_data = poly.extract_all_edges(use_all_points=True, clear_data=True)
/cis/home/rwang183/my_documents/BDD/SpineDetect-shengwen-branch/SpineDetect/tpm_simulator/microns_env/lib/python3.12/site-packages/meshmash/utils.py:36: PyVistaDeprecationWarning: Parameter 'use_all_points' is deprecated since VTK < 9.2 is no longer supported. This parameter has no effect and is always `True`.
  edge_data = poly.extract_all_edges(use_all_points=True, clear_data=True)
/cis/home/rwang183/my_documents/BDD/SpineDetect-shengwen-branch/SpineDetect/tpm_simulator/microns_env/lib/python3.12/site-packages/meshmash/utils.py:36: PyVistaDeprecationWarning: Parameter 'use_all_points' is deprecated since VTK < 9.2 is no longer supported. This parameter has no effect and is always `True`.
  edge_data = poly.extract_all_edges(use_all_points=True, clear_data=True)
/cis/home/rwang183/my_documents/BDD/SpineDetect-shengwen-branch/SpineDetect/tpm_simulator/microns_env/lib/python3.12/site-packages/meshmash/utils.py:36: PyVistaDeprecationWarning: Parameter 'use_all_points' is deprecated since VTK < 9.2 is no longer supported. This parameter has no effect and is always `True`.
  edge_data = poly.extract_all_edges(use_all_points=True, clear_data=True)
/cis/home/rwang183/my_documents/BDD/SpineDetect-shengwen-branch/SpineDetect/tpm_simulator/microns_env/lib/python3.12/site-packages/meshmash/utils.py:36: PyVistaDeprecationWarning: Parameter 'use_all_points' is deprecated since VTK < 9.2 is no longer supported. This parameter has no effect and is always `True`.
  edge_data = poly.extract_all_edges(use_all_points=True, clear_data=True)
/cis/home/rwang183/my_documents/BDD/SpineDetect-shengwen-branch/SpineDetect/tpm_simulator/microns_env/lib/python3.12/site-packages/meshmash/utils.py:36: PyVistaDeprecationWarning: Parameter 'use_all_points' is deprecated since VTK < 9.2 is no longer supported. This parameter has no effect and is always `True`.
  edge_data = poly.extract_all_edges(use_all_points=True, clear_data=True)
/cis/home/rwang183/my_documents/BDD/SpineDetect-shengwen-branch/SpineDetect/tpm_simulator/microns_env/lib/python3.12/site-packages/meshmash/utils.py:36: PyVistaDeprecationWarning: Parameter 'use_all_points' is deprecated since VTK < 9.2 is no longer supported. This parameter has no effect and is always `True`.
  edge_data = poly.extract_all_edges(use_all_points=True, clear_data=True)
/cis/home/rwang183/my_documents/BDD/SpineDetect-shengwen-branch/SpineDetect/tpm_simulator/microns_env/lib/python3.12/site-packages/meshmash/utils.py:36: PyVistaDeprecationWarning: Parameter 'use_all_points' is deprecated since VTK < 9.2 is no longer supported. This parameter has no effect and is always `True`.
  edge_data = poly.extract_all_edges(use_all_points=True, clear_data=True)
/cis/home/rwang183/my_documents/BDD/SpineDetect-shengwen-branch/SpineDetect/tpm_simulator/microns_env/lib/python3.12/site-packages/meshmash/utils.py:36: PyVistaDeprecationWarning: Parameter 'use_all_points' is deprecated since VTK < 9.2 is no longer supported. This parameter has no effect and is always `True`.
  edge_data = poly.extract_all_edges(use_all_points=True, clear_data=True)
/cis/home/rwang183/my_documents/BDD/SpineDetect-shengwen-branch/SpineDetect/tpm_simulator/microns_env/lib/python3.12/site-packages/meshmash/utils.py:36: PyVistaDeprecationWarning: Parameter 'use_all_points' is deprecated since VTK < 9.2 is no longer supported. This parameter has no effect and is always `True`.
  edge_data = poly.extract_all_edges(use_all_points=True, clear_data=True)
/cis/home/rwang183/my_documents/BDD/SpineDetect-shengwen-branch/SpineDetect/tpm_simulator/microns_env/lib/python3.12/site-packages/meshmash/utils.py:36: PyVistaDeprecationWarning: Parameter 'use_all_points' is deprecated since VTK < 9.2 is no longer supported. This parameter has no effect and is always `True`.
  edge_data = poly.extract_all_edges(use_all_points=True, clear_data=True)
/cis/home/rwang183/my_documents/BDD/SpineDetect-shengwen-branch/SpineDetect/tpm_simulator/microns_env/lib/python3.12/site-packages/meshmash/utils.py:36: PyVistaDeprecationWarning: Parameter 'use_all_points' is deprecated since VTK < 9.2 is no longer supported. This parameter has no effect and is always `True`.
  edge_data = poly.extract_all_edges(use_all_points=True, clear_data=True)
/cis/home/rwang183/my_documents/BDD/SpineDetect-shengwen-branch/SpineDetect/tpm_simulator/microns_env/lib/python3.12/site-packages/meshmash/utils.py:36: PyVistaDeprecationWarning: Parameter 'use_all_points' is deprecated since VTK < 9.2 is no longer supported. This parameter has no effect and is always `True`.
  edge_data = poly.extract_all_edges(use_all_points=True, clear_data=True)
/cis/home/rwang183/my_documents/BDD/SpineDetect-shengwen-branch/SpineDetect/tpm_simulator/microns_env/lib/python3.12/site-packages/meshmash/utils.py:36: PyVistaDeprecationWarning: Parameter 'use_all_points' is deprecated since VTK < 9.2 is no longer supported. This parameter has no effect and is always `True`.
  edge_data = poly.extract_all_edges(use_all_points=True, clear_data=True)
/cis/home/rwang183/my_documents/BDD/SpineDetect-shengwen-branch/SpineDetect/tpm_simulator/microns_env/lib/python3.12/site-packages/meshmash/utils.py:36: PyVistaDeprecationWarning: Parameter 'use_all_points' is deprecated since VTK < 9.2 is no longer supported. This parameter has no effect and is always `True`.
  edge_data = poly.extract_all_edges(use_all_points=True, clear_data=True)
/cis/home/rwang183/my_documents/BDD/SpineDetect-shengwen-branch/SpineDetect/tpm_simulator/microns_env/lib/python3.12/site-packages/meshmash/utils.py:36: PyVistaDeprecationWarning: Parameter 'use_all_points' is deprecated since VTK < 9.2 is no longer supported. This parameter has no effect and is always `True`.
  edge_data = poly.extract_all_edges(use_all_points=True, clear_data=True)
/cis/home/rwang183/my_documents/BDD/SpineDetect-shengwen-branch/SpineDetect/tpm_simulator/microns_env/lib/python3.12/site-packages/meshmash/utils.py:36: PyVistaDeprecationWarning: Parameter 'use_all_points' is deprecated since VTK < 9.2 is no longer supported. This parameter has no effect and is always `True`.
  edge_data = poly.extract_all_edges(use_all_points=True, clear_data=True)
/cis/home/rwang183/my_documents/BDD/SpineDetect-shengwen-branch/SpineDetect/tpm_simulator/microns_env/lib/python3.12/site-packages/meshmash/utils.py:36: PyVistaDeprecationWarning: Parameter 'use_all_points' is deprecated since VTK < 9.2 is no longer supported. This parameter has no effect and is always `True`.
  edge_data = poly.extract_all_edges(use_all_points=True, clear_data=True)
/cis/home/rwang183/my_documents/BDD/SpineDetect-shengwen-branch/SpineDetect/tpm_simulator/microns_env/lib/python3.12/site-packages/meshmash/utils.py:36: PyVistaDeprecationWarning: Parameter 'use_all_points' is deprecated since VTK < 9.2 is no longer supported. This parameter has no effect and is always `True`.
  edge_data = poly.extract_all_edges(use_all_points=True, clear_data=True)
/cis/home/rwang183/my_documents/BDD/SpineDetect-shengwen-branch/SpineDetect/tpm_simulator/microns_env/lib/python3.12/site-packages/meshmash/utils.py:36: PyVistaDeprecationWarning: Parameter 'use_all_points' is deprecated since VTK < 9.2 is no longer supported. This parameter has no effect and is always `True`.
  edge_data = poly.extract_all_edges(use_all_points=True, clear_data=True)
/cis/home/rwang183/my_documents/BDD/SpineDetect-shengwen-branch/SpineDetect/tpm_simulator/microns_env/lib/python3.12/site-packages/meshmash/utils.py:36: PyVistaDeprecationWarning: Parameter 'use_all_points' is deprecated since VTK < 9.2 is no longer supported. This parameter has no effect and is always `True`.
  edge_data = poly.extract_all_edges(use_all_points=True, clear_data=True)
/cis/home/rwang183/my_documents/BDD/SpineDetect-shengwen-branch/SpineDetect/tpm_simulator/microns_env/lib/python3.12/site-packages/meshmash/utils.py:36: PyVistaDeprecationWarning: Parameter 'use_all_points' is deprecated since VTK < 9.2 is no longer supported. This parameter has no effect and is always `True`.
  edge_data = poly.extract_all_edges(use_all_points=True, clear_data=True)
/cis/home/rwang183/my_documents/BDD/SpineDetect-shengwen-branch/SpineDetect/tpm_simulator/microns_env/lib/python3.12/site-packages/meshmash/utils.py:36: PyVistaDeprecationWarning: Parameter 'use_all_points' is deprecated since VTK < 9.2 is no longer supported. This parameter has no effect and is always `True`.
  edge_data = poly.extract_all_edges(use_all_points=True, clear_data=True)
/cis/home/rwang183/my_documents/BDD/SpineDetect-shengwen-branch/SpineDetect/tpm_simulator/microns_env/lib/python3.12/site-packages/meshmash/utils.py:36: PyVistaDeprecationWarning: Parameter 'use_all_points' is deprecated since VTK < 9.2 is no longer supported. This parameter has no effect and is always `True`.
  edge_data = poly.extract_all_edges(use_all_points=True, clear_data=True)
/cis/home/rwang183/my_documents/BDD/SpineDetect-shengwen-branch/SpineDetect/tpm_simulator/microns_env/lib/python3.12/site-packages/meshmash/utils.py:36: PyVistaDeprecationWarning: Parameter 'use_all_points' is deprecated since VTK < 9.2 is no longer supported. This parameter has no effect and is always `True`.
  edge_data = poly.extract_all_edges(use_all_points=True, clear_data=True)
/cis/home/rwang183/my_documents/BDD/SpineDetect-shengwen-branch/SpineDetect/tpm_simulator/microns_env/lib/python3.12/site-packages/meshmash/utils.py:36: PyVistaDeprecationWarning: Parameter 'use_all_points' is deprecated since VTK < 9.2 is no longer supported. This parameter has no effect and is always `True`.
  edge_data = poly.extract_all_edges(use_all_points=True, clear_data=True)
/cis/home/rwang183/my_documents/BDD/SpineDetect-shengwen-branch/SpineDetect/tpm_simulator/microns_env/lib/python3.12/site-packages/meshmash/utils.py:36: PyVistaDeprecationWarning: Parameter 'use_all_points' is deprecated since VTK < 9.2 is no longer supported. This parameter has no effect and is always `True`.
  edge_data = poly.extract_all_edges(use_all_points=True, clear_data=True)
/cis/home/rwang183/my_documents/BDD/SpineDetect-shengwen-branch/SpineDetect/tpm_simulator/microns_env/lib/python3.12/site-packages/meshmash/utils.py:36: PyVistaDeprecationWarning: Parameter 'use_all_points' is deprecated since VTK < 9.2 is no longer supported. This parameter has no effect and is always `True`.
  edge_data = poly.extract_all_edges(use_all_points=True, clear_data=True)

Applying function agglomerate_mesh:   2%|▏         | 1/66 [00:01<01:49,  1.69s/it]
Applying function agglomerate_mesh:   6%|▌         | 4/66 [00:01<00:22,  2.78it/s]
Applying function agglomerate_mesh:  11%|█         | 7/66 [00:01<00:10,  5.39it/s]
Applying function agglomerate_mesh:  20%|█▉        | 13/66 [00:02<00:04, 11.75it/s]
Applying function agglomerate_mesh:  27%|██▋       | 18/66 [00:02<00:02, 16.77it/s]
Applying function agglomerate_mesh:  38%|███▊      | 25/66 [00:02<00:01, 24.06it/s]
Applying function agglomerate_mesh:  45%|████▌     | 30/66 [00:02<00:01, 27.62it/s]
Applying function agglomerate_mesh:  53%|█████▎    | 35/66 [00:02<00:01, 30.86it/s]
Applying function agglomerate_mesh:  68%|██████▊   | 45/66 [00:02<00:00, 38.01it/s]
Applying function agglomerate_mesh:  76%|███████▌  | 50/66 [00:02<00:00, 36.10it/s]
Applying function agglomerate_mesh:  83%|████████▎ | 55/66 [00:03<00:00, 14.19it/s]
Applying function agglomerate_mesh:  88%|████████▊ | 58/66 [00:04<00:00, 13.48it/s]
Applying function agglomerate_mesh:  92%|█████████▏| 61/66 [00:04<00:00, 13.81it/s]
Applying function agglomerate_mesh:  97%|█████████▋| 64/66 [00:04<00:00, 14.16it/s]
Applying function agglomerate_mesh: 100%|██████████| 66/66 [00:04<00:00, 12.20it/s]
Applying function agglomerate_mesh: 100%|██████████| 66/66 [00:04<00:00, 13.43it/s]
/cis/home/rwang183/my_documents/BDD/SpineDetect-shengwen-branch/SpineDetect/tpm_simulator/microns_env/lib/python3.12/site-packages/meshmash/utils.py:26: PyVistaDeprecationWarning: Parameter 'use_all_points' is deprecated since VTK < 9.2 is no longer supported. This parameter has no effect and is always `True`.
  edge_data = poly.extract_all_edges(use_all_points=True, clear_data=True)
/cis/home/rwang183/my_documents/BDD/SpineDetect-shengwen-branch/SpineDetect/tpm_simulator/microns_env/lib/python3.12/site-packages/meshmash/utils.py:36: PyVistaDeprecationWarning: Parameter 'use_all_points' is deprecated since VTK < 9.2 is no longer supported. This parameter has no effect and is always `True`.
  edge_data = poly.extract_all_edges(use_all_points=True, clear_data=True)
/cis/home/rwang183/my_documents/BDD/SpineDetect-shengwen-branch/SpineDetect/tpm_simulator/microns_env/lib/python3.12/site-packages/sklearn/base.py:463: InconsistentVersionWarning: Trying to unpickle estimator DecisionTreeClassifier from version 1.6.1 when using version 1.8.0. This might lead to breaking code or invalid results. Use at your own risk. For more info please refer to:
https://scikit-learn.org/stable/model_persistence.html#security-maintainability-limitations
  warnings.warn(
/cis/home/rwang183/my_documents/BDD/SpineDetect-shengwen-branch/SpineDetect/tpm_simulator/microns_env/lib/python3.12/site-packages/sklearn/base.py:463: InconsistentVersionWarning: Trying to unpickle estimator RandomForestClassifier from version 1.6.1 when using version 1.8.0. This might lead to breaking code or invalid results. Use at your own risk. For more info please refer to:
https://scikit-learn.org/stable/model_persistence.html#security-maintainability-limitations
  warnings.warn(
/cis/home/rwang183/my_documents/BDD/SpineDetect-shengwen-branch/SpineDetect/tpm_simulator/microns_env/lib/python3.12/site-packages/sklearn/base.py:463: InconsistentVersionWarning: Trying to unpickle estimator DecisionTreeClassifier from version 1.6.1 when using version 1.8.0. This might lead to breaking code or invalid results. Use at your own risk. For more info please refer to:
https://scikit-learn.org/stable/model_persistence.html#security-maintainability-limitations
  warnings.warn(
/cis/home/rwang183/my_documents/BDD/SpineDetect-shengwen-branch/SpineDetect/tpm_simulator/microns_env/lib/python3.12/site-packages/sklearn/base.py:463: InconsistentVersionWarning: Trying to unpickle estimator RandomForestClassifier from version 1.6.1 when using version 1.8.0. This might lead to breaking code or invalid results. Use at your own risk. For more info please refer to:
https://scikit-learn.org/stable/model_persistence.html#security-maintainability-limitations
  warnings.warn(
/cis/home/rwang183/my_documents/BDD/SpineDetect-shengwen-branch/SpineDetect/tpm_simulator/microns_env/lib/python3.12/site-packages/sklearn/base.py:463: InconsistentVersionWarning: Trying to unpickle estimator DecisionTreeClassifier from version 1.6.1 when using version 1.8.0. This might lead to breaking code or invalid results. Use at your own risk. For more info please refer to:
https://scikit-learn.org/stable/model_persistence.html#security-maintainability-limitations
  warnings.warn(
/cis/home/rwang183/my_documents/BDD/SpineDetect-shengwen-branch/SpineDetect/tpm_simulator/microns_env/lib/python3.12/site-packages/sklearn/base.py:463: InconsistentVersionWarning: Trying to unpickle estimator RandomForestClassifier from version 1.6.1 when using version 1.8.0. This might lead to breaking code or invalid results. Use at your own risk. For more info please refer to:
https://scikit-learn.org/stable/model_persistence.html#security-maintainability-limitations
  warnings.warn(
/cis/home/rwang183/my_documents/BDD/SpineDetect-shengwen-branch/SpineDetect/tpm_simulator/microns_env/lib/python3.12/site-packages/sklearn/base.py:463: InconsistentVersionWarning: Trying to unpickle estimator DecisionTreeClassifier from version 1.6.1 when using version 1.8.0. This might lead to breaking code or invalid results. Use at your own risk. For more info please refer to:
https://scikit-learn.org/stable/model_persistence.html#security-maintainability-limitations
  warnings.warn(
/cis/home/rwang183/my_documents/BDD/SpineDetect-shengwen-branch/SpineDetect/tpm_simulator/microns_env/lib/python3.12/site-packages/sklearn/base.py:463: InconsistentVersionWarning: Trying to unpickle estimator RandomForestClassifier from version 1.6.1 when using version 1.8.0. This might lead to breaking code or invalid results. Use at your own risk. For more info please refer to:
https://scikit-learn.org/stable/model_persistence.html#security-maintainability-limitations
  warnings.warn(
/cis/home/rwang183/my_documents/BDD/SpineDetect-shengwen-branch/SpineDetect/tpm_simulator/microns_env/lib/python3.12/site-packages/sklearn/base.py:463: InconsistentVersionWarning: Trying to unpickle estimator DecisionTreeClassifier from version 1.6.1 when using version 1.8.0. This might lead to breaking code or invalid results. Use at your own risk. For more info please refer to:
https://scikit-learn.org/stable/model_persistence.html#security-maintainability-limitations
  warnings.warn(
/cis/home/rwang183/my_documents/BDD/SpineDetect-shengwen-branch/SpineDetect/tpm_simulator/microns_env/lib/python3.12/site-packages/sklearn/base.py:463: InconsistentVersionWarning: Trying to unpickle estimator RandomForestClassifier from version 1.6.1 when using version 1.8.0. This might lead to breaking code or invalid results. Use at your own risk. For more info please refer to:
https://scikit-learn.org/stable/model_persistence.html#security-maintainability-limitations
  warnings.warn(
/cis/home/rwang183/my_documents/BDD/SpineDetect-shengwen-branch/SpineDetect/tpm_simulator/microns_env/lib/python3.12/site-packages/sklearn/base.py:463: InconsistentVersionWarning: Trying to unpickle estimator DecisionTreeClassifier from version 1.6.1 when using version 1.8.0. This might lead to breaking code or invalid results. Use at your own risk. For more info please refer to:
https://scikit-learn.org/stable/model_persistence.html#security-maintainability-limitations
  warnings.warn(
/cis/home/rwang183/my_documents/BDD/SpineDetect-shengwen-branch/SpineDetect/tpm_simulator/microns_env/lib/python3.12/site-packages/sklearn/base.py:463: InconsistentVersionWarning: Trying to unpickle estimator RandomForestClassifier from version 1.6.1 when using version 1.8.0. This might lead to breaking code or invalid results. Use at your own risk. For more info please refer to:
https://scikit-learn.org/stable/model_persistence.html#security-maintainability-limitations
  warnings.warn(
/cis/home/rwang183/my_documents/BDD/SpineDetect-shengwen-branch/SpineDetect/tpm_simulator/microns_env/lib/python3.12/site-packages/sklearn/base.py:463: InconsistentVersionWarning: Trying to unpickle estimator DecisionTreeClassifier from version 1.6.1 when using version 1.8.0. This might lead to breaking code or invalid results. Use at your own risk. For more info please refer to:
https://scikit-learn.org/stable/model_persistence.html#security-maintainability-limitations
  warnings.warn(
/cis/home/rwang183/my_documents/BDD/SpineDetect-shengwen-branch/SpineDetect/tpm_simulator/microns_env/lib/python3.12/site-packages/sklearn/base.py:463: InconsistentVersionWarning: Trying to unpickle estimator RandomForestClassifier from version 1.6.1 when using version 1.8.0. This might lead to breaking code or invalid results. Use at your own risk. For more info please refer to:
https://scikit-learn.org/stable/model_persistence.html#security-maintainability-limitations
  warnings.warn(
/cis/home/rwang183/my_documents/BDD/SpineDetect-shengwen-branch/SpineDetect/tpm_simulator/microns_env/lib/python3.12/site-packages/sklearn/base.py:463: InconsistentVersionWarning: Trying to unpickle estimator DecisionTreeClassifier from version 1.6.1 when using version 1.8.0. This might lead to breaking code or invalid results. Use at your own risk. For more info please refer to:
https://scikit-learn.org/stable/model_persistence.html#security-maintainability-limitations
  warnings.warn(
/cis/home/rwang183/my_documents/BDD/SpineDetect-shengwen-branch/SpineDetect/tpm_simulator/microns_env/lib/python3.12/site-packages/sklearn/base.py:463: InconsistentVersionWarning: Trying to unpickle estimator RandomForestClassifier from version 1.6.1 when using version 1.8.0. This might lead to breaking code or invalid results. Use at your own risk. For more info please refer to:
https://scikit-learn.org/stable/model_persistence.html#security-maintainability-limitations
  warnings.warn(
/cis/home/rwang183/my_documents/BDD/SpineDetect-shengwen-branch/SpineDetect/tpm_simulator/microns_env/lib/python3.12/site-packages/sklearn/base.py:463: InconsistentVersionWarning: Trying to unpickle estimator DecisionTreeClassifier from version 1.6.1 when using version 1.8.0. This might lead to breaking code or invalid results. Use at your own risk. For more info please refer to:
https://scikit-learn.org/stable/model_persistence.html#security-maintainability-limitations
  warnings.warn(
/cis/home/rwang183/my_documents/BDD/SpineDetect-shengwen-branch/SpineDetect/tpm_simulator/microns_env/lib/python3.12/site-packages/sklearn/base.py:463: InconsistentVersionWarning: Trying to unpickle estimator RandomForestClassifier from version 1.6.1 when using version 1.8.0. This might lead to breaking code or invalid results. Use at your own risk. For more info please refer to:
https://scikit-learn.org/stable/model_persistence.html#security-maintainability-limitations
  warnings.warn(
/cis/home/rwang183/my_documents/BDD/SpineDetect-shengwen-branch/SpineDetect/tpm_simulator/microns_env/lib/python3.12/site-packages/sklearn/base.py:463: InconsistentVersionWarning: Trying to unpickle estimator DecisionTreeClassifier from version 1.6.1 when using version 1.8.0. This might lead to breaking code or invalid results. Use at your own risk. For more info please refer to:
https://scikit-learn.org/stable/model_persistence.html#security-maintainability-limitations
  warnings.warn(
/cis/home/rwang183/my_documents/BDD/SpineDetect-shengwen-branch/SpineDetect/tpm_simulator/microns_env/lib/python3.12/site-packages/sklearn/base.py:463: InconsistentVersionWarning: Trying to unpickle estimator RandomForestClassifier from version 1.6.1 when using version 1.8.0. This might lead to breaking code or invalid results. Use at your own risk. For more info please refer to:
https://scikit-learn.org/stable/model_persistence.html#security-maintainability-limitations
  warnings.warn(
/cis/home/rwang183/my_documents/BDD/SpineDetect-shengwen-branch/SpineDetect/tpm_simulator/microns_env/lib/python3.12/site-packages/sklearn/base.py:463: InconsistentVersionWarning: Trying to unpickle estimator DecisionTreeClassifier from version 1.6.1 when using version 1.8.0. This might lead to breaking code or invalid results. Use at your own risk. For more info please refer to:
https://scikit-learn.org/stable/model_persistence.html#security-maintainability-limitations
  warnings.warn(
/cis/home/rwang183/my_documents/BDD/SpineDetect-shengwen-branch/SpineDetect/tpm_simulator/microns_env/lib/python3.12/site-packages/sklearn/base.py:463: InconsistentVersionWarning: Trying to unpickle estimator RandomForestClassifier from version 1.6.1 when using version 1.8.0. This might lead to breaking code or invalid results. Use at your own risk. For more info please refer to:
https://scikit-learn.org/stable/model_persistence.html#security-maintainability-limitations
  warnings.warn(
/cis/home/rwang183/my_documents/BDD/SpineDetect-shengwen-branch/SpineDetect/tpm_simulator/microns_env/lib/python3.12/site-packages/sklearn/base.py:463: InconsistentVersionWarning: Trying to unpickle estimator DecisionTreeClassifier from version 1.6.1 when using version 1.8.0. This might lead to breaking code or invalid results. Use at your own risk. For more info please refer to:
https://scikit-learn.org/stable/model_persistence.html#security-maintainability-limitations
  warnings.warn(
/cis/home/rwang183/my_documents/BDD/SpineDetect-shengwen-branch/SpineDetect/tpm_simulator/microns_env/lib/python3.12/site-packages/sklearn/base.py:463: InconsistentVersionWarning: Trying to unpickle estimator RandomForestClassifier from version 1.6.1 when using version 1.8.0. This might lead to breaking code or invalid results. Use at your own risk. For more info please refer to:
https://scikit-learn.org/stable/model_persistence.html#security-maintainability-limitations
  warnings.warn(
/cis/home/rwang183/my_documents/BDD/SpineDetect-shengwen-branch/SpineDetect/tpm_simulator/microns_env/lib/python3.12/site-packages/sklearn/base.py:463: InconsistentVersionWarning: Trying to unpickle estimator DecisionTreeClassifier from version 1.6.1 when using version 1.8.0. This might lead to breaking code or invalid results. Use at your own risk. For more info please refer to:
https://scikit-learn.org/stable/model_persistence.html#security-maintainability-limitations
  warnings.warn(
/cis/home/rwang183/my_documents/BDD/SpineDetect-shengwen-branch/SpineDetect/tpm_simulator/microns_env/lib/python3.12/site-packages/sklearn/base.py:463: InconsistentVersionWarning: Trying to unpickle estimator RandomForestClassifier from version 1.6.1 when using version 1.8.0. This might lead to breaking code or invalid results. Use at your own risk. For more info please refer to:
https://scikit-learn.org/stable/model_persistence.html#security-maintainability-limitations
  warnings.warn(
/cis/home/rwang183/my_documents/BDD/SpineDetect-shengwen-branch/SpineDetect/tpm_simulator/microns_env/lib/python3.12/site-packages/sklearn/base.py:463: InconsistentVersionWarning: Trying to unpickle estimator DecisionTreeClassifier from version 1.6.1 when using version 1.8.0. This might lead to breaking code or invalid results. Use at your own risk. For more info please refer to:
https://scikit-learn.org/stable/model_persistence.html#security-maintainability-limitations
  warnings.warn(
/cis/home/rwang183/my_documents/BDD/SpineDetect-shengwen-branch/SpineDetect/tpm_simulator/microns_env/lib/python3.12/site-packages/sklearn/base.py:463: InconsistentVersionWarning: Trying to unpickle estimator RandomForestClassifier from version 1.6.1 when using version 1.8.0. This might lead to breaking code or invalid results. Use at your own risk. For more info please refer to:
https://scikit-learn.org/stable/model_persistence.html#security-maintainability-limitations
  warnings.warn(
/cis/home/rwang183/my_documents/BDD/SpineDetect-shengwen-branch/SpineDetect/tpm_simulator/microns_env/lib/python3.12/site-packages/sklearn/base.py:463: InconsistentVersionWarning: Trying to unpickle estimator DecisionTreeClassifier from version 1.6.1 when using version 1.8.0. This might lead to breaking code or invalid results. Use at your own risk. For more info please refer to:
https://scikit-learn.org/stable/model_persistence.html#security-maintainability-limitations
  warnings.warn(
/cis/home/rwang183/my_documents/BDD/SpineDetect-shengwen-branch/SpineDetect/tpm_simulator/microns_env/lib/python3.12/site-packages/sklearn/base.py:463: InconsistentVersionWarning: Trying to unpickle estimator RandomForestClassifier from version 1.6.1 when using version 1.8.0. This might lead to breaking code or invalid results. Use at your own risk. For more info please refer to:
https://scikit-learn.org/stable/model_persistence.html#security-maintainability-limitations
  warnings.warn(
/cis/home/rwang183/my_documents/BDD/SpineDetect-shengwen-branch/SpineDetect/tpm_simulator/microns_env/lib/python3.12/site-packages/sklearn/base.py:463: InconsistentVersionWarning: Trying to unpickle estimator DecisionTreeClassifier from version 1.6.1 when using version 1.8.0. This might lead to breaking code or invalid results. Use at your own risk. For more info please refer to:
https://scikit-learn.org/stable/model_persistence.html#security-maintainability-limitations
  warnings.warn(
/cis/home/rwang183/my_documents/BDD/SpineDetect-shengwen-branch/SpineDetect/tpm_simulator/microns_env/lib/python3.12/site-packages/sklearn/base.py:463: InconsistentVersionWarning: Trying to unpickle estimator RandomForestClassifier from version 1.6.1 when using version 1.8.0. This might lead to breaking code or invalid results. Use at your own risk. For more info please refer to:
https://scikit-learn.org/stable/model_persistence.html#security-maintainability-limitations
  warnings.warn(
/cis/home/rwang183/my_documents/BDD/SpineDetect-shengwen-branch/SpineDetect/tpm_simulator/microns_env/lib/python3.12/site-packages/sklearn/base.py:463: InconsistentVersionWarning: Trying to unpickle estimator DecisionTreeClassifier from version 1.6.1 when using version 1.8.0. This might lead to breaking code or invalid results. Use at your own risk. For more info please refer to:
https://scikit-learn.org/stable/model_persistence.html#security-maintainability-limitations
  warnings.warn(
/cis/home/rwang183/my_documents/BDD/SpineDetect-shengwen-branch/SpineDetect/tpm_simulator/microns_env/lib/python3.12/site-packages/sklearn/base.py:463: InconsistentVersionWarning: Trying to unpickle estimator RandomForestClassifier from version 1.6.1 when using version 1.8.0. This might lead to breaking code or invalid results. Use at your own risk. For more info please refer to:
https://scikit-learn.org/stable/model_persistence.html#security-maintainability-limitations
  warnings.warn(
/cis/home/rwang183/my_documents/BDD/SpineDetect-shengwen-branch/SpineDetect/tpm_simulator/microns_env/lib/python3.12/site-packages/sklearn/base.py:463: InconsistentVersionWarning: Trying to unpickle estimator DecisionTreeClassifier from version 1.6.1 when using version 1.8.0. This might lead to breaking code or invalid results. Use at your own risk. For more info please refer to:
https://scikit-learn.org/stable/model_persistence.html#security-maintainability-limitations
  warnings.warn(
/cis/home/rwang183/my_documents/BDD/SpineDetect-shengwen-branch/SpineDetect/tpm_simulator/microns_env/lib/python3.12/site-packages/sklearn/base.py:463: InconsistentVersionWarning: Trying to unpickle estimator RandomForestClassifier from version 1.6.1 when using version 1.8.0. This might lead to breaking code or invalid results. Use at your own risk. For more info please refer to:
https://scikit-learn.org/stable/model_persistence.html#security-maintainability-limitations
  warnings.warn(
/cis/home/rwang183/my_documents/BDD/SpineDetect-shengwen-branch/SpineDetect/tpm_simulator/microns_env/lib/python3.12/site-packages/sklearn/base.py:463: InconsistentVersionWarning: Trying to unpickle estimator DecisionTreeClassifier from version 1.6.1 when using version 1.8.0. This might lead to breaking code or invalid results. Use at your own risk. For more info please refer to:
https://scikit-learn.org/stable/model_persistence.html#security-maintainability-limitations
  warnings.warn(
/cis/home/rwang183/my_documents/BDD/SpineDetect-shengwen-branch/SpineDetect/tpm_simulator/microns_env/lib/python3.12/site-packages/sklearn/base.py:463: InconsistentVersionWarning: Trying to unpickle estimator RandomForestClassifier from version 1.6.1 when using version 1.8.0. This might lead to breaking code or invalid results. Use at your own risk. For more info please refer to:
https://scikit-learn.org/stable/model_persistence.html#security-maintainability-limitations
  warnings.warn(
/cis/home/rwang183/my_documents/BDD/SpineDetect-shengwen-branch/SpineDetect/tpm_simulator/microns_env/lib/python3.12/site-packages/sklearn/base.py:463: InconsistentVersionWarning: Trying to unpickle estimator DecisionTreeClassifier from version 1.6.1 when using version 1.8.0. This might lead to breaking code or invalid results. Use at your own risk. For more info please refer to:
https://scikit-learn.org/stable/model_persistence.html#security-maintainability-limitations
  warnings.warn(
/cis/home/rwang183/my_documents/BDD/SpineDetect-shengwen-branch/SpineDetect/tpm_simulator/microns_env/lib/python3.12/site-packages/sklearn/base.py:463: InconsistentVersionWarning: Trying to unpickle estimator RandomForestClassifier from version 1.6.1 when using version 1.8.0. This might lead to breaking code or invalid results. Use at your own risk. For more info please refer to:
https://scikit-learn.org/stable/model_persistence.html#security-maintainability-limitations
  warnings.warn(
/cis/home/rwang183/my_documents/BDD/SpineDetect-shengwen-branch/SpineDetect/tpm_simulator/microns_env/lib/python3.12/site-packages/sklearn/base.py:463: InconsistentVersionWarning: Trying to unpickle estimator DecisionTreeClassifier from version 1.6.1 when using version 1.8.0. This might lead to breaking code or invalid results. Use at your own risk. For more info please refer to:
https://scikit-learn.org/stable/model_persistence.html#security-maintainability-limitations
  warnings.warn(
/cis/home/rwang183/my_documents/BDD/SpineDetect-shengwen-branch/SpineDetect/tpm_simulator/microns_env/lib/python3.12/site-packages/sklearn/base.py:463: InconsistentVersionWarning: Trying to unpickle estimator RandomForestClassifier from version 1.6.1 when using version 1.8.0. This might lead to breaking code or invalid results. Use at your own risk. For more info please refer to:
https://scikit-learn.org/stable/model_persistence.html#security-maintainability-limitations
  warnings.warn(
/cis/home/rwang183/my_documents/BDD/SpineDetect-shengwen-branch/SpineDetect/tpm_simulator/microns_env/lib/python3.12/site-packages/sklearn/base.py:463: InconsistentVersionWarning: Trying to unpickle estimator DecisionTreeClassifier from version 1.6.1 when using version 1.8.0. This might lead to breaking code or invalid results. Use at your own risk. For more info please refer to:
https://scikit-learn.org/stable/model_persistence.html#security-maintainability-limitations
  warnings.warn(
/cis/home/rwang183/my_documents/BDD/SpineDetect-shengwen-branch/SpineDetect/tpm_simulator/microns_env/lib/python3.12/site-packages/sklearn/base.py:463: InconsistentVersionWarning: Trying to unpickle estimator RandomForestClassifier from version 1.6.1 when using version 1.8.0. This might lead to breaking code or invalid results. Use at your own risk. For more info please refer to:
https://scikit-learn.org/stable/model_persistence.html#security-maintainability-limitations
  warnings.warn(
/cis/home/rwang183/my_documents/BDD/SpineDetect-shengwen-branch/SpineDetect/tpm_simulator/microns_env/lib/python3.12/site-packages/sklearn/base.py:463: InconsistentVersionWarning: Trying to unpickle estimator DecisionTreeClassifier from version 1.6.1 when using version 1.8.0. This might lead to breaking code or invalid results. Use at your own risk. For more info please refer to:
https://scikit-learn.org/stable/model_persistence.html#security-maintainability-limitations
  warnings.warn(
/cis/home/rwang183/my_documents/BDD/SpineDetect-shengwen-branch/SpineDetect/tpm_simulator/microns_env/lib/python3.12/site-packages/sklearn/base.py:463: InconsistentVersionWarning: Trying to unpickle estimator RandomForestClassifier from version 1.6.1 when using version 1.8.0. This might lead to breaking code or invalid results. Use at your own risk. For more info please refer to:
https://scikit-learn.org/stable/model_persistence.html#security-maintainability-limitations
  warnings.warn(
/cis/home/rwang183/my_documents/BDD/SpineDetect-shengwen-branch/SpineDetect/tpm_simulator/microns_env/lib/python3.12/site-packages/sklearn/base.py:463: InconsistentVersionWarning: Trying to unpickle estimator DecisionTreeClassifier from version 1.6.1 when using version 1.8.0. This might lead to breaking code or invalid results. Use at your own risk. For more info please refer to:
https://scikit-learn.org/stable/model_persistence.html#security-maintainability-limitations
  warnings.warn(
/cis/home/rwang183/my_documents/BDD/SpineDetect-shengwen-branch/SpineDetect/tpm_simulator/microns_env/lib/python3.12/site-packages/sklearn/base.py:463: InconsistentVersionWarning: Trying to unpickle estimator RandomForestClassifier from version 1.6.1 when using version 1.8.0. This might lead to breaking code or invalid results. Use at your own risk. For more info please refer to:
https://scikit-learn.org/stable/model_persistence.html#security-maintainability-limitations
  warnings.warn(
  Success! HKS computed for root_id 864691136583041186.
Error occurred while voxelizing submesh: zero-size array to reduction operation minimum which has no identity
Error occurred while voxelizing submesh: zero-size array to reduction operation minimum which has no identity
Error occurred while voxelizing submesh: zero-size array to reduction operation minimum which has no identity
Error occurred while voxelizing submesh: zero-size array to reduction operation minimum which has no identity
Error occurred while voxelizing submesh: zero-size array to reduction operation minimum which has no identity
Error occurred while voxelizing submesh: zero-size array to reduction operation minimum which has no identity
Error occurred while voxelizing submesh: zero-size array to reduction operation minimum which has no identity
Error occurred while voxelizing submesh: zero-size array to reduction operation minimum which has no identity
Error occurred while voxelizing submesh: zero-size array to reduction operation minimum which has no identity
Error occurred while voxelizing submesh: zero-size array to reduction operation minimum which has no identity
Error occurred while voxelizing submesh: zero-size array to reduction operation minimum which has no identity
Error occurred while voxelizing submesh: zero-size array to reduction operation minimum which has no identity
Error occurred while voxelizing submesh: zero-size array to reduction operation minimum which has no identity
Error occurred while voxelizing submesh: zero-size array to reduction operation minimum which has no identity
Error occurred while voxelizing submesh: zero-size array to reduction operation minimum which has no identity
Error occurred while voxelizing submesh: zero-size array to reduction operation minimum which has no identity
Error occurred while voxelizing submesh: zero-size array to reduction operation minimum which has no identity
Error occurred while voxelizing submesh: zero-size array to reduction operation minimum which has no identity
Error occurred while voxelizing submesh: zero-size array to reduction operation minimum which has no identity
Error occurred while voxelizing submesh: zero-size array to reduction operation minimum which has no identity
Error occurred while voxelizing submesh: zero-size array to reduction operation minimum which has no identity
Error occurred while voxelizing submesh: zero-size array to reduction operation minimum which has no identity
Error occurred while voxelizing submesh: zero-size array to reduction operation minimum which has no identity
Error occurred while voxelizing submesh: zero-size array to reduction operation minimum which has no identity
Error occurred while voxelizing submesh: zero-size array to reduction operation minimum which has no identity
Error occurred while voxelizing submesh: zero-size array to reduction operation minimum which has no identity
Error occurred while voxelizing submesh: zero-size array to reduction operation minimum which has no identity
Error occurred while voxelizing submesh: zero-size array to reduction operation minimum which has no identity
Nucleus: 864691136573242786 | Resolution: [64.0, 64.0, 80.0] nm
  vas: grid 12x12x12 -> 1536x1536x1536 px

Stitching vas:   0%|          | 0/1728 [00:00<?, ?it/s]
Stitching vas:   1%|          | 14/1728 [00:00<00:18, 90.71it/s]
Stitching vas:   1%|▏         | 24/1728 [00:00<00:39, 43.23it/s]
Stitching vas:   2%|▏         | 30/1728 [00:00<00:41, 41.30it/s]
Stitching vas:   2%|▏         | 36/1728 [00:00<00:41, 40.67it/s]
Stitching vas:   3%|▎         | 44/1728 [00:00<00:37, 45.18it/s]
Stitching vas:   3%|▎         | 52/1728 [00:01<00:34, 48.37it/s]
Stitching vas:   3%|▎         | 60/1728 [00:01<00:32, 50.63it/s]
Stitching vas:   4%|▍         | 66/1728 [00:01<00:34, 48.69it/s]
Stitching vas:   4%|▍         | 71/1728 [00:01<00:38, 42.91it/s]
Stitching vas:   4%|▍         | 76/1728 [00:01<00:50, 32.74it/s]
Stitching vas:   5%|▍         | 80/1728 [00:01<00:51, 31.99it/s]
Stitching vas:   5%|▍         | 84/1728 [00:02<00:54, 30.38it/s]
Stitching vas:   5%|▌         | 88/1728 [00:02<00:58, 28.24it/s]
Stitching vas:   6%|▌         | 97/1728 [00:02<00:40, 40.38it/s]
Stitching vas:   6%|▌         | 102/1728 [00:02<00:40, 39.72it/s]
Stitching vas:   6%|▋         | 110/1728 [00:02<00:36, 44.48it/s]
Stitching vas:   7%|▋         | 118/1728 [00:02<00:33, 48.27it/s]
Stitching vas:   7%|▋         | 124/1728 [00:02<00:35, 45.59it/s]
Stitching vas:   7%|▋         | 129/1728 [00:03<00:39, 40.02it/s]
Stitching vas:   8%|▊         | 134/1728 [00:03<00:42, 37.83it/s]
Stitching vas:   8%|▊         | 138/1728 [00:03<00:45, 34.89it/s]
Stitching vas:   8%|▊         | 142/1728 [00:03<00:48, 32.72it/s]
Stitching vas:   8%|▊         | 146/1728 [00:03<00:47, 33.27it/s]
Stitching vas:   9%|▉         | 152/1728 [00:03<00:41, 37.94it/s]
Stitching vas:   9%|▉         | 158/1728 [00:03<00:36, 43.33it/s]
Stitching vas:   9%|▉         | 164/1728 [00:04<00:34, 45.05it/s]
Stitching vas:  10%|▉         | 169/1728 [00:04<00:33, 46.28it/s]
Stitching vas:  10%|█         | 174/1728 [00:04<00:36, 43.14it/s]
Stitching vas:  10%|█         | 179/1728 [00:04<00:42, 36.59it/s]
Stitching vas:  11%|█         | 187/1728 [00:04<00:36, 42.74it/s]
Stitching vas:  11%|█▏        | 195/1728 [00:04<00:32, 47.54it/s]
Stitching vas:  12%|█▏        | 201/1728 [00:04<00:31, 48.64it/s]
Stitching vas:  12%|█▏        | 209/1728 [00:04<00:29, 51.18it/s]
Stitching vas:  13%|█▎        | 217/1728 [00:05<00:27, 54.17it/s]
Stitching vas:  13%|█▎        | 224/1728 [00:05<00:28, 52.95it/s]
Stitching vas:  13%|█▎        | 231/1728 [00:05<00:27, 53.64it/s]
Stitching vas:  14%|█▍        | 238/1728 [00:05<00:27, 53.60it/s]
Stitching vas:  14%|█▍        | 246/1728 [00:05<00:27, 54.25it/s]
Stitching vas:  15%|█▍        | 252/1728 [00:05<00:28, 52.30it/s]
Stitching vas:  15%|█▍        | 258/1728 [00:05<00:31, 45.96it/s]
Stitching vas:  15%|█▌        | 264/1728 [00:06<00:32, 44.98it/s]
Stitching vas:  16%|█▌        | 272/1728 [00:06<00:29, 48.57it/s]
Stitching vas:  16%|█▌        | 279/1728 [00:06<00:28, 50.45it/s]
Stitching vas:  17%|█▋        | 286/1728 [00:06<00:27, 51.81it/s]
Stitching vas:  17%|█▋        | 293/1728 [00:06<00:27, 52.30it/s]
Stitching vas:  17%|█▋        | 301/1728 [00:06<00:26, 54.43it/s]
Stitching vas:  18%|█▊        | 307/1728 [00:06<00:26, 53.70it/s]
Stitching vas:  18%|█▊        | 315/1728 [00:07<00:29, 47.37it/s]
Stitching vas:  19%|█▊        | 320/1728 [00:07<00:32, 43.60it/s]
Stitching vas:  19%|█▉        | 325/1728 [00:07<00:38, 36.46it/s]
Stitching vas:  19%|█▉        | 329/1728 [00:07<00:41, 34.08it/s]
Stitching vas:  19%|█▉        | 333/1728 [00:07<00:40, 34.17it/s]
Stitching vas:  20%|█▉        | 337/1728 [00:07<00:45, 30.48it/s]
Stitching vas:  20%|█▉        | 341/1728 [00:07<00:44, 30.86it/s]
Stitching vas:  20%|█▉        | 345/1728 [00:08<00:45, 30.56it/s]
Stitching vas:  20%|██        | 349/1728 [00:08<00:43, 31.37it/s]
Stitching vas:  20%|██        | 353/1728 [00:08<00:47, 29.15it/s]
Stitching vas:  21%|██        | 356/1728 [00:08<00:47, 28.85it/s]
Stitching vas:  21%|██        | 360/1728 [00:08<00:44, 31.01it/s]
Stitching vas:  21%|██        | 364/1728 [00:08<00:53, 25.72it/s]
Stitching vas:  21%|██▏       | 368/1728 [00:08<00:50, 26.86it/s]
Stitching vas:  21%|██▏       | 371/1728 [00:09<00:52, 25.99it/s]
Stitching vas:  22%|██▏       | 375/1728 [00:09<00:50, 27.05it/s]
Stitching vas:  22%|██▏       | 381/1728 [00:09<00:40, 33.37it/s]
Stitching vas:  23%|██▎       | 389/1728 [00:09<00:33, 39.51it/s]
Stitching vas:  23%|██▎       | 397/1728 [00:09<00:29, 45.83it/s]
Stitching vas:  23%|██▎       | 403/1728 [00:09<00:27, 47.41it/s]
Stitching vas:  24%|██▍       | 411/1728 [00:09<00:25, 51.05it/s]
Stitching vas:  24%|██▍       | 417/1728 [00:09<00:25, 51.65it/s]
Stitching vas:  25%|██▍       | 424/1728 [00:10<00:26, 49.50it/s]
Stitching vas:  25%|██▍       | 429/1728 [00:10<00:29, 44.78it/s]
Stitching vas:  25%|██▌       | 434/1728 [00:10<00:31, 41.56it/s]
Stitching vas:  25%|██▌       | 439/1728 [00:10<00:37, 34.23it/s]
Stitching vas:  26%|██▌       | 443/1728 [00:10<00:39, 32.45it/s]
Stitching vas:  26%|██▌       | 447/1728 [00:10<00:41, 31.12it/s]
Stitching vas:  26%|██▌       | 451/1728 [00:11<00:41, 30.75it/s]
Stitching vas:  26%|██▋       | 455/1728 [00:11<00:39, 32.31it/s]
Stitching vas:  27%|██▋       | 459/1728 [00:11<00:39, 32.14it/s]
Stitching vas:  27%|██▋       | 463/1728 [00:11<00:42, 29.51it/s]
Stitching vas:  27%|██▋       | 467/1728 [00:11<00:43, 29.04it/s]
Stitching vas:  27%|██▋       | 470/1728 [00:11<00:45, 27.64it/s]
Stitching vas:  27%|██▋       | 473/1728 [00:11<00:45, 27.66it/s]
Stitching vas:  28%|██▊       | 480/1728 [00:11<00:34, 35.81it/s]
Stitching vas:  28%|██▊       | 487/1728 [00:12<00:30, 40.15it/s]
Stitching vas:  29%|██▊       | 495/1728 [00:12<00:27, 45.00it/s]
Stitching vas:  29%|██▉       | 503/1728 [00:12<00:25, 48.30it/s]
Stitching vas:  30%|██▉       | 511/1728 [00:12<00:24, 50.54it/s]
Stitching vas:  30%|███       | 519/1728 [00:12<00:23, 51.59it/s]
Stitching vas:  30%|███       | 526/1728 [00:12<00:22, 52.99it/s]
Stitching vas:  31%|███       | 534/1728 [00:12<00:22, 53.81it/s]
Stitching vas:  31%|███▏      | 540/1728 [00:13<00:21, 54.36it/s]
Stitching vas:  32%|███▏      | 548/1728 [00:13<00:22, 52.47it/s]
Stitching vas:  32%|███▏      | 556/1728 [00:13<00:21, 55.67it/s]
Stitching vas:  33%|███▎      | 564/1728 [00:13<00:20, 55.65it/s]
Stitching vas:  33%|███▎      | 571/1728 [00:13<00:21, 55.02it/s]
Stitching vas:  34%|███▎      | 579/1728 [00:13<00:20, 56.29it/s]
Stitching vas:  34%|███▍      | 587/1728 [00:13<00:20, 55.15it/s]
Stitching vas:  34%|███▍      | 595/1728 [00:14<00:20, 55.28it/s]
Stitching vas:  35%|███▍      | 603/1728 [00:14<00:20, 55.38it/s]
Stitching vas:  35%|███▌      | 611/1728 [00:14<00:20, 55.41it/s]
Stitching vas:  36%|███▌      | 617/1728 [00:14<00:21, 50.75it/s]
Stitching vas:  36%|███▌      | 623/1728 [00:14<00:25, 43.33it/s]
Stitching vas:  36%|███▋      | 628/1728 [00:14<00:26, 40.95it/s]
Stitching vas:  37%|███▋      | 633/1728 [00:15<00:34, 31.90it/s]
Stitching vas:  37%|███▋      | 638/1728 [00:15<00:31, 34.26it/s]
Stitching vas:  37%|███▋      | 642/1728 [00:15<00:32, 33.64it/s]
Stitching vas:  37%|███▋      | 646/1728 [00:15<00:35, 30.89it/s]
Stitching vas:  38%|███▊      | 650/1728 [00:15<00:38, 27.65it/s]
Stitching vas:  38%|███▊      | 653/1728 [00:15<00:38, 27.73it/s]
Stitching vas:  38%|███▊      | 656/1728 [00:15<00:41, 25.72it/s]
Stitching vas:  38%|███▊      | 660/1728 [00:16<00:42, 24.94it/s]
Stitching vas:  38%|███▊      | 665/1728 [00:16<00:35, 29.94it/s]
Stitching vas:  39%|███▊      | 669/1728 [00:16<00:33, 31.77it/s]
Stitching vas:  39%|███▉      | 673/1728 [00:16<00:33, 31.78it/s]
Stitching vas:  39%|███▉      | 677/1728 [00:16<00:35, 29.24it/s]
Stitching vas:  39%|███▉      | 681/1728 [00:16<00:42, 24.53it/s]
Stitching vas:  40%|███▉      | 685/1728 [00:16<00:40, 25.83it/s]
Stitching vas:  40%|███▉      | 689/1728 [00:17<00:38, 26.89it/s]
Stitching vas:  40%|████      | 695/1728 [00:17<00:32, 32.01it/s]
Stitching vas:  41%|████      | 703/1728 [00:17<00:25, 39.61it/s]
Stitching vas:  41%|████      | 711/1728 [00:17<00:22, 44.29it/s]
Stitching vas:  41%|████▏     | 717/1728 [00:17<00:21, 47.90it/s]
Stitching vas:  42%|████▏     | 723/1728 [00:17<00:20, 48.69it/s]
Stitching vas:  42%|████▏     | 728/1728 [00:17<00:25, 39.48it/s]
Stitching vas:  42%|████▏     | 733/1728 [00:18<00:26, 38.03it/s]
Stitching vas:  43%|████▎     | 738/1728 [00:18<00:26, 37.02it/s]
Stitching vas:  43%|████▎     | 742/1728 [00:18<00:28, 34.26it/s]
Stitching vas:  43%|████▎     | 746/1728 [00:18<00:30, 32.32it/s]
Stitching vas:  43%|████▎     | 750/1728 [00:18<00:31, 30.96it/s]
Stitching vas:  44%|████▎     | 754/1728 [00:18<00:32, 30.00it/s]
Stitching vas:  44%|████▍     | 758/1728 [00:18<00:33, 29.32it/s]
Stitching vas:  44%|████▍     | 761/1728 [00:19<00:36, 26.76it/s]
Stitching vas:  44%|████▍     | 767/1728 [00:19<00:28, 33.63it/s]
Stitching vas:  45%|████▍     | 773/1728 [00:19<00:26, 36.40it/s]
Stitching vas:  45%|████▌     | 781/1728 [00:19<00:21, 43.61it/s]
Stitching vas:  46%|████▌     | 789/1728 [00:19<00:19, 48.32it/s]
Stitching vas:  46%|████▌     | 795/1728 [00:19<00:18, 49.26it/s]
Stitching vas:  46%|████▋     | 803/1728 [00:19<00:18, 51.32it/s]
Stitching vas:  47%|████▋     | 809/1728 [00:19<00:17, 52.72it/s]
Stitching vas:  47%|████▋     | 815/1728 [00:20<00:20, 43.83it/s]
Stitching vas:  47%|████▋     | 820/1728 [00:20<00:22, 41.12it/s]
Stitching vas:  48%|████▊     | 825/1728 [00:20<00:29, 31.13it/s]
Stitching vas:  48%|████▊     | 829/1728 [00:20<00:29, 30.82it/s]
Stitching vas:  48%|████▊     | 834/1728 [00:20<00:26, 33.62it/s]
Stitching vas:  48%|████▊     | 838/1728 [00:20<00:26, 33.14it/s]
Stitching vas:  49%|████▊     | 842/1728 [00:21<00:29, 30.45it/s]
Stitching vas:  49%|████▉     | 846/1728 [00:21<00:34, 25.91it/s]
Stitching vas:  49%|████▉     | 850/1728 [00:21<00:33, 25.97it/s]
Stitching vas:  49%|████▉     | 854/1728 [00:21<00:33, 26.46it/s]
Stitching vas:  50%|████▉     | 857/1728 [00:21<00:32, 26.68it/s]
Stitching vas:  50%|████▉     | 862/1728 [00:21<00:27, 32.00it/s]
Stitching vas:  50%|█████     | 867/1728 [00:21<00:23, 36.13it/s]
Stitching vas:  51%|█████     | 875/1728 [00:22<00:20, 41.71it/s]
Stitching vas:  51%|█████     | 882/1728 [00:22<00:18, 46.00it/s]
Stitching vas:  52%|█████▏    | 890/1728 [00:22<00:16, 50.57it/s]
Stitching vas:  52%|█████▏    | 897/1728 [00:22<00:16, 50.27it/s]
Stitching vas:  52%|█████▏    | 903/1728 [00:22<00:16, 51.22it/s]
Stitching vas:  53%|█████▎    | 911/1728 [00:22<00:15, 52.59it/s]
Stitching vas:  53%|█████▎    | 917/1728 [00:22<00:15, 53.49it/s]
Stitching vas:  53%|█████▎    | 924/1728 [00:22<00:14, 53.99it/s]
Stitching vas:  54%|█████▍    | 932/1728 [00:23<00:14, 54.27it/s]
Stitching vas:  54%|█████▍    | 938/1728 [00:23<00:14, 55.31it/s]
Stitching vas:  55%|█████▍    | 945/1728 [00:23<00:14, 55.28it/s]
Stitching vas:  55%|█████▌    | 952/1728 [00:23<00:14, 55.19it/s]
Stitching vas:  55%|█████▌    | 959/1728 [00:23<00:14, 54.63it/s]
Stitching vas:  56%|█████▌    | 967/1728 [00:23<00:13, 56.09it/s]
Stitching vas:  56%|█████▋    | 973/1728 [00:23<00:13, 54.79it/s]
Stitching vas:  57%|█████▋    | 979/1728 [00:23<00:14, 50.38it/s]
Stitching vas:  57%|█████▋    | 985/1728 [00:24<00:18, 39.13it/s]
Stitching vas:  57%|█████▋    | 990/1728 [00:24<00:19, 37.91it/s]
Stitching vas:  58%|█████▊    | 995/1728 [00:24<00:23, 31.01it/s]
Stitching vas:  58%|█████▊    | 999/1728 [00:24<00:24, 30.19it/s]
Stitching vas:  58%|█████▊    | 1004/1728 [00:24<00:23, 31.35it/s]
Stitching vas:  58%|█████▊    | 1008/1728 [00:25<00:23, 30.44it/s]
Stitching vas:  59%|█████▊    | 1012/1728 [00:25<00:26, 27.31it/s]
Stitching vas:  59%|█████▉    | 1016/1728 [00:25<00:24, 29.40it/s]
Stitching vas:  59%|█████▉    | 1020/1728 [00:25<00:24, 29.00it/s]
Stitching vas:  59%|█████▉    | 1027/1728 [00:25<00:19, 35.33it/s]
Stitching vas:  60%|█████▉    | 1032/1728 [00:25<00:18, 38.57it/s]
Stitching vas:  60%|██████    | 1038/1728 [00:25<00:16, 42.93it/s]
Stitching vas:  61%|██████    | 1046/1728 [00:25<00:14, 47.53it/s]
Stitching vas:  61%|██████    | 1054/1728 [00:26<00:13, 50.43it/s]
Stitching vas:  61%|██████▏   | 1060/1728 [00:26<00:14, 47.51it/s]
Stitching vas:  62%|██████▏   | 1065/1728 [00:26<00:15, 43.52it/s]
Stitching vas:  62%|██████▏   | 1070/1728 [00:26<00:18, 35.35it/s]
Stitching vas:  62%|██████▏   | 1074/1728 [00:26<00:20, 32.14it/s]
Stitching vas:  62%|██████▏   | 1078/1728 [00:26<00:19, 32.94it/s]
Stitching vas:  63%|██████▎   | 1085/1728 [00:27<00:15, 41.27it/s]
Stitching vas:  63%|██████▎   | 1090/1728 [00:27<00:15, 42.44it/s]
Stitching vas:  63%|██████▎   | 1095/1728 [00:27<00:14, 43.39it/s]
Stitching vas:  64%|██████▍   | 1102/1728 [00:27<00:13, 48.02it/s]
Stitching vas:  64%|██████▍   | 1108/1728 [00:27<00:12, 51.15it/s]
Stitching vas:  64%|██████▍   | 1114/1728 [00:27<00:12, 50.44it/s]
Stitching vas:  65%|██████▍   | 1122/1728 [00:27<00:11, 52.03it/s]
Stitching vas:  65%|██████▌   | 1128/1728 [00:27<00:12, 46.92it/s]
Stitching vas:  66%|██████▌   | 1133/1728 [00:28<00:13, 43.04it/s]
Stitching vas:  66%|██████▌   | 1138/1728 [00:28<00:16, 35.00it/s]
Stitching vas:  66%|██████▌   | 1142/1728 [00:28<00:18, 31.35it/s]
Stitching vas:  66%|██████▋   | 1146/1728 [00:28<00:18, 30.87it/s]
Stitching vas:  67%|██████▋   | 1150/1728 [00:28<00:19, 29.99it/s]
Stitching vas:  67%|██████▋   | 1154/1728 [00:28<00:18, 30.42it/s]
Stitching vas:  67%|██████▋   | 1158/1728 [00:28<00:19, 29.63it/s]
Stitching vas:  67%|██████▋   | 1162/1728 [00:29<00:20, 28.04it/s]
Stitching vas:  67%|██████▋   | 1166/1728 [00:29<00:20, 27.45it/s]
Stitching vas:  68%|██████▊   | 1170/1728 [00:29<00:19, 28.06it/s]
Stitching vas:  68%|██████▊   | 1174/1728 [00:29<00:19, 29.03it/s]
Stitching vas:  68%|██████▊   | 1178/1728 [00:29<00:19, 28.63it/s]
Stitching vas:  68%|██████▊   | 1183/1728 [00:29<00:20, 26.49it/s]
Stitching vas:  69%|██████▊   | 1187/1728 [00:30<00:19, 28.30it/s]
Stitching vas:  69%|██████▉   | 1194/1728 [00:30<00:14, 36.09it/s]
Stitching vas:  69%|██████▉   | 1200/1728 [00:30<00:12, 41.68it/s]
Stitching vas:  70%|██████▉   | 1206/1728 [00:30<00:11, 45.23it/s]
Stitching vas:  70%|███████   | 1212/1728 [00:30<00:10, 47.94it/s]
Stitching vas:  70%|███████   | 1218/1728 [00:30<00:10, 48.77it/s]
Stitching vas:  71%|███████   | 1224/1728 [00:30<00:11, 42.45it/s]
Stitching vas:  71%|███████   | 1229/1728 [00:30<00:12, 40.01it/s]
Stitching vas:  71%|███████▏  | 1234/1728 [00:31<00:15, 31.68it/s]
Stitching vas:  72%|███████▏  | 1238/1728 [00:31<00:15, 30.63it/s]
Stitching vas:  72%|███████▏  | 1242/1728 [00:31<00:16, 30.11it/s]
Stitching vas:  72%|███████▏  | 1246/1728 [00:31<00:16, 28.91it/s]
Stitching vas:  72%|███████▏  | 1250/1728 [00:31<00:15, 30.71it/s]
Stitching vas:  73%|███████▎  | 1254/1728 [00:31<00:15, 29.78it/s]
Stitching vas:  73%|███████▎  | 1258/1728 [00:31<00:16, 28.59it/s]
Stitching vas:  73%|███████▎  | 1261/1728 [00:32<00:17, 27.25it/s]
Stitching vas:  73%|███████▎  | 1265/1728 [00:32<00:17, 26.87it/s]
Stitching vas:  73%|███████▎  | 1269/1728 [00:32<00:15, 29.73it/s]
Stitching vas:  74%|███████▍  | 1276/1728 [00:32<00:12, 35.14it/s]
Stitching vas:  74%|███████▍  | 1283/1728 [00:32<00:10, 42.01it/s]
Stitching vas:  75%|███████▍  | 1291/1728 [00:32<00:09, 44.71it/s]
Stitching vas:  75%|███████▌  | 1299/1728 [00:32<00:08, 48.48it/s]
Stitching vas:  76%|███████▌  | 1306/1728 [00:33<00:08, 50.19it/s]
Stitching vas:  76%|███████▌  | 1313/1728 [00:33<00:08, 50.74it/s]
Stitching vas:  76%|███████▋  | 1320/1728 [00:33<00:07, 53.02it/s]
Stitching vas:  77%|███████▋  | 1328/1728 [00:33<00:07, 53.09it/s]
Stitching vas:  77%|███████▋  | 1335/1728 [00:33<00:07, 54.07it/s]
Stitching vas:  78%|███████▊  | 1342/1728 [00:33<00:08, 47.46it/s]
Stitching vas:  78%|███████▊  | 1347/1728 [00:33<00:08, 43.66it/s]
Stitching vas:  78%|███████▊  | 1352/1728 [00:34<00:08, 43.29it/s]
Stitching vas:  79%|███████▊  | 1357/1728 [00:34<00:11, 32.01it/s]
Stitching vas:  79%|███████▉  | 1361/1728 [00:34<00:12, 30.41it/s]
Stitching vas:  79%|███████▉  | 1365/1728 [00:34<00:11, 31.74it/s]
Stitching vas:  79%|███████▉  | 1369/1728 [00:34<00:11, 30.53it/s]
Stitching vas:  79%|███████▉  | 1373/1728 [00:34<00:11, 29.67it/s]
Stitching vas:  80%|███████▉  | 1377/1728 [00:34<00:11, 30.82it/s]
Stitching vas:  80%|███████▉  | 1381/1728 [00:35<00:11, 29.87it/s]
Stitching vas:  80%|████████  | 1385/1728 [00:35<00:11, 29.20it/s]
Stitching vas:  80%|████████  | 1388/1728 [00:35<00:12, 26.65it/s]
Stitching vas:  80%|████████  | 1391/1728 [00:35<00:13, 25.34it/s]
Stitching vas:  81%|████████  | 1395/1728 [00:35<00:12, 26.57it/s]
Stitching vas:  81%|████████  | 1399/1728 [00:35<00:12, 26.90it/s]
Stitching vas:  81%|████████  | 1403/1728 [00:35<00:11, 28.83it/s]
Stitching vas:  81%|████████▏ | 1406/1728 [00:36<00:12, 26.80it/s]
Stitching vas:  82%|████████▏ | 1410/1728 [00:36<00:11, 26.55it/s]
Stitching vas:  82%|████████▏ | 1414/1728 [00:36<00:11, 27.41it/s]
Stitching vas:  82%|████████▏ | 1421/1728 [00:36<00:08, 36.87it/s]
Stitching vas:  82%|████████▏ | 1425/1728 [00:36<00:08, 36.77it/s]
Stitching vas:  83%|████████▎ | 1433/1728 [00:36<00:06, 42.85it/s]
Stitching vas:  83%|████████▎ | 1440/1728 [00:36<00:06, 46.82it/s]
Stitching vas:  84%|████████▍ | 1448/1728 [00:37<00:05, 48.01it/s]
Stitching vas:  84%|████████▍ | 1456/1728 [00:37<00:05, 51.10it/s]
Stitching vas:  85%|████████▍ | 1463/1728 [00:37<00:05, 52.65it/s]
Stitching vas:  85%|████████▌ | 1471/1728 [00:37<00:04, 52.94it/s]
Stitching vas:  86%|████████▌ | 1479/1728 [00:37<00:04, 53.68it/s]
Stitching vas:  86%|████████▌ | 1487/1728 [00:37<00:04, 54.08it/s]
Stitching vas:  87%|████████▋ | 1495/1728 [00:37<00:04, 54.36it/s]
Stitching vas:  87%|████████▋ | 1503/1728 [00:38<00:04, 54.55it/s]
Stitching vas:  87%|████████▋ | 1511/1728 [00:38<00:04, 54.17it/s]
Stitching vas:  88%|████████▊ | 1518/1728 [00:38<00:03, 54.24it/s]
Stitching vas:  88%|████████▊ | 1526/1728 [00:38<00:03, 56.60it/s]
Stitching vas:  89%|████████▊ | 1533/1728 [00:38<00:03, 54.40it/s]
Stitching vas:  89%|████████▉ | 1541/1728 [00:38<00:03, 54.59it/s]
Stitching vas:  90%|████████▉ | 1549/1728 [00:38<00:03, 54.64it/s]
Stitching vas:  90%|█████████ | 1556/1728 [00:38<00:03, 54.14it/s]
Stitching vas:  91%|█████████ | 1564/1728 [00:39<00:02, 54.90it/s]
Stitching vas:  91%|█████████ | 1571/1728 [00:39<00:02, 54.25it/s]
Stitching vas:  91%|█████████▏| 1579/1728 [00:39<00:02, 54.96it/s]
Stitching vas:  92%|█████████▏| 1587/1728 [00:39<00:02, 56.57it/s]
Stitching vas:  92%|█████████▏| 1594/1728 [00:39<00:02, 53.85it/s]
Stitching vas:  93%|█████████▎| 1602/1728 [00:39<00:02, 54.20it/s]
Stitching vas:  93%|█████████▎| 1609/1728 [00:39<00:02, 54.28it/s]
Stitching vas:  94%|█████████▎| 1617/1728 [00:40<00:01, 56.68it/s]
Stitching vas:  94%|█████████▍| 1624/1728 [00:40<00:01, 54.45it/s]
Stitching vas:  94%|█████████▍| 1630/1728 [00:40<00:01, 54.82it/s]
Stitching vas:  95%|█████████▍| 1636/1728 [00:40<00:02, 41.18it/s]
Stitching vas:  95%|█████████▍| 1641/1728 [00:40<00:02, 38.65it/s]
Stitching vas:  95%|█████████▌| 1646/1728 [00:40<00:02, 36.25it/s]
Stitching vas:  95%|█████████▌| 1650/1728 [00:41<00:02, 31.17it/s]
Stitching vas:  96%|█████████▌| 1654/1728 [00:41<00:02, 28.37it/s]
Stitching vas:  96%|█████████▌| 1658/1728 [00:41<00:02, 28.66it/s]
Stitching vas:  96%|█████████▌| 1662/1728 [00:41<00:02, 29.94it/s]
Stitching vas:  96%|█████████▋| 1666/1728 [00:41<00:02, 29.27it/s]
Stitching vas:  97%|█████████▋| 1670/1728 [00:41<00:02, 28.80it/s]
Stitching vas:  97%|█████████▋| 1673/1728 [00:41<00:01, 28.53it/s]
Stitching vas:  97%|█████████▋| 1676/1728 [00:42<00:01, 26.13it/s]
Stitching vas:  97%|█████████▋| 1680/1728 [00:42<00:01, 28.82it/s]
Stitching vas:  97%|█████████▋| 1683/1728 [00:42<00:01, 26.19it/s]
Stitching vas:  98%|█████████▊| 1687/1728 [00:42<00:01, 27.17it/s]
Stitching vas:  98%|█████████▊| 1691/1728 [00:42<00:01, 26.87it/s]
Stitching vas:  98%|█████████▊| 1698/1728 [00:42<00:00, 35.04it/s]
Stitching vas:  99%|█████████▊| 1705/1728 [00:42<00:00, 40.36it/s]
Stitching vas:  99%|█████████▉| 1713/1728 [00:42<00:00, 47.21it/s]
Stitching vas: 100%|█████████▉| 1720/1728 [00:43<00:00, 47.97it/s]
Stitching vas: 100%|██████████| 1728/1728 [00:43<00:00, 54.41it/s]
Stitching vas: 100%|██████████| 1728/1728 [00:43<00:00, 39.98it/s]
Saved: /cis/home/rwang183/my_documents/BDD/SpineDetect-shengwen-branch/SpineDetect/tpm_simulator/data/download/microns_864691136573242786/vessels_864691136573242786.tiff
  em: grid 4x4x8 -> 512x512x1024 px

Stitching em:   0%|          | 0/128 [00:00<?, ?it/s]
Stitching em:   1%|          | 1/128 [00:00<00:36,  3.44it/s]
Stitching em:   4%|▍         | 5/128 [00:00<00:12, 10.20it/s]
Stitching em:   7%|▋         | 9/128 [00:00<00:09, 12.47it/s]
Stitching em:  10%|█         | 13/128 [00:01<00:08, 13.61it/s]
Stitching em:  13%|█▎        | 17/128 [00:01<00:07, 14.06it/s]
Stitching em:  15%|█▍        | 19/128 [00:01<00:07, 14.62it/s]
Stitching em:  16%|█▋        | 21/128 [00:01<00:07, 13.79it/s]
Stitching em:  18%|█▊        | 23/128 [00:01<00:07, 14.52it/s]
Stitching em:  20%|█▉        | 25/128 [00:01<00:07, 13.86it/s]
Stitching em:  21%|██        | 27/128 [00:02<00:07, 14.38it/s]
Stitching em:  23%|██▎       | 29/128 [00:02<00:07, 13.05it/s]
Stitching em:  26%|██▌       | 33/128 [00:02<00:07, 13.26it/s]
Stitching em:  29%|██▉       | 37/128 [00:02<00:06, 13.83it/s]
Stitching em:  30%|███       | 39/128 [00:02<00:06, 14.65it/s]
Stitching em:  32%|███▏      | 41/128 [00:03<00:06, 13.60it/s]
Stitching em:  34%|███▎      | 43/128 [00:03<00:05, 14.59it/s]
Stitching em:  35%|███▌      | 45/128 [00:03<00:06, 13.03it/s]
Stitching em:  38%|███▊      | 49/128 [00:03<00:05, 13.60it/s]
Stitching em:  41%|████▏     | 53/128 [00:03<00:05, 14.03it/s]
Stitching em:  43%|████▎     | 55/128 [00:04<00:04, 14.61it/s]
Stitching em:  45%|████▍     | 57/128 [00:04<00:04, 14.40it/s]
Stitching em:  46%|████▌     | 59/128 [00:04<00:04, 13.84it/s]
Stitching em:  48%|████▊     | 61/128 [00:04<00:04, 14.35it/s]
Stitching em:  49%|████▉     | 63/128 [00:04<00:04, 14.26it/s]
Stitching em:  51%|█████     | 65/128 [00:04<00:04, 14.58it/s]
Stitching em:  52%|█████▏    | 67/128 [00:04<00:04, 14.42it/s]
Stitching em:  54%|█████▍    | 69/128 [00:05<00:04, 14.30it/s]
Stitching em:  55%|█████▌    | 71/128 [00:05<00:04, 14.21it/s]
Stitching em:  57%|█████▋    | 73/128 [00:05<00:03, 14.14it/s]
Stitching em:  59%|█████▊    | 75/128 [00:05<00:03, 14.11it/s]
Stitching em:  60%|██████    | 77/128 [00:05<00:03, 14.08it/s]
Stitching em:  62%|██████▏   | 79/128 [00:05<00:03, 14.05it/s]
Stitching em:  63%|██████▎   | 81/128 [00:05<00:03, 14.03it/s]
Stitching em:  65%|██████▍   | 83/128 [00:06<00:03, 14.03it/s]
Stitching em:  66%|██████▋   | 85/128 [00:06<00:03, 14.02it/s]
Stitching em:  68%|██████▊   | 87/128 [00:06<00:02, 14.00it/s]
Stitching em:  70%|██████▉   | 89/128 [00:06<00:02, 14.00it/s]
Stitching em:  71%|███████   | 91/128 [00:06<00:02, 14.00it/s]
Stitching em:  73%|███████▎  | 93/128 [00:06<00:02, 14.00it/s]
Stitching em:  74%|███████▍  | 95/128 [00:06<00:02, 13.26it/s]
Stitching em:  76%|███████▌  | 97/128 [00:07<00:02, 14.52it/s]
Stitching em:  77%|███████▋  | 99/128 [00:07<00:02, 14.10it/s]
Stitching em:  79%|███████▉  | 101/128 [00:07<00:01, 14.07it/s]
Stitching em:  80%|████████  | 103/128 [00:07<00:01, 14.04it/s]
Stitching em:  82%|████████▏ | 105/128 [00:07<00:01, 14.03it/s]
Stitching em:  84%|████████▎ | 107/128 [00:07<00:01, 14.01it/s]
Stitching em:  85%|████████▌ | 109/128 [00:07<00:01, 14.01it/s]
Stitching em:  87%|████████▋ | 111/128 [00:08<00:01, 13.99it/s]
Stitching em:  88%|████████▊ | 113/128 [00:08<00:01, 14.00it/s]
Stitching em:  90%|████████▉ | 115/128 [00:08<00:00, 14.01it/s]
Stitching em:  91%|█████████▏| 117/128 [00:08<00:00, 14.01it/s]
Stitching em:  93%|█████████▎| 119/128 [00:08<00:00, 14.01it/s]
Stitching em:  95%|█████████▍| 121/128 [00:08<00:00, 14.01it/s]
Stitching em:  96%|█████████▌| 123/128 [00:08<00:00, 14.00it/s]
Stitching em:  98%|█████████▊| 125/128 [00:09<00:00, 13.99it/s]
Stitching em:  99%|█████████▉| 127/128 [00:09<00:00, 14.69it/s]
Stitching em: 100%|██████████| 128/128 [00:09<00:00, 13.95it/s]
Saved: /cis/home/rwang183/my_documents/BDD/SpineDetect-shengwen-branch/SpineDetect/tpm_simulator/data/download/microns_864691136573242786/em_864691136573242786.tiff
  svx: grid 4x4x8 -> 512x512x1024 px

Stitching svx:   0%|          | 0/128 [00:00<?, ?it/s]
Stitching svx:   4%|▍         | 5/128 [00:00<00:03, 36.32it/s]
Stitching svx:  10%|█         | 13/128 [00:00<00:02, 46.25it/s]
Stitching svx:  16%|█▋        | 21/128 [00:00<00:02, 50.82it/s]
Stitching svx:  23%|██▎       | 29/128 [00:00<00:01, 52.30it/s]
Stitching svx:  29%|██▉       | 37/128 [00:00<00:01, 52.38it/s]
Stitching svx:  35%|███▌      | 45/128 [00:00<00:01, 53.17it/s]
Stitching svx:  41%|████▏     | 53/128 [00:01<00:01, 53.41it/s]
Stitching svx:  48%|████▊     | 61/128 [00:01<00:01, 54.35it/s]
Stitching svx:  54%|█████▍    | 69/128 [00:01<00:01, 54.33it/s]
Stitching svx:  60%|██████    | 77/128 [00:01<00:00, 54.27it/s]
Stitching svx:  66%|██████▋   | 85/128 [00:01<00:00, 53.73it/s]
Stitching svx:  73%|███████▎  | 93/128 [00:01<00:00, 53.94it/s]
Stitching svx:  79%|███████▉  | 101/128 [00:01<00:00, 54.66it/s]
Stitching svx:  85%|████████▌ | 109/128 [00:02<00:00, 53.99it/s]
Stitching svx:  91%|█████████▏| 117/128 [00:02<00:00, 54.59it/s]
Stitching svx:  98%|█████████▊| 125/128 [00:02<00:00, 54.53it/s]
Stitching svx: 100%|██████████| 128/128 [00:02<00:00, 54.45it/s]
Saved: /cis/home/rwang183/my_documents/BDD/SpineDetect-shengwen-branch/SpineDetect/tpm_simulator/data/download/microns_864691136573242786/neurons_864691136573242786.tiff
Cleaning up block files...
Cleanup complete.
