[16:43:09] Download pipeline started, log: /cis/home/rwang183/my_documents/BDD/SpineDetect-shengwen-branch/SpineDetect/tpm_simulator/pipelines/cloud/logs/download/download_20260410_164309.log
[16:43:09] MIP 3 (1 volumes)
[16:43:09] [MIP 3] 1/1
Start log_file=/cis/home/rwang183/my_documents/BDD/SpineDetect-shengwen-branch/SpineDetect/tpm_simulator/pipelines/cloud/logs/download/download_20260410_164309.log
Log file: /cis/home/rwang183/my_documents/BDD/SpineDetect-shengwen-branch/SpineDetect/tpm_simulator/pipelines/cloud/logs/download/download_20260410_164309.log
Building neuron whitelist...
Whitelist IN: table_names=['allen_column_mtypes_v2', 'aibs_metamodel_celltypes_v661', 'baylor_gnn_cell_type_fine_model_v2', 'bodor_pt_cells', 'l5et_column']
Loading whitelist: allen_column_mtypes_v2...
  allen_column_mtypes_v2: 1351 IDs
Whitelist table=allen_column_mtypes_v2 ids=1351
Loading whitelist: aibs_metamodel_celltypes_v661...
201 - "Limited query to 50000 rows
  aibs_metamodel_celltypes_v661: +50000 rows (offset 50000)
  aibs_metamodel_celltypes_v661: 68218 IDs
Whitelist table=aibs_metamodel_celltypes_v661 ids=68218
Loading whitelist: baylor_gnn_cell_type_fine_model_v2...
  baylor_gnn_cell_type_fine_model_v2: 49049 IDs
Whitelist table=baylor_gnn_cell_type_fine_model_v2 ids=49049
Loading whitelist: bodor_pt_cells...
  bodor_pt_cells: 12 IDs
Whitelist table=bodor_pt_cells ids=12
Loading whitelist: l5et_column...
  l5et_column: 39 IDs
Whitelist table=l5et_column ids=39
Whitelist OUT: total_ids=84676, stats={'allen_column_mtypes_v2': 1351, 'aibs_metamodel_celltypes_v661': 68218, 'baylor_gnn_cell_type_fine_model_v2': 49049, 'bodor_pt_cells': 12, 'l5et_column': 39}, duration=8.69s
Building vessel whitelist...
Whitelist IN: table_names=['aibs_metamodel_celltypes_v661']
Loading whitelist: aibs_metamodel_celltypes_v661...
  aibs_metamodel_celltypes_v661: 8729 IDs
Whitelist table=aibs_metamodel_celltypes_v661 ids=8729
Whitelist OUT: total_ids=8729, stats={'aibs_metamodel_celltypes_v661': 8729}, duration=0.78s
Whitelist ready: 84676 neurons, 8729 vessels
Whitelist n_stats={'allen_column_mtypes_v2': 1351, 'aibs_metamodel_celltypes_v661': 68218, 'baylor_gnn_cell_type_fine_model_v2': 49049, 'bodor_pt_cells': 12, 'l5et_column': 39} v_stats={'aibs_metamodel_celltypes_v661': 8729}
Sampling ROI...
ROI sampling IN: whitelist_sizes=(84676, 8729), vessel_nm=[98304.0, 98304.0, 122880.0] neuron_nm=[32768.0, 32768.0, 81920.0]
Sampling ROI (attempt 1)...
ROI sampling attempt=1 root_id=864691135538554226 retry: Bbox([6208, 14528, 7296],[6272, 14592, 7360], dtype=np.int32, unit='vx')
ROI sampling OUT: root_id=864691135570956678, found_n=206, found_v=10, duration=21.75s
ROI chosen root_id=864691135570956678 save_dir=/cis/home/rwang183/my_documents/BDD/SpineDetect-shengwen-branch/SpineDetect/tpm_simulator/data/download/microns_864691135570956678 found_n=206 found_v=10
Downloading 864691135570956678 (neuron 4x4x8, vessel 12x12x12)
Block (2,1,6) root_id=864691135570956678
Block (2,2,5) root_id=864691135570956678
Block (0,1,6) root_id=864691135570956678
Block (0,3,3) root_id=864691135570956678
Block (3,2,1) root_id=864691135570956678
Block (1,3,0) root_id=864691135570956678
Block (3,1,5) root_id=864691135570956678
Block (3,3,2) root_id=864691135570956678

Blocks:   0%|          | 0/1728 [00:00<?, ?it/s]Block (0,1,6) ok, attempt=1, duration=3.77s

Blocks:   0%|          | 1/1728 [00:03<1:46:55,  3.71s/it]Block (1,0,1) root_id=864691135570956678
Block (2,1,6) ok, attempt=1, duration=4.47s

Blocks:   0%|          | 2/1728 [00:04<55:53,  1.94s/it]  Block (2,2,5) ok, attempt=1, duration=4.49s
Block (0,0,7) root_id=864691135570956678
Block (0,2,4) root_id=864691135570956678
Block (1,3,0) ok, attempt=1, duration=5.09s

Blocks:   0%|          | 4/1728 [00:05<26:36,  1.08it/s]Block (1,1,0) root_id=864691135570956678
Block (3,3,2) ok, attempt=1, duration=5.14s
Block (3,0,3) root_id=864691135570956678
Block (3,1,5) ok, attempt=1, duration=5.21s
Block (2,0,1) root_id=864691135570956678

Blocks:   0%|          | 6/1728 [00:05<14:47,  1.94it/s]Block (0,3,3) ok, attempt=1, duration=5.24s
Block (2,2,7) root_id=864691135570956678
Block (3,2,1) ok, attempt=1, duration=5.47s

Blocks:   0%|          | 8/1728 [00:05<10:19,  2.78it/s]Block (0,3,5) root_id=864691135570956678
Block (0,0,7) ok, attempt=1, duration=3.41s

Blocks:   1%|          | 9/1728 [00:07<23:19,  1.23it/s]Block (1,3,2) root_id=864691135570956678
Block (0,3,5) ok, attempt=1, duration=2.59s

Blocks:   1%|          | 10/1728 [00:08<19:02,  1.50it/s]Block (3,1,7) root_id=864691135570956678
Block (0,2,4) ok, attempt=1, duration=3.67s
Block (3,3,4) root_id=864691135570956678
Block (1,0,1) ok, attempt=1, duration=4.87s

Blocks:   1%|          | 12/1728 [00:08<14:32,  1.97it/s]Block (0,0,0) root_id=864691135570956678
Block (2,2,7) ok, attempt=1, duration=4.14s
Block (1,1,2) root_id=864691135570956678

Blocks:   1%|          | 13/1728 [00:09<16:18,  1.75it/s]Block (3,0,3) ok, attempt=1, duration=4.73s

Blocks:   1%|          | 14/1728 [00:09<15:32,  1.84it/s]Block (0,2,6) root_id=864691135570956678
Block (2,0,1) ok, attempt=1, duration=4.71s
Block (2,0,3) root_id=864691135570956678
Block (1,1,0) ok, attempt=1, duration=4.88s

Blocks:   1%|          | 16/1728 [00:09<09:47,  2.91it/s]Block (2,2,0) root_id=864691135570956678
Block (3,1,7) ok, attempt=1, duration=3.98s
Block (0,1,1) root_id=864691135570956678

Blocks:   1%|          | 17/1728 [00:12<20:54,  1.36it/s]Block (1,3,2) ok, attempt=1, duration=4.46s

Blocks:   1%|          | 18/1728 [00:12<17:44,  1.61it/s]Block (0,3,7) root_id=864691135570956678
Block (0,2,6) ok, attempt=1, duration=2.97s

Blocks:   1%|          | 19/1728 [00:12<16:57,  1.68it/s]Block (3,1,0) root_id=864691135570956678
Block (3,3,4) ok, attempt=1, duration=5.22s

Blocks:   1%|          | 20/1728 [00:13<16:29,  1.73it/s]Block (1,3,4) root_id=864691135570956678
Block (0,0,0) ok, attempt=1, duration=5.09s
Block (3,3,6) root_id=864691135570956678

Blocks:   1%|          | 21/1728 [00:13<14:36,  1.95it/s]Block (2,0,3) ok, attempt=1, duration=4.69s
Block (0,0,2) root_id=864691135570956678

Blocks:   1%|▏         | 22/1728 [00:14<17:42,  1.61it/s]Block (1,1,2) ok, attempt=1, duration=5.25s
Block (1,1,4) root_id=864691135570956678
Block (2,2,0) ok, attempt=1, duration=4.74s
Block (2,0,5) root_id=864691135570956678

Blocks:   1%|▏         | 24/1728 [00:14<10:23,  2.73it/s]Block (0,3,7) ok, attempt=1, duration=3.56s

Blocks:   1%|▏         | 25/1728 [00:15<15:55,  1.78it/s]Block (2,2,2) root_id=864691135570956678
Block (0,1,1) ok, attempt=1, duration=5.59s

Blocks:   2%|▏         | 26/1728 [00:17<24:30,  1.16it/s]Block (0,1,3) root_id=864691135570956678
Block (1,3,4) ok, attempt=1, duration=4.31s
Block (0,3,0) root_id=864691135570956678
Block (1,1,4) ok, attempt=1, duration=3.69s
Block (3,1,2) root_id=864691135570956678

Blocks:   2%|▏         | 28/1728 [00:18<18:33,  1.53it/s]Block (3,1,0) ok, attempt=1, duration=5.61s
Block (1,3,6) root_id=864691135570956678
Block (2,0,5) ok, attempt=1, duration=4.08s
Block (0,0,4) root_id=864691135570956678

Blocks:   2%|▏         | 30/1728 [00:18<13:52,  2.04it/s]Block (3,3,6) ok, attempt=1, duration=5.33s

Blocks:   2%|▏         | 31/1728 [00:19<12:27,  2.27it/s]Block (0,2,1) root_id=864691135570956678
Block (0,0,2) ok, attempt=1, duration=5.34s

Blocks:   2%|▏         | 32/1728 [00:19<15:25,  1.83it/s]Block (2,3,6) root_id=864691135570956678
Block (0,1,3) ok, attempt=1, duration=3.19s

Blocks:   2%|▏         | 33/1728 [00:20<17:42,  1.60it/s]Block (2,0,7) root_id=864691135570956678
Block (2,2,2) ok, attempt=1, duration=5.00s
Block (2,2,4) root_id=864691135570956678
Block (1,3,6) ok, attempt=1, duration=4.03s
Block (0,1,5) root_id=864691135570956678

Blocks:   2%|▏         | 35/1728 [00:22<20:10,  1.40it/s]Block (0,0,4) ok, attempt=1, duration=3.94s

Blocks:   2%|▏         | 36/1728 [00:22<17:04,  1.65it/s]Block (1,2,1) root_id=864691135570956678
Block (2,3,6) ok, attempt=1, duration=3.48s

Blocks:   2%|▏         | 37/1728 [00:23<17:43,  1.59it/s]Block (3,1,4) root_id=864691135570956678
Block (0,3,0) ok, attempt=1, duration=6.09s

Blocks:   2%|▏         | 38/1728 [00:23<15:38,  1.80it/s]Block (3,0,1) root_id=864691135570956678
Block (3,1,2) ok, attempt=1, duration=5.44s
Block (3,2,3) root_id=864691135570956678
Block (0,2,1) ok, attempt=1, duration=5.10s

Blocks:   2%|▏         | 40/1728 [00:24<11:11,  2.51it/s]Block (3,3,1) root_id=864691135570956678
Block (2,2,4) ok, attempt=1, duration=3.60s

Blocks:   2%|▏         | 41/1728 [00:24<10:48,  2.60it/s]Block (0,0,6) root_id=864691135570956678
Block (2,0,7) ok, attempt=1, duration=3.95s

Blocks:   2%|▏         | 42/1728 [00:24<10:03,  2.79it/s]Block (0,2,3) root_id=864691135570956678
Block (0,1,5) ok, attempt=1, duration=3.63s

Blocks:   2%|▏         | 43/1728 [00:26<17:22,  1.62it/s]Block (1,0,3) root_id=864691135570956678
Block (0,0,6) ok, attempt=1, duration=2.89s
Block (2,0,0) root_id=864691135570956678

Blocks:   3%|▎         | 44/1728 [00:27<22:26,  1.25it/s]Block (1,2,1) ok, attempt=1, duration=4.74s
Block (3,0,5) root_id=864691135570956678
Block (3,3,1) ok, attempt=1, duration=4.01s

Blocks:   3%|▎         | 46/1728 [00:28<17:17,  1.62it/s]Block (2,1,1) root_id=864691135570956678
Block (3,0,1) ok, attempt=1, duration=5.17s

Blocks:   3%|▎         | 47/1728 [00:28<18:42,  1.50it/s]Block (3,2,3) ok, attempt=1, duration=5.19s
Block (1,3,1) root_id=864691135570956678
Block (0,2,3) ok, attempt=1, duration=4.27s
Block (1,2,3) root_id=864691135570956678
Block (3,1,6) root_id=864691135570956678
Block (3,1,4) ok, attempt=1, duration=5.98s

Blocks:   3%|▎         | 50/1728 [00:29<11:12,  2.50it/s]Block (3,3,3) root_id=864691135570956678
Block (1,0,3) ok, attempt=1, duration=4.87s

Blocks:   3%|▎         | 51/1728 [00:30<17:35,  1.59it/s]Block (3,2,5) root_id=864691135570956678
Block (2,0,0) ok, attempt=1, duration=5.03s

Blocks:   3%|▎         | 52/1728 [00:32<22:21,  1.25it/s]Block (3,0,5) ok, attempt=1, duration=4.94s
Block (0,2,5) root_id=864691135570956678
Block (2,3,1) root_id=864691135570956678
Block (2,1,1) ok, attempt=1, duration=4.53s

Blocks:   3%|▎         | 54/1728 [00:32<15:18,  1.82it/s]Block (1,0,5) root_id=864691135570956678
Block (3,1,6) ok, attempt=1, duration=4.43s

Blocks:   3%|▎         | 55/1728 [00:33<17:00,  1.64it/s]Block (2,0,2) root_id=864691135570956678
Block (1,2,3) ok, attempt=1, duration=5.07s

Blocks:   3%|▎         | 56/1728 [00:34<16:52,  1.65it/s]Block (3,0,7) root_id=864691135570956678
Block (1,3,1) ok, attempt=1, duration=5.18s
Block (0,1,0) root_id=864691135570956678
Block (3,3,3) ok, attempt=1, duration=4.81s

Blocks:   3%|▎         | 58/1728 [00:34<10:38,  2.61it/s]Block (2,1,3) root_id=864691135570956678
Block (3,2,5) ok, attempt=1, duration=3.68s

Blocks:   3%|▎         | 59/1728 [00:34<11:05,  2.51it/s]Block (1,3,3) root_id=864691135570956678
Block (0,2,5) ok, attempt=1, duration=3.17s

Blocks:   3%|▎         | 60/1728 [00:35<14:25,  1.93it/s]Block (1,2,5) root_id=864691135570956678
Block (1,0,5) ok, attempt=1, duration=3.12s

Blocks:   4%|▎         | 61/1728 [00:35<12:29,  2.23it/s]Block (3,3,5) root_id=864691135570956678
Block (2,3,1) ok, attempt=1, duration=4.24s

Blocks:   4%|▎         | 62/1728 [00:36<15:35,  1.78it/s]Block (3,2,7) root_id=864691135570956678
Block (2,1,3) ok, attempt=1, duration=4.50s

Blocks:   4%|▎         | 63/1728 [00:38<26:55,  1.03it/s]Block (0,0,1) root_id=864691135570956678
Block (3,0,7) ok, attempt=1, duration=4.65s
Block (0,2,7) root_id=864691135570956678
Block (1,2,5) ok, attempt=1, duration=3.30s

Blocks:   4%|▍         | 65/1728 [00:38<15:59,  1.73it/s]Block (2,3,3) root_id=864691135570956678
Block (1,3,3) ok, attempt=1, duration=4.22s
Block (3,0,0) root_id=864691135570956678
Block (2,0,2) ok, attempt=1, duration=5.75s

Blocks:   4%|▍         | 67/1728 [00:39<11:51,  2.34it/s]Block (1,0,7) root_id=864691135570956678
Block (0,1,0) ok, attempt=1, duration=5.39s
Block (1,1,6) root_id=864691135570956678

Blocks:   4%|▍         | 68/1728 [00:39<11:17,  2.45it/s]Block (3,3,5) ok, attempt=1, duration=4.03s

Blocks:   4%|▍         | 69/1728 [00:39<10:17,  2.68it/s]Block (2,1,5) root_id=864691135570956678
Block (3,2,7) ok, attempt=1, duration=4.41s
Block (0,3,2) root_id=864691135570956678

Blocks:   4%|▍         | 70/1728 [00:41<16:30,  1.67it/s]Block (0,2,7) ok, attempt=1, duration=3.32s
Block (3,1,1) root_id=864691135570956678

Blocks:   4%|▍         | 71/1728 [00:42<19:14,  1.44it/s]Block (1,0,7) ok, attempt=1, duration=3.10s

Blocks:   4%|▍         | 72/1728 [00:42<15:58,  1.73it/s]Block (3,2,0) root_id=864691135570956678
Block (1,1,6) ok, attempt=1, duration=3.00s
Block (1,2,7) root_id=864691135570956678

Blocks:   4%|▍         | 73/1728 [00:42<13:16,  2.08it/s]Block (2,1,5) ok, attempt=1, duration=3.40s
Block (0,0,1) ok, attempt=1, duration=4.54s

Blocks:   4%|▍         | 74/1728 [00:43<14:48,  1.86it/s]Block (0,0,3) root_id=864691135570956678
Block (0,2,0) root_id=864691135570956678
Block (2,3,3) ok, attempt=1, duration=4.77s

Blocks:   4%|▍         | 76/1728 [00:43<10:27,  2.63it/s]Block (2,3,5) root_id=864691135570956678
Block (3,0,0) ok, attempt=1, duration=4.76s
Block (1,0,0) root_id=864691135570956678
Block (1,2,7) ok, attempt=1, duration=3.12s
Block (3,0,2) root_id=864691135570956678

Blocks:   5%|▍         | 78/1728 [00:45<17:29,  1.57it/s]Block (0,3,2) ok, attempt=1, duration=4.81s

Blocks:   5%|▍         | 79/1728 [00:45<14:45,  1.86it/s]Block (2,1,7) root_id=864691135570956678
Block (2,3,5) ok, attempt=1, duration=2.56s

Blocks:   5%|▍         | 80/1728 [00:46<13:16,  2.07it/s]Block (2,2,6) root_id=864691135570956678
Block (3,1,1) ok, attempt=1, duration=4.61s

Blocks:   5%|▍         | 81/1728 [00:46<13:17,  2.07it/s]Block (0,1,7) root_id=864691135570956678
Block (0,0,3) ok, attempt=1, duration=3.66s

Blocks:   5%|▍         | 82/1728 [00:46<11:35,  2.37it/s]Block (0,3,4) root_id=864691135570956678
Block (0,2,0) ok, attempt=1, duration=3.91s

Blocks:   5%|▍         | 83/1728 [00:47<10:33,  2.60it/s]Block (1,2,0) root_id=864691135570956678
Block (3,2,0) ok, attempt=1, duration=5.31s

Blocks:   5%|▍         | 84/1728 [00:47<11:01,  2.48it/s]Block (3,1,3) root_id=864691135570956678
Block (1,0,0) ok, attempt=1, duration=4.32s

Blocks:   5%|▍         | 85/1728 [00:48<10:35,  2.59it/s]Block (3,2,2) root_id=864691135570956678
Block (2,1,7) ok, attempt=1, duration=3.97s

Blocks:   5%|▍         | 86/1728 [00:49<22:09,  1.23it/s]Block (0,0,5) root_id=864691135570956678
Block (0,1,7) ok, attempt=1, duration=3.29s

Blocks:   5%|▌         | 87/1728 [00:49<16:42,  1.64it/s]Block (2,3,7) root_id=864691135570956678
Block (2,2,6) ok, attempt=1, duration=4.11s

Blocks:   5%|▌         | 88/1728 [00:50<14:29,  1.89it/s]Block (1,0,2) root_id=864691135570956678
Block (0,3,4) ok, attempt=1, duration=3.94s

Blocks:   5%|▌         | 89/1728 [00:50<14:37,  1.87it/s]Block (1,1,1) root_id=864691135570956678
Block (3,0,2) ok, attempt=1, duration=5.45s

Blocks:   5%|▌         | 90/1728 [00:51<12:31,  2.18it/s]Block (3,0,4) root_id=864691135570956678
Block (1,2,0) ok, attempt=1, duration=4.78s

Blocks:   5%|▌         | 91/1728 [00:51<15:46,  1.73it/s]Block (2,1,0) root_id=864691135570956678
Block (3,1,3) ok, attempt=1, duration=4.84s

Blocks:   5%|▌         | 92/1728 [00:52<15:03,  1.81it/s]Block (1,2,2) root_id=864691135570956678
Block (3,2,2) ok, attempt=1, duration=4.70s
Block (0,3,6) root_id=864691135570956678

Blocks:   5%|▌         | 93/1728 [00:52<12:29,  2.18it/s]Block (0,0,5) ok, attempt=1, duration=3.39s

Blocks:   5%|▌         | 94/1728 [00:53<12:50,  2.12it/s]Block (3,2,4) root_id=864691135570956678
Block (2,3,7) ok, attempt=1, duration=4.52s
Block (2,3,0) root_id=864691135570956678

Blocks:   5%|▌         | 95/1728 [00:54<19:17,  1.41it/s]Block (1,0,2) ok, attempt=1, duration=4.85s

Blocks:   6%|▌         | 96/1728 [00:55<18:56,  1.44it/s]Block (1,0,4) root_id=864691135570956678
Block (0,3,6) ok, attempt=1, duration=2.74s
Block (1,1,3) root_id=864691135570956678

Blocks:   6%|▌         | 97/1728 [00:55<15:34,  1.74it/s]Block (2,1,0) ok, attempt=1, duration=4.12s

Blocks:   6%|▌         | 98/1728 [00:56<16:18,  1.67it/s]Block (3,0,6) root_id=864691135570956678
Block (3,0,4) ok, attempt=1, duration=5.30s
Block (2,1,2) root_id=864691135570956678

Blocks:   6%|▌         | 99/1728 [00:56<14:24,  1.89it/s]Block (1,1,1) ok, attempt=1, duration=5.71s
Block (2,0,4) root_id=864691135570956678
Block (3,2,4) ok, attempt=1, duration=3.73s

Blocks:   6%|▌         | 101/1728 [00:56<10:46,  2.52it/s]Block (2,2,1) root_id=864691135570956678
Block (1,2,2) ok, attempt=1, duration=4.95s

Blocks:   6%|▌         | 102/1728 [00:57<11:23,  2.38it/s]Block (0,1,2) root_id=864691135570956678
Block (1,0,4) ok, attempt=1, duration=3.75s

Blocks:   6%|▌         | 103/1728 [00:58<18:43,  1.45it/s]Block (1,2,4) root_id=864691135570956678
Block (2,3,0) ok, attempt=1, duration=5.99s

Blocks:   6%|▌         | 104/1728 [01:00<25:13,  1.07it/s]Block (3,2,6) root_id=864691135570956678
Block (1,1,3) ok, attempt=1, duration=5.09s
Block (1,3,5) root_id=864691135570956678
Block (2,0,4) ok, attempt=1, duration=4.26s

Blocks:   6%|▌         | 106/1728 [01:00<16:10,  1.67it/s]Block (2,3,2) root_id=864691135570956678
Block (3,0,6) ok, attempt=1, duration=5.03s
Block (3,3,7) root_id=864691135570956678

Blocks:   6%|▌         | 107/1728 [01:01<14:25,  1.87it/s]Block (2,2,1) ok, attempt=1, duration=4.44s

Blocks:   6%|▋         | 108/1728 [01:01<12:30,  2.16it/s]Block (1,0,6) root_id=864691135570956678
Block (0,1,2) ok, attempt=1, duration=4.66s
Block (1,1,5) root_id=864691135570956678

Blocks:   6%|▋         | 109/1728 [01:02<14:31,  1.86it/s]Block (2,1,2) ok, attempt=1, duration=5.73s
Block (2,1,4) root_id=864691135570956678
Block (1,2,4) ok, attempt=1, duration=5.11s

Blocks:   6%|▋         | 111/1728 [01:04<19:08,  1.41it/s]Block (2,0,6) root_id=864691135570956678
Block (1,3,5) ok, attempt=1, duration=3.69s

Blocks:   6%|▋         | 112/1728 [01:04<15:59,  1.68it/s]Block (2,2,3) root_id=864691135570956678
Block (1,0,6) ok, attempt=1, duration=3.37s

Blocks:   7%|▋         | 113/1728 [01:04<15:38,  1.72it/s]Block (0,1,4) root_id=864691135570956678
Block (1,1,5) ok, attempt=1, duration=3.25s

Blocks:   7%|▋         | 114/1728 [01:05<15:51,  1.70it/s]Block (0,3,1) root_id=864691135570956678
Block (3,3,7) ok, attempt=1, duration=4.45s
Block (3,2,6) ok, attempt=1, duration=5.12s

Blocks:   7%|▋         | 115/1728 [01:05<13:03,  2.06it/s]Block (1,2,6) root_id=864691135570956678
Block (3,3,0) root_id=864691135570956678
Block (2,3,2) ok, attempt=1, duration=5.54s

Blocks:   7%|▋         | 117/1728 [01:06<11:48,  2.27it/s]Block (1,3,7) root_id=864691135570956678
Block (2,1,4) ok, attempt=1, duration=4.29s

Blocks:   7%|▋         | 118/1728 [01:06<09:46,  2.75it/s]Block (2,3,4) root_id=864691135570956678
Block (2,0,6) ok, attempt=1, duration=3.99s

Blocks:   7%|▋         | 119/1728 [01:08<17:38,  1.52it/s]Block (0,2,2) root_id=864691135570956678
Block (0,1,4) ok, attempt=1, duration=3.60s

Blocks:   7%|▋         | 120/1728 [01:08<15:41,  1.71it/s]Block (1,1,7) root_id=864691135570956678
Block (1,2,6) ok, attempt=1, duration=3.39s

Blocks:   7%|▋         | 121/1728 [01:08<15:46,  1.70it/s]Block (5,1,6) root_id=864691135570956678
Block (2,2,3) ok, attempt=1, duration=5.44s

Blocks:   7%|▋         | 122/1728 [01:09<16:31,  1.62it/s]Block (10,5,11) root_id=864691135570956678
Block (1,3,7) ok, attempt=1, duration=3.51s

Blocks:   7%|▋         | 123/1728 [01:09<13:16,  2.02it/s]Block (2,8,3) root_id=864691135570956678
Block (3,3,0) ok, attempt=1, duration=5.12s

Blocks:   7%|▋         | 124/1728 [01:10<16:05,  1.66it/s]Block (9,1,10) root_id=864691135570956678
Block (0,3,1) ok, attempt=1, duration=5.39s
Block (7,4,4) root_id=864691135570956678
Block (5,1,6) ok, attempt=1, duration=1.91s
Block (8,8,6) root_id=864691135570956678

Blocks:   7%|▋         | 126/1728 [01:10<09:51,  2.71it/s]Block (2,3,4) ok, attempt=1, duration=4.70s
Block (5,4,11) root_id=864691135570956678

Blocks:   7%|▋         | 127/1728 [01:11<09:19,  2.86it/s]Block (1,1,7) ok, attempt=1, duration=3.08s

Blocks:   7%|▋         | 128/1728 [01:11<08:46,  3.04it/s]Block (2,11,8) root_id=864691135570956678
Block (2,8,3) ok, attempt=1, duration=1.77s

Blocks:   7%|▋         | 129/1728 [01:11<07:36,  3.50it/s]Block (8,0,2) root_id=864691135570956678
Block (10,5,11) ok, attempt=1, duration=2.06s
Block (6,0,9) root_id=864691135570956678
Block (0,2,2) ok, attempt=1, duration=4.15s

Blocks:   8%|▊         | 131/1728 [01:12<07:15,  3.67it/s]Block (3,7,6) root_id=864691135570956678
Block (5,4,11) ok, attempt=1, duration=1.41s

Blocks:   8%|▊         | 132/1728 [01:12<08:26,  3.15it/s]Block (4,0,10) root_id=864691135570956678
Block (9,1,10) ok, attempt=1, duration=2.01s

Blocks:   8%|▊         | 133/1728 [01:12<07:11,  3.70it/s]Block (11,10,7) root_id=864691135570956678
Block (2,11,8) ok, attempt=1, duration=1.34s
Block (7,5,5) root_id=864691135570956678
Block (8,8,6) ok, attempt=1, duration=2.05s

Blocks:   8%|▊         | 135/1728 [01:12<05:19,  4.98it/s]Block (8,1,3) root_id=864691135570956678
Block (7,4,4) ok, attempt=1, duration=2.51s

Blocks:   8%|▊         | 136/1728 [01:13<06:14,  4.25it/s]Block (2,4,5) root_id=864691135570956678
Block (3,7,6) ok, attempt=1, duration=1.29s

Blocks:   8%|▊         | 137/1728 [01:13<05:37,  4.71it/s]Block (1,11,1) root_id=864691135570956678
Block (6,0,9) ok, attempt=1, duration=1.76s
Block (4,1,11) root_id=864691135570956678
Block (8,0,2) ok, attempt=1, duration=1.91s
Block (8,4,8) root_id=864691135570956678

Blocks:   8%|▊         | 139/1728 [01:13<04:05,  6.46it/s]Block (4,0,10) ok, attempt=1, duration=1.38s

Blocks:   8%|▊         | 140/1728 [01:14<05:34,  4.74it/s]Block (0,7,0) root_id=864691135570956678
Block (8,1,3) ok, attempt=1, duration=1.15s

Blocks:   8%|▊         | 141/1728 [01:14<04:59,  5.31it/s]Block (11,2,2) root_id=864691135570956678
Block (11,10,7) ok, attempt=1, duration=1.80s

Blocks:   8%|▊         | 142/1728 [01:14<06:45,  3.91it/s]Block (10,10,0) root_id=864691135570956678
Block (7,5,5) ok, attempt=1, duration=1.82s
Block (6,7,8) root_id=864691135570956678
Block (2,4,5) ok, attempt=1, duration=1.42s

Blocks:   8%|▊         | 144/1728 [01:14<04:53,  5.40it/s]Block (5,9,0) root_id=864691135570956678
Block (4,1,11) ok, attempt=1, duration=1.39s

Blocks:   8%|▊         | 145/1728 [01:14<04:48,  5.49it/s]Block (0,6,4) root_id=864691135570956678
Block (1,11,1) ok, attempt=1, duration=1.68s

Blocks:   8%|▊         | 146/1728 [01:15<05:00,  5.27it/s]Block (1,6,8) root_id=864691135570956678
Block (8,4,8) ok, attempt=1, duration=1.68s

Blocks:   9%|▊         | 147/1728 [01:15<04:28,  5.90it/s]Block (9,9,4) root_id=864691135570956678
Block (0,7,0) ok, attempt=1, duration=1.39s

Blocks:   9%|▊         | 148/1728 [01:15<04:17,  6.14it/s]Block (5,8,4) root_id=864691135570956678
Block (11,2,2) ok, attempt=1, duration=1.69s

Blocks:   9%|▊         | 149/1728 [01:15<06:13,  4.22it/s]Block (4,4,3) root_id=864691135570956678
Block (0,6,4) ok, attempt=1, duration=1.21s

Blocks:   9%|▊         | 150/1728 [01:16<06:48,  3.87it/s]Block (11,3,3) root_id=864691135570956678
Block (1,6,8) ok, attempt=1, duration=1.13s

Blocks:   9%|▊         | 151/1728 [01:16<05:51,  4.48it/s]Block (9,8,8) root_id=864691135570956678
Block (10,10,0) ok, attempt=1, duration=1.91s

Blocks:   9%|▉         | 152/1728 [01:16<05:46,  4.55it/s]Block (5,11,9) root_id=864691135570956678
Block (6,7,8) ok, attempt=1, duration=1.93s

Blocks:   9%|▉         | 153/1728 [01:16<05:02,  5.20it/s]Block (7,0,11) root_id=864691135570956678
Block (9,9,4) ok, attempt=1, duration=1.53s
Block (4,7,8) root_id=864691135570956678
Block (5,8,4) ok, attempt=1, duration=1.39s

Blocks:   9%|▉         | 154/1728 [01:16<04:54,  5.34it/s]Block (8,11,7) root_id=864691135570956678
Block (5,9,0) ok, attempt=1, duration=2.19s

Blocks:   9%|▉         | 156/1728 [01:16<03:38,  7.20it/s]Block (0,10,10) root_id=864691135570956678
Block (4,4,3) ok, attempt=1, duration=1.39s

Blocks:   9%|▉         | 157/1728 [01:17<04:25,  5.92it/s]Block (5,1,1) root_id=864691135570956678
Block (11,3,3) ok, attempt=1, duration=1.20s
Block (10,5,6) root_id=864691135570956678

Blocks:   9%|▉         | 158/1728 [01:17<04:10,  6.27it/s]Block (5,11,9) ok, attempt=1, duration=1.37s

Blocks:   9%|▉         | 159/1728 [01:17<06:40,  3.92it/s]Block (8,8,1) root_id=864691135570956678
Block (9,8,8) ok, attempt=1, duration=1.63s
Block (9,1,5) root_id=864691135570956678
Block (8,11,7) ok, attempt=1, duration=1.22s

Blocks:   9%|▉         | 161/1728 [01:17<04:36,  5.66it/s]Block (5,4,6) root_id=864691135570956678
Block (7,0,11) ok, attempt=1, duration=1.47s
Block (6,8,8) root_id=864691135570956678
Block (4,7,8) ok, attempt=1, duration=1.85s
Block (5,1,1) ok, attempt=1, duration=1.43s

Blocks:   9%|▉         | 163/1728 [01:18<06:02,  4.32it/s]Block (4,8,9) root_id=864691135570956678
Block (6,0,4) root_id=864691135570956678
Block (0,10,10) ok, attempt=1, duration=1.76s
Block (2,11,3) root_id=864691135570956678
Block (9,1,5) ok, attempt=1, duration=1.33s
Block (4,0,5) root_id=864691135570956678

Blocks:  10%|▉         | 166/1728 [01:19<05:41,  4.58it/s]Block (10,5,6) ok, attempt=1, duration=2.01s
Block (3,7,1) root_id=864691135570956678

Blocks:  10%|▉         | 167/1728 [01:19<05:14,  4.97it/s]Block (8,8,1) ok, attempt=1, duration=1.90s

Blocks:  10%|▉         | 168/1728 [01:19<06:15,  4.16it/s]Block (1,7,8) root_id=864691135570956678
Block (6,8,8) ok, attempt=1, duration=1.99s

Blocks:  10%|▉         | 169/1728 [01:20<06:38,  3.91it/s]Block (11,10,2) root_id=864691135570956678
Block (4,8,9) ok, attempt=1, duration=1.50s
Block (7,5,0) root_id=864691135570956678
Block (2,11,3) ok, attempt=1, duration=1.53s

Blocks:  10%|▉         | 171/1728 [01:20<04:51,  5.34it/s]Block (5,5,7) root_id=864691135570956678
Block (5,4,6) ok, attempt=1, duration=2.25s
Block (4,1,6) root_id=864691135570956678
Block (6,0,4) ok, attempt=1, duration=1.67s
Block (2,4,0) root_id=864691135570956678
Block (4,0,5) ok, attempt=1, duration=1.58s

Blocks:  10%|█         | 174/1728 [01:20<04:55,  5.26it/s]Block (3,7,1) ok, attempt=1, duration=1.47s
Block (8,4,3) root_id=864691135570956678
Block (9,5,11) root_id=864691135570956678
Block (1,7,8) ok, attempt=1, duration=1.51s
Block (6,7,3) root_id=864691135570956678

Blocks:  10%|█         | 176/1728 [01:21<05:12,  4.97it/s]Block (4,1,6) ok, attempt=1, duration=1.07s
Block (1,6,3) root_id=864691135570956678
Block (5,5,7) ok, attempt=1, duration=1.34s

Blocks:  10%|█         | 178/1728 [01:21<04:51,  5.32it/s]Block (9,8,3) root_id=864691135570956678
Block (11,10,2) ok, attempt=1, duration=1.88s
Block (7,8,10) root_id=864691135570956678

Blocks:  10%|█         | 179/1728 [01:21<05:44,  4.49it/s]Block (2,4,0) ok, attempt=1, duration=1.87s
Block (5,11,4) root_id=864691135570956678
Block (9,5,11) ok, attempt=1, duration=1.38s

Blocks:  10%|█         | 180/1728 [01:22<05:46,  4.46it/s]Block (7,0,6) root_id=864691135570956678
Block (8,4,3) ok, attempt=1, duration=1.41s
Block (4,7,3) root_id=864691135570956678
Block (7,5,0) ok, attempt=1, duration=2.28s

Blocks:  11%|█         | 183/1728 [01:22<04:01,  6.39it/s]Block (2,7,10) root_id=864691135570956678
Block (1,6,3) ok, attempt=1, duration=1.33s
Block (8,11,2) root_id=864691135570956678

Blocks:  11%|█         | 184/1728 [01:22<04:26,  5.80it/s]Block (6,7,3) ok, attempt=1, duration=1.72s

Blocks:  11%|█         | 185/1728 [01:22<05:09,  4.98it/s]Block (3,3,8) root_id=864691135570956678
Block (9,8,3) ok, attempt=1, duration=1.49s
Block (6,11,9) root_id=864691135570956678
Block (4,7,3) ok, attempt=1, duration=1.37s
Block (0,10,5) root_id=864691135570956678

Blocks:  11%|█         | 187/1728 [01:23<06:16,  4.09it/s]Block (7,8,10) ok, attempt=1, duration=1.78s

Blocks:  11%|█         | 188/1728 [01:23<05:33,  4.62it/s]Block (11,6,9) root_id=864691135570956678
Block (5,11,4) ok, attempt=1, duration=1.64s

Blocks:  11%|█         | 189/1728 [01:23<04:54,  5.22it/s]Block (10,5,1) root_id=864691135570956678
Block (2,7,10) ok, attempt=1, duration=1.50s
Block (9,1,0) root_id=864691135570956678
Block (7,0,6) ok, attempt=1, duration=1.90s
Block (7,1,7) root_id=864691135570956678

Blocks:  11%|█         | 191/1728 [01:24<04:18,  5.95it/s]Block (6,11,9) ok, attempt=1, duration=1.39s

Blocks:  11%|█         | 192/1728 [01:24<05:19,  4.81it/s]Block (5,4,1) root_id=864691135570956678
Block (8,11,2) ok, attempt=1, duration=1.93s

Blocks:  11%|█         | 193/1728 [01:24<05:01,  5.09it/s]Block (6,8,3) root_id=864691135570956678
Block (3,3,8) ok, attempt=1, duration=1.79s

Blocks:  11%|█         | 194/1728 [01:24<04:48,  5.31it/s]Block (4,8,4) root_id=864691135570956678
Block (0,10,5) ok, attempt=1, duration=1.23s
Block (2,8,11) root_id=864691135570956678
Block (10,5,1) ok, attempt=1, duration=1.30s

Blocks:  11%|█▏        | 196/1728 [01:25<04:49,  5.29it/s]Block (4,0,0) root_id=864691135570956678
Block (11,6,9) ok, attempt=1, duration=1.74s

Blocks:  11%|█▏        | 197/1728 [01:25<05:35,  4.57it/s]Block (8,0,10) root_id=864691135570956678
Block (9,1,0) ok, attempt=1, duration=2.01s
Block (8,3,3) root_id=864691135570956678

Blocks:  11%|█▏        | 198/1728 [01:25<07:17,  3.49it/s]Block (7,1,7) ok, attempt=1, duration=1.88s
Block (6,3,10) root_id=864691135570956678
Block (5,4,1) ok, attempt=1, duration=1.65s

Blocks:  12%|█▏        | 200/1728 [01:26<05:02,  5.05it/s]Block (3,10,7) root_id=864691135570956678
Block (4,8,4) ok, attempt=1, duration=1.41s
Block (1,2,10) root_id=864691135570956678
Block (2,8,11) ok, attempt=1, duration=1.40s

Blocks:  12%|█▏        | 202/1728 [01:26<03:45,  6.75it/s]Block (0,9,0) root_id=864691135570956678
Block (6,8,3) ok, attempt=1, duration=1.69s
Block (10,8,11) root_id=864691135570956678
Block (4,0,0) ok, attempt=1, duration=1.49s

Blocks:  12%|█▏        | 204/1728 [01:26<04:14,  5.99it/s]Block (9,4,10) root_id=864691135570956678
Block (3,10,7) ok, attempt=1, duration=1.06s

Blocks:  12%|█▏        | 205/1728 [01:27<06:02,  4.20it/s]Block (8,0,10) ok, attempt=1, duration=1.70s
Block (5,7,11) root_id=864691135570956678
Block (4,3,10) root_id=864691135570956678
Block (6,3,10) ok, attempt=1, duration=1.64s
Block (11,2,10) root_id=864691135570956678

Blocks:  12%|█▏        | 207/1728 [01:27<05:59,  4.23it/s]Block (10,8,11) ok, attempt=1, duration=1.39s
Block (8,7,9) root_id=864691135570956678
Block (8,3,3) ok, attempt=1, duration=1.87s

Blocks:  12%|█▏        | 209/1728 [01:27<04:47,  5.28it/s]Block (11,5,3) root_id=864691135570956678
Block (1,2,10) ok, attempt=1, duration=1.83s
Block (0,9,0) ok, attempt=1, duration=1.79s
Block (7,8,5) root_id=864691135570956678

Blocks:  12%|█▏        | 210/1728 [01:28<04:53,  5.17it/s]Block (10,1,8) root_id=864691135570956678
Block (9,4,10) ok, attempt=1, duration=1.53s

Blocks:  12%|█▏        | 212/1728 [01:28<03:42,  6.81it/s]Block (7,0,1) root_id=864691135570956678
Block (4,3,10) ok, attempt=1, duration=1.31s

Blocks:  12%|█▏        | 213/1728 [01:28<04:47,  5.27it/s]Block (5,0,8) root_id=864691135570956678
Block (5,7,11) ok, attempt=1, duration=1.60s
Block (2,7,5) root_id=864691135570956678

Blocks:  12%|█▏        | 214/1728 [01:28<05:07,  4.92it/s]Block (11,5,3) ok, attempt=1, duration=1.06s
Block (4,4,11) root_id=864691135570956678

Blocks:  12%|█▏        | 215/1728 [01:28<04:33,  5.53it/s]Block (8,7,9) ok, attempt=1, duration=1.53s

Blocks:  12%|█▎        | 216/1728 [01:29<05:34,  4.51it/s]Block (7,11,10) root_id=864691135570956678
Block (11,2,10) ok, attempt=1, duration=1.85s

Blocks:  13%|█▎        | 217/1728 [01:29<05:50,  4.32it/s]Block (6,11,4) root_id=864691135570956678
Block (10,1,8) ok, attempt=1, duration=1.65s
Block (0,10,0) root_id=864691135570956678

Blocks:  13%|█▎        | 218/1728 [01:29<05:33,  4.52it/s]Block (7,8,5) ok, attempt=1, duration=1.87s

Blocks:  13%|█▎        | 219/1728 [01:29<05:39,  4.45it/s]Block (11,6,4) root_id=864691135570956678
Block (7,0,1) ok, attempt=1, duration=1.81s
Block (6,10,8) root_id=864691135570956678
Block (2,7,5) ok, attempt=1, duration=1.33s
Block (11,9,9) root_id=864691135570956678

Blocks:  13%|█▎        | 221/1728 [01:30<04:11,  6.00it/s]Block (5,0,8) ok, attempt=1, duration=1.78s

Blocks:  13%|█▎        | 222/1728 [01:30<04:23,  5.72it/s]Block (7,1,2) root_id=864691135570956678
Block (4,4,11) ok, attempt=1, duration=1.50s
Block (1,9,8) root_id=864691135570956678
Block (0,10,0) ok, attempt=1, duration=1.14s

Blocks:  13%|█▎        | 224/1728 [01:30<05:13,  4.80it/s]Block (0,5,7) root_id=864691135570956678
Block (7,11,10) ok, attempt=1, duration=1.73s
Block (7,4,7) root_id=864691135570956678

Blocks:  13%|█▎        | 225/1728 [01:30<04:49,  5.19it/s]Block (11,6,4) ok, attempt=1, duration=1.45s
Block (6,3,5) root_id=864691135570956678

Blocks:  13%|█▎        | 226/1728 [01:31<06:09,  4.06it/s]Block (6,10,8) ok, attempt=1, duration=1.46s
Block (3,10,2) root_id=864691135570956678
Block (0,5,7) ok, attempt=1, duration=0.95s
Block (1,10,9) root_id=864691135570956678

Blocks:  13%|█▎        | 228/1728 [01:31<05:44,  4.35it/s]Block (6,11,4) ok, attempt=1, duration=2.31s
Block (6,6,10) root_id=864691135570956678
Block (1,9,8) ok, attempt=1, duration=1.45s
Block (11,1,10) root_id=864691135570956678
Block (7,1,2) ok, attempt=1, duration=1.74s
Block (11,9,9) ok, attempt=1, duration=1.98s

Blocks:  13%|█▎        | 231/1728 [01:32<04:14,  5.89it/s]Block (10,8,6) root_id=864691135570956678
Block (10,0,2) root_id=864691135570956678
Block (7,4,7) ok, attempt=1, duration=1.40s
Block (9,4,5) root_id=864691135570956678

Blocks:  13%|█▎        | 233/1728 [01:32<04:00,  6.22it/s]Block (6,3,5) ok, attempt=1, duration=1.67s

Blocks:  14%|█▎        | 234/1728 [01:33<06:20,  3.93it/s]Block (5,7,6) root_id=864691135570956678
Block (3,10,2) ok, attempt=1, duration=1.69s
Block (4,11,9) root_id=864691135570956678
Block (1,10,9) ok, attempt=1, duration=1.61s
Block (4,3,5) root_id=864691135570956678

Blocks:  14%|█▎        | 236/1728 [01:33<05:39,  4.39it/s]Block (6,6,10) ok, attempt=1, duration=1.90s
Block (9,7,10) root_id=864691135570956678

Blocks:  14%|█▎        | 237/1728 [01:33<06:10,  4.03it/s]Block (11,1,10) ok, attempt=1, duration=1.91s
Block (8,7,4) root_id=864691135570956678
Block (9,4,5) ok, attempt=1, duration=1.64s

Blocks:  14%|█▍        | 239/1728 [01:34<05:10,  4.80it/s]Block (6,7,11) root_id=864691135570956678
Block (10,0,2) ok, attempt=1, duration=2.16s

Blocks:  14%|█▍        | 240/1728 [01:34<05:22,  4.61it/s]Block (0,6,7) root_id=864691135570956678
Block (10,8,6) ok, attempt=1, duration=2.22s
Block (10,1,3) root_id=864691135570956678
Block (4,11,9) ok, attempt=1, duration=1.45s

Blocks:  14%|█▍        | 242/1728 [01:34<04:57,  4.99it/s]Block (1,6,11) root_id=864691135570956678
Block (4,3,5) ok, attempt=1, duration=1.38s

Blocks:  14%|█▍        | 243/1728 [01:34<04:48,  5.15it/s]Block (7,8,0) root_id=864691135570956678
Block (8,7,4) ok, attempt=1, duration=1.30s
Block (5,8,7) root_id=864691135570956678

Blocks:  14%|█▍        | 244/1728 [01:35<05:26,  4.54it/s]Block (5,7,6) ok, attempt=1, duration=2.11s
Block (5,0,3) root_id=864691135570956678
Block (0,6,7) ok, attempt=1, duration=1.09s
Block (10,4,8) root_id=864691135570956678

Blocks:  14%|█▍        | 246/1728 [01:35<04:35,  5.37it/s]Block (9,7,10) ok, attempt=1, duration=1.66s
Block (4,4,6) root_id=864691135570956678
Block (1,6,11) ok, attempt=1, duration=1.03s

Blocks:  14%|█▍        | 248/1728 [01:35<04:14,  5.82it/s]Block (7,11,5) root_id=864691135570956678
Block (6,7,11) ok, attempt=1, duration=1.69s
Block (2,7,0) root_id=864691135570956678
Block (10,1,3) ok, attempt=1, duration=1.81s

Blocks:  14%|█▍        | 250/1728 [01:36<04:50,  5.09it/s]Block (9,8,11) root_id=864691135570956678
Block (5,0,3) ok, attempt=1, duration=1.18s

Blocks:  15%|█▍        | 251/1728 [01:36<04:57,  4.96it/s]Block (9,0,7) root_id=864691135570956678
Block (5,8,7) ok, attempt=1, duration=1.40s
Block (4,7,11) root_id=864691135570956678

Blocks:  15%|█▍        | 252/1728 [01:36<04:28,  5.50it/s]Block (4,4,6) ok, attempt=1, duration=1.11s
Block (6,10,3) root_id=864691135570956678
Block (7,8,0) ok, attempt=1, duration=2.07s

Blocks:  15%|█▍        | 254/1728 [01:36<04:40,  5.25it/s]Block (11,9,4) root_id=864691135570956678
Block (10,4,8) ok, attempt=1, duration=1.54s
Block (1,9,3) root_id=864691135570956678
Block (7,11,5) ok, attempt=1, duration=1.55s

Blocks:  15%|█▍        | 256/1728 [01:37<04:24,  5.57it/s]Block (3,6,9) root_id=864691135570956678
Block (2,7,0) ok, attempt=1, duration=1.67s

Blocks:  15%|█▍        | 257/1728 [01:37<04:22,  5.60it/s]Block (8,2,10) root_id=864691135570956678
Block (9,0,7) ok, attempt=1, duration=1.27s

Blocks:  15%|█▍        | 258/1728 [01:37<05:08,  4.76it/s]Block (0,5,2) root_id=864691135570956678
Block (6,10,3) ok, attempt=1, duration=1.52s

Blocks:  15%|█▍        | 259/1728 [01:38<05:50,  4.19it/s]Block (7,4,2) root_id=864691135570956678
Block (9,8,11) ok, attempt=1, duration=1.94s
Block (9,11,3) root_id=864691135570956678
Block (4,7,11) ok, attempt=1, duration=1.74s

Blocks:  15%|█▌        | 261/1728 [01:38<04:23,  5.57it/s]Block (7,3,6) root_id=864691135570956678
Block (1,9,3) ok, attempt=1, duration=1.45s

Blocks:  15%|█▌        | 262/1728 [01:38<04:16,  5.72it/s]Block (10,11,7) root_id=864691135570956678
Block (11,9,4) ok, attempt=1, duration=1.83s

Blocks:  15%|█▌        | 263/1728 [01:38<05:16,  4.63it/s]Block (4,10,3) root_id=864691135570956678
Block (3,6,9) ok, attempt=1, duration=1.63s
Block (6,3,0) root_id=864691135570956678

Blocks:  15%|█▌        | 264/1728 [01:38<04:43,  5.17it/s]Block (0,5,2) ok, attempt=1, duration=1.24s
Block (2,10,10) root_id=864691135570956678
Block (8,2,10) ok, attempt=1, duration=1.67s
Block (1,10,4) root_id=864691135570956678

Blocks:  15%|█▌        | 266/1728 [01:39<03:47,  6.42it/s]Block (9,11,3) ok, attempt=1, duration=1.64s
Block (7,3,6) ok, attempt=1, duration=1.53s
Block (8,3,11) root_id=864691135570956678

Blocks:  15%|█▌        | 267/1728 [01:39<06:50,  3.56it/s]Block (6,6,5) root_id=864691135570956678
Block (7,4,2) ok, attempt=1, duration=1.73s
Block (10,8,1) root_id=864691135570956678
Block (1,10,4) ok, attempt=1, duration=1.12s

Blocks:  16%|█▌        | 270/1728 [01:40<05:08,  4.73it/s]Block (11,1,5) root_id=864691135570956678
Block (6,3,0) ok, attempt=1, duration=1.45s

Blocks:  16%|█▌        | 271/1728 [01:40<04:48,  5.04it/s]Block (3,2,11) root_id=864691135570956678
Block (10,11,7) ok, attempt=1, duration=1.96s
Block (9,4,0) root_id=864691135570956678
Block (4,10,3) ok, attempt=1, duration=1.66s
Block (0,9,8) root_id=864691135570956678
Block (2,10,10) ok, attempt=1, duration=1.55s

Blocks:  16%|█▌        | 274/1728 [01:40<03:15,  7.45it/s]Block (5,7,1) root_id=864691135570956678
Block (8,3,11) ok, attempt=1, duration=1.33s

Blocks:  16%|█▌        | 275/1728 [01:41<05:06,  4.73it/s]Block (11,4,10) root_id=864691135570956678
Block (6,6,5) ok, attempt=1, duration=1.40s

Blocks:  16%|█▌        | 276/1728 [01:41<04:35,  5.27it/s]Block (4,11,4) root_id=864691135570956678
Block (10,8,1) ok, attempt=1, duration=1.62s

Blocks:  16%|█▌        | 277/1728 [01:41<04:50,  4.99it/s]Block (4,3,0) root_id=864691135570956678
Block (0,9,8) ok, attempt=1, duration=1.27s
Block (11,1,5) ok, attempt=1, duration=1.50s

Blocks:  16%|█▌        | 278/1728 [01:41<05:18,  4.55it/s]Block (0,6,2) root_id=864691135570956678
Block (9,7,5) root_id=864691135570956678
Block (3,2,11) ok, attempt=1, duration=1.67s

Blocks:  16%|█▌        | 280/1728 [01:41<04:32,  5.31it/s]Block (5,8,2) root_id=864691135570956678
Block (5,7,1) ok, attempt=1, duration=1.78s

Blocks:  16%|█▋        | 281/1728 [01:42<05:11,  4.64it/s]Block (11,5,11) root_id=864691135570956678
Block (4,11,4) ok, attempt=1, duration=1.36s

Blocks:  16%|█▋        | 282/1728 [01:42<05:21,  4.50it/s]Block (10,4,3) root_id=864691135570956678
Block (4,3,0) ok, attempt=1, duration=1.28s
Block (4,4,1) root_id=864691135570956678
Block (9,4,0) ok, attempt=1, duration=2.34s
Block (1,5,10) root_id=864691135570956678

Blocks:  16%|█▋        | 283/1728 [01:42<05:02,  4.78it/s]Block (11,4,10) ok, attempt=1, duration=1.87s

Blocks:  16%|█▋        | 285/1728 [01:42<04:09,  5.79it/s]Block (0,6,2) ok, attempt=1, duration=1.27s
Block (9,8,6) root_id=864691135570956678
Block (7,11,0) root_id=864691135570956678
Block (9,7,5) ok, attempt=1, duration=1.52s
Block (9,0,2) root_id=864691135570956678

Blocks:  17%|█▋        | 287/1728 [01:43<03:49,  6.28it/s]Block (5,8,2) ok, attempt=1, duration=1.48s

Blocks:  17%|█▋        | 288/1728 [01:43<04:13,  5.67it/s]Block (5,11,7) root_id=864691135570956678
Block (11,5,11) ok, attempt=1, duration=1.56s

Blocks:  17%|█▋        | 289/1728 [01:43<05:22,  4.47it/s]Block (0,1,9) root_id=864691135570956678
Block (1,5,10) ok, attempt=1, duration=1.24s
Block (7,0,9) root_id=864691135570956678
Block (10,4,3) ok, attempt=1, duration=1.78s
Block (4,7,6) root_id=864691135570956678

Blocks:  17%|█▋        | 291/1728 [01:44<05:36,  4.27it/s]Block (7,11,0) ok, attempt=1, duration=1.52s
Block (4,6,10) root_id=864691135570956678

Blocks:  17%|█▋        | 292/1728 [01:44<05:11,  4.62it/s]Block (4,4,1) ok, attempt=1, duration=1.86s
Block (3,6,4) root_id=864691135570956678
Block (9,8,6) ok, attempt=1, duration=1.82s

Blocks:  17%|█▋        | 294/1728 [01:44<04:24,  5.42it/s]Block (8,10,9) root_id=864691135570956678
Block (5,11,7) ok, attempt=1, duration=1.62s

Blocks:  17%|█▋        | 295/1728 [01:45<05:06,  4.67it/s]Block (8,2,5) root_id=864691135570956678
Block (0,1,9) ok, attempt=1, duration=1.29s
Block (3,9,9) root_id=864691135570956678
Block (9,0,2) ok, attempt=1, duration=1.97s
Block (7,3,1) root_id=864691135570956678
Block (7,0,9) ok, attempt=1, duration=1.74s
Block (4,7,6) ok, attempt=1, duration=1.35s
Block (10,11,2) root_id=864691135570956678

Blocks:  17%|█▋        | 298/1728 [01:45<04:58,  4.79it/s]Block (5,3,8) root_id=864691135570956678
Block (4,6,10) ok, attempt=1, duration=1.46s

Blocks:  17%|█▋        | 300/1728 [01:45<04:24,  5.39it/s]Block (2,10,5) root_id=864691135570956678
Block (3,6,4) ok, attempt=1, duration=1.54s

Blocks:  17%|█▋        | 301/1728 [01:46<04:10,  5.69it/s]Block (6,6,0) root_id=864691135570956678
Block (8,2,5) ok, attempt=1, duration=1.26s

Blocks:  17%|█▋        | 302/1728 [01:46<04:32,  5.23it/s]Block (8,3,6) root_id=864691135570956678
Block (3,9,9) ok, attempt=1, duration=1.33s

Blocks:  18%|█▊        | 303/1728 [01:46<04:11,  5.66it/s]Block (11,1,0) root_id=864691135570956678
Block (7,3,1) ok, attempt=1, duration=1.36s
Block (3,10,10) root_id=864691135570956678
Block (8,10,9) ok, attempt=1, duration=1.89s

Blocks:  18%|█▊        | 305/1728 [01:46<03:22,  7.01it/s]Block (0,9,3) root_id=864691135570956678
Block (2,10,5) ok, attempt=1, duration=0.97s

Blocks:  18%|█▊        | 306/1728 [01:46<04:00,  5.91it/s]Block (11,4,5) root_id=864691135570956678
Block (10,11,2) ok, attempt=1, duration=1.43s

Blocks:  18%|█▊        | 307/1728 [01:47<04:10,  5.68it/s]Block (10,0,10) root_id=864691135570956678
Block (5,3,8) ok, attempt=1, duration=1.67s

Blocks:  18%|█▊        | 308/1728 [01:47<04:35,  5.15it/s]Block (9,7,0) root_id=864691135570956678
Block (6,6,0) ok, attempt=1, duration=1.52s

Blocks:  18%|█▊        | 309/1728 [01:47<05:01,  4.70it/s]Block (7,7,7) root_id=864691135570956678
Block (8,3,6) ok, attempt=1, duration=1.39s

Blocks:  18%|█▊        | 310/1728 [01:47<04:23,  5.39it/s]Block (11,5,6) root_id=864691135570956678
Block (0,9,3) ok, attempt=1, duration=1.19s
Block (1,5,5) root_id=864691135570956678
Block (11,1,0) ok, attempt=1, duration=1.44s

Blocks:  18%|█▊        | 312/1728 [01:47<03:23,  6.97it/s]Block (6,9,10) root_id=864691135570956678
Block (3,10,10) ok, attempt=1, duration=1.49s

Blocks:  18%|█▊        | 313/1728 [01:48<03:14,  7.28it/s]Block (6,1,6) root_id=864691135570956678
Block (11,4,5) ok, attempt=1, duration=1.48s
Block (10,7,9) root_id=864691135570956678

Blocks:  18%|█▊        | 314/1728 [01:48<04:35,  5.14it/s]Block (10,0,10) ok, attempt=1, duration=1.54s

Blocks:  18%|█▊        | 315/1728 [01:48<04:58,  4.73it/s]Block (4,6,5) root_id=864691135570956678
Block (1,5,5) ok, attempt=1, duration=0.99s

Blocks:  18%|█▊        | 316/1728 [01:48<04:48,  4.90it/s]Block (8,10,4) root_id=864691135570956678
Block (6,9,10) ok, attempt=1, duration=1.15s

Blocks:  18%|█▊        | 317/1728 [01:49<05:01,  4.68it/s]Block (6,10,11) root_id=864691135570956678
Block (9,7,0) ok, attempt=1, duration=1.78s
Block (8,2,0) root_id=864691135570956678
Block (7,7,7) ok, attempt=1, duration=1.70s

Blocks:  18%|█▊        | 319/1728 [01:49<04:04,  5.76it/s]Block (6,2,7) root_id=864691135570956678
Block (11,5,6) ok, attempt=1, duration=1.72s

Blocks:  19%|█▊        | 320/1728 [01:49<03:55,  5.98it/s]Block (3,9,4) root_id=864691135570956678
Block (4,6,5) ok, attempt=1, duration=1.13s

Blocks:  19%|█▊        | 321/1728 [01:49<05:06,  4.59it/s]Block (10,7,9) ok, attempt=1, duration=1.45s
Block (0,5,10) root_id=864691135570956678
Block (1,9,11) root_id=864691135570956678
Block (6,1,6) ok, attempt=1, duration=1.83s
Block (5,3,3) root_id=864691135570956678
Block (8,10,4) ok, attempt=1, duration=1.54s

Blocks:  19%|█▉        | 324/1728 [01:50<04:41,  4.99it/s]Block (2,10,0) root_id=864691135570956678
Block (6,10,11) ok, attempt=1, duration=1.62s
Block (9,11,11) root_id=864691135570956678

Blocks:  19%|█▉        | 325/1728 [01:50<05:17,  4.42it/s]Block (8,2,0) ok, attempt=1, duration=1.62s
Block (9,3,7) root_id=864691135570956678
Block (1,9,11) ok, attempt=1, duration=0.99s

Blocks:  19%|█▉        | 327/1728 [01:50<03:50,  6.07it/s]Block (5,6,8) root_id=864691135570956678
Block (6,2,7) ok, attempt=1, duration=1.74s

Blocks:  19%|█▉        | 328/1728 [01:51<04:13,  5.52it/s]Block (8,3,1) root_id=864691135570956678
Block (0,5,10) ok, attempt=1, duration=1.26s
Block (4,10,11) root_id=864691135570956678
Block (3,9,4) ok, attempt=1, duration=1.69s
Block (4,2,7) root_id=864691135570956678
Block (5,3,3) ok, attempt=1, duration=1.45s

Blocks:  19%|█▉        | 331/1728 [01:51<03:10,  7.35it/s]Block (11,4,0) root_id=864691135570956678
Block (2,10,0) ok, attempt=1, duration=1.37s
Block (10,8,9) root_id=864691135570956678

Blocks:  19%|█▉        | 332/1728 [01:51<04:29,  5.18it/s]Block (9,11,11) ok, attempt=1, duration=1.12s
Block (10,0,5) root_id=864691135570956678
Block (9,3,7) ok, attempt=1, duration=1.24s
Block (0,8,2) root_id=864691135570956678

Blocks:  19%|█▉        | 334/1728 [01:51<03:52,  5.99it/s]Block (4,10,11) ok, attempt=1, duration=1.16s

Blocks:  19%|█▉        | 335/1728 [01:52<04:25,  5.26it/s]Block (7,7,2) root_id=864691135570956678
Block (5,6,8) ok, attempt=1, duration=1.60s

Blocks:  19%|█▉        | 336/1728 [01:52<04:06,  5.64it/s]Block (9,4,8) root_id=864691135570956678
Block (4,2,7) ok, attempt=1, duration=1.36s
Block (3,4,10) root_id=864691135570956678
Block (8,3,1) ok, attempt=1, duration=1.56s

Blocks:  20%|█▉        | 338/1728 [01:52<03:25,  6.75it/s]Block (5,10,2) root_id=864691135570956678
Block (11,4,0) ok, attempt=1, duration=1.51s

Blocks:  20%|█▉        | 339/1728 [01:52<03:45,  6.15it/s]Block (11,5,1) root_id=864691135570956678
Block (0,8,2) ok, attempt=1, duration=1.17s

Blocks:  20%|█▉        | 340/1728 [01:53<04:47,  4.83it/s]Block (9,10,6) root_id=864691135570956678
Block (10,8,9) ok, attempt=1, duration=1.60s

Blocks:  20%|█▉        | 341/1728 [01:53<04:28,  5.17it/s]Block (1,5,0) root_id=864691135570956678
Block (10,0,5) ok, attempt=1, duration=1.78s
Block (7,2,9) root_id=864691135570956678

Blocks:  20%|█▉        | 342/1728 [01:53<04:51,  4.75it/s]Block (7,7,2) ok, attempt=1, duration=1.51s

Blocks:  20%|█▉        | 343/1728 [01:53<04:50,  4.76it/s]Block (8,6,11) root_id=864691135570956678
Block (5,10,2) ok, attempt=1, duration=1.22s
Block (6,9,5) root_id=864691135570956678
Block (3,4,10) ok, attempt=1, duration=1.69s

Blocks:  20%|█▉        | 345/1728 [01:54<04:41,  4.91it/s]Block (9,4,8) ok, attempt=1, duration=1.78s
Block (4,9,6) root_id=864691135570956678
Block (6,1,1) root_id=864691135570956678
Block (11,5,1) ok, attempt=1, duration=1.64s

Blocks:  20%|██        | 347/1728 [01:54<04:06,  5.60it/s]Block (3,5,11) root_id=864691135570956678
Block (9,10,6) ok, attempt=1, duration=1.51s

Blocks:  20%|██        | 348/1728 [01:54<04:18,  5.34it/s]Block (10,7,4) root_id=864691135570956678
Block (8,6,11) ok, attempt=1, duration=1.20s

Blocks:  20%|██        | 349/1728 [01:55<05:01,  4.58it/s]Block (4,6,0) root_id=864691135570956678
Block (1,5,0) ok, attempt=1, duration=1.85s

Blocks:  20%|██        | 350/1728 [01:55<04:47,  4.79it/s]Block (2,6,7) root_id=864691135570956678
Block (7,2,9) ok, attempt=1, duration=1.65s
Block (6,10,6) root_id=864691135570956678
Block (4,9,6) ok, attempt=1, duration=1.43s

Blocks:  20%|██        | 352/1728 [01:55<04:50,  4.74it/s]Block (6,2,2) root_id=864691135570956678
Block (10,7,4) ok, attempt=1, duration=1.14s

Blocks:  20%|██        | 353/1728 [01:55<04:53,  4.69it/s]Block (1,9,6) root_id=864691135570956678
Block (6,1,1) ok, attempt=1, duration=1.75s

Blocks:  20%|██        | 354/1728 [01:55<04:20,  5.28it/s]Block (11,8,11) root_id=864691135570956678
Block (6,9,5) ok, attempt=1, duration=2.23s

Blocks:  21%|██        | 355/1728 [01:56<03:55,  5.83it/s]Block (0,5,5) root_id=864691135570956678
Block (3,5,11) ok, attempt=1, duration=1.90s

Blocks:  21%|██        | 356/1728 [01:56<04:41,  4.87it/s]Block (11,0,7) root_id=864691135570956678
Block (2,6,7) ok, attempt=1, duration=1.25s
Block (1,8,10) root_id=864691135570956678
Block (4,6,0) ok, attempt=1, duration=1.68s

Blocks:  21%|██        | 358/1728 [01:56<04:14,  5.39it/s]Block (9,11,6) root_id=864691135570956678
Block (6,10,6) ok, attempt=1, duration=1.53s
Block (9,3,2) root_id=864691135570956678
Block (1,9,6) ok, attempt=1, duration=1.08s

Blocks:  21%|██        | 360/1728 [01:56<03:35,  6.34it/s]Block (0,4,9) root_id=864691135570956678
Block (6,2,2) ok, attempt=1, duration=1.37s
Block (7,3,9) root_id=864691135570956678
Block (0,5,5) ok, attempt=1, duration=0.99s

Blocks:  21%|██        | 362/1728 [01:57<02:55,  7.78it/s]Block (10,11,10) root_id=864691135570956678
Block (11,8,11) ok, attempt=1, duration=1.42s
Block (5,6,3) root_id=864691135570956678

Blocks:  21%|██        | 363/1728 [01:57<03:47,  6.00it/s]Block (1,8,10) ok, attempt=1, duration=1.19s

Blocks:  21%|██        | 364/1728 [01:57<04:14,  5.36it/s]Block (4,10,6) root_id=864691135570956678
Block (9,11,6) ok, attempt=1, duration=1.30s

Blocks:  21%|██        | 365/1728 [01:57<05:07,  4.43it/s]Block (4,2,2) root_id=864691135570956678
Block (0,4,9) ok, attempt=1, duration=1.15s
Block (2,2,9) root_id=864691135570956678
Block (11,0,7) ok, attempt=1, duration=1.90s

Blocks:  21%|██        | 367/1728 [01:58<04:18,  5.27it/s]Block (11,1,8) root_id=864691135570956678
Block (7,3,9) ok, attempt=1, duration=1.43s

Blocks:  21%|██▏       | 368/1728 [01:58<04:10,  5.42it/s]Block (10,0,0) root_id=864691135570956678
Block (9,3,2) ok, attempt=1, duration=1.95s
Block (10,11,10) ok, attempt=1, duration=1.67s
Block (8,5,5) root_id=864691135570956678
Block (3,4,5) root_id=864691135570956678

Blocks:  21%|██▏       | 369/1728 [01:58<04:59,  4.54it/s]Block (4,10,6) ok, attempt=1, duration=1.47s

Blocks:  21%|██▏       | 371/1728 [01:59<04:34,  4.95it/s]Block (0,0,11) root_id=864691135570956678
Block (5,6,3) ok, attempt=1, duration=1.82s
Block (9,10,1) root_id=864691135570956678
Block (4,2,2) ok, attempt=1, duration=1.30s

Blocks:  22%|██▏       | 373/1728 [01:59<03:39,  6.17it/s]Block (7,10,8) root_id=864691135570956678
Block (2,2,9) ok, attempt=1, duration=1.38s

Blocks:  22%|██▏       | 374/1728 [01:59<03:37,  6.22it/s]Block (6,9,0) root_id=864691135570956678
Block (3,4,5) ok, attempt=1, duration=1.14s

Blocks:  22%|██▏       | 375/1728 [01:59<04:58,  4.54it/s]Block (7,2,4) root_id=864691135570956678
Block (11,1,8) ok, attempt=1, duration=1.73s

Blocks:  22%|██▏       | 376/1728 [02:00<04:26,  5.07it/s]Block (4,9,1) root_id=864691135570956678
Block (0,0,11) ok, attempt=1, duration=0.95s
Block (8,6,6) root_id=864691135570956678
Block (8,5,5) ok, attempt=1, duration=1.62s

Blocks:  22%|██▏       | 378/1728 [02:00<04:12,  5.34it/s]Block (2,9,8) root_id=864691135570956678
Block (10,0,0) ok, attempt=1, duration=2.08s

Blocks:  22%|██▏       | 379/1728 [02:00<04:04,  5.52it/s]Block (3,5,6) root_id=864691135570956678
Block (9,10,1) ok, attempt=1, duration=1.71s
Block (8,9,11) root_id=864691135570956678

Blocks:  22%|██▏       | 380/1728 [02:00<05:21,  4.19it/s]Block (7,10,8) ok, attempt=1, duration=1.71s
Block (11,7,5) root_id=864691135570956678
Block (6,9,0) ok, attempt=1, duration=1.60s

Blocks:  22%|██▏       | 382/1728 [02:01<03:53,  5.77it/s]Block (10,3,10) root_id=864691135570956678
Block (4,9,1) ok, attempt=1, duration=1.53s

Blocks:  22%|██▏       | 383/1728 [02:01<05:18,  4.23it/s]Block (2,6,2) root_id=864691135570956678
Block (7,2,4) ok, attempt=1, duration=1.71s
Block (6,10,1) root_id=864691135570956678
Block (3,5,6) ok, attempt=1, duration=1.19s
Block (5,2,10) root_id=864691135570956678

Blocks:  22%|██▏       | 385/1728 [02:01<03:59,  5.60it/s]Block (8,6,6) ok, attempt=1, duration=1.76s
Block (11,8,6) root_id=864691135570956678

Blocks:  22%|██▏       | 386/1728 [02:01<03:42,  6.03it/s]Block (2,9,8) ok, attempt=1, duration=1.57s
Block (8,2,8) root_id=864691135570956678
Block (8,9,11) ok, attempt=1, duration=1.27s
Block (11,0,2) root_id=864691135570956678

Blocks:  22%|██▏       | 388/1728 [02:02<03:49,  5.84it/s]Block (10,3,10) ok, attempt=1, duration=1.31s

Blocks:  23%|██▎       | 389/1728 [02:02<04:00,  5.56it/s]Block (1,8,5) root_id=864691135570956678
Block (11,7,5) ok, attempt=1, duration=1.47s
Block (9,11,1) root_id=864691135570956678
Block (5,2,10) ok, attempt=1, duration=1.35s

Blocks:  23%|██▎       | 391/1728 [02:03<05:20,  4.17it/s]Block (2,6,2) ok, attempt=1, duration=1.55s
Block (0,4,4) root_id=864691135570956678
Block (7,3,4) root_id=864691135570956678
Block (6,10,1) ok, attempt=1, duration=1.59s
Block (4,10,1) root_id=864691135570956678
Block (1,8,5) ok, attempt=1, duration=0.90s

Blocks:  23%|██▎       | 394/1728 [02:03<03:41,  6.03it/s]Block (1,11,10) root_id=864691135570956678
Block (8,2,8) ok, attempt=1, duration=1.77s
Block (0,7,9) root_id=864691135570956678

Blocks:  23%|██▎       | 395/1728 [02:03<04:33,  4.87it/s]Block (11,8,6) ok, attempt=1, duration=1.97s
Block (10,10,9) root_id=864691135570956678
Block (9,11,1) ok, attempt=1, duration=1.41s

Blocks:  23%|██▎       | 397/1728 [02:03<03:44,  5.92it/s]Block (11,1,3) root_id=864691135570956678
Block (11,0,2) ok, attempt=1, duration=1.90s

Blocks:  23%|██▎       | 398/1728 [02:04<03:50,  5.76it/s]Block (9,6,8) root_id=864691135570956678
Block (0,4,4) ok, attempt=1, duration=1.15s

Blocks:  23%|██▎       | 399/1728 [02:04<03:49,  5.80it/s]Block (2,1,8) root_id=864691135570956678
Block (4,10,1) ok, attempt=1, duration=1.28s

Blocks:  23%|██▎       | 400/1728 [02:04<04:02,  5.48it/s]Block (5,9,9) root_id=864691135570956678
Block (1,11,10) ok, attempt=1, duration=1.38s

Blocks:  23%|██▎       | 401/1728 [02:04<04:15,  5.20it/s]Block (8,5,0) root_id=864691135570956678
Block (0,7,9) ok, attempt=1, duration=1.14s

Blocks:  23%|██▎       | 402/1728 [02:04<04:00,  5.51it/s]Block (6,5,7) root_id=864691135570956678
Block (7,3,4) ok, attempt=1, duration=2.14s

Blocks:  23%|██▎       | 403/1728 [02:05<05:16,  4.19it/s]Block (10,10,9) ok, attempt=1, duration=1.43s
Block (4,5,8) root_id=864691135570956678
Block (11,4,8) root_id=864691135570956678
Block (11,1,3) ok, attempt=1, duration=1.92s
Block (2,1,8) ok, attempt=1, duration=1.58s
Block (3,4,0) root_id=864691135570956678

Blocks:  23%|██▎       | 405/1728 [02:05<05:48,  3.79it/s]Block (1,4,7) root_id=864691135570956678
Block (5,9,9) ok, attempt=1, duration=1.54s

Blocks:  24%|██▎       | 407/1728 [02:06<04:21,  5.06it/s]Block (0,8,10) root_id=864691135570956678
Block (9,6,8) ok, attempt=1, duration=2.01s

Blocks:  24%|██▎       | 408/1728 [02:06<03:58,  5.54it/s]Block (7,10,3) root_id=864691135570956678
Block (8,5,0) ok, attempt=1, duration=1.46s
Block (5,10,10) root_id=864691135570956678
Block (6,5,7) ok, attempt=1, duration=1.46s
Block (8,6,1) root_id=864691135570956678

Blocks:  24%|██▎       | 410/1728 [02:06<03:20,  6.59it/s]Block (11,4,8) ok, attempt=1, duration=1.42s

Blocks:  24%|██▍       | 411/1728 [02:06<04:11,  5.23it/s]Block (10,6,11) root_id=864691135570956678
Block (4,5,8) ok, attempt=1, duration=1.49s
Block (2,9,3) root_id=864691135570956678
Block (1,4,7) ok, attempt=1, duration=1.12s
Block (3,5,1) root_id=864691135570956678

Blocks:  24%|██▍       | 413/1728 [02:06<03:45,  5.84it/s]Block (0,8,10) ok, attempt=1, duration=1.18s
Block (8,9,6) root_id=864691135570956678

Blocks:  24%|██▍       | 414/1728 [02:07<04:06,  5.32it/s]Block (7,10,3) ok, attempt=1, duration=1.40s

Blocks:  24%|██▍       | 415/1728 [02:07<04:40,  4.68it/s]Block (9,2,10) root_id=864691135570956678
Block (3,4,0) ok, attempt=1, duration=1.78s
Block (8,6,1) ok, attempt=1, duration=1.30s

Blocks:  24%|██▍       | 416/1728 [02:07<04:04,  5.37it/s]Block (1,5,8) root_id=864691135570956678
Block (11,7,0) root_id=864691135570956678
Block (5,10,10) ok, attempt=1, duration=1.63s

Blocks:  24%|██▍       | 418/1728 [02:07<03:11,  6.83it/s]Block (6,1,9) root_id=864691135570956678
Block (2,9,3) ok, attempt=1, duration=1.40s
Block (10,3,5) root_id=864691135570956678

Blocks:  24%|██▍       | 419/1728 [02:08<04:14,  5.15it/s]Block (10,6,11) ok, attempt=1, duration=1.66s
Block (5,2,5) root_id=864691135570956678

Blocks:  24%|██▍       | 420/1728 [02:08<04:13,  5.15it/s]Block (8,9,6) ok, attempt=1, duration=1.23s
Block (4,6,8) root_id=864691135570956678
Block (1,5,8) ok, attempt=1, duration=1.21s

Blocks:  24%|██▍       | 422/1728 [02:08<04:43,  4.61it/s]Block (11,8,1) root_id=864691135570956678
Block (3,5,1) ok, attempt=1, duration=1.93s
Block (1,8,0) root_id=864691135570956678
Block (9,2,10) ok, attempt=1, duration=1.51s

Blocks:  25%|██▍       | 424/1728 [02:09<03:42,  5.87it/s]Block (8,1,7) root_id=864691135570956678
Block (11,7,0) ok, attempt=1, duration=1.52s
Block (6,4,1) root_id=864691135570956678

Blocks:  25%|██▍       | 425/1728 [02:09<03:28,  6.25it/s]Block (4,6,8) ok, attempt=1, duration=1.13s
Block (1,11,5) root_id=864691135570956678

Blocks:  25%|██▍       | 426/1728 [02:09<04:46,  4.54it/s]Block (10,3,5) ok, attempt=1, duration=1.47s
Block (3,8,11) root_id=864691135570956678
Block (5,2,5) ok, attempt=1, duration=1.39s

Blocks:  25%|██▍       | 428/1728 [02:09<03:36,  6.00it/s]Block (0,7,4) root_id=864691135570956678
Block (6,1,9) ok, attempt=1, duration=2.26s

Blocks:  25%|██▍       | 429/1728 [02:10<04:25,  4.88it/s]Block (10,10,4) root_id=864691135570956678
Block (8,1,7) ok, attempt=1, duration=1.49s
Block (10,2,0) root_id=864691135570956678

Blocks:  25%|██▍       | 430/1728 [02:10<05:41,  3.80it/s]Block (1,8,0) ok, attempt=1, duration=1.73s

Blocks:  25%|██▍       | 431/1728 [02:10<04:49,  4.48it/s]Block (9,6,3) root_id=864691135570956678
Block (1,11,5) ok, attempt=1, duration=1.15s
Block (7,6,10) root_id=864691135570956678
Block (11,8,1) ok, attempt=1, duration=2.02s

Blocks:  25%|██▌       | 433/1728 [02:10<03:48,  5.67it/s]Block (5,9,4) root_id=864691135570956678
Block (0,7,4) ok, attempt=1, duration=1.31s
Block (6,5,2) root_id=864691135570956678

Blocks:  25%|██▌       | 434/1728 [02:11<04:06,  5.25it/s]Block (6,4,1) ok, attempt=1, duration=2.19s

Blocks:  25%|██▌       | 435/1728 [02:11<04:29,  4.80it/s]Block (4,5,3) root_id=864691135570956678
Block (3,8,11) ok, attempt=1, duration=1.78s
Block (9,9,8) root_id=864691135570956678
Block (10,10,4) ok, attempt=1, duration=1.51s

Blocks:  25%|██▌       | 437/1728 [02:11<03:42,  5.81it/s]Block (2,5,10) root_id=864691135570956678
Block (9,6,3) ok, attempt=1, duration=1.24s
Block (1,4,2) root_id=864691135570956678

Blocks:  25%|██▌       | 438/1728 [02:11<04:15,  5.05it/s]Block (7,6,10) ok, attempt=1, duration=1.41s

Blocks:  25%|██▌       | 439/1728 [02:12<04:38,  4.63it/s]Block (3,1,8) root_id=864691135570956678
Block (10,2,0) ok, attempt=1, duration=1.69s
Block (0,8,5) root_id=864691135570956678
Block (5,9,4) ok, attempt=1, duration=1.48s

Blocks:  26%|██▌       | 441/1728 [02:12<03:33,  6.03it/s]Block (11,11,11) root_id=864691135570956678
Block (9,9,8) ok, attempt=1, duration=1.30s
Block (11,3,7) root_id=864691135570956678

Blocks:  26%|██▌       | 442/1728 [02:12<04:35,  4.67it/s]Block (6,5,2) ok, attempt=1, duration=2.04s

Blocks:  26%|██▌       | 443/1728 [02:13<05:26,  3.94it/s]Block (5,10,5) root_id=864691135570956678
Block (4,5,3) ok, attempt=1, duration=1.80s
Block (10,6,6) root_id=864691135570956678
Block (0,8,5) ok, attempt=1, duration=1.16s

Blocks:  26%|██▌       | 445/1728 [02:13<04:27,  4.79it/s]Block (9,10,9) root_id=864691135570956678
Block (2,5,10) ok, attempt=1, duration=1.85s
Block (9,2,5) root_id=864691135570956678
Block (1,4,2) ok, attempt=1, duration=1.62s

Blocks:  26%|██▌       | 447/1728 [02:13<03:16,  6.51it/s]Block (8,9,1) root_id=864691135570956678
Block (3,1,8) ok, attempt=1, duration=1.53s

Blocks:  26%|██▌       | 448/1728 [02:13<03:21,  6.34it/s]Block (4,9,9) root_id=864691135570956678
Block (11,3,7) ok, attempt=1, duration=1.31s

Blocks:  26%|██▌       | 449/1728 [02:13<04:13,  5.04it/s]Block (6,1,4) root_id=864691135570956678
Block (11,11,11) ok, attempt=1, duration=1.73s
Block (10,3,0) root_id=864691135570956678
Block (5,10,5) ok, attempt=1, duration=1.42s

Blocks:  26%|██▌       | 451/1728 [02:14<04:41,  4.53it/s]Block (6,0,8) root_id=864691135570956678
Block (10,6,6) ok, attempt=1, duration=1.45s
Block (5,2,0) root_id=864691135570956678
Block (4,9,9) ok, attempt=1, duration=1.33s

Blocks:  26%|██▌       | 453/1728 [02:14<04:52,  4.36it/s]Block (4,6,3) root_id=864691135570956678
Block (8,9,1) ok, attempt=1, duration=1.66s

Blocks:  26%|██▋       | 454/1728 [02:15<04:42,  4.51it/s]Block (0,3,11) root_id=864691135570956678
Block (9,2,5) ok, attempt=1, duration=1.77s
Block (7,5,4) root_id=864691135570956678
Block (9,10,9) ok, attempt=1, duration=1.90s
Block (5,5,11) root_id=864691135570956678
Block (10,3,0) ok, attempt=1, duration=1.52s

Blocks:  26%|██▋       | 457/1728 [02:15<03:48,  5.57it/s]Block (8,1,2) root_id=864691135570956678
Block (6,1,4) ok, attempt=1, duration=1.78s
Block (2,4,4) root_id=864691135570956678

Blocks:  27%|██▋       | 458/1728 [02:15<03:55,  5.40it/s]Block (5,2,0) ok, attempt=1, duration=1.44s

Blocks:  27%|██▋       | 459/1728 [02:16<04:14,  4.99it/s]Block (3,8,6) root_id=864691135570956678
Block (0,3,11) ok, attempt=1, duration=0.93s
Block (1,11,0) root_id=864691135570956678
Block (4,6,3) ok, attempt=1, duration=1.37s

Blocks:  27%|██▋       | 461/1728 [02:16<03:55,  5.39it/s]Block (4,1,10) root_id=864691135570956678
Block (6,0,8) ok, attempt=1, duration=2.00s

Blocks:  27%|██▋       | 462/1728 [02:16<03:40,  5.73it/s]Block (1,0,9) root_id=864691135570956678
Block (7,5,4) ok, attempt=1, duration=1.52s

Blocks:  27%|██▋       | 463/1728 [02:16<04:06,  5.14it/s]Block (8,4,7) root_id=864691135570956678
Block (5,5,11) ok, attempt=1, duration=1.58s
Block (3,11,11) root_id=864691135570956678
Block (8,1,2) ok, attempt=1, duration=1.58s

Blocks:  27%|██▋       | 465/1728 [02:17<04:07,  5.10it/s]Block (7,6,5) root_id=864691135570956678
Block (2,4,4) ok, attempt=1, duration=1.48s

Blocks:  27%|██▋       | 466/1728 [02:17<03:41,  5.69it/s]Block (9,9,3) root_id=864691135570956678
Block (3,8,6) ok, attempt=1, duration=1.36s

Blocks:  27%|██▋       | 467/1728 [02:17<03:31,  5.96it/s]Block (2,5,5) root_id=864691135570956678
Block (1,11,0) ok, attempt=1, duration=1.77s

Blocks:  27%|██▋       | 468/1728 [02:17<05:13,  4.02it/s]Block (7,9,10) root_id=864691135570956678
Block (1,0,9) ok, attempt=1, duration=1.60s

Blocks:  27%|██▋       | 469/1728 [02:18<05:01,  4.17it/s]Block (4,1,10) ok, attempt=1, duration=1.74s
Block (11,11,6) root_id=864691135570956678
Block (8,5,8) root_id=864691135570956678
Block (3,11,11) ok, attempt=1, duration=1.30s
Block (0,8,0) root_id=864691135570956678
Block (8,4,7) ok, attempt=1, duration=1.68s

Blocks:  27%|██▋       | 472/1728 [02:18<03:32,  5.92it/s]Block (11,3,2) root_id=864691135570956678
Block (2,5,5) ok, attempt=1, duration=1.19s

Blocks:  27%|██▋       | 473/1728 [02:18<03:35,  5.83it/s]Block (3,4,8) root_id=864691135570956678
Block (7,6,5) ok, attempt=1, duration=1.52s
Block (5,10,0) root_id=864691135570956678
Block (7,9,10) ok, attempt=1, duration=1.05s

Blocks:  27%|██▋       | 475/1728 [02:18<03:33,  5.86it/s]Block (10,6,1) root_id=864691135570956678
Block (9,9,3) ok, attempt=1, duration=1.82s

Blocks:  28%|██▊       | 476/1728 [02:19<03:26,  6.07it/s]Block (9,10,4) root_id=864691135570956678
Block (0,8,0) ok, attempt=1, duration=1.26s

Blocks:  28%|██▊       | 477/1728 [02:19<04:12,  4.95it/s]Block (9,2,0) root_id=864691135570956678
Block (11,11,6) ok, attempt=1, duration=1.56s

Blocks:  28%|██▊       | 478/1728 [02:19<04:26,  4.69it/s]Block (7,2,7) root_id=864691135570956678
Block (5,10,0) ok, attempt=1, duration=1.22s

Blocks:  28%|██▊       | 479/1728 [02:19<04:38,  4.48it/s]Block (4,9,4) root_id=864691135570956678
Block (8,5,8) ok, attempt=1, duration=1.84s
Block (8,8,0) root_id=864691135570956678
Block (11,3,2) ok, attempt=1, duration=1.62s

Blocks:  28%|██▊       | 481/1728 [02:20<03:15,  6.38it/s]Block (6,8,7) root_id=864691135570956678
Block (3,4,8) ok, attempt=1, duration=1.85s
Block (7,1,11) root_id=864691135570956678

Blocks:  28%|██▊       | 482/1728 [02:20<04:33,  4.56it/s]Block (10,6,1) ok, attempt=1, duration=1.68s

Blocks:  28%|██▊       | 483/1728 [02:20<04:15,  4.87it/s]Block (4,8,8) root_id=864691135570956678
Block (9,10,4) ok, attempt=1, duration=1.63s
Block (6,0,3) root_id=864691135570956678
Block (9,2,0) ok, attempt=1, duration=1.40s
Block (11,7,8) root_id=864691135570956678

Blocks:  28%|██▊       | 485/1728 [02:20<03:19,  6.24it/s]Block (7,2,7) ok, attempt=1, duration=1.45s

Blocks:  28%|██▊       | 486/1728 [02:21<03:54,  5.29it/s]Block (3,7,0) root_id=864691135570956678
Block (6,8,7) ok, attempt=1, duration=1.21s

Blocks:  28%|██▊       | 487/1728 [02:21<03:44,  5.54it/s]Block (2,0,11) root_id=864691135570956678
Block (4,9,4) ok, attempt=1, duration=1.43s
Block (1,7,7) root_id=864691135570956678
Block (8,8,0) ok, attempt=1, duration=1.65s

Blocks:  28%|██▊       | 489/1728 [02:21<03:45,  5.50it/s]Block (0,11,10) root_id=864691135570956678
Block (7,1,11) ok, attempt=1, duration=1.26s
Block (5,5,6) root_id=864691135570956678
Block (4,8,8) ok, attempt=1, duration=1.34s
Block (10,9,11) root_id=864691135570956678

Blocks:  28%|██▊       | 491/1728 [02:21<03:40,  5.62it/s]Block (11,7,8) ok, attempt=1, duration=1.49s

Blocks:  28%|██▊       | 492/1728 [02:22<04:19,  4.76it/s]Block (4,1,5) root_id=864691135570956678
Block (6,0,3) ok, attempt=1, duration=1.66s
Block (3,8,1) root_id=864691135570956678
Block (1,7,7) ok, attempt=1, duration=1.14s

Blocks:  29%|██▊       | 494/1728 [02:22<03:23,  6.07it/s]Block (9,5,10) root_id=864691135570956678
Block (2,0,11) ok, attempt=1, duration=1.69s
Block (1,8,8) root_id=864691135570956678

Blocks:  29%|██▊       | 495/1728 [02:23<04:53,  4.21it/s]Block (0,11,10) ok, attempt=1, duration=1.42s
Block (8,4,2) root_id=864691135570956678
Block (10,9,11) ok, attempt=1, duration=1.35s

Blocks:  29%|██▉       | 497/1728 [02:23<04:18,  4.77it/s]Block (6,4,9) root_id=864691135570956678
Block (5,5,6) ok, attempt=1, duration=1.67s
Block (0,4,7) root_id=864691135570956678
Block (3,7,0) ok, attempt=1, duration=2.36s

Blocks:  29%|██▉       | 499/1728 [02:23<03:19,  6.16it/s]Block (3,11,6) root_id=864691135570956678
Block (4,1,5) ok, attempt=1, duration=1.54s
Block (7,6,0) root_id=864691135570956678

Blocks:  29%|██▉       | 500/1728 [02:23<04:12,  4.86it/s]Block (3,8,1) ok, attempt=1, duration=1.79s

Blocks:  29%|██▉       | 501/1728 [02:24<04:39,  4.38it/s]Block (9,5,10) ok, attempt=1, duration=1.69s
Block (10,2,8) root_id=864691135570956678
Block (2,5,0) root_id=864691135570956678
Block (1,8,8) ok, attempt=1, duration=1.50s

Blocks:  29%|██▉       | 503/1728 [02:24<04:11,  4.87it/s]Block (7,9,5) root_id=864691135570956678
Block (3,11,6) ok, attempt=1, duration=1.06s
Block (2,1,11) root_id=864691135570956678
Block (0,4,7) ok, attempt=1, duration=1.32s

Blocks:  29%|██▉       | 505/1728 [02:24<03:28,  5.86it/s]Block (9,6,11) root_id=864691135570956678
Block (6,4,9) ok, attempt=1, duration=1.55s
Block (8,4,2) ok, attempt=1, duration=1.81s

Blocks:  29%|██▉       | 506/1728 [02:24<03:27,  5.88it/s]Block (8,5,3) root_id=864691135570956678
Block (11,11,1) root_id=864691135570956678
Block (7,6,0) ok, attempt=1, duration=1.42s

Blocks:  29%|██▉       | 508/1728 [02:25<03:38,  5.57it/s]Block (4,5,11) root_id=864691135570956678
Block (10,2,8) ok, attempt=1, duration=1.32s
Block (3,4,3) root_id=864691135570956678

Blocks:  29%|██▉       | 509/1728 [02:25<03:44,  5.43it/s]Block (2,1,11) ok, attempt=1, duration=1.06s

Blocks:  30%|██▉       | 510/1728 [02:25<03:30,  5.80it/s]Block (6,11,8) root_id=864691135570956678
Block (7,9,5) ok, attempt=1, duration=1.32s
Block (0,10,4) root_id=864691135570956678

Blocks:  30%|██▉       | 511/1728 [02:25<03:40,  5.51it/s]Block (2,5,0) ok, attempt=1, duration=1.88s

Blocks:  30%|██▉       | 512/1728 [02:26<03:59,  5.07it/s]Block (7,1,6) root_id=864691135570956678
Block (8,5,3) ok, attempt=1, duration=1.40s

Blocks:  30%|██▉       | 513/1728 [02:26<04:06,  4.93it/s]Block (6,8,2) root_id=864691135570956678
Block (9,6,11) ok, attempt=1, duration=1.82s

Blocks:  30%|██▉       | 514/1728 [02:26<04:26,  4.55it/s]Block (4,8,3) root_id=864691135570956678
Block (11,11,1) ok, attempt=1, duration=1.81s

Blocks:  30%|██▉       | 515/1728 [02:26<04:11,  4.83it/s]Block (11,7,3) root_id=864691135570956678
Block (0,10,4) ok, attempt=1, duration=0.98s
Block (2,8,10) root_id=864691135570956678

Blocks:  30%|██▉       | 516/1728 [02:26<03:42,  5.45it/s]Block (4,5,11) ok, attempt=1, duration=1.75s

Blocks:  30%|██▉       | 517/1728 [02:27<03:42,  5.45it/s]Block (1,7,2) root_id=864691135570956678
Block (3,4,3) ok, attempt=1, duration=1.60s
Block (7,4,11) root_id=864691135570956678
Block (6,11,8) ok, attempt=1, duration=1.65s

Blocks:  30%|███       | 519/1728 [02:27<03:05,  6.53it/s]Block (0,11,5) root_id=864691135570956678
Block (7,1,6) ok, attempt=1, duration=1.69s

Blocks:  30%|███       | 520/1728 [02:27<04:53,  4.12it/s]Block (8,0,9) root_id=864691135570956678
Block (6,8,2) ok, attempt=1, duration=1.52s
Block (5,5,1) root_id=864691135570956678
Block (0,11,5) ok, attempt=1, duration=0.76s

Blocks:  30%|███       | 522/1728 [02:28<03:53,  5.17it/s]Block (10,9,6) root_id=864691135570956678
Block (4,8,3) ok, attempt=1, duration=1.64s

Blocks:  30%|███       | 523/1728 [02:28<03:57,  5.08it/s]Block (4,1,0) root_id=864691135570956678
Block (1,7,2) ok, attempt=1, duration=1.35s

Blocks:  30%|███       | 524/1728 [02:28<03:48,  5.28it/s]Block (9,5,5) root_id=864691135570956678
Block (2,8,10) ok, attempt=1, duration=1.87s
Block (1,8,3) root_id=864691135570956678

Blocks:  30%|███       | 525/1728 [02:28<04:26,  4.52it/s]Block (11,7,3) ok, attempt=1, duration=2.08s
Block (8,1,10) root_id=864691135570956678
Block (7,4,11) ok, attempt=1, duration=1.89s
Block (0,4,2) root_id=864691135570956678

Blocks:  30%|███       | 527/1728 [02:28<03:39,  5.47it/s]Block (8,0,9) ok, attempt=1, duration=1.28s
Block (3,11,1) root_id=864691135570956678
Block (5,5,1) ok, attempt=1, duration=1.29s

Blocks:  31%|███       | 529/1728 [02:29<02:45,  7.23it/s]Block (6,4,4) root_id=864691135570956678
Block (10,9,6) ok, attempt=1, duration=1.61s

Blocks:  31%|███       | 530/1728 [02:29<04:28,  4.45it/s]Block (1,11,8) root_id=864691135570956678
Block (4,1,0) ok, attempt=1, duration=1.69s

Blocks:  31%|███       | 531/1728 [02:29<04:40,  4.26it/s]Block (3,0,10) root_id=864691135570956678
Block (1,8,3) ok, attempt=1, duration=1.59s
Block (0,7,7) root_id=864691135570956678

Blocks:  31%|███       | 532/1728 [02:30<05:14,  3.80it/s]Block (9,5,5) ok, attempt=1, duration=1.87s
Block (10,10,7) root_id=864691135570956678
Block (0,4,2) ok, attempt=1, duration=1.41s
Block (11,2,9) root_id=864691135570956678

Blocks:  31%|███       | 534/1728 [02:30<03:36,  5.50it/s]Block (3,11,1) ok, attempt=1, duration=1.50s

Blocks:  31%|███       | 535/1728 [02:30<03:23,  5.86it/s]Block (10,2,3) root_id=864691135570956678
Block (8,1,10) ok, attempt=1, duration=1.81s
Block (9,6,6) root_id=864691135570956678
Block (6,4,4) ok, attempt=1, duration=1.67s
Block (7,9,0) root_id=864691135570956678

Blocks:  31%|███       | 537/1728 [02:30<03:00,  6.59it/s]Block (1,11,8) ok, attempt=1, duration=1.27s

Blocks:  31%|███       | 538/1728 [02:30<02:57,  6.70it/s]Block (0,6,11) root_id=864691135570956678
Block (0,7,7) ok, attempt=1, duration=0.93s

Blocks:  31%|███       | 539/1728 [02:31<03:35,  5.51it/s]Block (9,9,11) root_id=864691135570956678
Block (3,0,10) ok, attempt=1, duration=1.40s
Block (5,8,11) root_id=864691135570956678

Blocks:  31%|███▏      | 540/1728 [02:31<03:16,  6.04it/s]Block (10,10,7) ok, attempt=1, duration=1.73s

Blocks:  31%|███▏      | 541/1728 [02:32<06:01,  3.29it/s]Block (10,2,3) ok, attempt=1, duration=1.49s
Block (4,4,10) root_id=864691135570956678
Block (11,3,10) root_id=864691135570956678
Block (0,6,11) ok, attempt=1, duration=1.19s

Blocks:  31%|███▏      | 543/1728 [02:32<03:50,  5.14it/s]Block (6,11,3) root_id=864691135570956678
Block (9,6,6) ok, attempt=1, duration=1.58s
Block (1,3,9) root_id=864691135570956678
Block (7,9,0) ok, attempt=1, duration=1.57s

Blocks:  32%|███▏      | 545/1728 [02:32<03:17,  6.00it/s]Block (7,1,1) root_id=864691135570956678
Block (11,2,9) ok, attempt=1, duration=2.07s

Blocks:  32%|███▏      | 546/1728 [02:32<03:01,  6.53it/s]Block (5,1,8) root_id=864691135570956678
Block (9,9,11) ok, attempt=1, duration=1.48s

Blocks:  32%|███▏      | 547/1728 [02:32<03:24,  5.79it/s]Block (2,8,5) root_id=864691135570956678
Block (5,8,11) ok, attempt=1, duration=1.84s

Blocks:  32%|███▏      | 548/1728 [02:33<04:52,  4.03it/s]Block (7,4,6) root_id=864691135570956678
Block (4,4,10) ok, attempt=1, duration=1.27s
Block (0,11,0) root_id=864691135570956678

Blocks:  32%|███▏      | 549/1728 [02:33<04:11,  4.68it/s]Block (1,3,9) ok, attempt=1, duration=1.46s
Block (6,11,3) ok, attempt=1, duration=1.55s

Blocks:  32%|███▏      | 550/1728 [02:33<05:03,  3.88it/s]Block (8,8,8) root_id=864691135570956678
Block (8,0,4) root_id=864691135570956678
Block (11,3,10) ok, attempt=1, duration=1.76s

Blocks:  32%|███▏      | 552/1728 [02:33<03:23,  5.77it/s]Block (2,11,10) root_id=864691135570956678
Block (7,1,1) ok, attempt=1, duration=1.50s
Block (6,0,11) root_id=864691135570956678
Block (2,8,5) ok, attempt=1, duration=1.22s
Block (5,1,8) ok, attempt=1, duration=1.47s

Blocks:  32%|███▏      | 554/1728 [02:33<02:36,  7.49it/s]Block (3,7,8) root_id=864691135570956678
Block (11,10,9) root_id=864691135570956678
Block (0,11,0) ok, attempt=1, duration=1.14s

Blocks:  32%|███▏      | 556/1728 [02:34<03:24,  5.72it/s]Block (10,9,1) root_id=864691135570956678
Block (7,4,6) ok, attempt=1, duration=1.34s
Block (1,10,8) root_id=864691135570956678
Block (2,11,10) ok, attempt=1, duration=1.38s

Blocks:  32%|███▏      | 558/1728 [02:35<04:44,  4.12it/s]Block (9,5,0) root_id=864691135570956678
Block (3,7,8) ok, attempt=1, duration=1.39s

Blocks:  32%|███▏      | 559/1728 [02:35<04:18,  4.53it/s]Block (7,5,7) root_id=864691135570956678
Block (11,10,9) ok, attempt=1, duration=1.39s
Block (2,4,7) root_id=864691135570956678
Block (8,8,8) ok, attempt=1, duration=1.98s

Blocks:  32%|███▏      | 561/1728 [02:35<03:54,  4.98it/s]Block (11,2,4) root_id=864691135570956678
Block (6,0,11) ok, attempt=1, duration=1.99s

Blocks:  33%|███▎      | 562/1728 [02:35<04:01,  4.82it/s]Block (8,7,3) root_id=864691135570956678
Block (1,10,8) ok, attempt=1, duration=1.39s
Block (6,7,10) root_id=864691135570956678
Block (8,0,4) ok, attempt=1, duration=2.28s
Block (0,6,6) root_id=864691135570956678
Block (10,9,1) ok, attempt=1, duration=1.74s

Blocks:  33%|███▎      | 565/1728 [02:36<03:00,  6.43it/s]Block (10,1,2) root_id=864691135570956678
Block (2,4,7) ok, attempt=1, duration=1.25s
Block (1,6,10) root_id=864691135570956678

Blocks:  33%|███▎      | 566/1728 [02:36<03:55,  4.93it/s]Block (11,2,4) ok, attempt=1, duration=1.02s
Block (5,8,6) root_id=864691135570956678
Block (9,5,0) ok, attempt=1, duration=1.57s

Blocks:  33%|███▎      | 568/1728 [02:36<03:08,  6.15it/s]Block (5,0,2) root_id=864691135570956678
Block (7,5,7) ok, attempt=1, duration=1.49s
Block (10,4,7) root_id=864691135570956678
Block (0,6,6) ok, attempt=1, duration=1.10s

Blocks:  33%|███▎      | 570/1728 [02:37<03:06,  6.23it/s]Block (4,4,5) root_id=864691135570956678
Block (6,7,10) ok, attempt=1, duration=1.42s

Blocks:  33%|███▎      | 571/1728 [02:37<03:25,  5.62it/s]Block (7,11,4) root_id=864691135570956678
Block (8,7,3) ok, attempt=1, duration=1.59s

Blocks:  33%|███▎      | 572/1728 [02:37<03:17,  5.86it/s]Block (9,8,10) root_id=864691135570956678
Block (10,1,2) ok, attempt=1, duration=1.92s

Blocks:  33%|███▎      | 573/1728 [02:38<05:29,  3.51it/s]Block (5,8,6) ok, attempt=1, duration=1.47s
Block (1,6,10) ok, attempt=1, duration=1.55s
Block (5,11,11) root_id=864691135570956678
Block (4,7,10) root_id=864691135570956678
Block (9,0,6) root_id=864691135570956678
Block (5,0,2) ok, attempt=1, duration=1.62s

Blocks:  33%|███▎      | 576/1728 [02:38<03:31,  5.45it/s]Block (8,11,9) root_id=864691135570956678
Block (10,4,7) ok, attempt=1, duration=1.68s

Blocks:  33%|███▎      | 577/1728 [02:38<03:19,  5.77it/s]Block (11,9,3) root_id=864691135570956678
Block (4,4,5) ok, attempt=1, duration=1.61s

Blocks:  33%|███▎      | 578/1728 [02:38<03:20,  5.73it/s]Block (0,2,8) root_id=864691135570956678
Block (9,8,10) ok, attempt=1, duration=1.27s
Block (5,1,3) root_id=864691135570956678
Block (7,11,4) ok, attempt=1, duration=1.71s

Blocks:  34%|███▎      | 580/1728 [02:39<03:24,  5.63it/s]Block (10,5,8) root_id=864691135570956678
Block (5,11,11) ok, attempt=1, duration=1.19s

Blocks:  34%|███▎      | 581/1728 [02:39<03:44,  5.10it/s]Block (2,8,0) root_id=864691135570956678
Block (8,11,9) ok, attempt=1, duration=1.26s
Block (7,4,1) root_id=864691135570956678

Blocks:  34%|███▎      | 582/1728 [02:39<04:18,  4.43it/s]Block (4,7,10) ok, attempt=1, duration=1.64s

Blocks:  34%|███▎      | 583/1728 [02:39<03:57,  4.83it/s]Block (8,8,3) root_id=864691135570956678
Block (0,2,8) ok, attempt=1, duration=1.35s

Blocks:  34%|███▍      | 584/1728 [02:40<04:09,  4.58it/s]Block (5,4,8) root_id=864691135570956678
Block (11,9,3) ok, attempt=1, duration=1.64s
Block (9,1,7) root_id=864691135570956678

Blocks:  34%|███▍      | 585/1728 [02:40<03:49,  4.99it/s]Block (10,5,8) ok, attempt=1, duration=1.25s

Blocks:  34%|███▍      | 586/1728 [02:40<03:21,  5.68it/s]Block (4,8,11) root_id=864691135570956678
Block (5,1,3) ok, attempt=1, duration=1.70s
Block (6,0,6) root_id=864691135570956678

Blocks:  34%|███▍      | 587/1728 [02:40<03:16,  5.81it/s]Block (9,0,6) ok, attempt=1, duration=2.46s

Blocks:  34%|███▍      | 588/1728 [02:40<03:06,  6.13it/s]Block (2,11,5) root_id=864691135570956678
Block (7,4,1) ok, attempt=1, duration=1.21s

Blocks:  34%|███▍      | 589/1728 [02:40<03:32,  5.36it/s]Block (4,0,7) root_id=864691135570956678
Block (2,8,0) ok, attempt=1, duration=1.63s
Block (3,7,3) root_id=864691135570956678
Block (9,1,7) ok, attempt=1, duration=1.38s

Blocks:  34%|███▍      | 591/1728 [02:41<05:06,  3.71it/s]Block (11,10,4) root_id=864691135570956678
Block (8,8,3) ok, attempt=1, duration=1.81s
Block (1,10,3) root_id=864691135570956678
Block (4,8,11) ok, attempt=1, duration=1.34s
Block (8,3,10) root_id=864691135570956678
Block (5,4,8) ok, attempt=1, duration=1.70s

Blocks:  34%|███▍      | 594/1728 [02:41<03:08,  6.00it/s]Block (7,5,2) root_id=864691135570956678
Block (2,11,5) ok, attempt=1, duration=1.19s
Block (3,2,10) root_id=864691135570956678
Block (3,7,3) ok, attempt=1, duration=1.24s
Block (2,4,2) root_id=864691135570956678

Blocks:  34%|███▍      | 596/1728 [02:42<03:25,  5.50it/s]Block (6,0,6) ok, attempt=1, duration=1.90s

Blocks:  35%|███▍      | 597/1728 [02:42<03:19,  5.68it/s]Block (0,9,7) root_id=864691135570956678
Block (4,0,7) ok, attempt=1, duration=1.64s

Blocks:  35%|███▍      | 598/1728 [02:42<03:11,  5.90it/s]Block (4,11,3) root_id=864691135570956678
Block (11,10,4) ok, attempt=1, duration=1.35s

Blocks:  35%|███▍      | 599/1728 [02:42<04:24,  4.26it/s]Block (7,7,11) root_id=864691135570956678
Block (0,9,7) ok, attempt=1, duration=0.91s
Block (6,7,5) root_id=864691135570956678

Blocks:  35%|███▍      | 600/1728 [02:43<04:48,  3.91it/s]Block (1,10,3) ok, attempt=1, duration=1.78s
Block (0,6,1) root_id=864691135570956678

Blocks:  35%|███▍      | 601/1728 [02:43<04:11,  4.48it/s]Block (8,3,10) ok, attempt=1, duration=1.86s

Blocks:  35%|███▍      | 602/1728 [02:43<03:42,  5.07it/s]Block (1,6,5) root_id=864691135570956678
Block (3,2,10) ok, attempt=1, duration=1.80s
Block (5,8,1) root_id=864691135570956678
Block (7,5,2) ok, attempt=1, duration=1.91s
Block (11,5,10) root_id=864691135570956678

Blocks:  35%|███▍      | 604/1728 [02:43<02:38,  7.11it/s]Block (4,11,3) ok, attempt=1, duration=1.41s

Blocks:  35%|███▌      | 605/1728 [02:43<03:06,  6.03it/s]Block (10,4,2) root_id=864691135570956678
Block (2,4,2) ok, attempt=1, duration=2.10s

Blocks:  35%|███▌      | 606/1728 [02:44<04:10,  4.47it/s]Block (4,4,0) root_id=864691135570956678
Block (1,6,5) ok, attempt=1, duration=0.94s
Block (9,8,5) root_id=864691135570956678

Blocks:  35%|███▌      | 607/1728 [02:44<03:54,  4.78it/s]Block (7,7,11) ok, attempt=1, duration=1.60s
Block (5,11,6) root_id=864691135570956678
Block (0,6,1) ok, attempt=1, duration=1.37s

Blocks:  35%|███▌      | 609/1728 [02:44<03:22,  5.51it/s]Block (9,0,1) root_id=864691135570956678
Block (6,7,5) ok, attempt=1, duration=1.68s

Blocks:  35%|███▌      | 610/1728 [02:44<03:27,  5.39it/s]Block (7,0,8) root_id=864691135570956678
Block (5,8,1) ok, attempt=1, duration=1.53s
Block (4,7,5) root_id=864691135570956678

Blocks:  35%|███▌      | 611/1728 [02:45<03:27,  5.39it/s]Block (11,5,10) ok, attempt=1, duration=1.62s

Blocks:  35%|███▌      | 612/1728 [02:45<03:13,  5.76it/s]Block (8,11,4) root_id=864691135570956678
Block (10,4,2) ok, attempt=1, duration=1.67s
Block (3,3,10) root_id=864691135570956678

Blocks:  35%|███▌      | 613/1728 [02:45<03:55,  4.74it/s]Block (9,8,5) ok, attempt=1, duration=1.43s

Blocks:  36%|███▌      | 614/1728 [02:45<04:24,  4.21it/s]Block (6,11,11) root_id=864691135570956678
Block (9,0,1) ok, attempt=1, duration=1.35s

Blocks:  36%|███▌      | 615/1728 [02:46<04:16,  4.34it/s]Block (0,10,7) root_id=864691135570956678
Block (4,7,5) ok, attempt=1, duration=1.07s

Blocks:  36%|███▌      | 616/1728 [02:46<03:39,  5.06it/s]Block (11,6,11) root_id=864691135570956678
Block (4,4,0) ok, attempt=1, duration=2.34s

Blocks:  36%|███▌      | 617/1728 [02:46<04:47,  3.87it/s]Block (10,5,3) root_id=864691135570956678
Block (5,11,6) ok, attempt=1, duration=2.80s

Blocks:  36%|███▌      | 618/1728 [02:47<07:19,  2.52it/s]Block (8,11,4) ok, attempt=1, duration=2.08s
Block (9,1,2) root_id=864691135570956678
Block (7,1,9) root_id=864691135570956678
Block (0,10,7) ok, attempt=1, duration=2.26s
Block (7,0,8) ok, attempt=1, duration=3.47s

Blocks:  36%|███▌      | 620/1728 [02:48<08:25,  2.19it/s]Block (6,11,11) ok, attempt=1, duration=2.52s
Block (5,4,3) root_id=864691135570956678
Block (2,11,0) root_id=864691135570956678
Block (4,8,6) root_id=864691135570956678
Block (3,3,10) ok, attempt=1, duration=3.16s

Blocks:  36%|███▌      | 623/1728 [02:48<05:16,  3.49it/s]Block (6,0,1) root_id=864691135570956678
Block (11,6,11) ok, attempt=1, duration=2.66s

Blocks:  36%|███▌      | 624/1728 [02:48<04:43,  3.90it/s]Block (4,0,2) root_id=864691135570956678
Block (10,5,3) ok, attempt=1, duration=2.64s

Blocks:  36%|███▌      | 625/1728 [02:49<05:14,  3.50it/s]Block (2,0,9) root_id=864691135570956678
Block (9,1,2) ok, attempt=1, duration=2.22s

Blocks:  36%|███▌      | 626/1728 [02:49<05:26,  3.38it/s]Block (8,3,5) root_id=864691135570956678
Block (7,1,9) ok, attempt=1, duration=2.26s
Block (3,10,9) root_id=864691135570956678
Block (4,8,6) ok, attempt=1, duration=1.72s

Blocks:  36%|███▋      | 628/1728 [02:50<05:17,  3.46it/s]Block (0,9,2) root_id=864691135570956678
Block (6,0,1) ok, attempt=1, duration=1.46s
Block (10,0,9) root_id=864691135570956678
Block (5,4,3) ok, attempt=1, duration=1.92s

Blocks:  36%|███▋      | 630/1728 [02:50<03:57,  4.63it/s]Block (7,7,6) root_id=864691135570956678
Block (2,11,0) ok, attempt=1, duration=2.26s

Blocks:  37%|███▋      | 631/1728 [02:50<04:26,  4.12it/s]Block (6,7,0) root_id=864691135570956678
Block (4,0,2) ok, attempt=1, duration=1.87s
Block (1,6,0) root_id=864691135570956678
Block (2,0,9) ok, attempt=1, duration=1.69s

Blocks:  37%|███▋      | 633/1728 [02:50<03:42,  4.91it/s]Block (8,7,11) root_id=864691135570956678
Block (8,3,5) ok, attempt=1, duration=1.63s

Blocks:  37%|███▋      | 634/1728 [02:51<03:59,  4.56it/s]Block (11,5,5) root_id=864691135570956678
Block (3,10,9) ok, attempt=1, duration=1.74s

Blocks:  37%|███▋      | 635/1728 [02:51<03:36,  5.05it/s]Block (10,1,10) root_id=864691135570956678
Block (0,9,2) ok, attempt=1, duration=1.26s
Block (9,8,0) root_id=864691135570956678
Block (10,0,9) ok, attempt=1, duration=1.73s

Blocks:  37%|███▋      | 637/1728 [02:51<04:15,  4.27it/s]Block (5,11,1) root_id=864691135570956678
Block (7,7,6) ok, attempt=1, duration=1.66s
Block (7,8,7) root_id=864691135570956678
Block (6,7,0) ok, attempt=1, duration=1.38s

Blocks:  37%|███▋      | 639/1728 [02:52<03:07,  5.81it/s]Block (7,0,3) root_id=864691135570956678
Block (11,5,5) ok, attempt=1, duration=1.41s
Block (4,7,0) root_id=864691135570956678

Blocks:  37%|███▋      | 640/1728 [02:52<04:39,  3.90it/s]Block (1,6,0) ok, attempt=1, duration=2.00s

Blocks:  37%|███▋      | 641/1728 [02:52<04:02,  4.48it/s]Block (5,0,10) root_id=864691135570956678
Block (8,7,11) ok, attempt=1, duration=1.87s
Block (2,7,7) root_id=864691135570956678
Block (10,1,10) ok, attempt=1, duration=1.56s

Blocks:  37%|███▋      | 643/1728 [02:52<03:02,  5.96it/s]Block (0,10,2) root_id=864691135570956678
Block (9,8,0) ok, attempt=1, duration=1.66s
Block (11,6,6) root_id=864691135570956678

Blocks:  37%|███▋      | 644/1728 [02:53<03:02,  5.95it/s]Block (5,11,1) ok, attempt=1, duration=1.38s
Block (6,10,10) root_id=864691135570956678

Blocks:  37%|███▋      | 645/1728 [02:53<03:18,  5.46it/s]Block (4,7,0) ok, attempt=1, duration=0.89s
Block (11,9,11) root_id=864691135570956678

Blocks:  37%|███▋      | 646/1728 [02:53<03:26,  5.24it/s]Block (7,8,7) ok, attempt=1, duration=1.76s

Blocks:  37%|███▋      | 647/1728 [02:53<03:39,  4.92it/s]Block (4,8,1) root_id=864691135570956678
Block (7,0,3) ok, attempt=1, duration=1.95s

Blocks:  38%|███▊      | 648/1728 [02:54<03:53,  4.62it/s]Block (1,9,10) root_id=864691135570956678
Block (2,7,7) ok, attempt=1, duration=1.37s

Blocks:  38%|███▊      | 649/1728 [02:54<03:49,  4.71it/s]Block (0,5,9) root_id=864691135570956678
Block (0,10,2) ok, attempt=1, duration=1.42s
Block (7,4,9) root_id=864691135570956678

Blocks:  38%|███▊      | 650/1728 [02:54<03:20,  5.38it/s]Block (5,0,10) ok, attempt=1, duration=1.83s
Block (9,11,10) root_id=864691135570956678

Blocks:  38%|███▊      | 651/1728 [02:54<03:47,  4.72it/s]Block (11,6,6) ok, attempt=1, duration=1.58s
Block (8,3,0) root_id=864691135570956678
Block (6,10,10) ok, attempt=1, duration=1.63s

Blocks:  38%|███▊      | 653/1728 [02:54<03:22,  5.31it/s]Block (4,10,10) root_id=864691135570956678
Block (11,9,11) ok, attempt=1, duration=1.45s
Block (6,3,7) root_id=864691135570956678
Block (1,9,10) ok, attempt=1, duration=1.47s

Blocks:  38%|███▊      | 655/1728 [02:55<04:05,  4.38it/s]Block (0,5,9) ok, attempt=1, duration=1.31s
Block (3,10,4) root_id=864691135570956678
Block (1,10,11) root_id=864691135570956678
Block (4,8,1) ok, attempt=1, duration=1.92s

Blocks:  38%|███▊      | 657/1728 [02:55<03:11,  5.59it/s]Block (10,8,8) root_id=864691135570956678
Block (8,3,0) ok, attempt=1, duration=1.23s
Block (10,0,4) root_id=864691135570956678

Blocks:  38%|███▊      | 658/1728 [02:55<03:16,  5.43it/s]Block (4,10,10) ok, attempt=1, duration=1.18s

Blocks:  38%|███▊      | 659/1728 [02:56<03:26,  5.17it/s]Block (7,7,1) root_id=864691135570956678
Block (7,4,9) ok, attempt=1, duration=1.86s
Block (9,4,7) root_id=864691135570956678
Block (6,3,7) ok, attempt=1, duration=1.44s

Blocks:  38%|███▊      | 661/1728 [02:56<03:06,  5.72it/s]Block (5,7,8) root_id=864691135570956678
Block (9,11,10) ok, attempt=1, duration=1.95s

Blocks:  38%|███▊      | 662/1728 [02:56<03:04,  5.79it/s]Block (4,11,11) root_id=864691135570956678
Block (1,10,11) ok, attempt=1, duration=1.06s
Block (4,3,7) root_id=864691135570956678
Block (3,10,4) ok, attempt=1, duration=1.38s

Blocks:  38%|███▊      | 664/1728 [02:56<02:52,  6.18it/s]Block (8,7,6) root_id=864691135570956678
Block (10,8,8) ok, attempt=1, duration=1.58s

Blocks:  38%|███▊      | 665/1728 [02:57<03:47,  4.67it/s]Block (0,6,9) root_id=864691135570956678
Block (10,0,4) ok, attempt=1, duration=1.77s

Blocks:  39%|███▊      | 666/1728 [02:57<04:36,  3.84it/s]Block (11,5,0) root_id=864691135570956678
Block (7,7,1) ok, attempt=1, duration=1.69s

Blocks:  39%|███▊      | 667/1728 [02:57<04:01,  4.39it/s]Block (10,1,5) root_id=864691135570956678
Block (4,11,11) ok, attempt=1, duration=1.46s
Block (7,8,2) root_id=864691135570956678

Blocks:  39%|███▊      | 668/1728 [02:58<04:10,  4.24it/s]Block (4,3,7) ok, attempt=1, duration=1.48s
Block (5,8,9) root_id=864691135570956678
Block (9,4,7) ok, attempt=1, duration=2.05s
Block (8,7,6) ok, attempt=1, duration=1.40s

Blocks:  39%|███▉      | 670/1728 [02:58<03:08,  5.62it/s]Block (5,0,5) root_id=864691135570956678
Block (10,4,10) root_id=864691135570956678
Block (5,7,8) ok, attempt=1, duration=1.96s
Block (4,4,8) root_id=864691135570956678
Block (0,6,9) ok, attempt=1, duration=1.34s

Blocks:  39%|███▉      | 673/1728 [02:58<02:35,  6.79it/s]Block (7,11,7) root_id=864691135570956678
Block (11,5,0) ok, attempt=1, duration=1.11s

Blocks:  39%|███▉      | 674/1728 [02:58<02:37,  6.69it/s]Block (2,7,2) root_id=864691135570956678
Block (10,1,5) ok, attempt=1, duration=1.36s
Block (9,0,9) root_id=864691135570956678

Blocks:  39%|███▉      | 675/1728 [02:59<03:36,  4.87it/s]Block (5,8,9) ok, attempt=1, duration=1.34s

Blocks:  39%|███▉      | 676/1728 [02:59<03:44,  4.69it/s]Block (11,6,1) root_id=864691135570956678
Block (10,4,10) ok, attempt=1, duration=1.66s

Blocks:  39%|███▉      | 677/1728 [02:59<04:59,  3.51it/s]Block (6,10,5) root_id=864691135570956678
Block (7,8,2) ok, attempt=1, duration=1.95s
Block (11,9,6) root_id=864691135570956678
Block (4,4,8) ok, attempt=1, duration=1.69s
Block (6,2,1) root_id=864691135570956678

Blocks:  39%|███▉      | 679/1728 [03:00<03:28,  5.03it/s]Block (5,0,5) ok, attempt=1, duration=1.83s
Block (1,9,5) root_id=864691135570956678
Block (7,11,7) ok, attempt=1, duration=1.59s

Blocks:  39%|███▉      | 681/1728 [03:00<02:33,  6.80it/s]Block (3,6,11) root_id=864691135570956678
Block (2,7,2) ok, attempt=1, duration=1.77s

Blocks:  39%|███▉      | 682/1728 [03:00<03:19,  5.23it/s]Block (0,5,4) root_id=864691135570956678
Block (11,6,1) ok, attempt=1, duration=1.40s
Block (9,11,5) root_id=864691135570956678

Blocks:  40%|███▉      | 683/1728 [03:00<03:39,  4.76it/s]Block (9,0,9) ok, attempt=1, duration=1.77s

Blocks:  40%|███▉      | 684/1728 [03:00<03:11,  5.46it/s]Block (7,3,8) root_id=864691135570956678
Block (1,9,5) ok, attempt=1, duration=1.10s

Blocks:  40%|███▉      | 685/1728 [03:01<03:39,  4.75it/s]Block (10,11,9) root_id=864691135570956678
Block (11,9,6) ok, attempt=1, duration=1.42s

Blocks:  40%|███▉      | 686/1728 [03:01<03:30,  4.94it/s]Block (5,6,2) root_id=864691135570956678
Block (6,2,1) ok, attempt=1, duration=1.50s

Blocks:  40%|███▉      | 687/1728 [03:01<03:22,  5.14it/s]Block (4,10,5) root_id=864691135570956678
Block (0,5,4) ok, attempt=1, duration=1.12s
Block (6,3,2) root_id=864691135570956678

Blocks:  40%|███▉      | 688/1728 [03:01<02:55,  5.94it/s]Block (3,6,11) ok, attempt=1, duration=1.66s

Blocks:  40%|███▉      | 689/1728 [03:01<03:01,  5.74it/s]Block (4,2,1) root_id=864691135570956678
Block (9,11,5) ok, attempt=1, duration=1.20s

Blocks:  40%|███▉      | 690/1728 [03:02<03:00,  5.76it/s]Block (1,10,6) root_id=864691135570956678
Block (6,10,5) ok, attempt=1, duration=2.22s

Blocks:  40%|███▉      | 691/1728 [03:02<02:42,  6.39it/s]Block (2,2,8) root_id=864691135570956678
Block (7,3,8) ok, attempt=1, duration=1.55s

Blocks:  40%|████      | 692/1728 [03:02<03:36,  4.78it/s]Block (6,6,7) root_id=864691135570956678
Block (10,11,9) ok, attempt=1, duration=1.75s
Block (1,10,6) ok, attempt=1, duration=0.93s

Blocks:  40%|████      | 693/1728 [03:02<05:00,  3.44it/s]Block (10,8,3) root_id=864691135570956678
Block (11,1,7) root_id=864691135570956678
Block (4,10,5) ok, attempt=1, duration=1.46s
Block (9,4,2) root_id=864691135570956678
Block (6,3,2) ok, attempt=1, duration=1.54s

Blocks:  40%|████      | 696/1728 [03:03<02:59,  5.76it/s]Block (0,9,10) root_id=864691135570956678
Block (5,6,2) ok, attempt=1, duration=1.89s
Block (5,7,3) root_id=864691135570956678
Block (2,2,8) ok, attempt=1, duration=1.46s
Block (4,2,1) ok, attempt=1, duration=1.75s

Blocks:  40%|████      | 698/1728 [03:03<03:08,  5.47it/s]Block (4,11,6) root_id=864691135570956678
Block (4,3,2) root_id=864691135570956678
Block (6,6,7) ok, attempt=1, duration=1.28s

Blocks:  41%|████      | 700/1728 [03:03<02:31,  6.78it/s]Block (9,7,7) root_id=864691135570956678
Block (0,9,10) ok, attempt=1, duration=1.19s

Blocks:  41%|████      | 701/1728 [03:04<04:11,  4.08it/s]Block (2,3,9) root_id=864691135570956678
Block (10,8,3) ok, attempt=1, duration=1.52s
Block (8,7,1) root_id=864691135570956678
Block (11,1,7) ok, attempt=1, duration=1.60s

Blocks:  41%|████      | 703/1728 [03:04<03:14,  5.27it/s]Block (10,1,0) root_id=864691135570956678
Block (9,4,2) ok, attempt=1, duration=1.74s
Block (8,6,5) root_id=864691135570956678

Blocks:  41%|████      | 704/1728 [03:04<03:12,  5.33it/s]Block (5,7,3) ok, attempt=1, duration=1.55s
Block (5,0,0) root_id=864691135570956678
Block (4,3,2) ok, attempt=1, duration=1.27s

Blocks:  41%|████      | 706/1728 [03:04<02:22,  7.15it/s]Block (3,5,5) root_id=864691135570956678
Block (4,11,6) ok, attempt=1, duration=1.52s
Block (10,4,5) root_id=864691135570956678
Block (9,7,7) ok, attempt=1, duration=1.54s

Blocks:  41%|████      | 708/1728 [03:05<02:47,  6.09it/s]Block (8,9,10) root_id=864691135570956678
Block (2,3,9) ok, attempt=1, duration=1.46s

Blocks:  41%|████      | 709/1728 [03:05<04:08,  4.10it/s]Block (7,11,2) root_id=864691135570956678
Block (8,7,1) ok, attempt=1, duration=1.53s

Blocks:  41%|████      | 710/1728 [03:06<03:41,  4.59it/s]Block (9,0,4) root_id=864691135570956678
Block (3,5,5) ok, attempt=1, duration=1.21s
Block (0,1,11) root_id=864691135570956678
Block (8,6,5) ok, attempt=1, duration=1.59s

Blocks:  41%|████      | 712/1728 [03:06<03:27,  4.89it/s]Block (2,6,1) root_id=864691135570956678
Block (10,1,0) ok, attempt=1, duration=1.91s

Blocks:  41%|████▏     | 713/1728 [03:06<03:14,  5.23it/s]Block (6,10,0) root_id=864691135570956678
Block (5,0,0) ok, attempt=1, duration=1.91s

Blocks:  41%|████▏     | 714/1728 [03:06<03:24,  4.95it/s]Block (11,9,1) root_id=864691135570956678
Block (10,4,5) ok, attempt=1, duration=1.70s
Block (5,2,9) root_id=864691135570956678
Block (8,9,10) ok, attempt=1, duration=1.61s

Blocks:  41%|████▏     | 716/1728 [03:06<02:36,  6.46it/s]Block (3,6,6) root_id=864691135570956678
Block (0,1,11) ok, attempt=1, duration=1.09s

Blocks:  41%|████▏     | 717/1728 [03:07<03:04,  5.48it/s]Block (1,9,0) root_id=864691135570956678
Block (9,0,4) ok, attempt=1, duration=1.41s
Block (7,11,2) ok, attempt=1, duration=1.54s

Blocks:  42%|████▏     | 718/1728 [03:07<03:12,  5.23it/s]Block (8,10,11) root_id=864691135570956678
Block (11,8,5) root_id=864691135570956678
Block (2,6,1) ok, attempt=1, duration=1.44s

Blocks:  42%|████▏     | 720/1728 [03:07<03:14,  5.17it/s]Block (8,2,7) root_id=864691135570956678
Block (3,6,6) ok, attempt=1, duration=1.26s

Blocks:  42%|████▏     | 721/1728 [03:08<03:58,  4.22it/s]Block (3,9,11) root_id=864691135570956678
Block (5,2,9) ok, attempt=1, duration=1.61s
Block (6,10,0) ok, attempt=1, duration=1.95s

Blocks:  42%|████▏     | 722/1728 [03:08<04:04,  4.11it/s]Block (7,3,3) root_id=864691135570956678
Block (9,11,0) root_id=864691135570956678
Block (1,9,0) ok, attempt=1, duration=1.31s
Block (10,11,4) root_id=864691135570956678
Block (11,9,1) ok, attempt=1, duration=1.84s

Blocks:  42%|████▏     | 725/1728 [03:08<02:20,  7.14it/s]Block (4,10,0) root_id=864691135570956678
Block (8,10,11) ok, attempt=1, duration=1.45s
Block (5,3,10) root_id=864691135570956678
Block (8,2,7) ok, attempt=1, duration=1.21s

Blocks:  42%|████▏     | 727/1728 [03:09<02:46,  6.03it/s]Block (2,10,7) root_id=864691135570956678
Block (11,8,5) ok, attempt=1, duration=1.77s
Block (1,10,1) root_id=864691135570956678

Blocks:  42%|████▏     | 728/1728 [03:09<02:49,  5.89it/s]Block (3,9,11) ok, attempt=1, duration=1.12s
Block (6,6,2) root_id=864691135570956678

Blocks:  42%|████▏     | 729/1728 [03:09<02:37,  6.35it/s]Block (9,11,0) ok, attempt=1, duration=1.46s
Block (8,3,8) root_id=864691135570956678

Blocks:  42%|████▏     | 730/1728 [03:09<04:19,  3.84it/s]Block (7,3,3) ok, attempt=1, duration=1.52s
Block (11,1,2) root_id=864691135570956678
Block (4,10,0) ok, attempt=1, duration=1.46s

Blocks:  42%|████▏     | 732/1728 [03:10<03:01,  5.48it/s]Block (3,2,8) root_id=864691135570956678
Block (10,11,4) ok, attempt=1, duration=1.69s

Blocks:  42%|████▏     | 733/1728 [03:10<02:55,  5.67it/s]Block (0,9,5) root_id=864691135570956678
Block (2,10,7) ok, attempt=1, duration=1.29s

Blocks:  42%|████▏     | 734/1728 [03:10<02:38,  6.26it/s]Block (11,4,7) root_id=864691135570956678
Block (1,10,1) ok, attempt=1, duration=1.16s
Block (4,11,1) root_id=864691135570956678
Block (5,3,10) ok, attempt=1, duration=1.77s

Blocks:  43%|████▎     | 736/1728 [03:10<02:40,  6.19it/s]Block (9,7,2) root_id=864691135570956678
Block (6,6,2) ok, attempt=1, duration=1.67s

Blocks:  43%|████▎     | 737/1728 [03:11<03:21,  4.92it/s]Block (0,8,9) root_id=864691135570956678
Block (3,2,8) ok, attempt=1, duration=1.19s
Block (7,7,9) root_id=864691135570956678

Blocks:  43%|████▎     | 738/1728 [03:11<03:34,  4.62it/s]Block (0,9,5) ok, attempt=1, duration=1.05s
Block (5,10,9) root_id=864691135570956678
Block (8,3,8) ok, attempt=1, duration=1.42s
Block (8,6,0) root_id=864691135570956678
Block (11,1,2) ok, attempt=1, duration=1.75s

Blocks:  43%|████▎     | 741/1728 [03:11<03:07,  5.26it/s]Block (11,5,8) root_id=864691135570956678
Block (11,4,7) ok, attempt=1, duration=1.74s

Blocks:  43%|████▎     | 742/1728 [03:12<03:31,  4.66it/s]Block (3,5,0) root_id=864691135570956678
Block (4,11,1) ok, attempt=1, duration=1.73s
Block (8,9,5) root_id=864691135570956678
Block (0,8,9) ok, attempt=1, duration=1.15s
Block (10,4,0) root_id=864691135570956678
Block (9,7,2) ok, attempt=1, duration=1.78s
Block (1,5,7) root_id=864691135570956678

Blocks:  43%|████▎     | 745/1728 [03:12<02:50,  5.75it/s]Block (8,6,0) ok, attempt=1, duration=1.35s

Blocks:  43%|████▎     | 746/1728 [03:12<03:06,  5.27it/s]Block (6,1,8) root_id=864691135570956678
Block (5,10,9) ok, attempt=1, duration=1.49s
Block (7,7,9) ok, attempt=1, duration=1.54s
Block (10,3,4) root_id=864691135570956678
Block (5,2,4) root_id=864691135570956678
Block (3,5,0) ok, attempt=1, duration=1.42s

Blocks:  43%|████▎     | 749/1728 [03:13<03:36,  4.52it/s]Block (10,7,11) root_id=864691135570956678
Block (11,5,8) ok, attempt=1, duration=1.80s
Block (4,6,7) root_id=864691135570956678
Block (1,5,7) ok, attempt=1, duration=1.19s

Blocks:  43%|████▎     | 751/1728 [03:13<02:51,  5.69it/s]Block (3,6,1) root_id=864691135570956678
Block (10,4,0) ok, attempt=1, duration=1.54s
Block (8,10,6) root_id=864691135570956678
Block (8,9,5) ok, attempt=1, duration=1.62s

Blocks:  44%|████▎     | 753/1728 [03:13<02:15,  7.20it/s]Block (8,2,2) root_id=864691135570956678
Block (6,1,8) ok, attempt=1, duration=1.48s
Block (11,8,0) root_id=864691135570956678
Block (10,3,4) ok, attempt=1, duration=1.43s

Blocks:  44%|████▎     | 755/1728 [03:14<02:47,  5.79it/s]Block (6,2,9) root_id=864691135570956678
Block (5,2,4) ok, attempt=1, duration=1.47s
Block (3,9,6) root_id=864691135570956678
Block (10,7,11) ok, attempt=1, duration=1.24s

Blocks:  44%|████▍     | 757/1728 [03:14<03:14,  4.99it/s]Block (1,1,9) root_id=864691135570956678
Block (4,6,7) ok, attempt=1, duration=1.30s
Block (5,3,5) root_id=864691135570956678
Block (8,2,2) ok, attempt=1, duration=1.41s
Block (2,10,2) root_id=864691135570956678

Blocks:  44%|████▍     | 759/1728 [03:15<03:09,  5.10it/s]Block (3,6,1) ok, attempt=1, duration=1.57s
Block (9,3,9) root_id=864691135570956678
Block (3,9,6) ok, attempt=1, duration=1.02s
Block (8,10,6) ok, attempt=1, duration=1.61s

Blocks:  44%|████▍     | 761/1728 [03:15<02:38,  6.10it/s]Block (5,6,10) root_id=864691135570956678
Block (4,2,9) root_id=864691135570956678
Block (6,2,9) ok, attempt=1, duration=1.36s

Blocks:  44%|████▍     | 763/1728 [03:15<02:31,  6.37it/s]Block (11,4,2) root_id=864691135570956678
Block (11,8,0) ok, attempt=1, duration=1.55s
Block (10,0,7) root_id=864691135570956678

Blocks:  44%|████▍     | 764/1728 [03:15<02:28,  6.48it/s]Block (1,1,9) ok, attempt=1, duration=1.37s

Blocks:  44%|████▍     | 765/1728 [03:16<03:18,  4.85it/s]Block (0,8,4) root_id=864691135570956678
Block (5,3,5) ok, attempt=1, duration=1.67s

Blocks:  44%|████▍     | 766/1728 [03:16<03:56,  4.06it/s]Block (7,7,4) root_id=864691135570956678
Block (4,2,9) ok, attempt=1, duration=1.27s
Block (5,10,4) root_id=864691135570956678
Block (9,3,9) ok, attempt=1, duration=1.49s

Blocks:  44%|████▍     | 768/1728 [03:16<02:52,  5.56it/s]Block (10,6,5) root_id=864691135570956678
Block (2,10,2) ok, attempt=1, duration=1.63s
Block (9,10,8) root_id=864691135570956678
Block (5,6,10) ok, attempt=1, duration=1.63s

Blocks:  45%|████▍     | 770/1728 [03:16<02:36,  6.14it/s]Block (9,2,4) root_id=864691135570956678
Block (0,8,4) ok, attempt=1, duration=1.03s

Blocks:  45%|████▍     | 771/1728 [03:17<02:47,  5.70it/s]Block (1,5,2) root_id=864691135570956678
Block (10,0,7) ok, attempt=1, duration=1.56s

Blocks:  45%|████▍     | 772/1728 [03:17<02:36,  6.12it/s]Block (7,2,11) root_id=864691135570956678
Block (11,4,2) ok, attempt=1, duration=1.72s
Block (8,9,0) root_id=864691135570956678
Block (7,7,4) ok, attempt=1, duration=1.11s

Blocks:  45%|████▍     | 774/1728 [03:17<02:39,  6.00it/s]Block (6,9,7) root_id=864691135570956678
Block (5,10,4) ok, attempt=1, duration=1.37s

Blocks:  45%|████▍     | 775/1728 [03:17<03:08,  5.04it/s]Block (4,9,8) root_id=864691135570956678
Block (10,6,5) ok, attempt=1, duration=1.56s

Blocks:  45%|████▍     | 776/1728 [03:18<03:30,  4.52it/s]Block (6,1,3) root_id=864691135570956678
Block (9,10,8) ok, attempt=1, duration=1.53s
Block (10,7,6) root_id=864691135570956678
Block (1,5,2) ok, attempt=1, duration=1.36s

Blocks:  45%|████▌     | 778/1728 [03:18<03:02,  5.21it/s]Block (4,6,2) root_id=864691135570956678
Block (8,9,0) ok, attempt=1, duration=1.58s

Blocks:  45%|████▌     | 779/1728 [03:18<03:35,  4.41it/s]Block (2,6,9) root_id=864691135570956678
Block (9,2,4) ok, attempt=1, duration=2.01s
Block (8,10,1) root_id=864691135570956678
Block (7,2,11) ok, attempt=1, duration=1.76s
Block (6,2,4) root_id=864691135570956678

Blocks:  45%|████▌     | 781/1728 [03:19<02:44,  5.76it/s]Block (6,9,7) ok, attempt=1, duration=1.67s

Blocks:  45%|████▌     | 782/1728 [03:19<02:57,  5.34it/s]Block (3,9,1) root_id=864691135570956678
Block (4,9,8) ok, attempt=1, duration=1.47s
Block (5,3,0) root_id=864691135570956678

Blocks:  45%|████▌     | 783/1728 [03:19<02:41,  5.85it/s]Block (6,1,3) ok, attempt=1, duration=1.49s

Blocks:  45%|████▌     | 784/1728 [03:19<03:21,  4.68it/s]Block (11,0,9) root_id=864691135570956678
Block (10,7,6) ok, attempt=1, duration=1.47s
Block (9,11,8) root_id=864691135570956678
Block (4,6,2) ok, attempt=1, duration=1.59s

Blocks:  45%|████▌     | 786/1728 [03:20<03:08,  4.99it/s]Block (9,3,4) root_id=864691135570956678
Block (8,10,1) ok, attempt=1, duration=1.44s

Blocks:  46%|████▌     | 787/1728 [03:20<03:29,  4.48it/s]Block (2,6,9) ok, attempt=1, duration=1.52s
Block (0,4,11) root_id=864691135570956678
Block (7,3,11) root_id=864691135570956678
Block (3,9,1) ok, attempt=1, duration=1.44s
Block (5,6,5) root_id=864691135570956678
Block (5,3,0) ok, attempt=1, duration=1.37s

Blocks:  46%|████▌     | 789/1728 [03:20<03:13,  4.85it/s]Block (4,10,8) root_id=864691135570956678
Block (6,2,4) ok, attempt=1, duration=1.78s
Block (4,2,4) root_id=864691135570956678
Block (9,11,8) ok, attempt=1, duration=1.37s

Blocks:  46%|████▌     | 792/1728 [03:21<02:37,  5.94it/s]Block (2,2,11) root_id=864691135570956678
Block (9,3,4) ok, attempt=1, duration=1.40s

Blocks:  46%|████▌     | 793/1728 [03:21<03:11,  4.88it/s]Block (7,6,4) root_id=864691135570956678
Block (11,0,9) ok, attempt=1, duration=1.78s
Block (2,5,4) root_id=864691135570956678
Block (0,4,11) ok, attempt=1, duration=1.20s
Block (8,5,7) root_id=864691135570956678
Block (7,3,11) ok, attempt=1, duration=1.25s

Blocks:  46%|████▌     | 796/1728 [03:21<02:09,  7.18it/s]Block (3,4,7) root_id=864691135570956678
Block (4,2,4) ok, attempt=1, duration=1.32s

Blocks:  46%|████▌     | 797/1728 [03:22<03:04,  5.05it/s]Block (10,6,0) root_id=864691135570956678
Block (5,6,5) ok, attempt=1, duration=1.54s

Blocks:  46%|████▌     | 798/1728 [03:22<02:53,  5.36it/s]Block (9,10,3) root_id=864691135570956678
Block (2,2,11) ok, attempt=1, duration=1.21s
Block (7,10,10) root_id=864691135570956678
Block (4,10,8) ok, attempt=1, duration=1.69s

Blocks:  46%|████▋     | 800/1728 [03:22<02:17,  6.77it/s]Block (6,9,2) root_id=864691135570956678
Block (2,5,4) ok, attempt=1, duration=1.27s

Blocks:  46%|████▋     | 801/1728 [03:22<02:56,  5.25it/s]Block (7,2,6) root_id=864691135570956678
Block (8,5,7) ok, attempt=1, duration=1.30s
Block (4,9,3) root_id=864691135570956678

Blocks:  46%|████▋     | 802/1728 [03:22<02:41,  5.74it/s]Block (7,6,4) ok, attempt=1, duration=1.73s

Blocks:  46%|████▋     | 803/1728 [03:23<03:13,  4.78it/s]Block (8,6,8) root_id=864691135570956678
Block (3,4,7) ok, attempt=1, duration=1.63s
Block (2,9,10) root_id=864691135570956678
Block (10,6,0) ok, attempt=1, duration=1.48s

Blocks:  47%|████▋     | 805/1728 [03:23<03:06,  4.94it/s]Block (3,5,8) root_id=864691135570956678
Block (9,10,3) ok, attempt=1, duration=1.59s

Blocks:  47%|████▋     | 806/1728 [03:23<03:16,  4.68it/s]Block (11,7,7) root_id=864691135570956678
Block (7,10,10) ok, attempt=1, duration=1.62s
Block (10,7,1) root_id=864691135570956678
Block (6,9,2) ok, attempt=1, duration=1.65s

Blocks:  47%|████▋     | 808/1728 [03:24<02:39,  5.76it/s]Block (2,6,4) root_id=864691135570956678
Block (4,9,3) ok, attempt=1, duration=1.53s

Blocks:  47%|████▋     | 809/1728 [03:24<03:10,  4.82it/s]Block (11,8,8) root_id=864691135570956678
Block (7,2,6) ok, attempt=1, duration=1.70s
Block (11,0,4) root_id=864691135570956678
Block (2,9,10) ok, attempt=1, duration=1.46s
Block (3,8,0) root_id=864691135570956678

Blocks:  47%|████▋     | 811/1728 [03:24<02:56,  5.18it/s]Block (8,6,8) ok, attempt=1, duration=1.57s
Block (1,8,7) root_id=864691135570956678
Block (11,7,7) ok, attempt=1, duration=1.43s

Blocks:  47%|████▋     | 813/1728 [03:25<03:22,  4.51it/s]Block (6,4,8) root_id=864691135570956678
Block (3,5,8) ok, attempt=1, duration=1.79s

Blocks:  47%|████▋     | 814/1728 [03:25<03:01,  5.04it/s]Block (5,6,0) root_id=864691135570956678
Block (10,7,1) ok, attempt=1, duration=1.59s

Blocks:  47%|████▋     | 815/1728 [03:25<02:47,  5.45it/s]Block (0,4,6) root_id=864691135570956678
Block (2,6,4) ok, attempt=1, duration=1.57s

Blocks:  47%|████▋     | 816/1728 [03:25<02:34,  5.91it/s]Block (3,11,5) root_id=864691135570956678
Block (1,8,7) ok, attempt=1, duration=0.93s
Block (0,7,11) root_id=864691135570956678
Block (11,0,4) ok, attempt=1, duration=1.30s

Blocks:  47%|████▋     | 818/1728 [03:25<01:54,  7.98it/s]Block (10,10,11) root_id=864691135570956678
Block (11,8,8) ok, attempt=1, duration=1.60s

Blocks:  47%|████▋     | 819/1728 [03:26<02:17,  6.59it/s]Block (10,2,7) root_id=864691135570956678
Block (3,8,0) ok, attempt=1, duration=1.44s

Blocks:  47%|████▋     | 820/1728 [03:26<02:22,  6.36it/s]Block (7,9,4) root_id=864691135570956678
Block (0,4,6) ok, attempt=1, duration=1.19s

Blocks:  48%|████▊     | 821/1728 [03:26<03:50,  3.93it/s]Block (2,1,10) root_id=864691135570956678
Block (5,6,0) ok, attempt=1, duration=1.35s
Block (5,9,11) root_id=864691135570956678
Block (6,4,8) ok, attempt=1, duration=1.50s
Block (8,5,2) root_id=864691135570956678
Block (0,7,11) ok, attempt=1, duration=1.24s

Blocks:  48%|████▊     | 824/1728 [03:27<02:27,  6.12it/s]Block (9,6,10) root_id=864691135570956678
Block (3,11,5) ok, attempt=1, duration=1.80s
Block (6,5,9) root_id=864691135570956678

Blocks:  48%|████▊     | 825/1728 [03:27<03:24,  4.41it/s]Block (10,10,11) ok, attempt=1, duration=1.77s
Block (11,11,0) root_id=864691135570956678

Blocks:  48%|████▊     | 826/1728 [03:27<03:00,  4.99it/s]Block (10,2,7) ok, attempt=1, duration=1.87s

Blocks:  48%|████▊     | 827/1728 [03:27<03:28,  4.31it/s]Block (4,5,10) root_id=864691135570956678
Block (7,9,4) ok, attempt=1, duration=1.97s

Blocks:  48%|████▊     | 828/1728 [03:28<03:38,  4.11it/s]Block (3,4,2) root_id=864691135570956678
Block (5,9,11) ok, attempt=1, duration=1.47s
Block (1,4,9) root_id=864691135570956678
Block (8,5,2) ok, attempt=1, duration=1.57s

Blocks:  48%|████▊     | 830/1728 [03:28<02:45,  5.44it/s]Block (0,0,8) root_id=864691135570956678
Block (2,1,10) ok, attempt=1, duration=1.88s

Blocks:  48%|████▊     | 831/1728 [03:28<02:56,  5.07it/s]Block (7,10,5) root_id=864691135570956678
Block (9,6,10) ok, attempt=1, duration=1.98s

Blocks:  48%|████▊     | 832/1728 [03:29<03:31,  4.24it/s]Block (7,2,1) root_id=864691135570956678
Block (4,5,10) ok, attempt=1, duration=1.26s

Blocks:  48%|████▊     | 833/1728 [03:29<03:21,  4.43it/s]Block (8,6,3) root_id=864691135570956678
Block (11,11,0) ok, attempt=1, duration=1.66s
Block (2,9,5) root_id=864691135570956678
Block (6,5,9) ok, attempt=1, duration=1.91s
Block (3,5,3) root_id=864691135570956678

Blocks:  48%|████▊     | 835/1728 [03:29<02:35,  5.74it/s]Block (0,0,8) ok, attempt=1, duration=1.13s

Blocks:  48%|████▊     | 836/1728 [03:29<02:28,  6.02it/s]Block (8,9,8) root_id=864691135570956678
Block (1,4,9) ok, attempt=1, duration=1.70s

Blocks:  48%|████▊     | 837/1728 [03:29<03:22,  4.39it/s]Block (11,7,2) root_id=864691135570956678
Block (3,4,2) ok, attempt=1, duration=1.92s

Blocks:  48%|████▊     | 838/1728 [03:30<03:08,  4.72it/s]Block (6,1,11) root_id=864691135570956678
Block (7,10,5) ok, attempt=1, duration=1.61s

Blocks:  49%|████▊     | 839/1728 [03:30<02:47,  5.31it/s]Block (10,3,7) root_id=864691135570956678
Block (2,9,5) ok, attempt=1, duration=1.27s

Blocks:  49%|████▊     | 840/1728 [03:30<03:10,  4.66it/s]Block (0,11,4) root_id=864691135570956678
Block (7,2,1) ok, attempt=1, duration=1.79s

Blocks:  49%|████▊     | 841/1728 [03:30<03:21,  4.40it/s]Block (5,2,7) root_id=864691135570956678
Block (8,6,3) ok, attempt=1, duration=1.66s
Block (11,8,3) root_id=864691135570956678
Block (3,5,3) ok, attempt=1, duration=1.66s

Blocks:  49%|████▉     | 843/1728 [03:31<02:44,  5.36it/s]Block (1,8,2) root_id=864691135570956678
Block (8,9,8) ok, attempt=1, duration=1.60s
Block (7,5,11) root_id=864691135570956678
Block (0,11,4) ok, attempt=1, duration=0.97s
Block (8,1,9) root_id=864691135570956678

Blocks:  49%|████▉     | 845/1728 [03:31<02:55,  5.02it/s]Block (10,3,7) ok, attempt=1, duration=1.40s

Blocks:  49%|████▉     | 846/1728 [03:31<02:46,  5.30it/s]Block (0,4,1) root_id=864691135570956678
Block (6,1,11) ok, attempt=1, duration=1.61s
Block (3,11,0) root_id=864691135570956678
Block (11,7,2) ok, attempt=1, duration=1.94s

Blocks:  49%|████▉     | 848/1728 [03:31<02:26,  6.00it/s]Block (6,4,3) root_id=864691135570956678
Block (5,2,7) ok, attempt=1, duration=1.56s

Blocks:  49%|████▉     | 849/1728 [03:32<03:15,  4.49it/s]Block (1,11,7) root_id=864691135570956678
Block (11,8,3) ok, attempt=1, duration=1.68s

Blocks:  49%|████▉     | 850/1728 [03:32<03:11,  4.60it/s]Block (1,8,2) ok, attempt=1, duration=1.49s
Block (2,4,11) root_id=864691135570956678
Block (7,5,11) ok, attempt=1, duration=1.42s
Block (3,0,9) root_id=864691135570956678
Block (0,7,6) root_id=864691135570956678
Block (8,1,9) ok, attempt=1, duration=1.34s

Blocks:  49%|████▉     | 853/1728 [03:32<02:21,  6.19it/s]Block (10,10,6) root_id=864691135570956678
Block (3,11,0) ok, attempt=1, duration=1.49s

Blocks:  49%|████▉     | 854/1728 [03:33<02:57,  4.93it/s]Block (1,11,7) ok, attempt=1, duration=0.89s
Block (10,2,2) root_id=864691135570956678
Block (9,6,5) root_id=864691135570956678
Block (0,7,6) ok, attempt=1, duration=0.77s

Blocks:  50%|████▉     | 856/1728 [03:33<02:10,  6.66it/s]Block (5,9,6) root_id=864691135570956678
Block (0,4,1) ok, attempt=1, duration=1.86s

Blocks:  50%|████▉     | 857/1728 [03:33<02:14,  6.47it/s]Block (6,5,4) root_id=864691135570956678
Block (6,4,3) ok, attempt=1, duration=1.80s

Blocks:  50%|████▉     | 858/1728 [03:33<02:21,  6.16it/s]Block (4,5,5) root_id=864691135570956678
Block (2,4,11) ok, attempt=1, duration=1.41s

Blocks:  50%|████▉     | 859/1728 [03:33<02:34,  5.61it/s]Block (9,9,10) root_id=864691135570956678
Block (9,6,5) ok, attempt=1, duration=1.03s

Blocks:  50%|████▉     | 860/1728 [03:34<03:09,  4.58it/s]Block (1,4,4) root_id=864691135570956678
Block (10,10,6) ok, attempt=1, duration=1.46s
Block (3,1,10) root_id=864691135570956678
Block (3,0,9) ok, attempt=1, duration=1.81s

Blocks:  50%|████▉     | 862/1728 [03:34<02:08,  6.73it/s]Block (0,8,7) root_id=864691135570956678
Block (4,5,5) ok, attempt=1, duration=1.22s

Blocks:  50%|████▉     | 863/1728 [03:34<03:29,  4.13it/s]Block (11,3,9) root_id=864691135570956678
Block (10,2,2) ok, attempt=1, duration=1.76s

Blocks:  50%|█████     | 864/1728 [03:35<02:59,  4.81it/s]Block (7,10,0) root_id=864691135570956678
Block (5,9,6) ok, attempt=1, duration=1.70s
Block (5,10,7) root_id=864691135570956678
Block (9,9,10) ok, attempt=1, duration=1.31s

Blocks:  50%|█████     | 866/1728 [03:35<02:27,  5.86it/s]Block (10,6,8) root_id=864691135570956678
Block (6,5,4) ok, attempt=1, duration=1.76s
Block (2,9,0) root_id=864691135570956678
Block (0,8,7) ok, attempt=1, duration=1.03s

Blocks:  50%|█████     | 868/1728 [03:35<01:55,  7.46it/s]Block (9,10,11) root_id=864691135570956678
Block (1,4,4) ok, attempt=1, duration=1.35s

Blocks:  50%|█████     | 869/1728 [03:35<02:09,  6.65it/s]Block (9,2,7) root_id=864691135570956678
Block (3,1,10) ok, attempt=1, duration=1.46s

Blocks:  50%|█████     | 870/1728 [03:35<02:10,  6.58it/s]Block (8,9,3) root_id=864691135570956678
Block (11,3,9) ok, attempt=1, duration=0.99s

Blocks:  50%|█████     | 871/1728 [03:35<02:08,  6.69it/s]Block (4,9,11) root_id=864691135570956678
Block (2,9,0) ok, attempt=1, duration=1.16s
Block (10,3,2) root_id=864691135570956678

Blocks:  50%|█████     | 872/1728 [03:36<03:32,  4.03it/s]Block (5,10,7) ok, attempt=1, duration=1.46s
Block (8,8,7) root_id=864691135570956678
Block (7,10,0) ok, attempt=1, duration=1.56s

Blocks:  51%|█████     | 874/1728 [03:36<02:25,  5.89it/s]Block (6,0,10) root_id=864691135570956678
Block (10,6,8) ok, attempt=1, duration=1.52s

Blocks:  51%|█████     | 875/1728 [03:36<02:35,  5.50it/s]Block (5,2,2) root_id=864691135570956678
Block (9,10,11) ok, attempt=1, duration=1.54s

Blocks:  51%|█████     | 876/1728 [03:36<02:28,  5.73it/s]Block (3,7,7) root_id=864691135570956678
Block (8,9,3) ok, attempt=1, duration=1.44s

Blocks:  51%|█████     | 877/1728 [03:37<02:51,  4.96it/s]Block (9,2,7) ok, attempt=1, duration=1.61s
Block (7,5,6) root_id=864691135570956678
Block (8,1,4) root_id=864691135570956678
Block (4,9,11) ok, attempt=1, duration=1.48s

Blocks:  51%|█████     | 879/1728 [03:37<02:10,  6.49it/s]Block (2,4,6) root_id=864691135570956678
Block (8,8,7) ok, attempt=1, duration=1.26s

Blocks:  51%|█████     | 880/1728 [03:37<02:55,  4.83it/s]Block (3,8,8) root_id=864691135570956678
Block (10,3,2) ok, attempt=1, duration=1.44s
Block (1,11,2) root_id=864691135570956678
Block (5,2,2) ok, attempt=1, duration=1.30s

Blocks:  51%|█████     | 882/1728 [03:38<02:38,  5.35it/s]Block (8,4,9) root_id=864691135570956678
Block (3,7,7) ok, attempt=1, duration=1.24s
Block (1,0,11) root_id=864691135570956678
Block (6,0,10) ok, attempt=1, duration=1.75s

Blocks:  51%|█████     | 884/1728 [03:38<02:17,  6.16it/s]Block (0,7,1) root_id=864691135570956678
Block (7,5,6) ok, attempt=1, duration=1.39s

Blocks:  51%|█████     | 885/1728 [03:38<02:37,  5.36it/s]Block (10,10,1) root_id=864691135570956678
Block (8,1,4) ok, attempt=1, duration=1.42s
Block (9,6,0) root_id=864691135570956678
Block (2,4,6) ok, attempt=1, duration=1.36s

Blocks:  51%|█████▏    | 887/1728 [03:38<02:01,  6.92it/s]Block (5,9,1) root_id=864691135570956678
Block (1,11,2) ok, attempt=1, duration=1.33s
Block (3,8,8) ok, attempt=1, duration=1.47s

Blocks:  51%|█████▏    | 888/1728 [03:39<03:02,  4.59it/s]Block (7,6,7) root_id=864691135570956678
Block (4,5,0) root_id=864691135570956678
Block (0,7,1) ok, attempt=1, duration=1.22s
Block (9,9,5) root_id=864691135570956678

Blocks:  52%|█████▏    | 890/1728 [03:39<02:43,  5.11it/s]Block (1,0,11) ok, attempt=1, duration=1.40s
Block (2,5,7) root_id=864691135570956678
Block (8,4,9) ok, attempt=1, duration=1.63s

Blocks:  52%|█████▏    | 892/1728 [03:39<02:08,  6.51it/s]Block (11,11,8) root_id=864691135570956678
Block (10,10,1) ok, attempt=1, duration=1.48s
Block (9,6,0) ok, attempt=1, duration=1.44s

Blocks:  52%|█████▏    | 893/1728 [03:40<02:47,  4.99it/s]Block (11,3,4) root_id=864691135570956678
Block (8,5,10) root_id=864691135570956678
Block (7,6,7) ok, attempt=1, duration=1.16s

Blocks:  52%|█████▏    | 895/1728 [03:40<02:35,  5.37it/s]Block (10,6,3) root_id=864691135570956678
Block (5,9,1) ok, attempt=1, duration=1.76s
Block (8,11,8) root_id=864691135570956678
Block (4,5,0) ok, attempt=1, duration=1.51s

Blocks:  52%|█████▏    | 897/1728 [03:40<02:29,  5.54it/s]Block (0,10,11) root_id=864691135570956678
Block (2,5,7) ok, attempt=1, duration=1.29s

Blocks:  52%|█████▏    | 898/1728 [03:40<02:18,  5.98it/s]Block (9,2,2) root_id=864691135570956678
Block (9,9,5) ok, attempt=1, duration=1.42s

Blocks:  52%|█████▏    | 899/1728 [03:41<02:09,  6.41it/s]Block (5,1,2) root_id=864691135570956678
Block (11,11,8) ok, attempt=1, duration=1.46s

Blocks:  52%|█████▏    | 900/1728 [03:41<02:14,  6.18it/s]Block (8,8,2) root_id=864691135570956678
Block (11,3,4) ok, attempt=1, duration=1.11s
Block (5,4,7) root_id=864691135570956678
Block (8,5,10) ok, attempt=1, duration=1.41s

Blocks:  52%|█████▏    | 902/1728 [03:41<02:17,  6.01it/s]Block (6,8,9) root_id=864691135570956678
Block (0,10,11) ok, attempt=1, duration=0.94s

Blocks:  52%|█████▏    | 903/1728 [03:41<02:20,  5.86it/s]Block (4,8,10) root_id=864691135570956678
Block (8,11,8) ok, attempt=1, duration=1.25s
Block (6,0,5) root_id=864691135570956678
Block (10,6,3) ok, attempt=1, duration=1.48s

Blocks:  52%|█████▏    | 905/1728 [03:41<01:57,  6.99it/s]Block (11,7,10) root_id=864691135570956678
Block (5,1,2) ok, attempt=1, duration=1.61s

Blocks:  52%|█████▏    | 906/1728 [03:42<03:38,  3.77it/s]Block (8,8,2) ok, attempt=1, duration=1.43s
Block (4,0,6) root_id=864691135570956678
Block (3,7,2) root_id=864691135570956678
Block (9,2,2) ok, attempt=1, duration=1.77s
Block (1,7,9) root_id=864691135570956678
Block (5,4,7) ok, attempt=1, duration=1.55s

Blocks:  53%|█████▎    | 909/1728 [03:42<02:14,  6.08it/s]Block (11,10,3) root_id=864691135570956678
Block (6,8,9) ok, attempt=1, duration=1.72s

Blocks:  53%|█████▎    | 910/1728 [03:43<03:03,  4.46it/s]Block (0,3,8) root_id=864691135570956678
Block (4,8,10) ok, attempt=1, duration=1.69s

Blocks:  53%|█████▎    | 911/1728 [03:43<02:47,  4.87it/s]Block (7,5,1) root_id=864691135570956678
Block (11,7,10) ok, attempt=1, duration=1.60s

Blocks:  53%|█████▎    | 912/1728 [03:43<02:30,  5.44it/s]Block (5,5,8) root_id=864691135570956678
Block (6,0,5) ok, attempt=1, duration=1.78s
Block (4,1,7) root_id=864691135570956678
Block (3,7,2) ok, attempt=1, duration=1.43s
Block (2,4,1) root_id=864691135570956678

Blocks:  53%|█████▎    | 914/1728 [03:44<02:59,  4.53it/s]Block (11,10,3) ok, attempt=1, duration=1.28s
Block (3,8,3) root_id=864691135570956678
Block (1,7,9) ok, attempt=1, duration=1.61s

Blocks:  53%|█████▎    | 916/1728 [03:44<02:25,  5.59it/s]Block (8,4,4) root_id=864691135570956678
Block (4,0,6) ok, attempt=1, duration=1.72s
Block (6,4,11) root_id=864691135570956678
Block (0,3,8) ok, attempt=1, duration=1.51s

Blocks:  53%|█████▎    | 918/1728 [03:44<02:45,  4.89it/s]Block (3,11,8) root_id=864691135570956678
Block (7,5,1) ok, attempt=1, duration=1.49s

Blocks:  53%|█████▎    | 919/1728 [03:44<02:29,  5.40it/s]Block (7,6,2) root_id=864691135570956678
Block (4,1,7) ok, attempt=1, duration=1.36s
Block (9,9,0) root_id=864691135570956678
Block (5,5,8) ok, attempt=1, duration=1.67s

Blocks:  53%|█████▎    | 921/1728 [03:45<02:20,  5.76it/s]Block (10,2,10) root_id=864691135570956678
Block (2,4,1) ok, attempt=1, duration=1.19s
Block (7,9,7) root_id=864691135570956678
Block (3,8,3) ok, attempt=1, duration=1.33s

Blocks:  53%|█████▎    | 923/1728 [03:45<02:01,  6.62it/s]Block (2,5,2) root_id=864691135570956678
Block (8,4,4) ok, attempt=1, duration=1.59s
Block (11,11,3) root_id=864691135570956678

Blocks:  53%|█████▎    | 924/1728 [03:45<02:50,  4.73it/s]Block (6,4,11) ok, attempt=1, duration=1.74s

Blocks:  54%|█████▎    | 925/1728 [03:46<02:47,  4.79it/s]Block (8,11,3) root_id=864691135570956678
Block (3,11,8) ok, attempt=1, duration=1.65s
Block (7,6,2) ok, attempt=1, duration=1.55s

Blocks:  54%|█████▎    | 926/1728 [03:46<03:17,  4.06it/s]Block (3,3,9) root_id=864691135570956678
Block (6,11,10) root_id=864691135570956678
Block (7,9,7) ok, attempt=1, duration=1.31s

Blocks:  54%|█████▎    | 928/1728 [03:46<02:18,  5.78it/s]Block (0,10,6) root_id=864691135570956678
Block (9,9,0) ok, attempt=1, duration=1.79s
Block (10,2,10) ok, attempt=1, duration=1.53s

Blocks:  54%|█████▍    | 929/1728 [03:46<02:14,  5.95it/s]Block (11,6,10) root_id=864691135570956678
Block (10,5,2) root_id=864691135570956678
Block (2,5,2) ok, attempt=1, duration=1.41s

Blocks:  54%|█████▍    | 931/1728 [03:46<01:37,  8.15it/s]Block (9,1,1) root_id=864691135570956678
Block (11,11,3) ok, attempt=1, duration=1.23s
Block (7,1,8) root_id=864691135570956678
Block (8,11,3) ok, attempt=1, duration=1.24s

Blocks:  54%|█████▍    | 933/1728 [03:47<02:13,  5.96it/s]Block (5,4,2) root_id=864691135570956678
Block (0,10,6) ok, attempt=1, duration=1.07s

Blocks:  54%|█████▍    | 934/1728 [03:47<02:36,  5.06it/s]Block (6,8,4) root_id=864691135570956678
Block (6,11,10) ok, attempt=1, duration=1.43s

Blocks:  54%|█████▍    | 935/1728 [03:47<02:43,  4.84it/s]Block (4,8,5) root_id=864691135570956678
Block (10,5,2) ok, attempt=1, duration=1.40s

Blocks:  54%|█████▍    | 936/1728 [03:48<02:53,  4.56it/s]Block (6,0,0) root_id=864691135570956678
Block (3,3,9) ok, attempt=1, duration=1.82s

Blocks:  54%|█████▍    | 937/1728 [03:48<02:40,  4.92it/s]Block (4,0,1) root_id=864691135570956678
Block (11,6,10) ok, attempt=1, duration=1.79s
Block (1,7,4) root_id=864691135570956678

Blocks:  54%|█████▍    | 938/1728 [03:48<02:44,  4.81it/s]Block (7,1,8) ok, attempt=1, duration=1.50s

Blocks:  54%|█████▍    | 939/1728 [03:48<02:24,  5.46it/s]Block (2,0,8) root_id=864691135570956678
Block (9,1,1) ok, attempt=1, duration=1.83s
Block (0,11,7) root_id=864691135570956678
Block (5,4,2) ok, attempt=1, duration=1.62s

Blocks:  54%|█████▍    | 941/1728 [03:49<02:15,  5.82it/s]Block (8,0,11) root_id=864691135570956678
Block (4,8,5) ok, attempt=1, duration=1.45s

Blocks:  55%|█████▍    | 942/1728 [03:49<02:55,  4.48it/s]Block (5,5,3) root_id=864691135570956678
Block (6,8,4) ok, attempt=1, duration=1.72s
Block (10,9,8) root_id=864691135570956678
Block (0,11,7) ok, attempt=1, duration=0.91s
Block (4,1,2) root_id=864691135570956678

Blocks:  55%|█████▍    | 944/1728 [03:49<02:27,  5.32it/s]Block (1,7,4) ok, attempt=1, duration=1.22s

Blocks:  55%|█████▍    | 945/1728 [03:49<02:16,  5.74it/s]Block (9,5,7) root_id=864691135570956678
Block (6,0,0) ok, attempt=1, duration=2.00s

Blocks:  55%|█████▍    | 946/1728 [03:50<03:00,  4.34it/s]Block (6,4,6) root_id=864691135570956678
Block (2,0,8) ok, attempt=1, duration=1.57s
Block (3,11,3) root_id=864691135570956678
Block (8,0,11) ok, attempt=1, duration=1.42s

Blocks:  55%|█████▍    | 948/1728 [03:50<02:23,  5.45it/s]Block (11,2,11) root_id=864691135570956678
Block (4,0,1) ok, attempt=1, duration=2.20s

Blocks:  55%|█████▍    | 949/1728 [03:50<02:13,  5.85it/s]Block (10,2,5) root_id=864691135570956678
Block (10,9,8) ok, attempt=1, duration=1.49s

Blocks:  55%|█████▍    | 950/1728 [03:50<02:46,  4.66it/s]Block (5,5,3) ok, attempt=1, duration=1.52s
Block (8,7,10) root_id=864691135570956678
Block (7,9,2) root_id=864691135570956678
Block (4,1,2) ok, attempt=1, duration=1.84s

Blocks:  55%|█████▌    | 952/1728 [03:51<03:12,  4.03it/s]Block (10,1,9) root_id=864691135570956678
Block (6,4,6) ok, attempt=1, duration=1.50s

Blocks:  55%|█████▌    | 953/1728 [03:51<03:03,  4.22it/s]Block (7,8,6) root_id=864691135570956678
Block (3,11,3) ok, attempt=1, duration=1.51s
Block (5,0,9) root_id=864691135570956678
Block (9,5,7) ok, attempt=1, duration=2.10s

Blocks:  55%|█████▌    | 955/1728 [03:51<02:21,  5.48it/s]Block (2,7,6) root_id=864691135570956678
Block (11,2,11) ok, attempt=1, duration=1.59s
Block (7,11,11) root_id=864691135570956678

Blocks:  55%|█████▌    | 956/1728 [03:52<02:13,  5.78it/s]Block (10,2,5) ok, attempt=1, duration=1.83s

Blocks:  55%|█████▌    | 957/1728 [03:52<02:45,  4.65it/s]Block (6,11,5) root_id=864691135570956678
Block (8,7,10) ok, attempt=1, duration=1.66s

Blocks:  55%|█████▌    | 958/1728 [03:52<02:39,  4.84it/s]Block (1,3,11) root_id=864691135570956678
Block (7,9,2) ok, attempt=1, duration=1.70s
Block (0,10,1) root_id=864691135570956678
Block (10,1,9) ok, attempt=1, duration=1.53s

Blocks:  56%|█████▌    | 960/1728 [03:53<02:48,  4.56it/s]Block (11,6,5) root_id=864691135570956678
Block (2,7,6) ok, attempt=1, duration=1.15s
Block (11,9,10) root_id=864691135570956678
Block (1,3,11) ok, attempt=1, duration=1.02s

Blocks:  56%|█████▌    | 962/1728 [03:53<03:04,  4.15it/s]Block (7,11,11) ok, attempt=1, duration=1.57s
Block (7,1,3) root_id=864691135570956678
Block (4,8,0) root_id=864691135570956678
Block (5,0,9) ok, attempt=1, duration=1.96s
Block (6,11,5) ok, attempt=1, duration=1.34s
Block (5,1,10) root_id=864691135570956678

Blocks:  56%|█████▌    | 964/1728 [03:53<02:19,  5.49it/s]Block (2,8,7) root_id=864691135570956678
Block (7,8,6) ok, attempt=1, duration=2.10s
Block (7,4,8) root_id=864691135570956678
Block (0,10,1) ok, attempt=1, duration=1.40s

Blocks:  56%|█████▌    | 967/1728 [03:54<01:49,  6.92it/s]Block (0,11,2) root_id=864691135570956678
Block (11,9,10) ok, attempt=1, duration=1.20s

Blocks:  56%|█████▌    | 968/1728 [03:54<02:01,  6.25it/s]Block (8,8,10) root_id=864691135570956678
Block (11,6,5) ok, attempt=1, duration=1.46s

Blocks:  56%|█████▌    | 969/1728 [03:54<02:14,  5.66it/s]Block (8,0,6) root_id=864691135570956678
Block (2,8,7) ok, attempt=1, duration=1.15s

Blocks:  56%|█████▌    | 970/1728 [03:54<02:48,  4.51it/s]Block (3,7,10) root_id=864691135570956678
Block (4,8,0) ok, attempt=1, duration=1.43s

Blocks:  56%|█████▌    | 971/1728 [03:55<02:37,  4.82it/s]Block (11,10,11) root_id=864691135570956678
Block (7,1,3) ok, attempt=1, duration=1.62s

Blocks:  56%|█████▋    | 972/1728 [03:55<02:30,  5.04it/s]Block (10,9,3) root_id=864691135570956678
Block (0,11,2) ok, attempt=1, duration=1.27s
Block (5,1,10) ok, attempt=1, duration=1.56s
Block (1,10,10) root_id=864691135570956678
Block (9,5,2) root_id=864691135570956678
Block (7,4,8) ok, attempt=1, duration=1.70s

Blocks:  56%|█████▋    | 975/1728 [03:55<01:48,  6.94it/s]Block (7,5,9) root_id=864691135570956678
Block (8,8,10) ok, attempt=1, duration=1.66s

Blocks:  56%|█████▋    | 976/1728 [03:55<02:33,  4.91it/s]Block (2,4,9) root_id=864691135570956678
Block (8,0,6) ok, attempt=1, duration=1.58s
Block (3,7,10) ok, attempt=1, duration=1.20s

Blocks:  57%|█████▋    | 977/1728 [03:56<02:22,  5.29it/s]Block (4,11,10) root_id=864691135570956678
Block (11,2,6) root_id=864691135570956678
Block (10,9,3) ok, attempt=1, duration=1.38s
Block (8,7,5) root_id=864691135570956678

Blocks:  57%|█████▋    | 979/1728 [03:56<02:42,  4.61it/s]Block (9,5,2) ok, attempt=1, duration=1.35s
Block (0,6,8) root_id=864691135570956678
Block (11,10,11) ok, attempt=1, duration=1.82s

Blocks:  57%|█████▋    | 981/1728 [03:56<02:19,  5.34it/s]Block (10,1,4) root_id=864691135570956678
Block (1,10,10) ok, attempt=1, duration=1.82s
Block (7,8,1) root_id=864691135570956678

Blocks:  57%|█████▋    | 982/1728 [03:57<02:31,  4.92it/s]Block (2,4,9) ok, attempt=1, duration=1.40s

Blocks:  57%|█████▋    | 983/1728 [03:57<02:35,  4.78it/s]Block (5,8,8) root_id=864691135570956678
Block (7,5,9) ok, attempt=1, duration=1.96s

Blocks:  57%|█████▋    | 984/1728 [03:57<02:17,  5.43it/s]Block (5,0,4) root_id=864691135570956678
Block (4,11,10) ok, attempt=1, duration=1.48s
Block (10,4,9) root_id=864691135570956678
Block (0,6,8) ok, attempt=1, duration=1.11s

Blocks:  57%|█████▋    | 986/1728 [03:57<02:06,  5.88it/s]Block (11,2,6) ok, attempt=1, duration=1.69s
Block (4,4,7) root_id=864691135570956678
Block (7,11,6) root_id=864691135570956678
Block (8,7,5) ok, attempt=1, duration=1.57s

Blocks:  57%|█████▋    | 988/1728 [03:58<02:14,  5.52it/s]Block (2,7,1) root_id=864691135570956678
Block (10,1,4) ok, attempt=1, duration=1.62s

Blocks:  57%|█████▋    | 989/1728 [03:58<02:35,  4.75it/s]Block (6,11,0) root_id=864691135570956678
Block (7,8,1) ok, attempt=1, duration=1.54s

Blocks:  57%|█████▋    | 990/1728 [03:58<02:28,  4.97it/s]Block (9,0,8) root_id=864691135570956678
Block (5,8,8) ok, attempt=1, duration=1.57s

Blocks:  57%|█████▋    | 991/1728 [03:58<02:40,  4.58it/s]Block (11,6,0) root_id=864691135570956678
Block (10,4,9) ok, attempt=1, duration=1.41s
Block (8,11,11) root_id=864691135570956678
Block (5,0,4) ok, attempt=1, duration=1.64s

Blocks:  57%|█████▋    | 993/1728 [03:59<02:02,  6.01it/s]Block (11,9,5) root_id=864691135570956678
Block (7,11,6) ok, attempt=1, duration=1.51s

Blocks:  58%|█████▊    | 994/1728 [03:59<02:02,  5.98it/s]Block (0,2,10) root_id=864691135570956678
Block (4,4,7) ok, attempt=1, duration=1.63s

Blocks:  58%|█████▊    | 995/1728 [03:59<01:51,  6.55it/s]Block (5,1,5) root_id=864691135570956678
Block (2,7,1) ok, attempt=1, duration=1.55s

Blocks:  58%|█████▊    | 996/1728 [03:59<02:24,  5.07it/s]Block (10,5,10) root_id=864691135570956678
Block (9,0,8) ok, attempt=1, duration=1.49s
Block (2,8,2) root_id=864691135570956678

Blocks:  58%|█████▊    | 997/1728 [04:00<03:11,  3.82it/s]Block (8,11,11) ok, attempt=1, duration=1.28s

Blocks:  58%|█████▊    | 998/1728 [04:00<02:40,  4.54it/s]Block (7,4,3) root_id=864691135570956678
Block (6,11,0) ok, attempt=1, duration=1.88s

Blocks:  58%|█████▊    | 999/1728 [04:00<02:16,  5.34it/s]Block (8,8,5) root_id=864691135570956678
Block (0,2,10) ok, attempt=1, duration=1.14s
Block (5,4,10) root_id=864691135570956678
Block (11,6,0) ok, attempt=1, duration=1.66s

Blocks:  58%|█████▊    | 1001/1728 [04:00<01:51,  6.55it/s]Block (8,0,1) root_id=864691135570956678
Block (11,9,5) ok, attempt=1, duration=1.58s

Blocks:  58%|█████▊    | 1002/1728 [04:00<01:42,  7.10it/s]Block (9,1,9) root_id=864691135570956678
Block (5,1,5) ok, attempt=1, duration=1.53s

Blocks:  58%|█████▊    | 1003/1728 [04:00<02:03,  5.85it/s]Block (2,11,7) root_id=864691135570956678
Block (10,5,10) ok, attempt=1, duration=1.55s

Blocks:  58%|█████▊    | 1004/1728 [04:01<02:33,  4.72it/s]Block (4,0,9) root_id=864691135570956678
Block (2,8,2) ok, attempt=1, duration=1.30s
Block (3,7,5) root_id=864691135570956678

Blocks:  58%|█████▊    | 1005/1728 [04:01<02:30,  4.80it/s]Block (5,4,10) ok, attempt=1, duration=1.35s
Block (11,10,6) root_id=864691135570956678

Blocks:  58%|█████▊    | 1006/1728 [04:01<02:53,  4.17it/s]Block (7,4,3) ok, attempt=1, duration=1.63s
Block (6,3,1) root_id=864691135570956678
Block (8,8,5) ok, attempt=1, duration=1.59s

Blocks:  58%|█████▊    | 1008/1728 [04:01<02:02,  5.86it/s]Block (1,10,5) root_id=864691135570956678
Block (8,0,1) ok, attempt=1, duration=1.48s
Block (6,6,6) root_id=864691135570956678

Blocks:  58%|█████▊    | 1009/1728 [04:02<01:51,  6.45it/s]Block (9,1,9) ok, attempt=1, duration=1.42s
Block (0,9,9) root_id=864691135570956678
Block (2,11,7) ok, attempt=1, duration=1.32s

Blocks:  59%|█████▊    | 1011/1728 [04:02<01:34,  7.58it/s]Block (4,11,5) root_id=864691135570956678
Block (4,0,9) ok, attempt=1, duration=1.54s

Blocks:  59%|█████▊    | 1012/1728 [04:02<02:43,  4.39it/s]Block (11,2,1) root_id=864691135570956678
Block (3,7,5) ok, attempt=1, duration=1.43s
Block (2,3,8) root_id=864691135570956678
Block (1,10,5) ok, attempt=1, duration=1.28s
Block (8,7,0) root_id=864691135570956678

Blocks:  59%|█████▊    | 1014/1728 [04:03<02:36,  4.55it/s]Block (11,10,6) ok, attempt=1, duration=1.49s
Block (6,7,7) root_id=864691135570956678
Block (0,9,9) ok, attempt=1, duration=1.27s

Blocks:  59%|█████▉    | 1016/1728 [04:03<02:00,  5.91it/s]Block (0,6,3) root_id=864691135570956678
Block (6,3,1) ok, attempt=1, duration=1.64s

Blocks:  59%|█████▉    | 1017/1728 [04:03<01:56,  6.08it/s]Block (1,6,7) root_id=864691135570956678
Block (6,6,6) ok, attempt=1, duration=1.59s

Blocks:  59%|█████▉    | 1018/1728 [04:03<01:48,  6.52it/s]Block (5,8,3) root_id=864691135570956678
Block (4,11,5) ok, attempt=1, duration=1.52s

Blocks:  59%|█████▉    | 1019/1728 [04:03<01:45,  6.75it/s]Block (10,4,4) root_id=864691135570956678
Block (2,3,8) ok, attempt=1, duration=1.26s

Blocks:  59%|█████▉    | 1020/1728 [04:04<02:26,  4.82it/s]Block (4,4,2) root_id=864691135570956678
Block (11,2,1) ok, attempt=1, duration=1.51s

Blocks:  59%|█████▉    | 1021/1728 [04:04<02:19,  5.08it/s]Block (9,8,7) root_id=864691135570956678
Block (1,6,7) ok, attempt=1, duration=0.97s

Blocks:  59%|█████▉    | 1022/1728 [04:04<02:14,  5.23it/s]Block (7,11,1) root_id=864691135570956678
Block (6,7,7) ok, attempt=1, duration=1.57s
Block (0,6,3) ok, attempt=1, duration=1.46s

Blocks:  59%|█████▉    | 1023/1728 [04:04<02:44,  4.28it/s]Block (5,11,8) root_id=864691135570956678
Block (9,0,3) root_id=864691135570956678
Block (5,8,3) ok, attempt=1, duration=1.36s

Blocks:  59%|█████▉    | 1025/1728 [04:05<01:57,  6.01it/s]Block (7,0,10) root_id=864691135570956678
Block (10,4,4) ok, attempt=1, duration=1.29s
Block (4,7,7) root_id=864691135570956678
Block (8,7,0) ok, attempt=1, duration=1.89s

Blocks:  59%|█████▉    | 1027/1728 [04:05<01:25,  8.16it/s]Block (8,11,6) root_id=864691135570956678
Block (4,4,2) ok, attempt=1, duration=1.13s
Block (0,10,9) root_id=864691135570956678
Block (9,8,7) ok, attempt=1, duration=1.20s

Blocks:  60%|█████▉    | 1029/1728 [04:05<01:47,  6.52it/s]Block (11,9,0) root_id=864691135570956678
Block (7,11,1) ok, attempt=1, duration=1.73s

Blocks:  60%|█████▉    | 1030/1728 [04:06<03:07,  3.72it/s]Block (5,1,0) root_id=864691135570956678
Block (5,11,8) ok, attempt=1, duration=1.48s
Block (3,6,5) root_id=864691135570956678
Block (4,7,7) ok, attempt=1, duration=1.35s

Blocks:  60%|█████▉    | 1032/1728 [04:06<02:21,  4.93it/s]Block (10,5,5) root_id=864691135570956678
Block (8,11,6) ok, attempt=1, duration=1.42s

Blocks:  60%|█████▉    | 1033/1728 [04:06<02:06,  5.51it/s]Block (9,0,3) ok, attempt=1, duration=1.69s
Block (7,0,10) ok, attempt=1, duration=1.52s
Block (9,1,4) root_id=864691135570956678
Block (5,4,5) root_id=864691135570956678
Block (3,9,10) root_id=864691135570956678
Block (0,10,9) ok, attempt=1, duration=1.31s
Block (2,11,2) root_id=864691135570956678
Block (11,9,0) ok, attempt=1, duration=1.35s

Blocks:  60%|██████    | 1037/1728 [04:06<01:29,  7.69it/s]Block (4,0,4) root_id=864691135570956678
Block (3,6,5) ok, attempt=1, duration=0.84s

Blocks:  60%|██████    | 1038/1728 [04:07<01:46,  6.46it/s]Block (11,10,1) root_id=864691135570956678
Block (5,1,0) ok, attempt=1, duration=1.27s

Blocks:  60%|██████    | 1039/1728 [04:07<02:12,  5.21it/s]Block (1,10,0) root_id=864691135570956678
Block (9,1,4) ok, attempt=1, duration=1.38s

Blocks:  60%|██████    | 1040/1728 [04:07<02:43,  4.21it/s]Block (6,6,1) root_id=864691135570956678
Block (10,5,5) ok, attempt=1, duration=1.66s

Blocks:  60%|██████    | 1041/1728 [04:08<02:33,  4.47it/s]Block (8,3,7) root_id=864691135570956678
Block (4,0,4) ok, attempt=1, duration=1.27s
Block (3,10,11) root_id=864691135570956678
Block (3,9,10) ok, attempt=1, duration=1.68s
Block (2,11,2) ok, attempt=1, duration=1.63s

Blocks:  60%|██████    | 1043/1728 [04:08<01:49,  6.24it/s]Block (0,9,4) root_id=864691135570956678
Block (4,11,0) root_id=864691135570956678
Block (5,4,5) ok, attempt=1, duration=1.86s

Blocks:  60%|██████    | 1045/1728 [04:08<01:31,  7.44it/s]Block (10,0,11) root_id=864691135570956678
Block (11,10,1) ok, attempt=1, duration=1.54s

Blocks:  61%|██████    | 1046/1728 [04:08<01:53,  6.00it/s]Block (9,7,1) root_id=864691135570956678
Block (1,10,0) ok, attempt=1, duration=1.24s
Block (7,7,8) root_id=864691135570956678
Block (0,9,4) ok, attempt=1, duration=0.92s

Blocks:  61%|██████    | 1048/1728 [04:09<02:09,  5.24it/s]Block (6,7,2) root_id=864691135570956678
Block (6,6,1) ok, attempt=1, duration=1.64s

Blocks:  61%|██████    | 1049/1728 [04:09<02:39,  4.25it/s]Block (1,6,2) root_id=864691135570956678
Block (3,10,11) ok, attempt=1, duration=1.52s

Blocks:  61%|██████    | 1050/1728 [04:09<02:19,  4.85it/s]Block (11,5,7) root_id=864691135570956678
Block (4,11,0) ok, attempt=1, duration=1.49s
Block (9,8,2) root_id=864691135570956678
Block (8,3,7) ok, attempt=1, duration=1.68s

Blocks:  61%|██████    | 1052/1728 [04:09<01:39,  6.79it/s]Block (5,11,3) root_id=864691135570956678
Block (9,7,1) ok, attempt=1, duration=1.38s

Blocks:  61%|██████    | 1053/1728 [04:10<02:01,  5.54it/s]Block (7,8,9) root_id=864691135570956678
Block (10,0,11) ok, attempt=1, duration=1.84s

Blocks:  61%|██████    | 1054/1728 [04:10<01:59,  5.62it/s]Block (7,0,5) root_id=864691135570956678
Block (7,7,8) ok, attempt=1, duration=1.60s

Blocks:  61%|██████    | 1055/1728 [04:10<01:48,  6.22it/s]Block (4,7,2) root_id=864691135570956678
Block (6,7,2) ok, attempt=1, duration=1.43s

Blocks:  61%|██████    | 1056/1728 [04:10<02:00,  5.59it/s]Block (2,7,9) root_id=864691135570956678
Block (1,6,2) ok, attempt=1, duration=1.45s

Blocks:  61%|██████    | 1057/1728 [04:11<02:45,  4.06it/s]Block (8,11,1) root_id=864691135570956678
Block (9,8,2) ok, attempt=1, duration=1.50s

Blocks:  61%|██████    | 1058/1728 [04:11<02:42,  4.12it/s]Block (11,6,8) root_id=864691135570956678
Block (5,11,3) ok, attempt=1, duration=1.47s
Block (3,6,0) root_id=864691135570956678
Block (11,5,7) ok, attempt=1, duration=1.62s
Block (8,10,5) root_id=864691135570956678
Block (7,8,9) ok, attempt=1, duration=1.53s
Block (10,5,0) root_id=864691135570956678

Blocks:  61%|██████▏   | 1061/1728 [04:11<01:58,  5.64it/s]Block (7,0,5) ok, attempt=1, duration=1.61s

Blocks:  61%|██████▏   | 1062/1728 [04:11<02:06,  5.26it/s]Block (6,2,8) root_id=864691135570956678
Block (4,7,2) ok, attempt=1, duration=1.60s

Blocks:  62%|██████▏   | 1063/1728 [04:11<01:55,  5.74it/s]Block (2,7,9) ok, attempt=1, duration=1.38s
Block (5,4,0) root_id=864691135570956678
Block (3,9,5) root_id=864691135570956678
Block (8,11,1) ok, attempt=1, duration=1.19s

Blocks:  62%|██████▏   | 1065/1728 [04:12<01:41,  6.52it/s]Block (1,1,8) root_id=864691135570956678
Block (11,6,8) ok, attempt=1, duration=1.34s

Blocks:  62%|██████▏   | 1066/1728 [04:12<02:09,  5.12it/s]Block (0,5,11) root_id=864691135570956678
Block (3,6,0) ok, attempt=1, duration=1.37s

Blocks:  62%|██████▏   | 1067/1728 [04:12<01:57,  5.63it/s]Block (5,3,4) root_id=864691135570956678
Block (8,10,5) ok, attempt=1, duration=1.73s

Blocks:  62%|██████▏   | 1068/1728 [04:13<02:28,  4.44it/s]Block (2,10,1) root_id=864691135570956678
Block (3,9,5) ok, attempt=1, duration=1.26s

Blocks:  62%|██████▏   | 1069/1728 [04:13<02:23,  4.60it/s]Block (10,5,0) ok, attempt=1, duration=1.63s
Block (9,3,8) root_id=864691135570956678
Block (5,6,9) root_id=864691135570956678
Block (5,4,0) ok, attempt=1, duration=1.34s
Block (8,3,2) root_id=864691135570956678
Block (6,2,8) ok, attempt=1, duration=1.64s

Blocks:  62%|██████▏   | 1072/1728 [04:13<01:35,  6.85it/s]Block (6,3,9) root_id=864691135570956678
Block (0,5,11) ok, attempt=1, duration=0.99s
Block (4,2,8) root_id=864691135570956678
Block (1,1,8) ok, attempt=1, duration=1.48s

Blocks:  62%|██████▏   | 1074/1728 [04:13<01:25,  7.67it/s]Block (3,10,6) root_id=864691135570956678
Block (5,3,4) ok, attempt=1, duration=1.07s
Block (1,2,9) root_id=864691135570956678
Block (2,10,1) ok, attempt=1, duration=1.17s

Blocks:  62%|██████▏   | 1076/1728 [04:14<01:52,  5.79it/s]Block (10,8,10) root_id=864691135570956678
Block (9,3,8) ok, attempt=1, duration=1.35s

Blocks:  62%|██████▏   | 1077/1728 [04:14<02:18,  4.71it/s]Block (10,0,6) root_id=864691135570956678
Block (8,3,2) ok, attempt=1, duration=1.39s

Blocks:  62%|██████▏   | 1078/1728 [04:14<02:05,  5.18it/s]Block (7,7,3) root_id=864691135570956678
Block (3,10,6) ok, attempt=1, duration=1.18s

Blocks:  62%|██████▏   | 1079/1728 [04:14<01:59,  5.44it/s]Block (9,4,9) root_id=864691135570956678
Block (1,2,9) ok, attempt=1, duration=1.23s

Blocks:  62%|██████▎   | 1080/1728 [04:14<01:46,  6.07it/s]Block (5,7,10) root_id=864691135570956678
Block (6,3,9) ok, attempt=1, duration=1.60s

Blocks:  63%|██████▎   | 1081/1728 [04:15<01:37,  6.61it/s]Block (4,3,9) root_id=864691135570956678
Block (5,6,9) ok, attempt=1, duration=1.99s
Block (4,2,8) ok, attempt=1, duration=1.69s

Blocks:  63%|██████▎   | 1082/1728 [04:15<01:38,  6.54it/s]Block (8,7,8) root_id=864691135570956678
Block (11,5,2) root_id=864691135570956678
Block (10,8,10) ok, attempt=1, duration=1.28s

Blocks:  63%|██████▎   | 1084/1728 [04:15<01:31,  7.02it/s]Block (10,1,7) root_id=864691135570956678
Block (7,7,3) ok, attempt=1, duration=1.29s

Blocks:  63%|██████▎   | 1085/1728 [04:16<02:26,  4.39it/s]Block (7,8,4) root_id=864691135570956678
Block (4,3,9) ok, attempt=1, duration=1.14s

Blocks:  63%|██████▎   | 1086/1728 [04:16<02:27,  4.36it/s]Block (7,0,0) root_id=864691135570956678
Block (9,4,9) ok, attempt=1, duration=1.73s

Blocks:  63%|██████▎   | 1087/1728 [04:16<02:50,  3.76it/s]Block (5,0,7) root_id=864691135570956678
Block (10,0,6) ok, attempt=1, duration=2.03s
Block (2,7,4) root_id=864691135570956678
Block (11,5,2) ok, attempt=1, duration=1.42s
Block (7,11,9) root_id=864691135570956678
Block (5,7,10) ok, attempt=1, duration=1.75s

Blocks:  63%|██████▎   | 1090/1728 [04:16<01:32,  6.87it/s]Block (9,0,11) root_id=864691135570956678
Block (8,7,8) ok, attempt=1, duration=1.60s
Block (11,6,3) root_id=864691135570956678
Block (10,1,7) ok, attempt=1, duration=1.40s

Blocks:  63%|██████▎   | 1092/1728 [04:16<01:21,  7.84it/s]Block (2,6,8) root_id=864691135570956678
Block (7,8,4) ok, attempt=1, duration=1.25s
Block (8,10,0) root_id=864691135570956678
Block (7,0,0) ok, attempt=1, duration=1.45s
Block (6,10,7) root_id=864691135570956678

Blocks:  63%|██████▎   | 1094/1728 [04:17<02:14,  4.70it/s]Block (2,7,4) ok, attempt=1, duration=1.40s

Blocks:  63%|██████▎   | 1095/1728 [04:18<02:29,  4.25it/s]Block (11,9,8) root_id=864691135570956678
Block (11,6,3) ok, attempt=1, duration=1.29s

Blocks:  63%|██████▎   | 1096/1728 [04:18<02:13,  4.74it/s]Block (6,2,3) root_id=864691135570956678
Block (5,0,7) ok, attempt=1, duration=1.68s
Block (3,9,0) root_id=864691135570956678

Blocks:  63%|██████▎   | 1097/1728 [04:18<02:04,  5.08it/s]Block (7,11,9) ok, attempt=1, duration=1.71s

Blocks:  64%|██████▎   | 1098/1728 [04:18<01:49,  5.76it/s]Block (1,9,7) root_id=864691135570956678
Block (9,0,11) ok, attempt=1, duration=1.86s

Blocks:  64%|██████▎   | 1099/1728 [04:18<01:51,  5.63it/s]Block (0,5,6) root_id=864691135570956678
Block (2,6,8) ok, attempt=1, duration=1.79s

Blocks:  64%|██████▎   | 1100/1728 [04:18<01:41,  6.21it/s]Block (9,11,7) root_id=864691135570956678
Block (8,10,0) ok, attempt=1, duration=1.51s
Block (9,3,3) root_id=864691135570956678
Block (6,10,7) ok, attempt=1, duration=1.21s

Blocks:  64%|██████▍   | 1102/1728 [04:18<01:23,  7.50it/s]Block (7,3,10) root_id=864691135570956678
Block (11,9,8) ok, attempt=1, duration=1.28s

Blocks:  64%|██████▍   | 1103/1728 [04:19<02:04,  5.02it/s]Block (10,11,11) root_id=864691135570956678
Block (1,9,7) ok, attempt=1, duration=1.07s

Blocks:  64%|██████▍   | 1104/1728 [04:19<01:57,  5.30it/s]Block (5,6,4) root_id=864691135570956678
Block (0,5,6) ok, attempt=1, duration=0.96s
Block (4,10,7) root_id=864691135570956678
Block (3,9,0) ok, attempt=1, duration=1.31s

Blocks:  64%|██████▍   | 1106/1728 [04:19<01:25,  7.25it/s]Block (6,3,4) root_id=864691135570956678
Block (6,2,3) ok, attempt=1, duration=1.52s
Block (3,10,1) root_id=864691135570956678
Block (9,3,3) ok, attempt=1, duration=1.43s
Block (7,3,10) ok, attempt=1, duration=1.32s

Blocks:  64%|██████▍   | 1108/1728 [04:20<02:05,  4.93it/s]Block (4,2,3) root_id=864691135570956678
Block (2,2,10) root_id=864691135570956678
Block (9,11,7) ok, attempt=1, duration=1.53s
Block (6,6,9) root_id=864691135570956678
Block (5,6,4) ok, attempt=1, duration=1.20s

Blocks:  64%|██████▍   | 1111/1728 [04:20<01:50,  5.57it/s]Block (10,8,5) root_id=864691135570956678
Block (10,11,11) ok, attempt=1, duration=1.59s

Blocks:  64%|██████▍   | 1112/1728 [04:20<01:55,  5.32it/s]Block (11,1,9) root_id=864691135570956678
Block (4,10,7) ok, attempt=1, duration=1.42s
Block (10,0,1) root_id=864691135570956678
Block (6,3,4) ok, attempt=1, duration=1.42s

Blocks:  64%|██████▍   | 1114/1728 [04:21<01:30,  6.75it/s]Block (9,4,4) root_id=864691135570956678
Block (3,10,1) ok, attempt=1, duration=1.48s

Blocks:  65%|██████▍   | 1115/1728 [04:21<01:25,  7.16it/s]Block (5,7,5) root_id=864691135570956678
Block (2,2,10) ok, attempt=1, duration=1.14s
Block (4,11,8) root_id=864691135570956678

Blocks:  65%|██████▍   | 1116/1728 [04:21<01:38,  6.23it/s]Block (6,6,9) ok, attempt=1, duration=1.31s

Blocks:  65%|██████▍   | 1117/1728 [04:21<01:39,  6.13it/s]Block (4,3,4) root_id=864691135570956678
Block (10,8,5) ok, attempt=1, duration=1.31s

Blocks:  65%|██████▍   | 1118/1728 [04:22<02:22,  4.29it/s]Block (9,7,9) root_id=864691135570956678
Block (4,2,3) ok, attempt=1, duration=1.83s
Block (2,3,11) root_id=864691135570956678
Block (11,1,9) ok, attempt=1, duration=1.58s
Block (6,9,1) root_id=864691135570956678
Block (5,7,5) ok, attempt=1, duration=1.39s

Blocks:  65%|██████▍   | 1120/1728 [04:22<02:32,  3.99it/s]Block (8,6,7) root_id=864691135570956678
Block (4,11,8) ok, attempt=1, duration=1.25s
Block (3,5,7) root_id=864691135570956678
Block (9,4,4) ok, attempt=1, duration=1.72s

Blocks:  65%|██████▍   | 1123/1728 [04:22<01:40,  6.01it/s]Block (10,7,0) root_id=864691135570956678
Block (10,0,1) ok, attempt=1, duration=1.85s
Block (10,3,11) root_id=864691135570956678
Block (4,3,4) ok, attempt=1, duration=1.52s

Blocks:  65%|██████▌   | 1125/1728 [04:23<01:38,  6.11it/s]Block (2,6,3) root_id=864691135570956678
Block (2,3,11) ok, attempt=1, duration=1.46s

Blocks:  65%|██████▌   | 1126/1728 [04:23<02:10,  4.63it/s]Block (6,10,2) root_id=864691135570956678
Block (9,7,9) ok, attempt=1, duration=1.82s

Blocks:  65%|██████▌   | 1127/1728 [04:23<02:17,  4.37it/s]Block (5,2,11) root_id=864691135570956678
Block (3,5,7) ok, attempt=1, duration=1.25s
Block (3,6,8) root_id=864691135570956678
Block (10,3,11) ok, attempt=1, duration=1.23s

Blocks:  65%|██████▌   | 1129/1728 [04:24<01:54,  5.21it/s]Block (1,9,2) root_id=864691135570956678
Block (8,6,7) ok, attempt=1, duration=1.64s

Blocks:  65%|██████▌   | 1130/1728 [04:24<01:46,  5.64it/s]Block (11,8,7) root_id=864691135570956678
Block (6,9,1) ok, attempt=1, duration=1.87s

Blocks:  65%|██████▌   | 1131/1728 [04:24<01:46,  5.63it/s]Block (8,2,9) root_id=864691135570956678
Block (10,7,0) ok, attempt=1, duration=1.62s
Block (0,5,1) root_id=864691135570956678
Block (2,6,3) ok, attempt=1, duration=1.40s

Blocks:  66%|██████▌   | 1133/1728 [04:24<01:18,  7.61it/s]Block (11,0,3) root_id=864691135570956678
Block (6,10,2) ok, attempt=1, duration=1.26s

Blocks:  66%|██████▌   | 1134/1728 [04:24<01:41,  5.84it/s]Block (9,11,2) root_id=864691135570956678
Block (5,2,11) ok, attempt=1, duration=1.22s

Blocks:  66%|██████▌   | 1135/1728 [04:25<01:50,  5.38it/s]Block (7,3,5) root_id=864691135570956678
Block (3,6,8) ok, attempt=1, duration=1.26s
Block (10,11,6) root_id=864691135570956678

Blocks:  66%|██████▌   | 1136/1728 [04:25<01:38,  6.01it/s]Block (0,5,1) ok, attempt=1, duration=0.98s

Blocks:  66%|██████▌   | 1137/1728 [04:25<01:47,  5.52it/s]Block (4,10,2) root_id=864691135570956678
Block (1,9,2) ok, attempt=1, duration=1.49s

Blocks:  66%|██████▌   | 1138/1728 [04:25<01:49,  5.39it/s]Block (2,10,9) root_id=864691135570956678
Block (11,8,7) ok, attempt=1, duration=1.50s

Blocks:  66%|██████▌   | 1139/1728 [04:25<01:38,  5.97it/s]Block (6,6,4) root_id=864691135570956678
Block (8,2,9) ok, attempt=1, duration=1.58s

Blocks:  66%|██████▌   | 1140/1728 [04:25<01:58,  4.97it/s]Block (11,1,4) root_id=864691135570956678
Block (11,0,3) ok, attempt=1, duration=1.72s

Blocks:  66%|██████▌   | 1141/1728 [04:26<02:06,  4.63it/s]Block (10,8,0) root_id=864691135570956678
Block (9,11,2) ok, attempt=1, duration=1.47s
Block (6,5,8) root_id=864691135570956678
Block (7,3,5) ok, attempt=1, duration=1.46s

Blocks:  66%|██████▌   | 1143/1728 [04:26<01:44,  5.59it/s]Block (5,7,0) root_id=864691135570956678
Block (4,10,2) ok, attempt=1, duration=1.17s
Block (11,4,9) root_id=864691135570956678
Block (10,11,6) ok, attempt=1, duration=1.50s

Blocks:  66%|██████▋   | 1145/1728 [04:26<01:19,  7.34it/s]Block (1,4,8) root_id=864691135570956678
Block (2,10,9) ok, attempt=1, duration=1.45s
Block (9,7,4) root_id=864691135570956678

Blocks:  66%|██████▋   | 1146/1728 [04:27<01:51,  5.23it/s]Block (11,1,4) ok, attempt=1, duration=1.21s

Blocks:  66%|██████▋   | 1147/1728 [04:27<01:47,  5.41it/s]Block (0,8,11) root_id=864691135570956678
Block (6,6,4) ok, attempt=1, duration=1.62s

Blocks:  66%|██████▋   | 1148/1728 [04:27<01:38,  5.92it/s]Block (7,10,4) root_id=864691135570956678
Block (10,8,0) ok, attempt=1, duration=1.23s

Blocks:  66%|██████▋   | 1149/1728 [04:27<01:35,  6.09it/s]Block (5,10,11) root_id=864691135570956678
Block (6,5,8) ok, attempt=1, duration=1.55s

Blocks:  67%|██████▋   | 1150/1728 [04:27<02:07,  4.53it/s]Block (8,6,2) root_id=864691135570956678
Block (11,4,9) ok, attempt=1, duration=1.46s

Blocks:  67%|██████▋   | 1151/1728 [04:28<02:01,  4.74it/s]Block (2,9,4) root_id=864691135570956678
Block (5,7,0) ok, attempt=1, duration=1.57s
Block (3,5,2) root_id=864691135570956678
Block (1,4,8) ok, attempt=1, duration=1.70s

Blocks:  67%|██████▋   | 1153/1728 [04:28<01:48,  5.30it/s]Block (8,9,7) root_id=864691135570956678
Block (9,7,4) ok, attempt=1, duration=1.39s
Block (9,2,11) root_id=864691135570956678
Block (0,8,11) ok, attempt=1, duration=1.32s

Blocks:  67%|██████▋   | 1155/1728 [04:28<01:25,  6.74it/s]Block (1,5,9) root_id=864691135570956678
Block (7,10,4) ok, attempt=1, duration=1.38s

Blocks:  67%|██████▋   | 1156/1728 [04:28<01:29,  6.42it/s]Block (6,1,10) root_id=864691135570956678
Block (5,10,11) ok, attempt=1, duration=1.27s
Block (0,1,8) root_id=864691135570956678
Block (8,6,2) ok, attempt=1, duration=1.30s

Blocks:  67%|██████▋   | 1158/1728 [04:29<01:43,  5.50it/s]Block (10,3,6) root_id=864691135570956678
Block (2,9,4) ok, attempt=1, duration=1.35s

Blocks:  67%|██████▋   | 1159/1728 [04:29<01:48,  5.23it/s]Block (5,2,6) root_id=864691135570956678
Block (9,2,11) ok, attempt=1, duration=1.30s

Blocks:  67%|██████▋   | 1160/1728 [04:29<02:09,  4.39it/s]Block (4,6,9) root_id=864691135570956678
Block (8,9,7) ok, attempt=1, duration=1.43s
Block (3,6,3) root_id=864691135570956678
Block (3,5,2) ok, attempt=1, duration=1.74s

Blocks:  67%|██████▋   | 1162/1728 [04:29<01:29,  6.35it/s]Block (8,10,8) root_id=864691135570956678
Block (0,1,8) ok, attempt=1, duration=1.13s
Block (8,2,4) root_id=864691135570956678
Block (1,5,9) ok, attempt=1, duration=1.40s
Block (11,8,2) root_id=864691135570956678
Block (6,1,10) ok, attempt=1, duration=1.53s

Blocks:  67%|██████▋   | 1165/1728 [04:30<01:23,  6.74it/s]Block (6,2,11) root_id=864691135570956678
Block (10,3,6) ok, attempt=1, duration=1.24s

Blocks:  67%|██████▋   | 1166/1728 [04:30<01:26,  6.51it/s]Block (3,9,8) root_id=864691135570956678
Block (5,2,6) ok, attempt=1, duration=1.16s

Blocks:  68%|██████▊   | 1167/1728 [04:30<01:21,  6.84it/s]Block (1,1,11) root_id=864691135570956678
Block (3,6,3) ok, attempt=1, duration=1.12s

Blocks:  68%|██████▊   | 1168/1728 [04:30<01:49,  5.11it/s]Block (7,3,0) root_id=864691135570956678
Block (8,2,4) ok, attempt=1, duration=1.31s

Blocks:  68%|██████▊   | 1169/1728 [04:31<02:00,  4.62it/s]Block (10,11,1) root_id=864691135570956678
Block (4,6,9) ok, attempt=1, duration=1.60s

Blocks:  68%|██████▊   | 1170/1728 [04:31<01:50,  5.06it/s]Block (5,3,7) root_id=864691135570956678
Block (8,10,8) ok, attempt=1, duration=1.78s

Blocks:  68%|██████▊   | 1171/1728 [04:31<02:02,  4.53it/s]Block (2,10,4) root_id=864691135570956678
Block (11,8,2) ok, attempt=1, duration=1.74s
Block (9,3,11) root_id=864691135570956678
Block (1,1,11) ok, attempt=1, duration=1.23s

Blocks:  68%|██████▊   | 1173/1728 [04:31<01:29,  6.22it/s]Block (4,2,11) root_id=864691135570956678
Block (6,2,11) ok, attempt=1, duration=1.73s

Blocks:  68%|██████▊   | 1174/1728 [04:31<01:34,  5.85it/s]Block (7,6,11) root_id=864691135570956678
Block (3,9,8) ok, attempt=1, duration=1.84s

Blocks:  68%|██████▊   | 1175/1728 [04:32<01:50,  5.01it/s]Block (6,5,3) root_id=864691135570956678
Block (10,11,1) ok, attempt=1, duration=1.34s
Block (7,3,0) ok, attempt=1, duration=1.63s
Block (11,4,4) root_id=864691135570956678

Blocks:  68%|██████▊   | 1176/1728 [04:32<02:02,  4.52it/s]Block (2,5,11) root_id=864691135570956678
Block (5,3,7) ok, attempt=1, duration=1.54s
Block (9,3,11) ok, attempt=1, duration=1.21s

Blocks:  68%|██████▊   | 1178/1728 [04:32<01:48,  5.06it/s]Block (1,4,3) root_id=864691135570956678
Block (3,1,9) root_id=864691135570956678
Block (7,6,11) ok, attempt=1, duration=1.09s

Blocks:  68%|██████▊   | 1180/1728 [04:33<01:27,  6.27it/s]Block (0,8,6) root_id=864691135570956678
Block (2,10,4) ok, attempt=1, duration=1.53s
Block (5,10,6) root_id=864691135570956678
Block (4,2,11) ok, attempt=1, duration=1.69s

Blocks:  68%|██████▊   | 1182/1728 [04:33<01:36,  5.67it/s]Block (10,6,7) root_id=864691135570956678
Block (11,4,4) ok, attempt=1, duration=1.30s
Block (2,5,11) ok, attempt=1, duration=1.28s

Blocks:  68%|██████▊   | 1183/1728 [04:33<01:55,  4.72it/s]Block (9,10,10) root_id=864691135570956678
Block (9,2,6) root_id=864691135570956678
Block (6,5,3) ok, attempt=1, duration=1.91s

Blocks:  69%|██████▊   | 1185/1728 [04:34<01:45,  5.14it/s]Block (1,5,4) root_id=864691135570956678
Block (3,1,9) ok, attempt=1, duration=1.35s
Block (8,9,2) root_id=864691135570956678
Block (0,8,6) ok, attempt=1, duration=1.21s
Block (6,9,9) root_id=864691135570956678

Blocks:  69%|██████▊   | 1187/1728 [04:34<01:21,  6.62it/s]Block (1,4,3) ok, attempt=1, duration=1.47s
Block (4,9,10) root_id=864691135570956678
Block (5,10,6) ok, attempt=1, duration=1.29s

Blocks:  69%|██████▉   | 1189/1728 [04:34<01:06,  8.15it/s]Block (6,1,5) root_id=864691135570956678
Block (10,6,7) ok, attempt=1, duration=1.30s
Block (10,3,1) root_id=864691135570956678
Block (9,2,6) ok, attempt=1, duration=1.27s

Blocks:  69%|██████▉   | 1191/1728 [04:35<01:43,  5.19it/s]Block (5,2,1) root_id=864691135570956678
Block (1,5,4) ok, attempt=1, duration=1.17s

Blocks:  69%|██████▉   | 1192/1728 [04:35<01:46,  5.03it/s]Block (10,7,8) root_id=864691135570956678
Block (9,10,10) ok, attempt=1, duration=1.86s

Blocks:  69%|██████▉   | 1193/1728 [04:35<02:05,  4.28it/s]Block (4,6,4) root_id=864691135570956678
Block (8,9,2) ok, attempt=1, duration=1.57s
Block (2,6,11) root_id=864691135570956678
Block (4,9,10) ok, attempt=1, duration=1.51s

Blocks:  69%|██████▉   | 1195/1728 [04:35<01:32,  5.74it/s]Block (8,10,3) root_id=864691135570956678
Block (6,9,9) ok, attempt=1, duration=1.74s

Blocks:  69%|██████▉   | 1196/1728 [04:36<01:32,  5.78it/s]Block (6,2,6) root_id=864691135570956678
Block (6,1,5) ok, attempt=1, duration=1.86s
Block (3,9,3) root_id=864691135570956678

Blocks:  69%|██████▉   | 1197/1728 [04:36<01:45,  5.03it/s]Block (10,3,1) ok, attempt=1, duration=1.61s
Block (5,3,2) root_id=864691135570956678

Blocks:  69%|██████▉   | 1198/1728 [04:36<01:35,  5.54it/s]Block (5,2,1) ok, attempt=1, duration=1.52s

Blocks:  69%|██████▉   | 1199/1728 [04:36<01:40,  5.27it/s]Block (3,8,7) root_id=864691135570956678
Block (10,7,8) ok, attempt=1, duration=1.37s
Block (11,0,11) root_id=864691135570956678
Block (4,6,4) ok, attempt=1, duration=1.31s

Blocks:  70%|██████▉   | 1201/1728 [04:37<01:38,  5.37it/s]Block (1,0,10) root_id=864691135570956678
Block (2,6,11) ok, attempt=1, duration=1.34s

Blocks:  70%|██████▉   | 1202/1728 [04:37<01:30,  5.78it/s]Block (9,3,6) root_id=864691135570956678
Block (8,10,3) ok, attempt=1, duration=1.47s

Blocks:  70%|██████▉   | 1203/1728 [04:37<01:33,  5.64it/s]Block (5,6,7) root_id=864691135570956678
Block (6,2,6) ok, attempt=1, duration=1.59s

Blocks:  70%|██████▉   | 1204/1728 [04:37<01:47,  4.86it/s]Block (4,2,6) root_id=864691135570956678
Block (3,9,3) ok, attempt=1, duration=1.37s
Block (7,6,6) root_id=864691135570956678
Block (5,3,2) ok, attempt=1, duration=1.50s

Blocks:  70%|██████▉   | 1206/1728 [04:37<01:36,  5.41it/s]Block (2,5,6) root_id=864691135570956678
Block (3,8,7) ok, attempt=1, duration=1.44s

Blocks:  70%|██████▉   | 1207/1728 [04:38<01:34,  5.54it/s]Block (7,9,11) root_id=864691135570956678
Block (1,0,10) ok, attempt=1, duration=1.18s
Block (11,11,7) root_id=864691135570956678

Blocks:  70%|██████▉   | 1208/1728 [04:38<01:24,  6.16it/s]Block (11,0,11) ok, attempt=1, duration=1.61s

Blocks:  70%|██████▉   | 1209/1728 [04:38<01:17,  6.70it/s]Block (8,5,9) root_id=864691135570956678
Block (5,6,7) ok, attempt=1, duration=1.03s
Block (0,8,1) root_id=864691135570956678
Block (9,3,6) ok, attempt=1, duration=1.26s
Block (3,4,9) root_id=864691135570956678
Block (7,6,6) ok, attempt=1, duration=1.10s

Blocks:  70%|███████   | 1212/1728 [04:38<01:17,  6.69it/s]Block (5,10,1) root_id=864691135570956678
Block (4,2,6) ok, attempt=1, duration=1.28s

Blocks:  70%|███████   | 1213/1728 [04:38<01:15,  6.80it/s]Block (10,6,2) root_id=864691135570956678
Block (2,5,6) ok, attempt=1, duration=1.19s

Blocks:  70%|███████   | 1214/1728 [04:39<01:23,  6.14it/s]Block (9,10,5) root_id=864691135570956678
Block (7,9,11) ok, attempt=1, duration=1.37s

Blocks:  70%|███████   | 1215/1728 [04:39<01:44,  4.90it/s]Block (9,2,1) root_id=864691135570956678
Block (8,5,9) ok, attempt=1, duration=1.31s

Blocks:  70%|███████   | 1216/1728 [04:39<01:40,  5.08it/s]Block (6,9,4) root_id=864691135570956678
Block (0,8,1) ok, attempt=1, duration=1.32s
Block (7,2,8) root_id=864691135570956678
Block (11,11,7) ok, attempt=1, duration=1.65s

Blocks:  70%|███████   | 1218/1728 [04:39<01:21,  6.27it/s]Block (4,9,5) root_id=864691135570956678
Block (3,4,9) ok, attempt=1, duration=1.76s

Blocks:  71%|███████   | 1219/1728 [04:40<01:40,  5.05it/s]Block (6,1,0) root_id=864691135570956678
Block (5,10,1) ok, attempt=1, duration=1.46s
Block (8,6,10) root_id=864691135570956678
Block (10,6,2) ok, attempt=1, duration=1.55s

Blocks:  71%|███████   | 1221/1728 [04:40<01:28,  5.72it/s]Block (3,5,10) root_id=864691135570956678
Block (9,10,5) ok, attempt=1, duration=1.43s

Blocks:  71%|███████   | 1222/1728 [04:40<01:22,  6.15it/s]Block (11,7,9) root_id=864691135570956678
Block (6,9,4) ok, attempt=1, duration=1.31s

Blocks:  71%|███████   | 1223/1728 [04:40<01:48,  4.65it/s]Block (10,7,3) root_id=864691135570956678
Block (4,9,5) ok, attempt=1, duration=1.21s

Blocks:  71%|███████   | 1224/1728 [04:41<01:35,  5.29it/s]Block (2,6,6) root_id=864691135570956678
Block (9,2,1) ok, attempt=1, duration=1.68s
Block (0,11,11) root_id=864691135570956678
Block (7,2,8) ok, attempt=1, duration=1.57s

Blocks:  71%|███████   | 1226/1728 [04:41<01:14,  6.78it/s]Block (11,8,10) root_id=864691135570956678
Block (8,6,10) ok, attempt=1, duration=1.47s

Blocks:  71%|███████   | 1227/1728 [04:41<01:49,  4.56it/s]Block (11,0,6) root_id=864691135570956678
Block (3,5,10) ok, attempt=1, duration=1.31s
Block (3,8,2) root_id=864691135570956678
Block (6,1,0) ok, attempt=1, duration=1.82s

Blocks:  71%|███████   | 1229/1728 [04:42<01:36,  5.16it/s]Block (1,8,9) root_id=864691135570956678
Block (0,11,11) ok, attempt=1, duration=0.94s
Block (6,4,10) root_id=864691135570956678
Block (2,6,6) ok, attempt=1, duration=1.07s

Blocks:  71%|███████   | 1231/1728 [04:42<01:12,  6.82it/s]Block (9,3,1) root_id=864691135570956678
Block (11,7,9) ok, attempt=1, duration=1.77s

Blocks:  71%|███████▏  | 1232/1728 [04:42<01:17,  6.38it/s]Block (0,4,8) root_id=864691135570956678
Block (10,7,3) ok, attempt=1, duration=1.56s

Blocks:  71%|███████▏  | 1233/1728 [04:42<01:20,  6.14it/s]Block (3,11,7) root_id=864691135570956678
Block (11,8,10) ok, attempt=1, duration=1.45s

Blocks:  71%|███████▏  | 1234/1728 [04:42<01:22,  6.00it/s]Block (7,6,1) root_id=864691135570956678
Block (3,8,2) ok, attempt=1, duration=1.41s

Blocks:  71%|███████▏  | 1235/1728 [04:43<02:02,  4.03it/s]Block (1,8,9) ok, attempt=1, duration=1.17s
Block (10,2,9) root_id=864691135570956678
Block (2,5,1) root_id=864691135570956678
Block (11,0,6) ok, attempt=1, duration=1.53s
Block (7,9,6) root_id=864691135570956678
Block (9,3,1) ok, attempt=1, duration=1.20s
Block (8,5,4) root_id=864691135570956678

Blocks:  72%|███████▏  | 1238/1728 [04:43<01:12,  6.77it/s]Block (0,4,8) ok, attempt=1, duration=1.39s

Blocks:  72%|███████▏  | 1239/1728 [04:43<01:35,  5.14it/s]Block (6,4,10) ok, attempt=1, duration=1.65s
Block (11,11,2) root_id=864691135570956678
Block (6,5,11) root_id=864691135570956678
Block (3,11,7) ok, attempt=1, duration=1.38s

Blocks:  72%|███████▏  | 1241/1728 [04:43<01:14,  6.51it/s]Block (3,4,4) root_id=864691135570956678
Block (7,9,6) ok, attempt=1, duration=1.03s

Blocks:  72%|███████▏  | 1242/1728 [04:44<01:37,  4.98it/s]Block (1,4,11) root_id=864691135570956678
Block (7,6,1) ok, attempt=1, duration=1.82s

Blocks:  72%|███████▏  | 1243/1728 [04:44<01:44,  4.66it/s]Block (0,0,10) root_id=864691135570956678
Block (2,5,1) ok, attempt=1, duration=1.37s
Block (9,10,0) root_id=864691135570956678
Block (8,5,4) ok, attempt=1, duration=1.32s

Blocks:  72%|███████▏  | 1245/1728 [04:44<01:15,  6.42it/s]Block (7,10,7) root_id=864691135570956678
Block (10,2,9) ok, attempt=1, duration=1.57s
Block (7,2,3) root_id=864691135570956678
Block (6,5,11) ok, attempt=1, duration=1.17s

Blocks:  72%|███████▏  | 1247/1728 [04:44<01:08,  6.99it/s]Block (4,9,0) root_id=864691135570956678
Block (11,11,2) ok, attempt=1, duration=1.42s

Blocks:  72%|███████▏  | 1248/1728 [04:45<01:19,  6.04it/s]Block (2,9,7) root_id=864691135570956678
Block (3,4,4) ok, attempt=1, duration=1.43s

Blocks:  72%|███████▏  | 1249/1728 [04:45<01:20,  5.98it/s]Block (11,7,4) root_id=864691135570956678
Block (9,10,0) ok, attempt=1, duration=1.15s
Block (1,7,3) root_id=864691135570956678

Blocks:  72%|███████▏  | 1250/1728 [04:45<01:43,  4.62it/s]Block (1,4,11) ok, attempt=1, duration=1.57s
Block (0,0,10) ok, attempt=1, duration=1.32s

Blocks:  72%|███████▏  | 1251/1728 [04:45<01:37,  4.88it/s]Block (10,3,9) root_id=864691135570956678
Block (0,11,6) root_id=864691135570956678
Block (7,10,7) ok, attempt=1, duration=1.64s

Blocks:  73%|███████▎  | 1253/1728 [04:46<01:39,  4.77it/s]Block (4,9,0) ok, attempt=1, duration=1.40s
Block (5,5,2) root_id=864691135570956678
Block (10,9,7) root_id=864691135570956678
Block (2,9,7) ok, attempt=1, duration=1.20s
Block (4,1,1) root_id=864691135570956678
Block (7,2,3) ok, attempt=1, duration=1.79s
Block (9,5,6) root_id=864691135570956678

Blocks:  73%|███████▎  | 1256/1728 [04:46<01:10,  6.74it/s]Block (0,11,6) ok, attempt=1, duration=0.82s

Blocks:  73%|███████▎  | 1257/1728 [04:46<01:09,  6.81it/s]Block (1,8,4) root_id=864691135570956678
Block (11,7,4) ok, attempt=1, duration=1.58s

Blocks:  73%|███████▎  | 1258/1728 [04:46<01:16,  6.15it/s]Block (11,0,1) root_id=864691135570956678
Block (1,7,3) ok, attempt=1, duration=1.30s
Block (8,1,11) root_id=864691135570956678
Block (10,3,9) ok, attempt=1, duration=1.44s
Block (0,4,3) root_id=864691135570956678

Blocks:  73%|███████▎  | 1260/1728 [04:47<01:21,  5.73it/s]Block (5,5,2) ok, attempt=1, duration=1.30s

Blocks:  73%|███████▎  | 1261/1728 [04:47<01:36,  4.86it/s]Block (3,11,2) root_id=864691135570956678
Block (4,1,1) ok, attempt=1, duration=1.39s

Blocks:  73%|███████▎  | 1262/1728 [04:47<01:27,  5.33it/s]Block (6,4,5) root_id=864691135570956678
Block (9,5,6) ok, attempt=1, duration=1.30s
Block (10,9,7) ok, attempt=1, duration=1.53s
Block (1,11,9) root_id=864691135570956678
Block (3,0,11) root_id=864691135570956678

Blocks:  73%|███████▎  | 1264/1728 [04:47<01:01,  7.49it/s]Block (1,8,4) ok, attempt=1, duration=1.21s
Block (0,7,8) root_id=864691135570956678
Block (8,1,11) ok, attempt=1, duration=1.36s

Blocks:  73%|███████▎  | 1266/1728 [04:48<01:23,  5.56it/s]Block (10,10,8) root_id=864691135570956678
Block (11,0,1) ok, attempt=1, duration=1.53s
Block (10,2,4) root_id=864691135570956678
Block (0,4,3) ok, attempt=1, duration=1.45s

Blocks:  73%|███████▎  | 1268/1728 [04:48<01:23,  5.52it/s]Block (9,6,7) root_id=864691135570956678
Block (1,11,9) ok, attempt=1, duration=1.00s

Blocks:  73%|███████▎  | 1269/1728 [04:48<01:16,  5.98it/s]Block (7,9,1) root_id=864691135570956678
Block (6,4,5) ok, attempt=1, duration=1.31s

Blocks:  73%|███████▎  | 1270/1728 [04:49<01:21,  5.61it/s]Block (5,9,8) root_id=864691135570956678
Block (0,7,8) ok, attempt=1, duration=1.28s

Blocks:  74%|███████▎  | 1271/1728 [04:49<01:13,  6.24it/s]Block (6,5,6) root_id=864691135570956678
Block (3,11,2) ok, attempt=1, duration=1.78s

Blocks:  74%|███████▎  | 1272/1728 [04:49<01:20,  5.64it/s]Block (4,5,7) root_id=864691135570956678
Block (3,0,11) ok, attempt=1, duration=1.69s

Blocks:  74%|███████▎  | 1273/1728 [04:49<01:16,  5.91it/s]Block (1,4,6) root_id=864691135570956678
Block (10,2,4) ok, attempt=1, duration=1.23s

Blocks:  74%|███████▎  | 1274/1728 [04:49<01:11,  6.31it/s]Block (11,3,11) root_id=864691135570956678
Block (10,10,8) ok, attempt=1, duration=1.52s

Blocks:  74%|███████▍  | 1275/1728 [04:49<01:19,  5.67it/s]Block (1,3,10) root_id=864691135570956678
Block (9,6,7) ok, attempt=1, duration=1.39s

Blocks:  74%|███████▍  | 1276/1728 [04:50<01:27,  5.18it/s]Block (7,10,2) root_id=864691135570956678
Block (7,9,1) ok, attempt=1, duration=1.47s

Blocks:  74%|███████▍  | 1277/1728 [04:50<01:26,  5.21it/s]Block (10,6,10) root_id=864691135570956678
Block (6,5,6) ok, attempt=1, duration=1.20s
Block (2,9,2) root_id=864691135570956678
Block (1,4,6) ok, attempt=1, duration=1.02s

Blocks:  74%|███████▍  | 1279/1728 [04:50<01:11,  6.31it/s]Block (5,9,8) ok, attempt=1, duration=1.50s
Block (9,2,9) root_id=864691135570956678
Block (5,1,9) root_id=864691135570956678
Block (4,5,7) ok, attempt=1, duration=1.41s

Blocks:  74%|███████▍  | 1281/1728 [04:50<01:05,  6.83it/s]Block (2,8,6) root_id=864691135570956678
Block (11,3,11) ok, attempt=1, duration=1.19s
Block (8,8,9) root_id=864691135570956678
Block (1,3,10) ok, attempt=1, duration=1.24s

Blocks:  74%|███████▍  | 1283/1728 [04:51<01:08,  6.50it/s]Block (0,11,1) root_id=864691135570956678
Block (7,10,2) ok, attempt=1, duration=1.31s

Blocks:  74%|███████▍  | 1284/1728 [04:51<01:21,  5.45it/s]Block (8,0,5) root_id=864691135570956678
Block (2,8,6) ok, attempt=1, duration=0.98s

Blocks:  74%|███████▍  | 1285/1728 [04:51<01:37,  4.53it/s]Block (2,11,11) root_id=864691135570956678
Block (2,9,2) ok, attempt=1, duration=1.73s
Block (9,2,9) ok, attempt=1, duration=1.56s

Blocks:  74%|███████▍  | 1286/1728 [04:52<01:48,  4.06it/s]Block (3,7,9) root_id=864691135570956678
Block (10,6,10) ok, attempt=1, duration=1.83s
Block (11,10,10) root_id=864691135570956678
Block (0,11,1) ok, attempt=1, duration=1.01s
Block (10,9,2) root_id=864691135570956678
Block (9,5,1) root_id=864691135570956678
Block (5,1,9) ok, attempt=1, duration=1.64s
Block (7,5,8) root_id=864691135570956678
Block (8,8,9) ok, attempt=1, duration=1.55s

Blocks:  75%|███████▍  | 1291/1728 [04:52<00:56,  7.77it/s]Block (6,4,0) root_id=864691135570956678
Block (8,0,5) ok, attempt=1, duration=1.34s

Blocks:  75%|███████▍  | 1292/1728 [04:52<01:11,  6.11it/s]Block (8,1,6) root_id=864691135570956678
Block (2,11,11) ok, attempt=1, duration=1.24s

Blocks:  75%|███████▍  | 1293/1728 [04:53<01:17,  5.59it/s]Block (2,4,8) root_id=864691135570956678
Block (11,10,10) ok, attempt=1, duration=1.47s
Block (3,7,9) ok, attempt=1, duration=1.48s

Blocks:  75%|███████▍  | 1294/1728 [04:53<01:52,  3.87it/s]Block (3,8,10) root_id=864691135570956678
Block (1,11,4) root_id=864691135570956678
Block (9,5,1) ok, attempt=1, duration=1.57s
Block (7,5,8) ok, attempt=1, duration=1.52s

Blocks:  75%|███████▌  | 1296/1728 [04:53<01:21,  5.32it/s]Block (8,4,11) root_id=864691135570956678
Block (0,7,3) root_id=864691135570956678
Block (10,9,2) ok, attempt=1, duration=1.66s
Block (11,2,5) root_id=864691135570956678
Block (6,4,0) ok, attempt=1, duration=1.48s

Blocks:  75%|███████▌  | 1299/1728 [04:53<00:57,  7.42it/s]Block (10,10,3) root_id=864691135570956678
Block (8,1,6) ok, attempt=1, duration=1.36s

Blocks:  75%|███████▌  | 1300/1728 [04:54<01:03,  6.77it/s]Block (9,6,2) root_id=864691135570956678
Block (2,4,8) ok, attempt=1, duration=1.26s
Block (5,9,3) root_id=864691135570956678

Blocks:  75%|███████▌  | 1301/1728 [04:54<01:03,  6.67it/s]Block (1,11,4) ok, attempt=1, duration=1.18s

Blocks:  75%|███████▌  | 1302/1728 [04:54<01:35,  4.48it/s]Block (7,6,9) root_id=864691135570956678
Block (0,7,3) ok, attempt=1, duration=1.19s

Blocks:  75%|███████▌  | 1303/1728 [04:54<01:26,  4.91it/s]Block (6,5,1) root_id=864691135570956678
Block (10,10,3) ok, attempt=1, duration=1.11s

Blocks:  75%|███████▌  | 1304/1728 [04:55<01:16,  5.53it/s]Block (4,5,2) root_id=864691135570956678
Block (3,8,10) ok, attempt=1, duration=1.52s
Block (9,9,7) root_id=864691135570956678
Block (11,2,5) ok, attempt=1, duration=1.46s

Blocks:  76%|███████▌  | 1306/1728 [04:55<01:05,  6.49it/s]Block (2,5,9) root_id=864691135570956678
Block (8,4,11) ok, attempt=1, duration=1.70s

Blocks:  76%|███████▌  | 1307/1728 [04:55<01:05,  6.47it/s]Block (1,4,1) root_id=864691135570956678
Block (5,9,3) ok, attempt=1, duration=1.24s

Blocks:  76%|███████▌  | 1308/1728 [04:55<01:02,  6.75it/s]Block (11,11,10) root_id=864691135570956678
Block (9,6,2) ok, attempt=1, duration=1.67s

Blocks:  76%|███████▌  | 1309/1728 [04:55<01:14,  5.65it/s]Block (11,3,6) root_id=864691135570956678
Block (6,5,1) ok, attempt=1, duration=1.05s

Blocks:  76%|███████▌  | 1310/1728 [04:56<01:14,  5.62it/s]Block (8,11,10) root_id=864691135570956678
Block (7,6,9) ok, attempt=1, duration=1.59s

Blocks:  76%|███████▌  | 1311/1728 [04:56<01:36,  4.30it/s]Block (0,2,9) root_id=864691135570956678
Block (4,5,2) ok, attempt=1, duration=1.41s
Block (5,1,4) root_id=864691135570956678
Block (9,9,7) ok, attempt=1, duration=1.39s

Blocks:  76%|███████▌  | 1313/1728 [04:56<01:08,  6.10it/s]Block (10,5,9) root_id=864691135570956678
Block (2,5,9) ok, attempt=1, duration=1.43s

Blocks:  76%|███████▌  | 1314/1728 [04:56<01:09,  5.93it/s]Block (2,8,1) root_id=864691135570956678
Block (1,4,1) ok, attempt=1, duration=1.55s

Blocks:  76%|███████▌  | 1315/1728 [04:57<01:20,  5.12it/s]Block (8,8,4) root_id=864691135570956678
Block (11,11,10) ok, attempt=1, duration=1.64s

Blocks:  76%|███████▌  | 1316/1728 [04:57<01:26,  4.78it/s]Block (11,3,6) ok, attempt=1, duration=1.43s
Block (9,1,8) root_id=864691135570956678
Block (5,4,9) root_id=864691135570956678
Block (0,2,9) ok, attempt=1, duration=1.05s
Block (6,8,11) root_id=864691135570956678

Blocks:  76%|███████▋  | 1318/1728 [04:57<01:05,  6.25it/s]Block (8,11,10) ok, attempt=1, duration=1.49s
Block (8,0,0) root_id=864691135570956678
Block (10,5,9) ok, attempt=1, duration=1.40s

Blocks:  76%|███████▋  | 1320/1728 [04:57<01:19,  5.13it/s]Block (6,0,7) root_id=864691135570956678
Block (5,1,4) ok, attempt=1, duration=1.57s

Blocks:  76%|███████▋  | 1321/1728 [04:58<01:11,  5.72it/s]Block (2,11,6) root_id=864691135570956678
Block (2,8,1) ok, attempt=1, duration=1.45s

Blocks:  77%|███████▋  | 1322/1728 [04:58<01:07,  5.99it/s]Block (4,0,8) root_id=864691135570956678
Block (9,1,8) ok, attempt=1, duration=1.43s

Blocks:  77%|███████▋  | 1323/1728 [04:58<01:39,  4.06it/s]Block (3,7,4) root_id=864691135570956678
Block (8,8,4) ok, attempt=1, duration=1.76s
Block (1,7,11) root_id=864691135570956678
Block (6,8,11) ok, attempt=1, duration=1.42s

Blocks:  77%|███████▋  | 1325/1728 [04:58<01:14,  5.43it/s]Block (11,10,5) root_id=864691135570956678
Block (8,0,0) ok, attempt=1, duration=1.40s
Block (0,3,10) root_id=864691135570956678
Block (5,4,9) ok, attempt=1, duration=1.68s
Block (7,5,3) root_id=864691135570956678
Block (6,0,7) ok, attempt=1, duration=1.44s
Block (5,5,10) root_id=864691135570956678

Blocks:  77%|███████▋  | 1328/1728 [04:59<01:12,  5.52it/s]Block (4,0,8) ok, attempt=1, duration=1.26s
Block (8,1,1) root_id=864691135570956678
Block (2,11,6) ok, attempt=1, duration=1.44s
Block (4,1,9) root_id=864691135570956678
Block (1,7,11) ok, attempt=1, duration=1.01s
Block (2,4,3) root_id=864691135570956678

Blocks:  77%|███████▋  | 1331/1728 [04:59<01:04,  6.13it/s]Block (11,10,5) ok, attempt=1, duration=1.21s
Block (3,8,5) root_id=864691135570956678

Blocks:  77%|███████▋  | 1332/1728 [05:00<01:12,  5.46it/s]Block (3,7,4) ok, attempt=1, duration=1.60s

Blocks:  77%|███████▋  | 1333/1728 [05:00<01:11,  5.49it/s]Block (8,4,6) root_id=864691135570956678
Block (0,3,10) ok, attempt=1, duration=1.41s
Block (1,0,8) root_id=864691135570956678
Block (7,5,3) ok, attempt=1, duration=1.49s

Blocks:  77%|███████▋  | 1335/1728 [05:00<00:59,  6.64it/s]Block (11,2,0) root_id=864691135570956678
Block (5,5,10) ok, attempt=1, duration=1.16s
Block (3,11,10) root_id=864691135570956678
Block (2,4,3) ok, attempt=1, duration=1.18s

Blocks:  77%|███████▋  | 1337/1728 [05:01<01:14,  5.22it/s]Block (4,1,9) ok, attempt=1, duration=1.52s
Block (6,7,6) root_id=864691135570956678
Block (1,6,6) root_id=864691135570956678
Block (8,1,1) ok, attempt=1, duration=1.82s
Block (3,8,5) ok, attempt=1, duration=1.19s

Blocks:  77%|███████▋  | 1339/1728 [05:01<01:06,  5.83it/s]Block (9,9,2) root_id=864691135570956678
Block (7,9,9) root_id=864691135570956678
Block (1,0,8) ok, attempt=1, duration=1.05s
Block (11,11,5) root_id=864691135570956678

Blocks:  78%|███████▊  | 1341/1728 [05:01<00:53,  7.29it/s]Block (8,4,6) ok, attempt=1, duration=1.51s

Blocks:  78%|███████▊  | 1342/1728 [05:01<01:12,  5.29it/s]Block (11,3,1) root_id=864691135570956678
Block (11,2,0) ok, attempt=1, duration=1.44s
Block (8,11,5) root_id=864691135570956678
Block (1,6,6) ok, attempt=1, duration=0.97s

Blocks:  78%|███████▊  | 1344/1728 [05:01<01:00,  6.40it/s]Block (3,11,10) ok, attempt=1, duration=1.44s
Block (3,3,11) root_id=864691135570956678
Block (0,10,8) root_id=864691135570956678
Block (7,9,9) ok, attempt=1, duration=1.12s

Blocks:  78%|███████▊  | 1346/1728 [05:02<01:04,  5.90it/s]Block (10,5,4) root_id=864691135570956678
Block (9,9,2) ok, attempt=1, duration=1.27s
Block (9,1,3) root_id=864691135570956678

Blocks:  78%|███████▊  | 1347/1728 [05:02<01:04,  5.94it/s]Block (6,7,6) ok, attempt=1, duration=1.66s

Blocks:  78%|███████▊  | 1348/1728 [05:02<01:01,  6.22it/s]Block (7,1,10) root_id=864691135570956678
Block (11,11,5) ok, attempt=1, duration=1.45s

Blocks:  78%|███████▊  | 1349/1728 [05:02<01:00,  6.26it/s]Block (5,4,4) root_id=864691135570956678
Block (8,11,5) ok, attempt=1, duration=1.04s
Block (2,11,1) root_id=864691135570956678
Block (0,10,8) ok, attempt=1, duration=1.17s

Blocks:  78%|███████▊  | 1351/1728 [05:03<01:01,  6.17it/s]Block (6,8,6) root_id=864691135570956678
Block (11,3,1) ok, attempt=1, duration=1.47s

Blocks:  78%|███████▊  | 1352/1728 [05:03<00:56,  6.60it/s]Block (4,8,7) root_id=864691135570956678
Block (3,3,11) ok, attempt=1, duration=1.53s

Blocks:  78%|███████▊  | 1353/1728 [05:03<01:07,  5.59it/s]Block (6,0,2) root_id=864691135570956678
Block (10,5,4) ok, attempt=1, duration=1.29s
Block (4,0,3) root_id=864691135570956678

Blocks:  78%|███████▊  | 1354/1728 [05:03<01:03,  5.92it/s]Block (9,1,3) ok, attempt=1, duration=1.39s

Blocks:  78%|███████▊  | 1355/1728 [05:03<01:09,  5.36it/s]Block (1,7,6) root_id=864691135570956678
Block (7,1,10) ok, attempt=1, duration=1.29s
Block (2,0,10) root_id=864691135570956678
Block (5,4,4) ok, attempt=1, duration=1.51s

Blocks:  79%|███████▊  | 1357/1728 [05:04<01:13,  5.02it/s]Block (0,11,9) root_id=864691135570956678
Block (4,8,7) ok, attempt=1, duration=1.30s

Blocks:  79%|███████▊  | 1358/1728 [05:04<01:15,  4.89it/s]Block (11,10,0) root_id=864691135570956678
Block (6,8,6) ok, attempt=1, duration=1.51s

Blocks:  79%|███████▊  | 1359/1728 [05:04<01:06,  5.58it/s]Block (5,5,5) root_id=864691135570956678
Block (1,7,6) ok, attempt=1, duration=0.91s

Blocks:  79%|███████▊  | 1360/1728 [05:04<01:06,  5.54it/s]Block (10,9,10) root_id=864691135570956678
Block (2,11,1) ok, attempt=1, duration=1.95s
Block (4,1,4) root_id=864691135570956678
Block (6,0,2) ok, attempt=1, duration=1.73s
Block (9,5,9) root_id=864691135570956678

Blocks:  79%|███████▉  | 1362/1728 [05:05<01:09,  5.27it/s]Block (2,0,10) ok, attempt=1, duration=1.39s
Block (8,4,1) root_id=864691135570956678
Block (0,11,9) ok, attempt=1, duration=1.02s
Block (6,7,1) root_id=864691135570956678

Blocks:  79%|███████▉  | 1364/1728 [05:05<00:50,  7.21it/s]Block (4,0,3) ok, attempt=1, duration=1.84s

Blocks:  79%|███████▉  | 1365/1728 [05:05<00:50,  7.15it/s]Block (1,6,1) root_id=864691135570956678
Block (11,10,0) ok, attempt=1, duration=1.39s

Blocks:  79%|███████▉  | 1366/1728 [05:05<01:16,  4.74it/s]Block (10,1,11) root_id=864691135570956678
Block (4,1,4) ok, attempt=1, duration=1.28s

Blocks:  79%|███████▉  | 1367/1728 [05:06<01:15,  4.81it/s]Block (9,8,1) root_id=864691135570956678
Block (10,9,10) ok, attempt=1, duration=1.36s
Block (5,11,2) root_id=864691135570956678
Block (5,5,5) ok, attempt=1, duration=1.67s

Blocks:  79%|███████▉  | 1369/1728 [05:06<00:57,  6.26it/s]Block (7,8,8) root_id=864691135570956678
Block (9,5,9) ok, attempt=1, duration=1.19s

Blocks:  79%|███████▉  | 1370/1728 [05:06<00:53,  6.65it/s]Block (7,0,4) root_id=864691135570956678
Block (8,4,1) ok, attempt=1, duration=1.38s

Blocks:  79%|███████▉  | 1371/1728 [05:06<01:04,  5.50it/s]Block (4,7,1) root_id=864691135570956678
Block (6,7,1) ok, attempt=1, duration=1.43s
Block (5,0,11) root_id=864691135570956678
Block (1,6,1) ok, attempt=1, duration=1.44s

Blocks:  79%|███████▉  | 1373/1728 [05:06<00:54,  6.54it/s]Block (2,7,8) root_id=864691135570956678
Block (5,11,2) ok, attempt=1, duration=1.22s
Block (8,11,0) root_id=864691135570956678

Blocks:  80%|███████▉  | 1374/1728 [05:07<01:18,  4.49it/s]Block (10,1,11) ok, attempt=1, duration=1.54s
Block (6,11,7) root_id=864691135570956678
Block (9,8,1) ok, attempt=1, duration=1.45s

Blocks:  80%|███████▉  | 1376/1728 [05:07<00:59,  5.89it/s]Block (0,10,3) root_id=864691135570956678
Block (7,8,8) ok, attempt=1, duration=1.33s
Block (11,6,7) root_id=864691135570956678
Block (7,0,4) ok, attempt=1, duration=1.95s

Blocks:  80%|███████▉  | 1378/1728 [05:08<01:30,  3.85it/s]Block (4,7,1) ok, attempt=1, duration=1.70s
Block (6,8,1) root_id=864691135570956678
Block (2,7,8) ok, attempt=1, duration=1.48s
Block (7,1,5) root_id=864691135570956678
Block (4,8,2) root_id=864691135570956678
Block (5,0,11) ok, attempt=1, duration=1.72s
Block (2,8,9) root_id=864691135570956678
Block (0,10,3) ok, attempt=1, duration=1.39s

Blocks:  80%|███████▉  | 1382/1728 [05:09<01:08,  5.03it/s]Block (1,7,1) root_id=864691135570956678
Block (6,11,7) ok, attempt=1, duration=1.62s
Block (7,4,10) root_id=864691135570956678

Blocks:  80%|████████  | 1383/1728 [05:09<01:05,  5.28it/s]Block (8,11,0) ok, attempt=1, duration=1.79s
Block (8,0,8) root_id=864691135570956678
Block (11,6,7) ok, attempt=1, duration=1.73s

Blocks:  80%|████████  | 1385/1728 [05:09<00:59,  5.77it/s]Block (6,3,8) root_id=864691135570956678
Block (4,8,2) ok, attempt=1, duration=1.27s

Blocks:  80%|████████  | 1386/1728 [05:09<01:08,  5.01it/s]Block (5,5,0) root_id=864691135570956678
Block (6,8,1) ok, attempt=1, duration=1.48s

Blocks:  80%|████████  | 1387/1728 [05:09<01:07,  5.04it/s]Block (3,10,5) root_id=864691135570956678
Block (2,8,9) ok, attempt=1, duration=1.43s
Block (10,9,5) root_id=864691135570956678
Block (7,4,10) ok, attempt=1, duration=1.05s

Blocks:  80%|████████  | 1389/1728 [05:10<00:59,  5.73it/s]Block (1,2,8) root_id=864691135570956678
Block (7,1,5) ok, attempt=1, duration=1.82s
Block (9,5,4) root_id=864691135570956678
Block (1,7,1) ok, attempt=1, duration=1.59s

Blocks:  80%|████████  | 1391/1728 [05:10<01:01,  5.51it/s]Block (5,7,9) root_id=864691135570956678
Block (6,3,8) ok, attempt=1, duration=1.31s

Blocks:  81%|████████  | 1392/1728 [05:10<00:58,  5.75it/s]Block (4,3,8) root_id=864691135570956678
Block (8,0,8) ok, attempt=1, duration=1.70s

Blocks:  81%|████████  | 1393/1728 [05:10<00:59,  5.63it/s]Block (11,2,8) root_id=864691135570956678
Block (10,9,5) ok, attempt=1, duration=1.16s

Blocks:  81%|████████  | 1394/1728 [05:11<01:02,  5.31it/s]Block (8,7,7) root_id=864691135570956678
Block (3,10,5) ok, attempt=1, duration=1.35s

Blocks:  81%|████████  | 1395/1728 [05:11<00:59,  5.63it/s]Block (0,6,10) root_id=864691135570956678
Block (1,2,8) ok, attempt=1, duration=1.33s
Block (5,5,0) ok, attempt=1, duration=1.80s

Blocks:  81%|████████  | 1396/1728 [05:11<01:07,  4.90it/s]Block (10,1,6) root_id=864691135570956678
Block (9,5,4) ok, attempt=1, duration=1.29s
Block (7,8,3) root_id=864691135570956678
Block (5,8,10) root_id=864691135570956678
Block (5,7,9) ok, attempt=1, duration=1.24s

Blocks:  81%|████████  | 1399/1728 [05:11<00:46,  7.01it/s]Block (5,0,6) root_id=864691135570956678
Block (4,3,8) ok, attempt=1, duration=1.47s

Blocks:  81%|████████  | 1400/1728 [05:12<01:01,  5.33it/s]Block (10,4,11) root_id=864691135570956678
Block (11,2,8) ok, attempt=1, duration=1.32s
Block (4,4,9) root_id=864691135570956678
Block (8,7,7) ok, attempt=1, duration=1.25s

Blocks:  81%|████████  | 1402/1728 [05:12<00:50,  6.45it/s]Block (7,11,8) root_id=864691135570956678
Block (7,8,3) ok, attempt=1, duration=1.22s

Blocks:  81%|████████  | 1403/1728 [05:12<01:07,  4.84it/s]Block (2,7,3) root_id=864691135570956678
Block (0,6,10) ok, attempt=1, duration=1.73s

Blocks:  81%|████████▏ | 1404/1728 [05:13<01:07,  4.78it/s]Block (6,11,2) root_id=864691135570956678
Block (5,8,10) ok, attempt=1, duration=1.50s
Block (1,3,8) root_id=864691135570956678
Block (10,1,6) ok, attempt=1, duration=1.57s

Blocks:  81%|████████▏ | 1406/1728 [05:13<00:48,  6.64it/s]Block (9,0,10) root_id=864691135570956678
Block (5,0,6) ok, attempt=1, duration=1.82s

Blocks:  81%|████████▏ | 1407/1728 [05:13<01:14,  4.32it/s]Block (11,6,2) root_id=864691135570956678
Block (4,4,9) ok, attempt=1, duration=1.54s

Blocks:  81%|████████▏ | 1408/1728 [05:13<01:07,  4.77it/s]Block (10,4,11) ok, attempt=1, duration=1.60s
Block (11,9,7) root_id=864691135570956678
Block (7,1,0) root_id=864691135570956678
Block (2,7,3) ok, attempt=1, duration=1.35s
Block (7,11,8) ok, attempt=1, duration=1.75s

Blocks:  82%|████████▏ | 1410/1728 [05:14<01:02,  5.12it/s]Block (5,1,7) root_id=864691135570956678
Block (2,8,4) root_id=864691135570956678
Block (6,11,2) ok, attempt=1, duration=1.29s

Blocks:  82%|████████▏ | 1412/1728 [05:14<00:48,  6.54it/s]Block (7,4,5) root_id=864691135570956678
Block (1,3,8) ok, attempt=1, duration=1.28s
Block (9,1,11) root_id=864691135570956678
Block (9,0,10) ok, attempt=1, duration=1.59s

Blocks:  82%|████████▏ | 1414/1728 [05:14<00:55,  5.70it/s]Block (8,0,3) root_id=864691135570956678
Block (11,9,7) ok, attempt=1, duration=1.09s
Block (2,11,9) root_id=864691135570956678

Blocks:  82%|████████▏ | 1415/1728 [05:14<00:55,  5.63it/s]Block (11,6,2) ok, attempt=1, duration=1.55s

Blocks:  82%|████████▏ | 1416/1728 [05:15<01:02,  4.95it/s]Block (4,0,11) root_id=864691135570956678
Block (7,1,0) ok, attempt=1, duration=1.58s

Blocks:  82%|████████▏ | 1417/1728 [05:15<01:00,  5.12it/s]Block (11,10,8) root_id=864691135570956678
Block (5,1,7) ok, attempt=1, duration=1.43s
Block (6,3,3) root_id=864691135570956678

Blocks:  82%|████████▏ | 1418/1728 [05:15<00:59,  5.18it/s]Block (2,8,4) ok, attempt=1, duration=1.50s
Block (3,10,0) root_id=864691135570956678
Block (7,4,5) ok, attempt=1, duration=1.47s
Block (10,9,0) root_id=864691135570956678

Blocks:  82%|████████▏ | 1420/1728 [05:15<00:48,  6.36it/s]Block (9,1,11) ok, attempt=1, duration=1.73s

Blocks:  82%|████████▏ | 1421/1728 [05:16<00:59,  5.19it/s]Block (1,10,7) root_id=864691135570956678
Block (8,0,3) ok, attempt=1, duration=1.43s
Block (6,6,8) root_id=864691135570956678
Block (2,11,9) ok, attempt=1, duration=1.38s

Blocks:  82%|████████▏ | 1423/1728 [05:16<00:44,  6.80it/s]Block (10,8,4) root_id=864691135570956678
Block (11,10,8) ok, attempt=1, duration=1.28s

Blocks:  82%|████████▏ | 1424/1728 [05:16<01:04,  4.71it/s]Block (9,4,3) root_id=864691135570956678
Block (1,10,7) ok, attempt=1, duration=0.80s

Blocks:  82%|████████▏ | 1425/1728 [05:16<01:03,  4.74it/s]Block (0,9,11) root_id=864691135570956678
Block (6,3,3) ok, attempt=1, duration=1.56s

Blocks:  83%|████████▎ | 1426/1728 [05:17<01:04,  4.67it/s]Block (5,7,4) root_id=864691135570956678
Block (4,0,11) ok, attempt=1, duration=1.97s
Block (4,11,7) root_id=864691135570956678
Block (10,8,4) ok, attempt=1, duration=1.10s

Blocks:  83%|████████▎ | 1428/1728 [05:17<00:51,  5.82it/s]Block (4,3,3) root_id=864691135570956678
Block (3,10,0) ok, attempt=1, duration=1.82s
Block (9,7,8) root_id=864691135570956678

Blocks:  83%|████████▎ | 1429/1728 [05:17<00:46,  6.38it/s]Block (6,6,8) ok, attempt=1, duration=1.38s
Block (11,2,3) root_id=864691135570956678
Block (10,9,0) ok, attempt=1, duration=1.88s

Blocks:  83%|████████▎ | 1431/1728 [05:17<00:39,  7.49it/s]Block (2,3,10) root_id=864691135570956678
Block (0,9,11) ok, attempt=1, duration=0.95s

Blocks:  83%|████████▎ | 1432/1728 [05:17<00:44,  6.70it/s]Block (8,7,2) root_id=864691135570956678
Block (9,4,3) ok, attempt=1, duration=1.36s

Blocks:  83%|████████▎ | 1433/1728 [05:18<00:46,  6.33it/s]Block (6,7,9) root_id=864691135570956678
Block (5,7,4) ok, attempt=1, duration=0.99s
Block (0,6,5) root_id=864691135570956678
Block (4,11,7) ok, attempt=1, duration=1.43s

Blocks:  83%|████████▎ | 1435/1728 [05:18<01:01,  4.76it/s]Block (10,1,1) root_id=864691135570956678
Block (4,3,3) ok, attempt=1, duration=1.37s

Blocks:  83%|████████▎ | 1436/1728 [05:18<00:54,  5.38it/s]Block (1,6,9) root_id=864691135570956678
Block (0,6,5) ok, attempt=1, duration=1.01s
Block (9,7,8) ok, attempt=1, duration=1.68s

Blocks:  83%|████████▎ | 1437/1728 [05:19<01:10,  4.14it/s]Block (5,8,5) root_id=864691135570956678
Block (5,0,1) root_id=864691135570956678
Block (2,3,10) ok, attempt=1, duration=1.63s

Blocks:  83%|████████▎ | 1439/1728 [05:19<00:50,  5.76it/s]Block (10,4,6) root_id=864691135570956678
Block (11,2,3) ok, attempt=1, duration=1.86s

Blocks:  83%|████████▎ | 1440/1728 [05:19<00:47,  6.04it/s]Block (4,4,4) root_id=864691135570956678
Block (6,7,9) ok, attempt=1, duration=1.68s

Blocks:  83%|████████▎ | 1441/1728 [05:19<00:57,  5.00it/s]Block (9,8,9) root_id=864691135570956678
Block (1,6,9) ok, attempt=1, duration=1.40s
Block (8,7,2) ok, attempt=1, duration=2.27s

Blocks:  83%|████████▎ | 1442/1728 [05:20<01:11,  3.99it/s]Block (7,11,3) root_id=864691135570956678
Block (5,11,10) root_id=864691135570956678
Block (10,1,1) ok, attempt=1, duration=1.70s

Blocks:  84%|████████▎ | 1444/1728 [05:20<00:52,  5.37it/s]Block (9,0,5) root_id=864691135570956678
Block (10,4,6) ok, attempt=1, duration=1.23s
Block (4,7,9) root_id=864691135570956678

Blocks:  84%|████████▎ | 1445/1728 [05:20<00:53,  5.26it/s]Block (5,8,5) ok, attempt=1, duration=1.67s

Blocks:  84%|████████▎ | 1446/1728 [05:20<01:00,  4.67it/s]Block (11,9,2) root_id=864691135570956678
Block (5,0,1) ok, attempt=1, duration=1.78s
Block (9,8,9) ok, attempt=1, duration=1.18s
Block (3,6,7) root_id=864691135570956678

Blocks:  84%|████████▍ | 1448/1728 [05:20<00:40,  6.85it/s]Block (10,5,7) root_id=864691135570956678
Block (4,4,4) ok, attempt=1, duration=1.60s

Blocks:  84%|████████▍ | 1449/1728 [05:21<00:39,  7.05it/s]Block (1,9,1) root_id=864691135570956678
Block (5,11,10) ok, attempt=1, duration=1.19s

Blocks:  84%|████████▍ | 1450/1728 [05:21<00:49,  5.65it/s]Block (9,1,6) root_id=864691135570956678
Block (7,11,3) ok, attempt=1, duration=1.31s

Blocks:  84%|████████▍ | 1451/1728 [05:21<00:44,  6.24it/s]Block (0,5,0) root_id=864691135570956678
Block (9,0,5) ok, attempt=1, duration=1.37s

Blocks:  84%|████████▍ | 1452/1728 [05:21<00:51,  5.34it/s]Block (7,4,0) root_id=864691135570956678
Block (3,6,7) ok, attempt=1, duration=1.00s

Blocks:  84%|████████▍ | 1453/1728 [05:21<00:53,  5.13it/s]Block (2,11,4) root_id=864691135570956678
Block (4,7,9) ok, attempt=1, duration=1.49s

Blocks:  84%|████████▍ | 1454/1728 [05:22<00:47,  5.71it/s]Block (10,11,5) root_id=864691135570956678
Block (10,5,7) ok, attempt=1, duration=1.47s

Blocks:  84%|████████▍ | 1455/1728 [05:22<01:01,  4.43it/s]Block (5,3,11) root_id=864691135570956678
Block (11,9,2) ok, attempt=1, duration=1.59s
Block (2,10,8) root_id=864691135570956678
Block (1,9,1) ok, attempt=1, duration=1.41s
Block (1,10,2) root_id=864691135570956678
Block (9,1,6) ok, attempt=1, duration=1.36s

Blocks:  84%|████████▍ | 1458/1728 [05:22<00:42,  6.40it/s]Block (6,6,3) root_id=864691135570956678
Block (0,5,0) ok, attempt=1, duration=1.49s

Blocks:  84%|████████▍ | 1459/1728 [05:22<00:46,  5.74it/s]Block (8,3,9) root_id=864691135570956678
Block (2,11,4) ok, attempt=1, duration=1.27s

Blocks:  84%|████████▍ | 1460/1728 [05:23<00:52,  5.10it/s]Block (3,2,9) root_id=864691135570956678
Block (10,11,5) ok, attempt=1, duration=1.24s
Block (0,9,6) root_id=864691135570956678
Block (7,4,0) ok, attempt=1, duration=1.67s
Block (4,11,2) root_id=864691135570956678

Blocks:  85%|████████▍ | 1462/1728 [05:23<00:40,  6.50it/s]Block (5,3,11) ok, attempt=1, duration=1.15s

Blocks:  85%|████████▍ | 1463/1728 [05:23<00:40,  6.47it/s]Block (9,7,3) root_id=864691135570956678
Block (1,10,2) ok, attempt=1, duration=1.22s

Blocks:  85%|████████▍ | 1464/1728 [05:23<00:39,  6.69it/s]Block (7,7,10) root_id=864691135570956678
Block (2,10,8) ok, attempt=1, duration=1.54s

Blocks:  85%|████████▍ | 1465/1728 [05:23<00:48,  5.46it/s]Block (6,7,4) root_id=864691135570956678
Block (8,3,9) ok, attempt=1, duration=1.27s

Blocks:  85%|████████▍ | 1466/1728 [05:24<00:55,  4.74it/s]Block (0,6,0) root_id=864691135570956678
Block (0,9,6) ok, attempt=1, duration=0.97s
Block (1,6,4) root_id=864691135570956678
Block (6,6,3) ok, attempt=1, duration=1.59s
Block (5,8,0) root_id=864691135570956678
Block (4,11,2) ok, attempt=1, duration=1.22s

Blocks:  85%|████████▌ | 1469/1728 [05:24<00:41,  6.17it/s]Block (11,5,9) root_id=864691135570956678
Block (3,2,9) ok, attempt=1, duration=1.47s
Block (10,4,1) root_id=864691135570956678
Block (9,7,3) ok, attempt=1, duration=1.30s

Blocks:  85%|████████▌ | 1471/1728 [05:24<00:38,  6.70it/s]Block (9,8,4) root_id=864691135570956678
Block (1,6,4) ok, attempt=1, duration=0.76s

Blocks:  85%|████████▌ | 1472/1728 [05:25<00:40,  6.32it/s]Block (5,11,5) root_id=864691135570956678
Block (6,7,4) ok, attempt=1, duration=1.35s

Blocks:  85%|████████▌ | 1473/1728 [05:25<00:45,  5.56it/s]Block (7,8,11) root_id=864691135570956678
Block (7,7,10) ok, attempt=1, duration=1.83s

Blocks:  85%|████████▌ | 1474/1728 [05:25<00:48,  5.23it/s]Block (9,0,0) root_id=864691135570956678
Block (5,8,0) ok, attempt=1, duration=1.26s
Block (7,0,7) root_id=864691135570956678
Block (0,6,0) ok, attempt=1, duration=1.45s

Blocks:  85%|████████▌ | 1476/1728 [05:25<00:37,  6.74it/s]Block (4,7,4) root_id=864691135570956678
Block (10,4,1) ok, attempt=1, duration=1.26s

Blocks:  85%|████████▌ | 1477/1728 [05:25<00:41,  6.05it/s]Block (2,7,11) root_id=864691135570956678
Block (11,5,9) ok, attempt=1, duration=1.42s

Blocks:  86%|████████▌ | 1478/1728 [05:26<00:37,  6.64it/s]Block (3,6,2) root_id=864691135570956678
Block (5,11,5) ok, attempt=1, duration=1.19s

Blocks:  86%|████████▌ | 1479/1728 [05:26<00:40,  6.20it/s]Block (8,10,7) root_id=864691135570956678
Block (9,8,4) ok, attempt=1, duration=1.60s

Blocks:  86%|████████▌ | 1480/1728 [05:26<00:44,  5.54it/s]Block (8,2,3) root_id=864691135570956678
Block (7,8,11) ok, attempt=1, duration=1.21s
Block (6,2,10) root_id=864691135570956678
Block (2,7,11) ok, attempt=1, duration=1.12s

Blocks:  86%|████████▌ | 1482/1728 [05:27<00:56,  4.32it/s]Block (3,9,7) root_id=864691135570956678
Block (4,7,4) ok, attempt=1, duration=1.41s
Block (1,1,10) root_id=864691135570956678
Block (9,0,0) ok, attempt=1, duration=1.69s

Blocks:  86%|████████▌ | 1484/1728 [05:27<00:42,  5.71it/s]Block (7,0,7) ok, attempt=1, duration=1.67s
Block (10,11,0) root_id=864691135570956678
Block (3,6,2) ok, attempt=1, duration=1.20s
Block (5,3,6) root_id=864691135570956678
Block (2,10,3) root_id=864691135570956678
Block (8,2,3) ok, attempt=1, duration=1.05s
Block (9,3,10) root_id=864691135570956678

Blocks:  86%|████████▌ | 1487/1728 [05:27<00:33,  7.20it/s]Block (8,10,7) ok, attempt=1, duration=1.37s
Block (5,6,11) root_id=864691135570956678
Block (3,9,7) ok, attempt=1, duration=0.94s

Blocks:  86%|████████▌ | 1489/1728 [05:28<00:41,  5.75it/s]Block (8,3,4) root_id=864691135570956678
Block (6,2,10) ok, attempt=1, duration=1.63s

Blocks:  86%|████████▌ | 1490/1728 [05:28<00:40,  5.94it/s]Block (6,3,11) root_id=864691135570956678
Block (2,10,3) ok, attempt=1, duration=1.24s

Blocks:  86%|████████▋ | 1491/1728 [05:28<00:46,  5.06it/s]Block (5,3,6) ok, attempt=1, duration=1.25s
Block (4,2,10) root_id=864691135570956678
Block (3,10,8) root_id=864691135570956678
Block (1,1,10) ok, attempt=1, duration=1.41s
Block (0,9,1) root_id=864691135570956678
Block (9,3,10) ok, attempt=1, duration=1.18s

Blocks:  86%|████████▋ | 1494/1728 [05:28<00:32,  7.21it/s]Block (1,2,11) root_id=864691135570956678
Block (10,11,0) ok, attempt=1, duration=1.54s
Block (11,4,3) root_id=864691135570956678
Block (5,6,11) ok, attempt=1, duration=1.40s

Blocks:  87%|████████▋ | 1496/1728 [05:28<00:33,  6.94it/s]Block (10,0,8) root_id=864691135570956678
Block (8,3,4) ok, attempt=1, duration=1.09s

Blocks:  87%|████████▋ | 1497/1728 [05:29<00:32,  7.20it/s]Block (7,7,5) root_id=864691135570956678
Block (6,3,11) ok, attempt=1, duration=1.25s

Blocks:  87%|████████▋ | 1498/1728 [05:29<00:39,  5.79it/s]Block (9,4,11) root_id=864691135570956678
Block (1,2,11) ok, attempt=1, duration=0.80s
Block (4,3,11) root_id=864691135570956678
Block (0,9,1) ok, attempt=1, duration=1.14s

Blocks:  87%|████████▋ | 1500/1728 [05:29<00:35,  6.34it/s]Block (11,5,4) root_id=864691135570956678
Block (4,2,10) ok, attempt=1, duration=1.30s
Block (1,5,3) root_id=864691135570956678
Block (3,10,8) ok, attempt=1, duration=1.40s

Blocks:  87%|████████▋ | 1502/1728 [05:29<00:32,  7.00it/s]Block (6,9,8) root_id=864691135570956678
Block (11,4,3) ok, attempt=1, duration=1.45s

Blocks:  87%|████████▋ | 1503/1728 [05:30<00:38,  5.80it/s]Block (5,11,0) root_id=864691135570956678
Block (4,3,11) ok, attempt=1, duration=0.98s

Blocks:  87%|████████▋ | 1504/1728 [05:30<00:42,  5.22it/s]Block (7,0,2) root_id=864691135570956678
Block (10,0,8) ok, attempt=1, duration=1.67s

Blocks:  87%|████████▋ | 1505/1728 [05:30<00:44,  5.05it/s]Block (10,7,7) root_id=864691135570956678
Block (1,5,3) ok, attempt=1, duration=1.18s
Block (2,6,10) root_id=864691135570956678

Blocks:  87%|████████▋ | 1506/1728 [05:30<00:48,  4.59it/s]Block (7,7,5) ok, attempt=1, duration=1.88s
Block (8,10,2) root_id=864691135570956678
Block (9,4,11) ok, attempt=1, duration=1.59s
Block (6,10,9) root_id=864691135570956678
Block (11,5,4) ok, attempt=1, duration=1.38s

Blocks:  87%|████████▋ | 1509/1728 [05:31<00:26,  8.16it/s]Block (6,2,5) root_id=864691135570956678
Block (5,11,0) ok, attempt=1, duration=0.93s
Block (3,9,2) root_id=864691135570956678
Block (6,9,8) ok, attempt=1, duration=1.39s

Blocks:  87%|████████▋ | 1511/1728 [05:31<00:26,  8.04it/s]Block (1,9,9) root_id=864691135570956678
Block (7,0,2) ok, attempt=1, duration=0.96s
Block (0,5,8) root_id=864691135570956678
Block (3,9,2) ok, attempt=1, duration=1.17s

Blocks:  88%|████████▊ | 1513/1728 [05:32<00:52,  4.07it/s]Block (5,3,1) root_id=864691135570956678
Block (0,5,8) ok, attempt=1, duration=0.96s
Block (10,7,7) ok, attempt=1, duration=1.73s

Blocks:  88%|████████▊ | 1515/1728 [05:32<00:39,  5.41it/s]Block (11,0,10) root_id=864691135570956678
Block (1,9,9) ok, attempt=1, duration=1.11s
Block (9,11,9) root_id=864691135570956678
Block (9,3,5) root_id=864691135570956678
Block (6,10,9) ok, attempt=1, duration=1.55s

Blocks:  88%|████████▊ | 1517/1728 [05:32<00:31,  6.77it/s]Block (5,6,6) root_id=864691135570956678
Block (2,6,10) ok, attempt=1, duration=1.62s
Block (4,10,9) root_id=864691135570956678
Block (8,10,2) ok, attempt=1, duration=1.65s
Block (6,3,6) root_id=864691135570956678
Block (6,2,5) ok, attempt=1, duration=1.64s

Blocks:  88%|████████▊ | 1520/1728 [05:32<00:22,  9.28it/s]Block (3,10,3) root_id=864691135570956678
Block (5,3,1) ok, attempt=1, duration=1.06s
Block (4,2,5) root_id=864691135570956678
Block (9,11,9) ok, attempt=1, duration=1.22s

Blocks:  88%|████████▊ | 1522/1728 [05:33<00:43,  4.77it/s]Block (6,6,11) root_id=864691135570956678
Block (3,10,3) ok, attempt=1, duration=1.13s
Block (10,8,7) root_id=864691135570956678
Block (9,3,5) ok, attempt=1, duration=1.44s

Blocks:  88%|████████▊ | 1524/1728 [05:33<00:37,  5.50it/s]Block (11,1,11) root_id=864691135570956678
Block (4,10,9) ok, attempt=1, duration=1.39s
Block (10,0,3) root_id=864691135570956678
Block (6,3,6) ok, attempt=1, duration=1.35s
Block (9,4,6) root_id=864691135570956678

Blocks:  88%|████████▊ | 1526/1728 [05:34<00:30,  6.65it/s]Block (5,6,6) ok, attempt=1, duration=1.51s
Block (7,7,0) root_id=864691135570956678
Block (11,0,10) ok, attempt=1, duration=1.82s
Block (5,7,7) root_id=864691135570956678

Blocks:  88%|████████▊ | 1528/1728 [05:34<00:27,  7.18it/s]Block (4,2,5) ok, attempt=1, duration=0.99s
Block (4,3,6) root_id=864691135570956678
Block (6,6,11) ok, attempt=1, duration=1.07s
Block (9,7,11) root_id=864691135570956678

Blocks:  89%|████████▊ | 1530/1728 [05:34<00:33,  5.91it/s]Block (10,8,7) ok, attempt=1, duration=1.34s

Blocks:  89%|████████▊ | 1531/1728 [05:35<00:43,  4.56it/s]Block (7,10,11) root_id=864691135570956678
Block (11,1,11) ok, attempt=1, duration=1.37s
Block (6,9,3) root_id=864691135570956678
Block (9,4,6) ok, attempt=1, duration=1.36s
Block (8,6,9) root_id=864691135570956678

Blocks:  89%|████████▊ | 1533/1728 [05:35<00:34,  5.61it/s]Block (7,7,0) ok, attempt=1, duration=1.35s
Block (2,9,11) root_id=864691135570956678
Block (4,3,6) ok, attempt=1, duration=1.13s

Blocks:  89%|████████▉ | 1535/1728 [05:35<00:27,  6.98it/s]Block (5,7,7) ok, attempt=1, duration=1.28s
Block (3,5,9) root_id=864691135570956678
Block (10,7,2) root_id=864691135570956678
Block (10,0,3) ok, attempt=1, duration=1.75s

Blocks:  89%|████████▉ | 1537/1728 [05:35<00:25,  7.46it/s]Block (2,6,5) root_id=864691135570956678
Block (9,7,11) ok, attempt=1, duration=1.36s

Blocks:  89%|████████▉ | 1538/1728 [05:36<00:32,  5.80it/s]Block (6,10,4) root_id=864691135570956678
Block (2,9,11) ok, attempt=1, duration=1.11s

Blocks:  89%|████████▉ | 1539/1728 [05:36<00:43,  4.37it/s]Block (6,2,0) root_id=864691135570956678
Block (2,6,5) ok, attempt=1, duration=0.96s

Blocks:  89%|████████▉ | 1540/1728 [05:36<00:40,  4.64it/s]Block (3,6,10) root_id=864691135570956678
Block (7,10,11) ok, attempt=1, duration=1.78s
Block (10,7,2) ok, attempt=1, duration=1.44s

Blocks:  89%|████████▉ | 1541/1728 [05:36<00:42,  4.40it/s]Block (1,9,4) root_id=864691135570956678
Block (11,8,9) root_id=864691135570956678
Block (6,9,3) ok, attempt=1, duration=1.77s
Block (8,2,11) root_id=864691135570956678
Block (3,5,9) ok, attempt=1, duration=1.61s

Blocks:  89%|████████▉ | 1544/1728 [05:37<00:26,  7.04it/s]Block (0,5,3) root_id=864691135570956678
Block (8,6,9) ok, attempt=1, duration=1.84s
Block (11,0,5) root_id=864691135570956678
Block (6,10,4) ok, attempt=1, duration=1.36s

Blocks:  89%|████████▉ | 1546/1728 [05:37<00:26,  6.96it/s]Block (9,11,4) root_id=864691135570956678
Block (6,2,0) ok, attempt=1, duration=1.29s

Blocks:  90%|████████▉ | 1547/1728 [05:37<00:34,  5.29it/s]Block (9,3,0) root_id=864691135570956678
Block (1,9,4) ok, attempt=1, duration=0.97s
Block (5,6,1) root_id=864691135570956678

Blocks:  90%|████████▉ | 1548/1728 [05:37<00:31,  5.73it/s]Block (3,6,10) ok, attempt=1, duration=1.48s
Block (7,3,7) root_id=864691135570956678

Blocks:  90%|████████▉ | 1549/1728 [05:38<00:34,  5.17it/s]Block (0,5,3) ok, attempt=1, duration=1.15s

Blocks:  90%|████████▉ | 1550/1728 [05:38<00:30,  5.86it/s]Block (4,10,4) root_id=864691135570956678
Block (11,0,5) ok, attempt=1, duration=1.16s
Block (10,11,8) root_id=864691135570956678
Block (8,2,11) ok, attempt=1, duration=1.41s

Blocks:  90%|████████▉ | 1552/1728 [05:38<00:22,  7.87it/s]Block (2,10,11) root_id=864691135570956678
Block (11,8,9) ok, attempt=1, duration=1.60s

Blocks:  90%|████████▉ | 1553/1728 [05:38<00:22,  7.90it/s]Block (4,2,0) root_id=864691135570956678
Block (9,3,0) ok, attempt=1, duration=1.02s

Blocks:  90%|████████▉ | 1554/1728 [05:38<00:28,  6.02it/s]Block (11,1,6) root_id=864691135570956678
Block (9,11,4) ok, attempt=1, duration=1.44s
Block (10,8,2) root_id=864691135570956678
Block (5,6,1) ok, attempt=1, duration=1.42s
Block (9,4,1) root_id=864691135570956678

Blocks:  90%|█████████ | 1556/1728 [05:39<00:34,  4.95it/s]Block (7,3,7) ok, attempt=1, duration=1.32s

Blocks:  90%|█████████ | 1557/1728 [05:39<00:32,  5.21it/s]Block (6,5,10) root_id=864691135570956678
Block (2,10,11) ok, attempt=1, duration=1.35s
Block (5,7,2) root_id=864691135570956678

Blocks:  90%|█████████ | 1558/1728 [05:39<00:36,  4.66it/s]Block (11,1,6) ok, attempt=1, duration=1.21s
Block (11,4,11) root_id=864691135570956678

Blocks:  90%|█████████ | 1559/1728 [05:40<00:38,  4.36it/s]Block (10,11,8) ok, attempt=1, duration=1.74s
Block (4,3,1) root_id=864691135570956678
Block (4,10,4) ok, attempt=1, duration=1.86s
Block (1,4,10) root_id=864691135570956678

Blocks:  90%|█████████ | 1561/1728 [05:40<00:25,  6.52it/s]Block (10,8,2) ok, attempt=1, duration=1.43s

Blocks:  90%|█████████ | 1562/1728 [05:40<00:25,  6.44it/s]Block (9,7,6) root_id=864691135570956678
Block (4,2,0) ok, attempt=1, duration=1.82s
Block (0,0,9) root_id=864691135570956678
Block (9,4,1) ok, attempt=1, duration=1.31s

Blocks:  91%|█████████ | 1564/1728 [05:40<00:26,  6.17it/s]Block (7,10,6) root_id=864691135570956678
Block (6,5,10) ok, attempt=1, duration=1.31s
Block (7,2,2) root_id=864691135570956678

Blocks:  91%|█████████ | 1565/1728 [05:40<00:26,  6.16it/s]Block (5,7,2) ok, attempt=1, duration=1.09s
Block (8,6,4) root_id=864691135570956678
Block (4,3,1) ok, attempt=1, duration=1.26s

Blocks:  91%|█████████ | 1567/1728 [05:41<00:33,  4.84it/s]Block (2,9,6) root_id=864691135570956678
Block (0,0,9) ok, attempt=1, duration=1.07s
Block (3,5,4) root_id=864691135570956678
Block (1,4,10) ok, attempt=1, duration=1.43s
Block (8,9,9) root_id=864691135570956678

Blocks:  91%|█████████ | 1569/1728 [05:41<00:27,  5.87it/s]Block (11,4,11) ok, attempt=1, duration=1.66s
Block (1,5,11) root_id=864691135570956678

Blocks:  91%|█████████ | 1570/1728 [05:41<00:25,  6.12it/s]Block (9,7,6) ok, attempt=1, duration=1.62s

Blocks:  91%|█████████ | 1571/1728 [05:41<00:27,  5.76it/s]Block (0,1,10) root_id=864691135570956678
Block (8,6,4) ok, attempt=1, duration=1.14s
Block (10,3,8) root_id=864691135570956678
Block (7,10,6) ok, attempt=1, duration=1.52s

Blocks:  91%|█████████ | 1573/1728 [05:42<00:23,  6.51it/s]Block (2,6,0) root_id=864691135570956678
Block (2,9,6) ok, attempt=1, duration=1.26s

Blocks:  91%|█████████ | 1574/1728 [05:42<00:34,  4.44it/s]Block (5,2,8) root_id=864691135570956678
Block (3,5,4) ok, attempt=1, duration=1.40s

Blocks:  91%|█████████ | 1575/1728 [05:42<00:33,  4.62it/s]Block (7,2,2) ok, attempt=1, duration=2.03s
Block (4,6,11) root_id=864691135570956678
Block (8,10,10) root_id=864691135570956678
Block (8,9,9) ok, attempt=1, duration=1.33s
Block (8,2,6) root_id=864691135570956678
Block (1,5,11) ok, attempt=1, duration=1.25s

Blocks:  91%|█████████▏| 1578/1728 [05:42<00:19,  7.76it/s]Block (11,8,4) root_id=864691135570956678
Block (0,1,10) ok, attempt=1, duration=1.18s
Block (11,0,0) root_id=864691135570956678
Block (10,3,8) ok, attempt=1, duration=1.37s

Blocks:  91%|█████████▏| 1580/1728 [05:43<00:22,  6.50it/s]Block (7,3,2) root_id=864691135570956678
Block (2,6,0) ok, attempt=1, duration=1.28s
Block (10,11,3) root_id=864691135570956678
Block (5,2,8) ok, attempt=1, duration=1.27s
Block (5,3,9) root_id=864691135570956678

Blocks:  92%|█████████▏| 1582/1728 [05:43<00:27,  5.23it/s]Block (8,10,10) ok, attempt=1, duration=1.31s

Blocks:  92%|█████████▏| 1583/1728 [05:44<00:28,  5.03it/s]Block (2,10,6) root_id=864691135570956678
Block (4,6,11) ok, attempt=1, duration=1.49s

Blocks:  92%|█████████▏| 1584/1728 [05:44<00:28,  5.10it/s]Block (11,1,1) root_id=864691135570956678
Block (8,2,6) ok, attempt=1, duration=1.48s
Block (5,9,7) root_id=864691135570956678
Block (10,11,3) ok, attempt=1, duration=1.07s

Blocks:  92%|█████████▏| 1586/1728 [05:44<00:22,  6.40it/s]Block (6,5,5) root_id=864691135570956678
Block (11,8,4) ok, attempt=1, duration=1.63s
Block (4,5,6) root_id=864691135570956678
Block (11,0,0) ok, attempt=1, duration=1.59s

Blocks:  92%|█████████▏| 1588/1728 [05:44<00:18,  7.59it/s]Block (11,4,6) root_id=864691135570956678
Block (5,3,9) ok, attempt=1, duration=1.09s

Blocks:  92%|█████████▏| 1589/1728 [05:45<00:23,  5.88it/s]Block (1,4,5) root_id=864691135570956678
Block (7,3,2) ok, attempt=1, duration=1.71s
Block (3,1,11) root_id=864691135570956678
Block (2,10,6) ok, attempt=1, duration=1.14s

Blocks:  92%|█████████▏| 1591/1728 [05:45<00:21,  6.23it/s]Block (0,8,8) root_id=864691135570956678
Block (11,1,1) ok, attempt=1, duration=1.21s
Block (7,10,1) root_id=864691135570956678

Blocks:  92%|█████████▏| 1592/1728 [05:45<00:24,  5.54it/s]Block (5,9,7) ok, attempt=1, duration=1.52s
Block (5,10,8) root_id=864691135570956678

Blocks:  92%|█████████▏| 1593/1728 [05:45<00:29,  4.52it/s]Block (1,4,5) ok, attempt=1, duration=1.02s

Blocks:  92%|█████████▏| 1594/1728 [05:46<00:27,  4.90it/s]Block (10,6,9) root_id=864691135570956678
Block (6,5,5) ok, attempt=1, duration=1.55s
Block (2,9,1) root_id=864691135570956678
Block (11,4,6) ok, attempt=1, duration=1.58s

Blocks:  92%|█████████▏| 1596/1728 [05:46<00:21,  6.25it/s]Block (9,2,8) root_id=864691135570956678
Block (4,5,6) ok, attempt=1, duration=1.73s
Block (1,5,6) root_id=864691135570956678
Block (0,8,8) ok, attempt=1, duration=1.21s

Blocks:  92%|█████████▏| 1598/1728 [05:46<00:18,  6.86it/s]Block (8,9,4) root_id=864691135570956678
Block (3,1,11) ok, attempt=1, duration=1.67s

Blocks:  93%|█████████▎| 1599/1728 [05:46<00:21,  5.96it/s]Block (6,9,11) root_id=864691135570956678
Block (7,10,1) ok, attempt=1, duration=1.34s
Block (6,1,7) root_id=864691135570956678

Blocks:  93%|█████████▎| 1600/1728 [05:46<00:20,  6.21it/s]Block (5,10,8) ok, attempt=1, duration=1.09s

Blocks:  93%|█████████▎| 1601/1728 [05:47<00:18,  6.81it/s]Block (10,3,3) root_id=864691135570956678
Block (1,5,6) ok, attempt=1, duration=0.89s

Blocks:  93%|█████████▎| 1602/1728 [05:47<00:20,  6.10it/s]Block (5,2,3) root_id=864691135570956678
Block (9,2,8) ok, attempt=1, duration=1.10s

Blocks:  93%|█████████▎| 1603/1728 [05:47<00:20,  6.19it/s]Block (10,7,10) root_id=864691135570956678
Block (2,9,1) ok, attempt=1, duration=1.36s
Block (4,6,6) root_id=864691135570956678
Block (10,6,9) ok, attempt=1, duration=1.68s

Blocks:  93%|█████████▎| 1605/1728 [05:47<00:21,  5.77it/s]Block (8,2,1) root_id=864691135570956678
Block (8,9,4) ok, attempt=1, duration=1.46s
Block (8,1,5) root_id=864691135570956678

Blocks:  93%|█████████▎| 1606/1728 [05:47<00:22,  5.37it/s]Block (6,9,11) ok, attempt=1, duration=1.35s

Blocks:  93%|█████████▎| 1607/1728 [05:48<00:21,  5.74it/s]Block (3,8,9) root_id=864691135570956678
Block (10,3,3) ok, attempt=1, duration=1.21s

Blocks:  93%|█████████▎| 1608/1728 [05:48<00:18,  6.46it/s]Block (1,11,3) root_id=864691135570956678
Block (6,1,7) ok, attempt=1, duration=1.76s

Blocks:  93%|█████████▎| 1609/1728 [05:48<00:28,  4.25it/s]Block (8,4,10) root_id=864691135570956678
Block (10,7,10) ok, attempt=1, duration=1.36s
Block (0,7,2) root_id=864691135570956678
Block (4,6,6) ok, attempt=1, duration=1.39s
Block (5,2,3) ok, attempt=1, duration=1.63s
Block (10,10,2) root_id=864691135570956678
Block (9,6,1) root_id=864691135570956678

Blocks:  93%|█████████▎| 1611/1728 [05:48<00:20,  5.78it/s]Block (8,2,1) ok, attempt=1, duration=1.29s

Blocks:  93%|█████████▎| 1613/1728 [05:49<00:16,  6.94it/s]Block (5,9,2) root_id=864691135570956678
Block (3,8,9) ok, attempt=1, duration=1.22s
Block (7,6,8) root_id=864691135570956678

Blocks:  93%|█████████▎| 1614/1728 [05:49<00:20,  5.60it/s]Block (1,11,3) ok, attempt=1, duration=1.20s
Block (6,5,0) root_id=864691135570956678
Block (8,1,5) ok, attempt=1, duration=1.51s
Block (4,5,1) root_id=864691135570956678

Blocks:  94%|█████████▎| 1616/1728 [05:49<00:15,  7.38it/s]Block (0,7,2) ok, attempt=1, duration=0.95s

Blocks:  94%|█████████▎| 1617/1728 [05:49<00:16,  6.70it/s]Block (11,4,1) root_id=864691135570956678
Block (10,10,2) ok, attempt=1, duration=1.26s

Blocks:  94%|█████████▎| 1618/1728 [05:50<00:23,  4.67it/s]Block (2,5,8) root_id=864691135570956678
Block (9,6,1) ok, attempt=1, duration=1.50s

Blocks:  94%|█████████▎| 1619/1728 [05:50<00:24,  4.49it/s]Block (9,9,6) root_id=864691135570956678
Block (8,4,10) ok, attempt=1, duration=1.89s

Blocks:  94%|█████████▍| 1620/1728 [05:50<00:23,  4.64it/s]Block (5,9,2) ok, attempt=1, duration=1.51s
Block (11,11,9) root_id=864691135570956678
Block (1,4,0) root_id=864691135570956678
Block (4,5,1) ok, attempt=1, duration=1.33s

Blocks:  94%|█████████▍| 1622/1728 [05:50<00:19,  5.54it/s]Block (8,5,11) root_id=864691135570956678
Block (11,4,1) ok, attempt=1, duration=1.22s
Block (11,3,5) root_id=864691135570956678
Block (7,6,8) ok, attempt=1, duration=1.61s
Block (0,8,3) root_id=864691135570956678

Blocks:  94%|█████████▍| 1624/1728 [05:50<00:14,  7.18it/s]Block (6,5,0) ok, attempt=1, duration=1.83s

Blocks:  94%|█████████▍| 1625/1728 [05:51<00:17,  5.81it/s]Block (3,4,11) root_id=864691135570956678
Block (2,5,8) ok, attempt=1, duration=1.31s

Blocks:  94%|█████████▍| 1626/1728 [05:51<00:17,  5.96it/s]Block (5,10,3) root_id=864691135570956678
Block (9,9,6) ok, attempt=1, duration=1.23s

Blocks:  94%|█████████▍| 1627/1728 [05:51<00:17,  5.88it/s]Block (10,6,4) root_id=864691135570956678
Block (1,4,0) ok, attempt=1, duration=1.36s

Blocks:  94%|█████████▍| 1628/1728 [05:51<00:21,  4.71it/s]Block (9,10,7) root_id=864691135570956678
Block (0,8,3) ok, attempt=1, duration=1.15s

Blocks:  94%|█████████▍| 1629/1728 [05:52<00:20,  4.83it/s]Block (9,2,3) root_id=864691135570956678
Block (8,5,11) ok, attempt=1, duration=1.62s

Blocks:  94%|█████████▍| 1630/1728 [05:52<00:23,  4.16it/s]Block (1,5,1) root_id=864691135570956678
Block (11,3,5) ok, attempt=1, duration=1.59s
Block (6,9,6) root_id=864691135570956678
Block (3,4,11) ok, attempt=1, duration=1.36s

Blocks:  94%|█████████▍| 1632/1728 [05:52<00:16,  5.79it/s]Block (7,2,10) root_id=864691135570956678
Block (11,11,9) ok, attempt=1, duration=2.13s
Block (4,9,7) root_id=864691135570956678
Block (10,6,4) ok, attempt=1, duration=1.17s

Blocks:  95%|█████████▍| 1634/1728 [05:52<00:12,  7.54it/s]Block (6,1,2) root_id=864691135570956678
Block (5,10,3) ok, attempt=1, duration=1.59s
Block (6,8,10) root_id=864691135570956678

Blocks:  95%|█████████▍| 1635/1728 [05:53<00:14,  6.35it/s]Block (9,2,3) ok, attempt=1, duration=1.17s

Blocks:  95%|█████████▍| 1636/1728 [05:53<00:17,  5.33it/s]Block (11,7,11) root_id=864691135570956678
Block (9,10,7) ok, attempt=1, duration=1.37s
Block (10,7,5) root_id=864691135570956678
Block (6,1,2) ok, attempt=1, duration=1.13s

Blocks:  95%|█████████▍| 1638/1728 [05:53<00:21,  4.29it/s]Block (4,6,1) root_id=864691135570956678
Block (4,9,7) ok, attempt=1, duration=1.35s
Block (1,7,10) root_id=864691135570956678

Blocks:  95%|█████████▍| 1639/1728 [05:54<00:19,  4.52it/s]Block (6,9,6) ok, attempt=1, duration=1.67s
Block (0,3,9) root_id=864691135570956678

Blocks:  95%|█████████▍| 1640/1728 [05:54<00:17,  5.16it/s]Block (7,2,10) ok, attempt=1, duration=1.74s

Blocks:  95%|█████████▍| 1641/1728 [05:54<00:17,  4.99it/s]Block (5,5,9) root_id=864691135570956678
Block (1,5,1) ok, attempt=1, duration=2.13s

Blocks:  95%|█████████▌| 1642/1728 [05:54<00:16,  5.13it/s]Block (8,1,0) root_id=864691135570956678
Block (6,8,10) ok, attempt=1, duration=1.58s
Block (4,1,8) root_id=864691135570956678
Block (11,7,11) ok, attempt=1, duration=1.42s

Blocks:  95%|█████████▌| 1644/1728 [05:54<00:11,  7.22it/s]Block (11,0,8) root_id=864691135570956678
Block (10,7,5) ok, attempt=1, duration=1.47s
Block (3,8,4) root_id=864691135570956678
Block (4,6,1) ok, attempt=1, duration=1.33s
Block (1,8,11) root_id=864691135570956678

Blocks:  95%|█████████▌| 1646/1728 [05:55<00:15,  5.45it/s]Block (0,3,9) ok, attempt=1, duration=1.21s

Blocks:  95%|█████████▌| 1647/1728 [05:55<00:14,  5.61it/s]Block (8,4,5) root_id=864691135570956678
Block (1,7,10) ok, attempt=1, duration=1.87s

Blocks:  95%|█████████▌| 1648/1728 [05:55<00:21,  3.74it/s]Block (0,4,10) root_id=864691135570956678
Block (11,0,8) ok, attempt=1, duration=1.29s
Block (3,11,9) root_id=864691135570956678
Block (5,5,9) ok, attempt=1, duration=1.67s

Blocks:  95%|█████████▌| 1650/1728 [05:56<00:14,  5.34it/s]Block (7,6,3) root_id=864691135570956678
Block (4,1,8) ok, attempt=1, duration=1.65s

Blocks:  96%|█████████▌| 1651/1728 [05:56<00:13,  5.53it/s]Block (9,9,1) root_id=864691135570956678
Block (8,1,0) ok, attempt=1, duration=1.71s
Block (10,2,11) root_id=864691135570956678
Block (1,8,11) ok, attempt=1, duration=1.11s
Block (7,9,8) root_id=864691135570956678
Block (3,8,4) ok, attempt=1, duration=1.60s
Block (2,5,3) root_id=864691135570956678

Blocks:  96%|█████████▌| 1654/1728 [05:56<00:08,  8.40it/s]Block (8,4,5) ok, attempt=1, duration=1.32s
Block (8,5,6) root_id=864691135570956678
Block (0,4,10) ok, attempt=1, duration=1.22s

Blocks:  96%|█████████▌| 1656/1728 [05:57<00:14,  4.91it/s]Block (11,11,4) root_id=864691135570956678
Block (7,9,8) ok, attempt=1, duration=1.11s

Blocks:  96%|█████████▌| 1657/1728 [05:57<00:15,  4.60it/s]Block (11,3,0) root_id=864691135570956678
Block (7,6,3) ok, attempt=1, duration=1.55s

Blocks:  96%|█████████▌| 1658/1728 [05:57<00:14,  4.75it/s]Block (3,4,6) root_id=864691135570956678
Block (3,11,9) ok, attempt=1, duration=1.71s
Block (9,10,2) root_id=864691135570956678
Block (2,5,3) ok, attempt=1, duration=1.47s

Blocks:  96%|█████████▌| 1660/1728 [05:57<00:12,  5.51it/s]Block (7,10,9) root_id=864691135570956678
Block (10,2,11) ok, attempt=1, duration=1.79s

Blocks:  96%|█████████▌| 1661/1728 [05:58<00:12,  5.48it/s]Block (7,2,5) root_id=864691135570956678
Block (8,5,6) ok, attempt=1, duration=1.45s
Block (4,9,2) root_id=864691135570956678
Block (9,9,1) ok, attempt=1, duration=1.97s
Block (2,9,9) root_id=864691135570956678

Blocks:  96%|█████████▌| 1663/1728 [05:58<00:08,  7.35it/s]Block (11,11,4) ok, attempt=1, duration=1.47s

Blocks:  96%|█████████▋| 1664/1728 [05:58<00:12,  5.00it/s]Block (6,8,5) root_id=864691135570956678
Block (3,4,6) ok, attempt=1, duration=1.17s
Block (11,7,6) root_id=864691135570956678

Blocks:  96%|█████████▋| 1665/1728 [05:58<00:12,  5.04it/s]Block (11,3,0) ok, attempt=1, duration=1.68s

Blocks:  96%|█████████▋| 1666/1728 [05:59<00:13,  4.51it/s]Block (1,7,5) root_id=864691135570956678
Block (2,9,9) ok, attempt=1, duration=1.09s

Blocks:  96%|█████████▋| 1667/1728 [05:59<00:12,  4.82it/s]Block (0,11,8) root_id=864691135570956678
Block (9,10,2) ok, attempt=1, duration=1.66s
Block (5,5,4) root_id=864691135570956678

Blocks:  97%|█████████▋| 1668/1728 [05:59<00:10,  5.60it/s]Block (7,10,9) ok, attempt=1, duration=1.75s

Blocks:  97%|█████████▋| 1669/1728 [05:59<00:11,  5.04it/s]Block (10,9,9) root_id=864691135570956678
Block (7,2,5) ok, attempt=1, duration=1.60s
Block (4,1,3) root_id=864691135570956678
Block (4,9,2) ok, attempt=1, duration=1.59s

Blocks:  97%|█████████▋| 1671/1728 [05:59<00:07,  7.29it/s]Block (9,5,8) root_id=864691135570956678
Block (1,7,5) ok, attempt=1, duration=0.95s

Blocks:  97%|█████████▋| 1672/1728 [06:00<00:10,  5.54it/s]Block (1,8,6) root_id=864691135570956678
Block (11,7,6) ok, attempt=1, duration=1.55s

Blocks:  97%|█████████▋| 1673/1728 [06:00<00:11,  4.75it/s]Block (8,4,0) root_id=864691135570956678
Block (0,11,8) ok, attempt=1, duration=1.18s
Block (6,4,7) root_id=864691135570956678
Block (6,8,5) ok, attempt=1, duration=1.92s

Blocks:  97%|█████████▋| 1675/1728 [06:00<00:08,  6.21it/s]Block (0,4,5) root_id=864691135570956678
Block (10,9,9) ok, attempt=1, duration=1.48s
Block (3,11,4) root_id=864691135570956678

Blocks:  97%|█████████▋| 1676/1728 [06:01<00:13,  3.92it/s]Block (1,8,6) ok, attempt=1, duration=1.14s
Block (1,11,11) root_id=864691135570956678
Block (5,5,4) ok, attempt=1, duration=1.88s

Blocks:  97%|█████████▋| 1678/1728 [06:01<00:08,  5.57it/s]Block (0,7,10) root_id=864691135570956678
Block (4,1,3) ok, attempt=1, duration=1.61s
Block (10,10,10) root_id=864691135570956678
Block (9,5,8) ok, attempt=1, duration=1.57s
Block (10,2,6) root_id=864691135570956678
Block (0,4,5) ok, attempt=1, duration=1.06s

Blocks:  97%|█████████▋| 1681/1728 [06:01<00:07,  6.38it/s]Block (9,6,9) root_id=864691135570956678
Block (8,4,0) ok, attempt=1, duration=1.56s

Blocks:  97%|█████████▋| 1682/1728 [06:01<00:08,  5.57it/s]Block (7,9,3) root_id=864691135570956678
Block (6,4,7) ok, attempt=1, duration=1.62s

Blocks:  97%|█████████▋| 1683/1728 [06:02<00:08,  5.56it/s]Block (2,1,9) root_id=864691135570956678
Block (3,11,4) ok, attempt=1, duration=1.08s
Block (5,9,10) root_id=864691135570956678
Block (1,11,11) ok, attempt=1, duration=1.15s
Block (0,7,10) ok, attempt=1, duration=1.12s

Blocks:  98%|█████████▊| 1685/1728 [06:02<00:06,  6.16it/s]Block (8,5,1) root_id=864691135570956678
Block (4,5,9) root_id=864691135570956678
Block (10,2,6) ok, attempt=1, duration=1.45s
Block (3,4,1) root_id=864691135570956678

Blocks:  98%|█████████▊| 1687/1728 [06:02<00:07,  5.65it/s]Block (10,10,10) ok, attempt=1, duration=1.58s
Block (6,11,6) root_id=864691135570956678

Blocks:  98%|█████████▊| 1688/1728 [06:02<00:06,  5.94it/s]Block (9,6,9) ok, attempt=1, duration=1.56s

Blocks:  98%|█████████▊| 1689/1728 [06:03<00:07,  5.19it/s]Block (7,2,0) root_id=864691135570956678
Block (7,9,3) ok, attempt=1, duration=1.35s
Block (6,8,0) root_id=864691135570956678
Block (2,1,9) ok, attempt=1, duration=1.59s
Block (5,9,10) ok, attempt=1, duration=1.52s

Blocks:  98%|█████████▊| 1691/1728 [06:03<00:08,  4.54it/s]Block (7,1,4) root_id=864691135570956678
Block (11,7,1) root_id=864691135570956678
Block (4,5,9) ok, attempt=1, duration=1.41s
Block (5,1,11) root_id=864691135570956678
Block (3,4,1) ok, attempt=1, duration=1.22s

Blocks:  98%|█████████▊| 1694/1728 [06:04<00:05,  6.17it/s]Block (2,8,8) root_id=864691135570956678
Block (8,5,1) ok, attempt=1, duration=1.73s
Block (1,7,0) root_id=864691135570956678

Blocks:  98%|█████████▊| 1695/1728 [06:04<00:05,  6.50it/s]Block (7,2,0) ok, attempt=1, duration=1.20s

Blocks:  98%|█████████▊| 1696/1728 [06:04<00:05,  5.53it/s]Block (8,8,11) root_id=864691135570956678
Block (6,11,6) ok, attempt=1, duration=1.67s

Blocks:  98%|█████████▊| 1697/1728 [06:04<00:05,  5.59it/s]Block (0,11,3) root_id=864691135570956678
Block (6,8,0) ok, attempt=1, duration=1.80s

Blocks:  98%|█████████▊| 1698/1728 [06:05<00:07,  3.86it/s]Block (8,0,7) root_id=864691135570956678
Block (7,1,4) ok, attempt=1, duration=1.40s
Block (3,7,11) root_id=864691135570956678
Block (11,7,1) ok, attempt=1, duration=1.55s
Block (10,9,4) root_id=864691135570956678

Blocks:  98%|█████████▊| 1700/1728 [06:05<00:05,  5.15it/s]Block (2,8,8) ok, attempt=1, duration=1.36s
Block (9,5,3) root_id=864691135570956678
Block (5,1,11) ok, attempt=1, duration=1.63s
Block (1,8,1) root_id=864691135570956678

Blocks:  98%|█████████▊| 1702/1728 [06:05<00:03,  6.72it/s]Block (8,8,11) ok, attempt=1, duration=1.24s

Blocks:  99%|█████████▊| 1703/1728 [06:05<00:04,  6.14it/s]Block (7,5,10) root_id=864691135570956678
Block (0,11,3) ok, attempt=1, duration=1.13s
Block (6,4,2) root_id=864691135570956678
Block (1,7,0) ok, attempt=1, duration=2.01s
Block (8,1,8) root_id=864691135570956678

Blocks:  99%|█████████▊| 1705/1728 [06:06<00:04,  5.22it/s]Block (10,9,4) ok, attempt=1, duration=0.97s

Blocks:  99%|█████████▊| 1706/1728 [06:06<00:03,  5.56it/s]Block (0,4,0) root_id=864691135570956678
Block (3,7,11) ok, attempt=1, duration=1.68s
Block (2,4,10) root_id=864691135570956678

Blocks:  99%|█████████▉| 1707/1728 [06:06<00:05,  3.80it/s]Block (8,0,7) ok, attempt=1, duration=1.76s
Block (1,11,6) root_id=864691135570956678
Block (9,5,3) ok, attempt=1, duration=1.58s
Block (3,0,8) root_id=864691135570956678

Blocks:  99%|█████████▉| 1709/1728 [06:06<00:03,  5.28it/s]Block (1,8,1) ok, attempt=1, duration=1.73s

Blocks:  99%|█████████▉| 1710/1728 [06:07<00:03,  5.18it/s]Block (0,7,5) root_id=864691135570956678
Block (7,5,10) ok, attempt=1, duration=1.66s

Blocks:  99%|█████████▉| 1711/1728 [06:07<00:03,  5.53it/s]Block (11,2,7) root_id=864691135570956678
Block (6,4,2) ok, attempt=1, duration=1.72s
Block (10,10,5) root_id=864691135570956678

Blocks:  99%|█████████▉| 1712/1728 [06:07<00:02,  5.98it/s]Block (1,11,6) ok, attempt=1, duration=0.80s

Blocks:  99%|█████████▉| 1713/1728 [06:07<00:02,  5.50it/s]Block (10,2,1) root_id=864691135570956678
Block (8,1,8) ok, attempt=1, duration=1.74s

Blocks:  99%|█████████▉| 1714/1728 [06:07<00:02,  5.16it/s]Block (9,6,4) root_id=864691135570956678
Block (0,4,0) ok, attempt=1, duration=1.92s

Blocks:  99%|█████████▉| 1715/1728 [06:08<00:02,  4.52it/s]Block (5,9,5) root_id=864691135570956678
Block (0,7,5) ok, attempt=1, duration=1.06s
Block (4,5,4) root_id=864691135570956678
Block (2,4,10) ok, attempt=1, duration=1.47s

Blocks:  99%|█████████▉| 1717/1728 [06:08<00:01,  6.88it/s]Block (9,9,9) root_id=864691135570956678
Block (3,0,8) ok, attempt=1, duration=1.57s
Block (11,3,8) root_id=864691135570956678

Blocks:  99%|█████████▉| 1718/1728 [06:08<00:01,  5.83it/s]Block (10,10,5) ok, attempt=1, duration=1.39s

Blocks:  99%|█████████▉| 1719/1728 [06:08<00:01,  4.97it/s]Block (6,11,1) root_id=864691135570956678
Block (11,2,7) ok, attempt=1, duration=1.53s
Block (0,2,11) root_id=864691135570956678
Block (9,6,4) ok, attempt=1, duration=1.20s

Blocks: 100%|█████████▉| 1721/1728 [06:09<00:01,  5.79it/s]Block (5,9,5) ok, attempt=1, duration=1.16s
Block (10,2,1) ok, attempt=1, duration=1.68s

Blocks: 100%|█████████▉| 1722/1728 [06:09<00:01,  5.18it/s]Block (0,2,11) ok, attempt=1, duration=0.83s

Blocks: 100%|█████████▉| 1724/1728 [06:09<00:00,  5.55it/s]Block (4,5,4) ok, attempt=1, duration=1.50s
Block (6,11,1) ok, attempt=1, duration=1.01s

Blocks: 100%|█████████▉| 1726/1728 [06:09<00:00,  6.93it/s]Block (9,9,9) ok, attempt=1, duration=1.62s
Block (11,3,8) ok, attempt=1, duration=1.36s

Blocks: 100%|██████████| 1728/1728 [06:09<00:00,  4.67it/s]
End root_id=864691135570956678, blocks_failed=0

Batch fetching meshes for: [864691136952797151, 864691136437428382]

Downloading Meshes:   0%|          | 0/2 [00:00<?, ?it/s]
Downloading Meshes:  50%|█████     | 1/2 [01:48<01:48, 108.33s/it]
Downloading Meshes: 100%|██████████| 2/2 [02:21<00:00, 64.08s/it] 
Downloading Meshes: 100%|██████████| 2/2 [02:21<00:00, 70.72s/it]
/cis/home/rwang183/my_documents/BDD/SpineDetect-shengwen-branch/SpineDetect/tpm_simulator/microns_env/lib/python3.12/site-packages/meshmash/utils.py:36: PyVistaDeprecationWarning: Parameter 'use_all_points' is deprecated since VTK < 9.2 is no longer supported. This parameter has no effect and is always `True`.
  edge_data = poly.extract_all_edges(use_all_points=True, clear_data=True)
/cis/home/rwang183/my_documents/BDD/SpineDetect-shengwen-branch/SpineDetect/tpm_simulator/microns_env/lib/python3.12/site-packages/meshmash/utils.py:36: PyVistaDeprecationWarning: Parameter 'use_all_points' is deprecated since VTK < 9.2 is no longer supported. This parameter has no effect and is always `True`.
  edge_data = poly.extract_all_edges(use_all_points=True, clear_data=True)
/cis/home/rwang183/my_documents/BDD/SpineDetect-shengwen-branch/SpineDetect/tpm_simulator/microns_env/lib/python3.12/site-packages/meshmash/utils.py:36: PyVistaDeprecationWarning: Parameter 'use_all_points' is deprecated since VTK < 9.2 is no longer supported. This parameter has no effect and is always `True`.
  edge_data = poly.extract_all_edges(use_all_points=True, clear_data=True)
Warning: deduplication not currently supported for this layer's variable layered draco meshes
Warning: deduplication not currently supported for this layer's variable layered draco meshes

Processing downloaded mesh for 864691136437428382...
  Healing standard mesh...
  Successfully loaded locked & clean mesh: 6258123 vertices

Processing downloaded mesh for 864691136952797151...
  Healing standard mesh...
  Successfully loaded locked & clean mesh: 1713189 vertices

Processing root_id: 864691136952797151
  Loaded mesh with 1713189 vertices and 3437787 faces.
Subdividing mesh...
Meshes in queue: 2
Finding overlapping submeshes...
Computing HKS across submeshes...

Applying function compute_hks:   0%|          | 0/37 [00:00<?, ?it/s]
Applying function compute_hks:   3%|▎         | 1/37 [00:13<08:11, 13.65s/it]
Applying function compute_hks:   5%|▌         | 2/37 [00:14<03:34,  6.14s/it]
Applying function compute_hks:   8%|▊         | 3/37 [00:15<02:14,  3.95s/it]
Applying function compute_hks:  11%|█         | 4/37 [00:16<01:21,  2.46s/it]
Applying function compute_hks:  14%|█▎        | 5/37 [00:17<01:01,  1.93s/it]
Applying function compute_hks:  16%|█▌        | 6/37 [00:17<00:44,  1.44s/it]
Applying function compute_hks:  19%|█▉        | 7/37 [00:18<00:42,  1.41s/it]
Applying function compute_hks:  22%|██▏       | 8/37 [00:19<00:31,  1.09s/it]
Applying function compute_hks:  27%|██▋       | 10/37 [00:19<00:17,  1.58it/s]
Applying function compute_hks:  32%|███▏      | 12/37 [00:20<00:16,  1.53it/s]
Applying function compute_hks:  35%|███▌      | 13/37 [00:21<00:16,  1.49it/s]
Applying function compute_hks:  38%|███▊      | 14/37 [00:22<00:15,  1.50it/s]
Applying function compute_hks:  41%|████      | 15/37 [00:22<00:11,  1.90it/s]
Applying function compute_hks:  43%|████▎     | 16/37 [00:22<00:11,  1.89it/s]
Applying function compute_hks:  46%|████▌     | 17/37 [00:25<00:19,  1.00it/s]
Applying function compute_hks:  49%|████▊     | 18/37 [00:25<00:15,  1.26it/s]
Applying function compute_hks:  51%|█████▏    | 19/37 [00:25<00:11,  1.61it/s]
Applying function compute_hks:  54%|█████▍    | 20/37 [00:28<00:20,  1.18s/it]
Applying function compute_hks:  57%|█████▋    | 21/37 [00:28<00:14,  1.13it/s]
Applying function compute_hks:  59%|█████▉    | 22/37 [00:29<00:13,  1.14it/s]
Applying function compute_hks:  62%|██████▏   | 23/37 [00:29<00:09,  1.55it/s]
Applying function compute_hks:  65%|██████▍   | 24/37 [00:30<00:11,  1.16it/s]
Applying function compute_hks:  70%|███████   | 26/37 [00:31<00:07,  1.57it/s]
Applying function compute_hks:  73%|███████▎  | 27/37 [00:34<00:13,  1.31s/it]
Applying function compute_hks:  76%|███████▌  | 28/37 [00:35<00:10,  1.16s/it]
Applying function compute_hks:  78%|███████▊  | 29/37 [00:41<00:20,  2.56s/it]
Applying function compute_hks:  81%|████████  | 30/37 [00:42<00:15,  2.16s/it]
Applying function compute_hks:  84%|████████▍ | 31/37 [00:43<00:10,  1.68s/it]
Applying function compute_hks:  86%|████████▋ | 32/37 [00:43<00:06,  1.29s/it]
Applying function compute_hks:  89%|████████▉ | 33/37 [00:44<00:04,  1.02s/it]
Applying function compute_hks:  92%|█████████▏| 34/37 [00:44<00:02,  1.16it/s]
Applying function compute_hks:  95%|█████████▍| 35/37 [00:48<00:03,  1.67s/it]
Applying function compute_hks:  97%|█████████▋| 36/37 [00:49<00:01,  1.46s/it]
Applying function compute_hks: 100%|██████████| 37/37 [00:49<00:00,  1.16s/it]
Applying function compute_hks: 100%|██████████| 37/37 [00:49<00:00,  1.34s/it]

Applying function agglomerate_mesh:   0%|          | 0/37 [00:00<?, ?it/s]/cis/home/rwang183/my_documents/BDD/SpineDetect-shengwen-branch/SpineDetect/tpm_simulator/microns_env/lib/python3.12/site-packages/meshmash/utils.py:36: PyVistaDeprecationWarning: Parameter 'use_all_points' is deprecated since VTK < 9.2 is no longer supported. This parameter has no effect and is always `True`.
  edge_data = poly.extract_all_edges(use_all_points=True, clear_data=True)
/cis/home/rwang183/my_documents/BDD/SpineDetect-shengwen-branch/SpineDetect/tpm_simulator/microns_env/lib/python3.12/site-packages/meshmash/utils.py:36: PyVistaDeprecationWarning: Parameter 'use_all_points' is deprecated since VTK < 9.2 is no longer supported. This parameter has no effect and is always `True`.
  edge_data = poly.extract_all_edges(use_all_points=True, clear_data=True)
/cis/home/rwang183/my_documents/BDD/SpineDetect-shengwen-branch/SpineDetect/tpm_simulator/microns_env/lib/python3.12/site-packages/meshmash/utils.py:36: PyVistaDeprecationWarning: Parameter 'use_all_points' is deprecated since VTK < 9.2 is no longer supported. This parameter has no effect and is always `True`.
  edge_data = poly.extract_all_edges(use_all_points=True, clear_data=True)
/cis/home/rwang183/my_documents/BDD/SpineDetect-shengwen-branch/SpineDetect/tpm_simulator/microns_env/lib/python3.12/site-packages/meshmash/utils.py:36: PyVistaDeprecationWarning: Parameter 'use_all_points' is deprecated since VTK < 9.2 is no longer supported. This parameter has no effect and is always `True`.
  edge_data = poly.extract_all_edges(use_all_points=True, clear_data=True)
/cis/home/rwang183/my_documents/BDD/SpineDetect-shengwen-branch/SpineDetect/tpm_simulator/microns_env/lib/python3.12/site-packages/meshmash/utils.py:36: PyVistaDeprecationWarning: Parameter 'use_all_points' is deprecated since VTK < 9.2 is no longer supported. This parameter has no effect and is always `True`.
  edge_data = poly.extract_all_edges(use_all_points=True, clear_data=True)
/cis/home/rwang183/my_documents/BDD/SpineDetect-shengwen-branch/SpineDetect/tpm_simulator/microns_env/lib/python3.12/site-packages/meshmash/utils.py:36: PyVistaDeprecationWarning: Parameter 'use_all_points' is deprecated since VTK < 9.2 is no longer supported. This parameter has no effect and is always `True`.
  edge_data = poly.extract_all_edges(use_all_points=True, clear_data=True)
/cis/home/rwang183/my_documents/BDD/SpineDetect-shengwen-branch/SpineDetect/tpm_simulator/microns_env/lib/python3.12/site-packages/meshmash/utils.py:36: PyVistaDeprecationWarning: Parameter 'use_all_points' is deprecated since VTK < 9.2 is no longer supported. This parameter has no effect and is always `True`.
  edge_data = poly.extract_all_edges(use_all_points=True, clear_data=True)
/cis/home/rwang183/my_documents/BDD/SpineDetect-shengwen-branch/SpineDetect/tpm_simulator/microns_env/lib/python3.12/site-packages/meshmash/utils.py:36: PyVistaDeprecationWarning: Parameter 'use_all_points' is deprecated since VTK < 9.2 is no longer supported. This parameter has no effect and is always `True`.
  edge_data = poly.extract_all_edges(use_all_points=True, clear_data=True)
/cis/home/rwang183/my_documents/BDD/SpineDetect-shengwen-branch/SpineDetect/tpm_simulator/microns_env/lib/python3.12/site-packages/meshmash/utils.py:36: PyVistaDeprecationWarning: Parameter 'use_all_points' is deprecated since VTK < 9.2 is no longer supported. This parameter has no effect and is always `True`.
  edge_data = poly.extract_all_edges(use_all_points=True, clear_data=True)
/cis/home/rwang183/my_documents/BDD/SpineDetect-shengwen-branch/SpineDetect/tpm_simulator/microns_env/lib/python3.12/site-packages/meshmash/utils.py:36: PyVistaDeprecationWarning: Parameter 'use_all_points' is deprecated since VTK < 9.2 is no longer supported. This parameter has no effect and is always `True`.
  edge_data = poly.extract_all_edges(use_all_points=True, clear_data=True)
/cis/home/rwang183/my_documents/BDD/SpineDetect-shengwen-branch/SpineDetect/tpm_simulator/microns_env/lib/python3.12/site-packages/meshmash/utils.py:36: PyVistaDeprecationWarning: Parameter 'use_all_points' is deprecated since VTK < 9.2 is no longer supported. This parameter has no effect and is always `True`.
  edge_data = poly.extract_all_edges(use_all_points=True, clear_data=True)
/cis/home/rwang183/my_documents/BDD/SpineDetect-shengwen-branch/SpineDetect/tpm_simulator/microns_env/lib/python3.12/site-packages/meshmash/utils.py:36: PyVistaDeprecationWarning: Parameter 'use_all_points' is deprecated since VTK < 9.2 is no longer supported. This parameter has no effect and is always `True`.
  edge_data = poly.extract_all_edges(use_all_points=True, clear_data=True)
/cis/home/rwang183/my_documents/BDD/SpineDetect-shengwen-branch/SpineDetect/tpm_simulator/microns_env/lib/python3.12/site-packages/meshmash/utils.py:36: PyVistaDeprecationWarning: Parameter 'use_all_points' is deprecated since VTK < 9.2 is no longer supported. This parameter has no effect and is always `True`.
  edge_data = poly.extract_all_edges(use_all_points=True, clear_data=True)
/cis/home/rwang183/my_documents/BDD/SpineDetect-shengwen-branch/SpineDetect/tpm_simulator/microns_env/lib/python3.12/site-packages/meshmash/utils.py:36: PyVistaDeprecationWarning: Parameter 'use_all_points' is deprecated since VTK < 9.2 is no longer supported. This parameter has no effect and is always `True`.
  edge_data = poly.extract_all_edges(use_all_points=True, clear_data=True)
/cis/home/rwang183/my_documents/BDD/SpineDetect-shengwen-branch/SpineDetect/tpm_simulator/microns_env/lib/python3.12/site-packages/meshmash/utils.py:36: PyVistaDeprecationWarning: Parameter 'use_all_points' is deprecated since VTK < 9.2 is no longer supported. This parameter has no effect and is always `True`.
  edge_data = poly.extract_all_edges(use_all_points=True, clear_data=True)
/cis/home/rwang183/my_documents/BDD/SpineDetect-shengwen-branch/SpineDetect/tpm_simulator/microns_env/lib/python3.12/site-packages/meshmash/utils.py:36: PyVistaDeprecationWarning: Parameter 'use_all_points' is deprecated since VTK < 9.2 is no longer supported. This parameter has no effect and is always `True`.
  edge_data = poly.extract_all_edges(use_all_points=True, clear_data=True)
/cis/home/rwang183/my_documents/BDD/SpineDetect-shengwen-branch/SpineDetect/tpm_simulator/microns_env/lib/python3.12/site-packages/meshmash/utils.py:36: PyVistaDeprecationWarning: Parameter 'use_all_points' is deprecated since VTK < 9.2 is no longer supported. This parameter has no effect and is always `True`.
  edge_data = poly.extract_all_edges(use_all_points=True, clear_data=True)
/cis/home/rwang183/my_documents/BDD/SpineDetect-shengwen-branch/SpineDetect/tpm_simulator/microns_env/lib/python3.12/site-packages/meshmash/utils.py:36: PyVistaDeprecationWarning: Parameter 'use_all_points' is deprecated since VTK < 9.2 is no longer supported. This parameter has no effect and is always `True`.
  edge_data = poly.extract_all_edges(use_all_points=True, clear_data=True)
/cis/home/rwang183/my_documents/BDD/SpineDetect-shengwen-branch/SpineDetect/tpm_simulator/microns_env/lib/python3.12/site-packages/meshmash/utils.py:36: PyVistaDeprecationWarning: Parameter 'use_all_points' is deprecated since VTK < 9.2 is no longer supported. This parameter has no effect and is always `True`.
  edge_data = poly.extract_all_edges(use_all_points=True, clear_data=True)
/cis/home/rwang183/my_documents/BDD/SpineDetect-shengwen-branch/SpineDetect/tpm_simulator/microns_env/lib/python3.12/site-packages/meshmash/utils.py:36: PyVistaDeprecationWarning: Parameter 'use_all_points' is deprecated since VTK < 9.2 is no longer supported. This parameter has no effect and is always `True`.
  edge_data = poly.extract_all_edges(use_all_points=True, clear_data=True)
/cis/home/rwang183/my_documents/BDD/SpineDetect-shengwen-branch/SpineDetect/tpm_simulator/microns_env/lib/python3.12/site-packages/meshmash/utils.py:36: PyVistaDeprecationWarning: Parameter 'use_all_points' is deprecated since VTK < 9.2 is no longer supported. This parameter has no effect and is always `True`.
  edge_data = poly.extract_all_edges(use_all_points=True, clear_data=True)
/cis/home/rwang183/my_documents/BDD/SpineDetect-shengwen-branch/SpineDetect/tpm_simulator/microns_env/lib/python3.12/site-packages/meshmash/utils.py:36: PyVistaDeprecationWarning: Parameter 'use_all_points' is deprecated since VTK < 9.2 is no longer supported. This parameter has no effect and is always `True`.
  edge_data = poly.extract_all_edges(use_all_points=True, clear_data=True)
/cis/home/rwang183/my_documents/BDD/SpineDetect-shengwen-branch/SpineDetect/tpm_simulator/microns_env/lib/python3.12/site-packages/meshmash/utils.py:36: PyVistaDeprecationWarning: Parameter 'use_all_points' is deprecated since VTK < 9.2 is no longer supported. This parameter has no effect and is always `True`.
  edge_data = poly.extract_all_edges(use_all_points=True, clear_data=True)
/cis/home/rwang183/my_documents/BDD/SpineDetect-shengwen-branch/SpineDetect/tpm_simulator/microns_env/lib/python3.12/site-packages/meshmash/utils.py:36: PyVistaDeprecationWarning: Parameter 'use_all_points' is deprecated since VTK < 9.2 is no longer supported. This parameter has no effect and is always `True`.
  edge_data = poly.extract_all_edges(use_all_points=True, clear_data=True)
/cis/home/rwang183/my_documents/BDD/SpineDetect-shengwen-branch/SpineDetect/tpm_simulator/microns_env/lib/python3.12/site-packages/meshmash/utils.py:36: PyVistaDeprecationWarning: Parameter 'use_all_points' is deprecated since VTK < 9.2 is no longer supported. This parameter has no effect and is always `True`.
  edge_data = poly.extract_all_edges(use_all_points=True, clear_data=True)
/cis/home/rwang183/my_documents/BDD/SpineDetect-shengwen-branch/SpineDetect/tpm_simulator/microns_env/lib/python3.12/site-packages/meshmash/utils.py:36: PyVistaDeprecationWarning: Parameter 'use_all_points' is deprecated since VTK < 9.2 is no longer supported. This parameter has no effect and is always `True`.
  edge_data = poly.extract_all_edges(use_all_points=True, clear_data=True)
/cis/home/rwang183/my_documents/BDD/SpineDetect-shengwen-branch/SpineDetect/tpm_simulator/microns_env/lib/python3.12/site-packages/meshmash/utils.py:36: PyVistaDeprecationWarning: Parameter 'use_all_points' is deprecated since VTK < 9.2 is no longer supported. This parameter has no effect and is always `True`.
  edge_data = poly.extract_all_edges(use_all_points=True, clear_data=True)
/cis/home/rwang183/my_documents/BDD/SpineDetect-shengwen-branch/SpineDetect/tpm_simulator/microns_env/lib/python3.12/site-packages/meshmash/utils.py:36: PyVistaDeprecationWarning: Parameter 'use_all_points' is deprecated since VTK < 9.2 is no longer supported. This parameter has no effect and is always `True`.
  edge_data = poly.extract_all_edges(use_all_points=True, clear_data=True)
/cis/home/rwang183/my_documents/BDD/SpineDetect-shengwen-branch/SpineDetect/tpm_simulator/microns_env/lib/python3.12/site-packages/meshmash/utils.py:36: PyVistaDeprecationWarning: Parameter 'use_all_points' is deprecated since VTK < 9.2 is no longer supported. This parameter has no effect and is always `True`.
  edge_data = poly.extract_all_edges(use_all_points=True, clear_data=True)
/cis/home/rwang183/my_documents/BDD/SpineDetect-shengwen-branch/SpineDetect/tpm_simulator/microns_env/lib/python3.12/site-packages/meshmash/utils.py:36: PyVistaDeprecationWarning: Parameter 'use_all_points' is deprecated since VTK < 9.2 is no longer supported. This parameter has no effect and is always `True`.
  edge_data = poly.extract_all_edges(use_all_points=True, clear_data=True)
/cis/home/rwang183/my_documents/BDD/SpineDetect-shengwen-branch/SpineDetect/tpm_simulator/microns_env/lib/python3.12/site-packages/meshmash/utils.py:36: PyVistaDeprecationWarning: Parameter 'use_all_points' is deprecated since VTK < 9.2 is no longer supported. This parameter has no effect and is always `True`.
  edge_data = poly.extract_all_edges(use_all_points=True, clear_data=True)
/cis/home/rwang183/my_documents/BDD/SpineDetect-shengwen-branch/SpineDetect/tpm_simulator/microns_env/lib/python3.12/site-packages/meshmash/utils.py:36: PyVistaDeprecationWarning: Parameter 'use_all_points' is deprecated since VTK < 9.2 is no longer supported. This parameter has no effect and is always `True`.
  edge_data = poly.extract_all_edges(use_all_points=True, clear_data=True)
/cis/home/rwang183/my_documents/BDD/SpineDetect-shengwen-branch/SpineDetect/tpm_simulator/microns_env/lib/python3.12/site-packages/meshmash/utils.py:36: PyVistaDeprecationWarning: Parameter 'use_all_points' is deprecated since VTK < 9.2 is no longer supported. This parameter has no effect and is always `True`.
  edge_data = poly.extract_all_edges(use_all_points=True, clear_data=True)
/cis/home/rwang183/my_documents/BDD/SpineDetect-shengwen-branch/SpineDetect/tpm_simulator/microns_env/lib/python3.12/site-packages/meshmash/utils.py:36: PyVistaDeprecationWarning: Parameter 'use_all_points' is deprecated since VTK < 9.2 is no longer supported. This parameter has no effect and is always `True`.
  edge_data = poly.extract_all_edges(use_all_points=True, clear_data=True)
/cis/home/rwang183/my_documents/BDD/SpineDetect-shengwen-branch/SpineDetect/tpm_simulator/microns_env/lib/python3.12/site-packages/meshmash/utils.py:36: PyVistaDeprecationWarning: Parameter 'use_all_points' is deprecated since VTK < 9.2 is no longer supported. This parameter has no effect and is always `True`.
  edge_data = poly.extract_all_edges(use_all_points=True, clear_data=True)
/cis/home/rwang183/my_documents/BDD/SpineDetect-shengwen-branch/SpineDetect/tpm_simulator/microns_env/lib/python3.12/site-packages/meshmash/utils.py:36: PyVistaDeprecationWarning: Parameter 'use_all_points' is deprecated since VTK < 9.2 is no longer supported. This parameter has no effect and is always `True`.
  edge_data = poly.extract_all_edges(use_all_points=True, clear_data=True)
/cis/home/rwang183/my_documents/BDD/SpineDetect-shengwen-branch/SpineDetect/tpm_simulator/microns_env/lib/python3.12/site-packages/meshmash/utils.py:36: PyVistaDeprecationWarning: Parameter 'use_all_points' is deprecated since VTK < 9.2 is no longer supported. This parameter has no effect and is always `True`.
  edge_data = poly.extract_all_edges(use_all_points=True, clear_data=True)

Applying function agglomerate_mesh:   3%|▎         | 1/37 [00:07<04:40,  7.80s/it]
Applying function agglomerate_mesh:   8%|▊         | 3/37 [00:07<01:10,  2.08s/it]
Applying function agglomerate_mesh:  11%|█         | 4/37 [00:08<00:46,  1.41s/it]
Applying function agglomerate_mesh:  14%|█▎        | 5/37 [00:08<00:32,  1.01s/it]
Applying function agglomerate_mesh:  19%|█▉        | 7/37 [00:08<00:16,  1.80it/s]
Applying function agglomerate_mesh:  30%|██▉       | 11/37 [00:08<00:06,  4.04it/s]
Applying function agglomerate_mesh:  35%|███▌      | 13/37 [00:08<00:04,  5.20it/s]
Applying function agglomerate_mesh:  41%|████      | 15/37 [00:08<00:03,  6.33it/s]
Applying function agglomerate_mesh:  49%|████▊     | 18/37 [00:08<00:02,  8.85it/s]
Applying function agglomerate_mesh:  57%|█████▋    | 21/37 [00:09<00:01, 10.08it/s]
Applying function agglomerate_mesh:  65%|██████▍   | 24/37 [00:09<00:01, 11.94it/s]
Applying function agglomerate_mesh:  70%|███████   | 26/37 [00:09<00:00, 12.32it/s]
Applying function agglomerate_mesh:  76%|███████▌  | 28/37 [00:09<00:00, 12.38it/s]
Applying function agglomerate_mesh:  81%|████████  | 30/37 [00:09<00:00, 12.02it/s]
Applying function agglomerate_mesh:  86%|████████▋ | 32/37 [00:09<00:00, 12.75it/s]
Applying function agglomerate_mesh:  92%|█████████▏| 34/37 [00:10<00:00, 11.95it/s]
Applying function agglomerate_mesh:  97%|█████████▋| 36/37 [00:10<00:00,  8.45it/s]
Applying function agglomerate_mesh: 100%|██████████| 37/37 [00:10<00:00,  3.44it/s]
/cis/home/rwang183/my_documents/BDD/SpineDetect-shengwen-branch/SpineDetect/tpm_simulator/microns_env/lib/python3.12/site-packages/meshmash/utils.py:26: PyVistaDeprecationWarning: Parameter 'use_all_points' is deprecated since VTK < 9.2 is no longer supported. This parameter has no effect and is always `True`.
  edge_data = poly.extract_all_edges(use_all_points=True, clear_data=True)
/cis/home/rwang183/my_documents/BDD/SpineDetect-shengwen-branch/SpineDetect/tpm_simulator/microns_env/lib/python3.12/site-packages/meshmash/utils.py:36: PyVistaDeprecationWarning: Parameter 'use_all_points' is deprecated since VTK < 9.2 is no longer supported. This parameter has no effect and is always `True`.
  edge_data = poly.extract_all_edges(use_all_points=True, clear_data=True)
/cis/home/rwang183/my_documents/BDD/SpineDetect-shengwen-branch/SpineDetect/tpm_simulator/microns_env/lib/python3.12/site-packages/meshmash/utils.py:36: PyVistaDeprecationWarning: Parameter 'use_all_points' is deprecated since VTK < 9.2 is no longer supported. This parameter has no effect and is always `True`.
  edge_data = poly.extract_all_edges(use_all_points=True, clear_data=True)
/cis/home/rwang183/my_documents/BDD/SpineDetect-shengwen-branch/SpineDetect/tpm_simulator/microns_env/lib/python3.12/site-packages/meshmash/utils.py:36: PyVistaDeprecationWarning: Parameter 'use_all_points' is deprecated since VTK < 9.2 is no longer supported. This parameter has no effect and is always `True`.
  edge_data = poly.extract_all_edges(use_all_points=True, clear_data=True)
/cis/home/rwang183/my_documents/BDD/SpineDetect-shengwen-branch/SpineDetect/tpm_simulator/microns_env/lib/python3.12/site-packages/meshmash/utils.py:36: PyVistaDeprecationWarning: Parameter 'use_all_points' is deprecated since VTK < 9.2 is no longer supported. This parameter has no effect and is always `True`.
  edge_data = poly.extract_all_edges(use_all_points=True, clear_data=True)
  Success! HKS computed for root_id 864691136952797151.

Processing root_id: 864691136437428382
  Loaded mesh with 6258123 vertices and 12567497 faces.
Subdividing mesh...
Meshes in queue: 2
Meshes in queue: 30
Meshes in queue: 24
Finding overlapping submeshes...
Computing HKS across submeshes...

Applying function compute_hks:   0%|          | 0/146 [00:00<?, ?it/s]
Applying function compute_hks:   1%|          | 1/146 [00:52<2:07:01, 52.56s/it]
Applying function compute_hks:   1%|▏         | 2/146 [01:04<1:08:17, 28.46s/it]
Applying function compute_hks:   2%|▏         | 3/146 [01:04<37:38, 15.79s/it]  
Applying function compute_hks:   3%|▎         | 4/146 [01:17<34:42, 14.67s/it]
Applying function compute_hks:   3%|▎         | 5/146 [01:46<46:16, 19.69s/it]
Applying function compute_hks:   4%|▍         | 6/146 [02:02<43:07, 18.48s/it]
Applying function compute_hks:   5%|▍         | 7/146 [02:11<35:24, 15.29s/it]
Applying function compute_hks:   5%|▌         | 8/146 [02:15<27:04, 11.77s/it]
Applying function compute_hks:   6%|▌         | 9/146 [02:22<23:09, 10.14s/it]
Applying function compute_hks:   7%|▋         | 10/146 [02:44<31:53, 14.07s/it]
Applying function compute_hks:   8%|▊         | 11/146 [02:45<22:25,  9.96s/it]
Applying function compute_hks:   9%|▉         | 13/146 [02:46<12:10,  5.49s/it]
Applying function compute_hks:  10%|▉         | 14/146 [02:48<10:05,  4.58s/it]
Applying function compute_hks:  10%|█         | 15/146 [02:49<08:23,  3.84s/it]
Applying function compute_hks:  11%|█         | 16/146 [02:50<06:07,  2.83s/it]
Applying function compute_hks:  12%|█▏        | 17/146 [02:51<05:05,  2.37s/it]
Applying function compute_hks:  12%|█▏        | 18/146 [02:51<03:58,  1.86s/it]
Applying function compute_hks:  13%|█▎        | 19/146 [02:52<02:55,  1.38s/it]
Applying function compute_hks:  14%|█▎        | 20/146 [02:52<02:12,  1.05s/it]
Applying function compute_hks:  15%|█▌        | 22/146 [02:53<01:32,  1.34it/s]
Applying function compute_hks:  16%|█▌        | 23/146 [02:53<01:14,  1.64it/s]
Applying function compute_hks:  17%|█▋        | 25/146 [02:53<00:47,  2.56it/s]
Applying function compute_hks:  18%|█▊        | 27/146 [02:53<00:33,  3.58it/s]
Applying function compute_hks:  19%|█▉        | 28/146 [02:55<01:11,  1.65it/s]
Applying function compute_hks:  20%|█▉        | 29/146 [02:55<01:05,  1.79it/s]
Applying function compute_hks:  21%|██        | 30/146 [02:56<01:03,  1.82it/s]
Applying function compute_hks:  21%|██        | 31/146 [02:56<01:05,  1.77it/s]
Applying function compute_hks:  22%|██▏       | 32/146 [02:57<00:51,  2.20it/s]
Applying function compute_hks:  23%|██▎       | 33/146 [02:57<00:46,  2.45it/s]
Applying function compute_hks:  23%|██▎       | 34/146 [02:57<00:41,  2.72it/s]
Applying function compute_hks:  24%|██▍       | 35/146 [02:58<00:40,  2.73it/s]
Applying function compute_hks:  25%|██▍       | 36/146 [02:58<00:35,  3.11it/s]
Applying function compute_hks:  25%|██▌       | 37/146 [02:58<00:44,  2.46it/s]
Applying function compute_hks:  26%|██▌       | 38/146 [03:00<01:15,  1.43it/s]
Applying function compute_hks:  27%|██▋       | 39/146 [03:00<01:11,  1.49it/s]
Applying function compute_hks:  27%|██▋       | 40/146 [03:03<02:05,  1.19s/it]
Applying function compute_hks:  28%|██▊       | 41/146 [03:03<01:30,  1.16it/s]
Applying function compute_hks:  29%|██▉       | 42/146 [03:04<01:34,  1.10it/s]
Applying function compute_hks:  29%|██▉       | 43/146 [03:05<01:45,  1.02s/it]
Applying function compute_hks:  30%|███       | 44/146 [03:06<01:39,  1.03it/s]
Applying function compute_hks:  31%|███       | 45/146 [03:09<02:35,  1.54s/it]
Applying function compute_hks:  32%|███▏      | 46/146 [03:13<03:50,  2.30s/it]
Applying function compute_hks:  32%|███▏      | 47/146 [03:14<03:11,  1.93s/it]
Applying function compute_hks:  33%|███▎      | 48/146 [03:15<02:34,  1.57s/it]
Applying function compute_hks:  34%|███▎      | 49/146 [03:16<02:14,  1.38s/it]
Applying function compute_hks:  34%|███▍      | 50/146 [03:16<01:51,  1.16s/it]
Applying function compute_hks:  35%|███▍      | 51/146 [03:18<02:03,  1.30s/it]
Applying function compute_hks:  36%|███▌      | 52/146 [03:19<01:40,  1.07s/it]
Applying function compute_hks:  36%|███▋      | 53/146 [03:20<01:41,  1.09s/it]
Applying function compute_hks:  37%|███▋      | 54/146 [03:27<04:43,  3.08s/it]
Applying function compute_hks:  38%|███▊      | 55/146 [03:31<04:55,  3.24s/it]
Applying function compute_hks:  38%|███▊      | 56/146 [03:34<04:50,  3.23s/it]
Applying function compute_hks:  39%|███▉      | 57/146 [03:38<05:08,  3.47s/it]
Applying function compute_hks:  40%|███▉      | 58/146 [03:38<03:38,  2.48s/it]
Applying function compute_hks:  40%|████      | 59/146 [03:41<03:28,  2.40s/it]
Applying function compute_hks:  41%|████      | 60/146 [03:43<03:32,  2.47s/it]
Applying function compute_hks:  42%|████▏     | 61/146 [03:46<03:28,  2.45s/it]
Applying function compute_hks:  42%|████▏     | 62/146 [03:48<03:11,  2.28s/it]
Applying function compute_hks:  43%|████▎     | 63/146 [03:48<02:16,  1.65s/it]
Applying function compute_hks:  44%|████▍     | 64/146 [03:49<01:57,  1.44s/it]
Applying function compute_hks:  45%|████▍     | 65/146 [03:50<01:55,  1.43s/it]
Applying function compute_hks:  46%|████▌     | 67/146 [03:51<01:11,  1.11it/s]
Applying function compute_hks:  47%|████▋     | 68/146 [03:53<01:31,  1.17s/it]
Applying function compute_hks:  47%|████▋     | 69/146 [03:54<01:27,  1.13s/it]
Applying function compute_hks:  48%|████▊     | 70/146 [03:54<01:09,  1.09it/s]
Applying function compute_hks:  49%|████▊     | 71/146 [03:54<00:52,  1.44it/s]
Applying function compute_hks:  49%|████▉     | 72/146 [03:55<00:59,  1.24it/s]
Applying function compute_hks:  50%|█████     | 73/146 [03:56<00:56,  1.29it/s]
Applying function compute_hks:  51%|█████▏    | 75/146 [03:57<00:39,  1.79it/s]
Applying function compute_hks:  53%|█████▎    | 77/146 [03:57<00:30,  2.30it/s]
Applying function compute_hks:  53%|█████▎    | 78/146 [03:58<00:32,  2.10it/s]
Applying function compute_hks:  54%|█████▍    | 79/146 [03:58<00:26,  2.50it/s]
Applying function compute_hks:  55%|█████▍    | 80/146 [04:01<01:15,  1.14s/it]
Applying function compute_hks:  55%|█████▌    | 81/146 [04:02<01:01,  1.06it/s]
Applying function compute_hks:  57%|█████▋    | 83/146 [04:02<00:39,  1.58it/s]
Applying function compute_hks:  58%|█████▊    | 84/146 [04:02<00:36,  1.70it/s]
Applying function compute_hks:  58%|█████▊    | 85/146 [04:04<00:51,  1.19it/s]
Applying function compute_hks:  59%|█████▉    | 86/146 [04:05<00:49,  1.20it/s]
Applying function compute_hks:  60%|█████▉    | 87/146 [04:06<00:56,  1.05it/s]
Applying function compute_hks:  60%|██████    | 88/146 [04:07<01:00,  1.05s/it]
Applying function compute_hks:  61%|██████    | 89/146 [04:08<00:59,  1.04s/it]
Applying function compute_hks:  62%|██████▏   | 90/146 [04:09<00:47,  1.17it/s]
Applying function compute_hks:  62%|██████▏   | 91/146 [04:10<01:00,  1.10s/it]
Applying function compute_hks:  63%|██████▎   | 92/146 [04:12<01:06,  1.23s/it]
Applying function compute_hks:  64%|██████▎   | 93/146 [04:12<00:49,  1.06it/s]
Applying function compute_hks:  64%|██████▍   | 94/146 [04:13<00:51,  1.02it/s]
Applying function compute_hks:  65%|██████▌   | 95/146 [04:15<00:53,  1.04s/it]
Applying function compute_hks:  66%|██████▌   | 96/146 [04:15<00:47,  1.05it/s]
Applying function compute_hks:  66%|██████▋   | 97/146 [04:18<01:19,  1.63s/it]
Applying function compute_hks:  67%|██████▋   | 98/146 [04:19<01:01,  1.28s/it]
Applying function compute_hks:  68%|██████▊   | 99/146 [04:25<02:11,  2.81s/it]
Applying function compute_hks:  68%|██████▊   | 100/146 [04:27<01:54,  2.49s/it]
Applying function compute_hks:  69%|██████▉   | 101/146 [04:30<02:03,  2.74s/it]
Applying function compute_hks:  71%|███████   | 103/146 [04:31<01:07,  1.57s/it]
Applying function compute_hks:  71%|███████   | 104/146 [04:31<00:53,  1.26s/it]
Applying function compute_hks:  72%|███████▏  | 105/146 [04:31<00:40,  1.01it/s]
Applying function compute_hks:  73%|███████▎  | 106/146 [04:32<00:31,  1.27it/s]
Applying function compute_hks:  73%|███████▎  | 107/146 [04:32<00:24,  1.62it/s]
Applying function compute_hks:  75%|███████▍  | 109/146 [04:32<00:14,  2.53it/s]
Applying function compute_hks:  75%|███████▌  | 110/146 [04:32<00:13,  2.72it/s]
Applying function compute_hks:  76%|███████▌  | 111/146 [04:34<00:25,  1.37it/s]
Applying function compute_hks:  77%|███████▋  | 112/146 [04:35<00:26,  1.28it/s]
Applying function compute_hks:  77%|███████▋  | 113/146 [04:36<00:30,  1.08it/s]
Applying function compute_hks:  78%|███████▊  | 114/146 [04:37<00:25,  1.24it/s]
Applying function compute_hks:  79%|███████▉  | 115/146 [04:37<00:21,  1.45it/s]
Applying function compute_hks:  79%|███████▉  | 116/146 [04:37<00:16,  1.80it/s]
Applying function compute_hks:  80%|████████  | 117/146 [04:38<00:13,  2.20it/s]
Applying function compute_hks:  81%|████████  | 118/146 [04:38<00:13,  2.08it/s]
Applying function compute_hks:  82%|████████▏ | 120/146 [04:39<00:09,  2.83it/s]
Applying function compute_hks:  83%|████████▎ | 121/146 [04:39<00:10,  2.46it/s]
Applying function compute_hks:  84%|████████▎ | 122/146 [04:40<00:10,  2.28it/s]
Applying function compute_hks:  84%|████████▍ | 123/146 [04:40<00:08,  2.62it/s]
Applying function compute_hks:  85%|████████▍ | 124/146 [04:40<00:07,  2.96it/s]
Applying function compute_hks:  86%|████████▌ | 125/146 [04:41<00:12,  1.65it/s]
Applying function compute_hks:  86%|████████▋ | 126/146 [04:43<00:16,  1.22it/s]
Applying function compute_hks:  87%|████████▋ | 127/146 [04:44<00:16,  1.13it/s]
Applying function compute_hks:  88%|████████▊ | 128/146 [04:44<00:13,  1.31it/s]
Applying function compute_hks:  88%|████████▊ | 129/146 [04:45<00:10,  1.62it/s]
Applying function compute_hks:  90%|████████▉ | 131/146 [04:45<00:06,  2.39it/s]
Applying function compute_hks:  90%|█████████ | 132/146 [04:46<00:07,  1.92it/s]
Applying function compute_hks:  91%|█████████ | 133/146 [04:47<00:10,  1.20it/s]
Applying function compute_hks:  92%|█████████▏| 134/146 [04:49<00:10,  1.12it/s]
Applying function compute_hks:  93%|█████████▎| 136/146 [04:50<00:08,  1.18it/s]
Applying function compute_hks:  94%|█████████▍| 137/146 [04:53<00:11,  1.25s/it]
Applying function compute_hks:  95%|█████████▍| 138/146 [04:53<00:08,  1.00s/it]
Applying function compute_hks:  95%|█████████▌| 139/146 [04:53<00:05,  1.20it/s]
Applying function compute_hks:  96%|█████████▌| 140/146 [04:55<00:06,  1.01s/it]
Applying function compute_hks:  97%|█████████▋| 141/146 [04:57<00:06,  1.27s/it]
Applying function compute_hks:  97%|█████████▋| 142/146 [04:58<00:05,  1.27s/it]
Applying function compute_hks:  98%|█████████▊| 143/146 [05:00<00:04,  1.37s/it]
Applying function compute_hks:  99%|█████████▉| 145/146 [05:00<00:00,  1.10it/s]
Applying function compute_hks: 100%|██████████| 146/146 [05:00<00:00,  1.36it/s]
Applying function compute_hks: 100%|██████████| 146/146 [05:01<00:00,  2.06s/it]

Applying function agglomerate_mesh:   0%|          | 0/146 [00:00<?, ?it/s]/cis/home/rwang183/my_documents/BDD/SpineDetect-shengwen-branch/SpineDetect/tpm_simulator/microns_env/lib/python3.12/site-packages/meshmash/utils.py:36: PyVistaDeprecationWarning: Parameter 'use_all_points' is deprecated since VTK < 9.2 is no longer supported. This parameter has no effect and is always `True`.
  edge_data = poly.extract_all_edges(use_all_points=True, clear_data=True)
/cis/home/rwang183/my_documents/BDD/SpineDetect-shengwen-branch/SpineDetect/tpm_simulator/microns_env/lib/python3.12/site-packages/meshmash/utils.py:36: PyVistaDeprecationWarning: Parameter 'use_all_points' is deprecated since VTK < 9.2 is no longer supported. This parameter has no effect and is always `True`.
  edge_data = poly.extract_all_edges(use_all_points=True, clear_data=True)
/cis/home/rwang183/my_documents/BDD/SpineDetect-shengwen-branch/SpineDetect/tpm_simulator/microns_env/lib/python3.12/site-packages/meshmash/utils.py:36: PyVistaDeprecationWarning: Parameter 'use_all_points' is deprecated since VTK < 9.2 is no longer supported. This parameter has no effect and is always `True`.
  edge_data = poly.extract_all_edges(use_all_points=True, clear_data=True)
/cis/home/rwang183/my_documents/BDD/SpineDetect-shengwen-branch/SpineDetect/tpm_simulator/microns_env/lib/python3.12/site-packages/meshmash/utils.py:36: PyVistaDeprecationWarning: Parameter 'use_all_points' is deprecated since VTK < 9.2 is no longer supported. This parameter has no effect and is always `True`.
  edge_data = poly.extract_all_edges(use_all_points=True, clear_data=True)
/cis/home/rwang183/my_documents/BDD/SpineDetect-shengwen-branch/SpineDetect/tpm_simulator/microns_env/lib/python3.12/site-packages/meshmash/utils.py:36: PyVistaDeprecationWarning: Parameter 'use_all_points' is deprecated since VTK < 9.2 is no longer supported. This parameter has no effect and is always `True`.
  edge_data = poly.extract_all_edges(use_all_points=True, clear_data=True)
/cis/home/rwang183/my_documents/BDD/SpineDetect-shengwen-branch/SpineDetect/tpm_simulator/microns_env/lib/python3.12/site-packages/meshmash/utils.py:36: PyVistaDeprecationWarning: Parameter 'use_all_points' is deprecated since VTK < 9.2 is no longer supported. This parameter has no effect and is always `True`.
  edge_data = poly.extract_all_edges(use_all_points=True, clear_data=True)
/cis/home/rwang183/my_documents/BDD/SpineDetect-shengwen-branch/SpineDetect/tpm_simulator/microns_env/lib/python3.12/site-packages/meshmash/utils.py:36: PyVistaDeprecationWarning: Parameter 'use_all_points' is deprecated since VTK < 9.2 is no longer supported. This parameter has no effect and is always `True`.
  edge_data = poly.extract_all_edges(use_all_points=True, clear_data=True)
/cis/home/rwang183/my_documents/BDD/SpineDetect-shengwen-branch/SpineDetect/tpm_simulator/microns_env/lib/python3.12/site-packages/meshmash/utils.py:36: PyVistaDeprecationWarning: Parameter 'use_all_points' is deprecated since VTK < 9.2 is no longer supported. This parameter has no effect and is always `True`.
  edge_data = poly.extract_all_edges(use_all_points=True, clear_data=True)
/cis/home/rwang183/my_documents/BDD/SpineDetect-shengwen-branch/SpineDetect/tpm_simulator/microns_env/lib/python3.12/site-packages/meshmash/utils.py:36: PyVistaDeprecationWarning: Parameter 'use_all_points' is deprecated since VTK < 9.2 is no longer supported. This parameter has no effect and is always `True`.
  edge_data = poly.extract_all_edges(use_all_points=True, clear_data=True)
/cis/home/rwang183/my_documents/BDD/SpineDetect-shengwen-branch/SpineDetect/tpm_simulator/microns_env/lib/python3.12/site-packages/meshmash/utils.py:36: PyVistaDeprecationWarning: Parameter 'use_all_points' is deprecated since VTK < 9.2 is no longer supported. This parameter has no effect and is always `True`.
  edge_data = poly.extract_all_edges(use_all_points=True, clear_data=True)
/cis/home/rwang183/my_documents/BDD/SpineDetect-shengwen-branch/SpineDetect/tpm_simulator/microns_env/lib/python3.12/site-packages/meshmash/utils.py:36: PyVistaDeprecationWarning: Parameter 'use_all_points' is deprecated since VTK < 9.2 is no longer supported. This parameter has no effect and is always `True`.
  edge_data = poly.extract_all_edges(use_all_points=True, clear_data=True)
/cis/home/rwang183/my_documents/BDD/SpineDetect-shengwen-branch/SpineDetect/tpm_simulator/microns_env/lib/python3.12/site-packages/meshmash/utils.py:36: PyVistaDeprecationWarning: Parameter 'use_all_points' is deprecated since VTK < 9.2 is no longer supported. This parameter has no effect and is always `True`.
  edge_data = poly.extract_all_edges(use_all_points=True, clear_data=True)
/cis/home/rwang183/my_documents/BDD/SpineDetect-shengwen-branch/SpineDetect/tpm_simulator/microns_env/lib/python3.12/site-packages/meshmash/utils.py:36: PyVistaDeprecationWarning: Parameter 'use_all_points' is deprecated since VTK < 9.2 is no longer supported. This parameter has no effect and is always `True`.
  edge_data = poly.extract_all_edges(use_all_points=True, clear_data=True)
/cis/home/rwang183/my_documents/BDD/SpineDetect-shengwen-branch/SpineDetect/tpm_simulator/microns_env/lib/python3.12/site-packages/meshmash/utils.py:36: PyVistaDeprecationWarning: Parameter 'use_all_points' is deprecated since VTK < 9.2 is no longer supported. This parameter has no effect and is always `True`.
  edge_data = poly.extract_all_edges(use_all_points=True, clear_data=True)
/cis/home/rwang183/my_documents/BDD/SpineDetect-shengwen-branch/SpineDetect/tpm_simulator/microns_env/lib/python3.12/site-packages/meshmash/utils.py:36: PyVistaDeprecationWarning: Parameter 'use_all_points' is deprecated since VTK < 9.2 is no longer supported. This parameter has no effect and is always `True`.
  edge_data = poly.extract_all_edges(use_all_points=True, clear_data=True)
/cis/home/rwang183/my_documents/BDD/SpineDetect-shengwen-branch/SpineDetect/tpm_simulator/microns_env/lib/python3.12/site-packages/meshmash/utils.py:36: PyVistaDeprecationWarning: Parameter 'use_all_points' is deprecated since VTK < 9.2 is no longer supported. This parameter has no effect and is always `True`.
  edge_data = poly.extract_all_edges(use_all_points=True, clear_data=True)
/cis/home/rwang183/my_documents/BDD/SpineDetect-shengwen-branch/SpineDetect/tpm_simulator/microns_env/lib/python3.12/site-packages/meshmash/utils.py:36: PyVistaDeprecationWarning: Parameter 'use_all_points' is deprecated since VTK < 9.2 is no longer supported. This parameter has no effect and is always `True`.
  edge_data = poly.extract_all_edges(use_all_points=True, clear_data=True)
/cis/home/rwang183/my_documents/BDD/SpineDetect-shengwen-branch/SpineDetect/tpm_simulator/microns_env/lib/python3.12/site-packages/meshmash/utils.py:36: PyVistaDeprecationWarning: Parameter 'use_all_points' is deprecated since VTK < 9.2 is no longer supported. This parameter has no effect and is always `True`.
  edge_data = poly.extract_all_edges(use_all_points=True, clear_data=True)
/cis/home/rwang183/my_documents/BDD/SpineDetect-shengwen-branch/SpineDetect/tpm_simulator/microns_env/lib/python3.12/site-packages/meshmash/utils.py:36: PyVistaDeprecationWarning: Parameter 'use_all_points' is deprecated since VTK < 9.2 is no longer supported. This parameter has no effect and is always `True`.
  edge_data = poly.extract_all_edges(use_all_points=True, clear_data=True)
/cis/home/rwang183/my_documents/BDD/SpineDetect-shengwen-branch/SpineDetect/tpm_simulator/microns_env/lib/python3.12/site-packages/meshmash/utils.py:36: PyVistaDeprecationWarning: Parameter 'use_all_points' is deprecated since VTK < 9.2 is no longer supported. This parameter has no effect and is always `True`.
  edge_data = poly.extract_all_edges(use_all_points=True, clear_data=True)
/cis/home/rwang183/my_documents/BDD/SpineDetect-shengwen-branch/SpineDetect/tpm_simulator/microns_env/lib/python3.12/site-packages/meshmash/utils.py:36: PyVistaDeprecationWarning: Parameter 'use_all_points' is deprecated since VTK < 9.2 is no longer supported. This parameter has no effect and is always `True`.
  edge_data = poly.extract_all_edges(use_all_points=True, clear_data=True)
/cis/home/rwang183/my_documents/BDD/SpineDetect-shengwen-branch/SpineDetect/tpm_simulator/microns_env/lib/python3.12/site-packages/meshmash/utils.py:36: PyVistaDeprecationWarning: Parameter 'use_all_points' is deprecated since VTK < 9.2 is no longer supported. This parameter has no effect and is always `True`.
  edge_data = poly.extract_all_edges(use_all_points=True, clear_data=True)
/cis/home/rwang183/my_documents/BDD/SpineDetect-shengwen-branch/SpineDetect/tpm_simulator/microns_env/lib/python3.12/site-packages/meshmash/utils.py:36: PyVistaDeprecationWarning: Parameter 'use_all_points' is deprecated since VTK < 9.2 is no longer supported. This parameter has no effect and is always `True`.
  edge_data = poly.extract_all_edges(use_all_points=True, clear_data=True)
/cis/home/rwang183/my_documents/BDD/SpineDetect-shengwen-branch/SpineDetect/tpm_simulator/microns_env/lib/python3.12/site-packages/meshmash/utils.py:36: PyVistaDeprecationWarning: Parameter 'use_all_points' is deprecated since VTK < 9.2 is no longer supported. This parameter has no effect and is always `True`.
  edge_data = poly.extract_all_edges(use_all_points=True, clear_data=True)
/cis/home/rwang183/my_documents/BDD/SpineDetect-shengwen-branch/SpineDetect/tpm_simulator/microns_env/lib/python3.12/site-packages/meshmash/utils.py:36: PyVistaDeprecationWarning: Parameter 'use_all_points' is deprecated since VTK < 9.2 is no longer supported. This parameter has no effect and is always `True`.
  edge_data = poly.extract_all_edges(use_all_points=True, clear_data=True)
/cis/home/rwang183/my_documents/BDD/SpineDetect-shengwen-branch/SpineDetect/tpm_simulator/microns_env/lib/python3.12/site-packages/meshmash/utils.py:36: PyVistaDeprecationWarning: Parameter 'use_all_points' is deprecated since VTK < 9.2 is no longer supported. This parameter has no effect and is always `True`.
  edge_data = poly.extract_all_edges(use_all_points=True, clear_data=True)
/cis/home/rwang183/my_documents/BDD/SpineDetect-shengwen-branch/SpineDetect/tpm_simulator/microns_env/lib/python3.12/site-packages/meshmash/utils.py:36: PyVistaDeprecationWarning: Parameter 'use_all_points' is deprecated since VTK < 9.2 is no longer supported. This parameter has no effect and is always `True`.
  edge_data = poly.extract_all_edges(use_all_points=True, clear_data=True)
/cis/home/rwang183/my_documents/BDD/SpineDetect-shengwen-branch/SpineDetect/tpm_simulator/microns_env/lib/python3.12/site-packages/meshmash/utils.py:36: PyVistaDeprecationWarning: Parameter 'use_all_points' is deprecated since VTK < 9.2 is no longer supported. This parameter has no effect and is always `True`.
  edge_data = poly.extract_all_edges(use_all_points=True, clear_data=True)
/cis/home/rwang183/my_documents/BDD/SpineDetect-shengwen-branch/SpineDetect/tpm_simulator/microns_env/lib/python3.12/site-packages/meshmash/utils.py:36: PyVistaDeprecationWarning: Parameter 'use_all_points' is deprecated since VTK < 9.2 is no longer supported. This parameter has no effect and is always `True`.
  edge_data = poly.extract_all_edges(use_all_points=True, clear_data=True)
/cis/home/rwang183/my_documents/BDD/SpineDetect-shengwen-branch/SpineDetect/tpm_simulator/microns_env/lib/python3.12/site-packages/meshmash/utils.py:36: PyVistaDeprecationWarning: Parameter 'use_all_points' is deprecated since VTK < 9.2 is no longer supported. This parameter has no effect and is always `True`.
  edge_data = poly.extract_all_edges(use_all_points=True, clear_data=True)
/cis/home/rwang183/my_documents/BDD/SpineDetect-shengwen-branch/SpineDetect/tpm_simulator/microns_env/lib/python3.12/site-packages/meshmash/utils.py:36: PyVistaDeprecationWarning: Parameter 'use_all_points' is deprecated since VTK < 9.2 is no longer supported. This parameter has no effect and is always `True`.
  edge_data = poly.extract_all_edges(use_all_points=True, clear_data=True)
/cis/home/rwang183/my_documents/BDD/SpineDetect-shengwen-branch/SpineDetect/tpm_simulator/microns_env/lib/python3.12/site-packages/meshmash/utils.py:36: PyVistaDeprecationWarning: Parameter 'use_all_points' is deprecated since VTK < 9.2 is no longer supported. This parameter has no effect and is always `True`.
  edge_data = poly.extract_all_edges(use_all_points=True, clear_data=True)
/cis/home/rwang183/my_documents/BDD/SpineDetect-shengwen-branch/SpineDetect/tpm_simulator/microns_env/lib/python3.12/site-packages/meshmash/utils.py:36: PyVistaDeprecationWarning: Parameter 'use_all_points' is deprecated since VTK < 9.2 is no longer supported. This parameter has no effect and is always `True`.
  edge_data = poly.extract_all_edges(use_all_points=True, clear_data=True)
/cis/home/rwang183/my_documents/BDD/SpineDetect-shengwen-branch/SpineDetect/tpm_simulator/microns_env/lib/python3.12/site-packages/meshmash/utils.py:36: PyVistaDeprecationWarning: Parameter 'use_all_points' is deprecated since VTK < 9.2 is no longer supported. This parameter has no effect and is always `True`.
  edge_data = poly.extract_all_edges(use_all_points=True, clear_data=True)
/cis/home/rwang183/my_documents/BDD/SpineDetect-shengwen-branch/SpineDetect/tpm_simulator/microns_env/lib/python3.12/site-packages/meshmash/utils.py:36: PyVistaDeprecationWarning: Parameter 'use_all_points' is deprecated since VTK < 9.2 is no longer supported. This parameter has no effect and is always `True`.
  edge_data = poly.extract_all_edges(use_all_points=True, clear_data=True)
/cis/home/rwang183/my_documents/BDD/SpineDetect-shengwen-branch/SpineDetect/tpm_simulator/microns_env/lib/python3.12/site-packages/meshmash/utils.py:36: PyVistaDeprecationWarning: Parameter 'use_all_points' is deprecated since VTK < 9.2 is no longer supported. This parameter has no effect and is always `True`.
  edge_data = poly.extract_all_edges(use_all_points=True, clear_data=True)
/cis/home/rwang183/my_documents/BDD/SpineDetect-shengwen-branch/SpineDetect/tpm_simulator/microns_env/lib/python3.12/site-packages/meshmash/utils.py:36: PyVistaDeprecationWarning: Parameter 'use_all_points' is deprecated since VTK < 9.2 is no longer supported. This parameter has no effect and is always `True`.
  edge_data = poly.extract_all_edges(use_all_points=True, clear_data=True)
/cis/home/rwang183/my_documents/BDD/SpineDetect-shengwen-branch/SpineDetect/tpm_simulator/microns_env/lib/python3.12/site-packages/meshmash/utils.py:36: PyVistaDeprecationWarning: Parameter 'use_all_points' is deprecated since VTK < 9.2 is no longer supported. This parameter has no effect and is always `True`.
  edge_data = poly.extract_all_edges(use_all_points=True, clear_data=True)
/cis/home/rwang183/my_documents/BDD/SpineDetect-shengwen-branch/SpineDetect/tpm_simulator/microns_env/lib/python3.12/site-packages/meshmash/utils.py:36: PyVistaDeprecationWarning: Parameter 'use_all_points' is deprecated since VTK < 9.2 is no longer supported. This parameter has no effect and is always `True`.
  edge_data = poly.extract_all_edges(use_all_points=True, clear_data=True)
/cis/home/rwang183/my_documents/BDD/SpineDetect-shengwen-branch/SpineDetect/tpm_simulator/microns_env/lib/python3.12/site-packages/meshmash/utils.py:36: PyVistaDeprecationWarning: Parameter 'use_all_points' is deprecated since VTK < 9.2 is no longer supported. This parameter has no effect and is always `True`.
  edge_data = poly.extract_all_edges(use_all_points=True, clear_data=True)
/cis/home/rwang183/my_documents/BDD/SpineDetect-shengwen-branch/SpineDetect/tpm_simulator/microns_env/lib/python3.12/site-packages/meshmash/utils.py:36: PyVistaDeprecationWarning: Parameter 'use_all_points' is deprecated since VTK < 9.2 is no longer supported. This parameter has no effect and is always `True`.
  edge_data = poly.extract_all_edges(use_all_points=True, clear_data=True)
/cis/home/rwang183/my_documents/BDD/SpineDetect-shengwen-branch/SpineDetect/tpm_simulator/microns_env/lib/python3.12/site-packages/meshmash/utils.py:36: PyVistaDeprecationWarning: Parameter 'use_all_points' is deprecated since VTK < 9.2 is no longer supported. This parameter has no effect and is always `True`.
  edge_data = poly.extract_all_edges(use_all_points=True, clear_data=True)
/cis/home/rwang183/my_documents/BDD/SpineDetect-shengwen-branch/SpineDetect/tpm_simulator/microns_env/lib/python3.12/site-packages/meshmash/utils.py:36: PyVistaDeprecationWarning: Parameter 'use_all_points' is deprecated since VTK < 9.2 is no longer supported. This parameter has no effect and is always `True`.
  edge_data = poly.extract_all_edges(use_all_points=True, clear_data=True)
/cis/home/rwang183/my_documents/BDD/SpineDetect-shengwen-branch/SpineDetect/tpm_simulator/microns_env/lib/python3.12/site-packages/meshmash/utils.py:36: PyVistaDeprecationWarning: Parameter 'use_all_points' is deprecated since VTK < 9.2 is no longer supported. This parameter has no effect and is always `True`.
  edge_data = poly.extract_all_edges(use_all_points=True, clear_data=True)
/cis/home/rwang183/my_documents/BDD/SpineDetect-shengwen-branch/SpineDetect/tpm_simulator/microns_env/lib/python3.12/site-packages/meshmash/utils.py:36: PyVistaDeprecationWarning: Parameter 'use_all_points' is deprecated since VTK < 9.2 is no longer supported. This parameter has no effect and is always `True`.
  edge_data = poly.extract_all_edges(use_all_points=True, clear_data=True)
/cis/home/rwang183/my_documents/BDD/SpineDetect-shengwen-branch/SpineDetect/tpm_simulator/microns_env/lib/python3.12/site-packages/meshmash/utils.py:36: PyVistaDeprecationWarning: Parameter 'use_all_points' is deprecated since VTK < 9.2 is no longer supported. This parameter has no effect and is always `True`.
  edge_data = poly.extract_all_edges(use_all_points=True, clear_data=True)
/cis/home/rwang183/my_documents/BDD/SpineDetect-shengwen-branch/SpineDetect/tpm_simulator/microns_env/lib/python3.12/site-packages/meshmash/utils.py:36: PyVistaDeprecationWarning: Parameter 'use_all_points' is deprecated since VTK < 9.2 is no longer supported. This parameter has no effect and is always `True`.
  edge_data = poly.extract_all_edges(use_all_points=True, clear_data=True)
/cis/home/rwang183/my_documents/BDD/SpineDetect-shengwen-branch/SpineDetect/tpm_simulator/microns_env/lib/python3.12/site-packages/meshmash/utils.py:36: PyVistaDeprecationWarning: Parameter 'use_all_points' is deprecated since VTK < 9.2 is no longer supported. This parameter has no effect and is always `True`.
  edge_data = poly.extract_all_edges(use_all_points=True, clear_data=True)
/cis/home/rwang183/my_documents/BDD/SpineDetect-shengwen-branch/SpineDetect/tpm_simulator/microns_env/lib/python3.12/site-packages/meshmash/utils.py:36: PyVistaDeprecationWarning: Parameter 'use_all_points' is deprecated since VTK < 9.2 is no longer supported. This parameter has no effect and is always `True`.
  edge_data = poly.extract_all_edges(use_all_points=True, clear_data=True)
/cis/home/rwang183/my_documents/BDD/SpineDetect-shengwen-branch/SpineDetect/tpm_simulator/microns_env/lib/python3.12/site-packages/meshmash/utils.py:36: PyVistaDeprecationWarning: Parameter 'use_all_points' is deprecated since VTK < 9.2 is no longer supported. This parameter has no effect and is always `True`.
  edge_data = poly.extract_all_edges(use_all_points=True, clear_data=True)
/cis/home/rwang183/my_documents/BDD/SpineDetect-shengwen-branch/SpineDetect/tpm_simulator/microns_env/lib/python3.12/site-packages/meshmash/utils.py:36: PyVistaDeprecationWarning: Parameter 'use_all_points' is deprecated since VTK < 9.2 is no longer supported. This parameter has no effect and is always `True`.
  edge_data = poly.extract_all_edges(use_all_points=True, clear_data=True)
/cis/home/rwang183/my_documents/BDD/SpineDetect-shengwen-branch/SpineDetect/tpm_simulator/microns_env/lib/python3.12/site-packages/meshmash/utils.py:36: PyVistaDeprecationWarning: Parameter 'use_all_points' is deprecated since VTK < 9.2 is no longer supported. This parameter has no effect and is always `True`.
  edge_data = poly.extract_all_edges(use_all_points=True, clear_data=True)
/cis/home/rwang183/my_documents/BDD/SpineDetect-shengwen-branch/SpineDetect/tpm_simulator/microns_env/lib/python3.12/site-packages/meshmash/utils.py:36: PyVistaDeprecationWarning: Parameter 'use_all_points' is deprecated since VTK < 9.2 is no longer supported. This parameter has no effect and is always `True`.
  edge_data = poly.extract_all_edges(use_all_points=True, clear_data=True)
/cis/home/rwang183/my_documents/BDD/SpineDetect-shengwen-branch/SpineDetect/tpm_simulator/microns_env/lib/python3.12/site-packages/meshmash/utils.py:36: PyVistaDeprecationWarning: Parameter 'use_all_points' is deprecated since VTK < 9.2 is no longer supported. This parameter has no effect and is always `True`.
  edge_data = poly.extract_all_edges(use_all_points=True, clear_data=True)
/cis/home/rwang183/my_documents/BDD/SpineDetect-shengwen-branch/SpineDetect/tpm_simulator/microns_env/lib/python3.12/site-packages/meshmash/utils.py:36: PyVistaDeprecationWarning: Parameter 'use_all_points' is deprecated since VTK < 9.2 is no longer supported. This parameter has no effect and is always `True`.
  edge_data = poly.extract_all_edges(use_all_points=True, clear_data=True)
/cis/home/rwang183/my_documents/BDD/SpineDetect-shengwen-branch/SpineDetect/tpm_simulator/microns_env/lib/python3.12/site-packages/meshmash/utils.py:36: PyVistaDeprecationWarning: Parameter 'use_all_points' is deprecated since VTK < 9.2 is no longer supported. This parameter has no effect and is always `True`.
  edge_data = poly.extract_all_edges(use_all_points=True, clear_data=True)
/cis/home/rwang183/my_documents/BDD/SpineDetect-shengwen-branch/SpineDetect/tpm_simulator/microns_env/lib/python3.12/site-packages/meshmash/utils.py:36: PyVistaDeprecationWarning: Parameter 'use_all_points' is deprecated since VTK < 9.2 is no longer supported. This parameter has no effect and is always `True`.
  edge_data = poly.extract_all_edges(use_all_points=True, clear_data=True)
/cis/home/rwang183/my_documents/BDD/SpineDetect-shengwen-branch/SpineDetect/tpm_simulator/microns_env/lib/python3.12/site-packages/meshmash/utils.py:36: PyVistaDeprecationWarning: Parameter 'use_all_points' is deprecated since VTK < 9.2 is no longer supported. This parameter has no effect and is always `True`.
  edge_data = poly.extract_all_edges(use_all_points=True, clear_data=True)
/cis/home/rwang183/my_documents/BDD/SpineDetect-shengwen-branch/SpineDetect/tpm_simulator/microns_env/lib/python3.12/site-packages/meshmash/utils.py:36: PyVistaDeprecationWarning: Parameter 'use_all_points' is deprecated since VTK < 9.2 is no longer supported. This parameter has no effect and is always `True`.
  edge_data = poly.extract_all_edges(use_all_points=True, clear_data=True)
/cis/home/rwang183/my_documents/BDD/SpineDetect-shengwen-branch/SpineDetect/tpm_simulator/microns_env/lib/python3.12/site-packages/meshmash/utils.py:36: PyVistaDeprecationWarning: Parameter 'use_all_points' is deprecated since VTK < 9.2 is no longer supported. This parameter has no effect and is always `True`.
  edge_data = poly.extract_all_edges(use_all_points=True, clear_data=True)
/cis/home/rwang183/my_documents/BDD/SpineDetect-shengwen-branch/SpineDetect/tpm_simulator/microns_env/lib/python3.12/site-packages/meshmash/utils.py:36: PyVistaDeprecationWarning: Parameter 'use_all_points' is deprecated since VTK < 9.2 is no longer supported. This parameter has no effect and is always `True`.
  edge_data = poly.extract_all_edges(use_all_points=True, clear_data=True)
/cis/home/rwang183/my_documents/BDD/SpineDetect-shengwen-branch/SpineDetect/tpm_simulator/microns_env/lib/python3.12/site-packages/meshmash/utils.py:36: PyVistaDeprecationWarning: Parameter 'use_all_points' is deprecated since VTK < 9.2 is no longer supported. This parameter has no effect and is always `True`.
  edge_data = poly.extract_all_edges(use_all_points=True, clear_data=True)
/cis/home/rwang183/my_documents/BDD/SpineDetect-shengwen-branch/SpineDetect/tpm_simulator/microns_env/lib/python3.12/site-packages/meshmash/utils.py:36: PyVistaDeprecationWarning: Parameter 'use_all_points' is deprecated since VTK < 9.2 is no longer supported. This parameter has no effect and is always `True`.
  edge_data = poly.extract_all_edges(use_all_points=True, clear_data=True)
/cis/home/rwang183/my_documents/BDD/SpineDetect-shengwen-branch/SpineDetect/tpm_simulator/microns_env/lib/python3.12/site-packages/meshmash/utils.py:36: PyVistaDeprecationWarning: Parameter 'use_all_points' is deprecated since VTK < 9.2 is no longer supported. This parameter has no effect and is always `True`.
  edge_data = poly.extract_all_edges(use_all_points=True, clear_data=True)
/cis/home/rwang183/my_documents/BDD/SpineDetect-shengwen-branch/SpineDetect/tpm_simulator/microns_env/lib/python3.12/site-packages/meshmash/utils.py:36: PyVistaDeprecationWarning: Parameter 'use_all_points' is deprecated since VTK < 9.2 is no longer supported. This parameter has no effect and is always `True`.
  edge_data = poly.extract_all_edges(use_all_points=True, clear_data=True)
/cis/home/rwang183/my_documents/BDD/SpineDetect-shengwen-branch/SpineDetect/tpm_simulator/microns_env/lib/python3.12/site-packages/meshmash/utils.py:36: PyVistaDeprecationWarning: Parameter 'use_all_points' is deprecated since VTK < 9.2 is no longer supported. This parameter has no effect and is always `True`.
  edge_data = poly.extract_all_edges(use_all_points=True, clear_data=True)
/cis/home/rwang183/my_documents/BDD/SpineDetect-shengwen-branch/SpineDetect/tpm_simulator/microns_env/lib/python3.12/site-packages/meshmash/utils.py:36: PyVistaDeprecationWarning: Parameter 'use_all_points' is deprecated since VTK < 9.2 is no longer supported. This parameter has no effect and is always `True`.
  edge_data = poly.extract_all_edges(use_all_points=True, clear_data=True)
/cis/home/rwang183/my_documents/BDD/SpineDetect-shengwen-branch/SpineDetect/tpm_simulator/microns_env/lib/python3.12/site-packages/meshmash/utils.py:36: PyVistaDeprecationWarning: Parameter 'use_all_points' is deprecated since VTK < 9.2 is no longer supported. This parameter has no effect and is always `True`.
  edge_data = poly.extract_all_edges(use_all_points=True, clear_data=True)
/cis/home/rwang183/my_documents/BDD/SpineDetect-shengwen-branch/SpineDetect/tpm_simulator/microns_env/lib/python3.12/site-packages/meshmash/utils.py:36: PyVistaDeprecationWarning: Parameter 'use_all_points' is deprecated since VTK < 9.2 is no longer supported. This parameter has no effect and is always `True`.
  edge_data = poly.extract_all_edges(use_all_points=True, clear_data=True)
/cis/home/rwang183/my_documents/BDD/SpineDetect-shengwen-branch/SpineDetect/tpm_simulator/microns_env/lib/python3.12/site-packages/meshmash/utils.py:36: PyVistaDeprecationWarning: Parameter 'use_all_points' is deprecated since VTK < 9.2 is no longer supported. This parameter has no effect and is always `True`.
  edge_data = poly.extract_all_edges(use_all_points=True, clear_data=True)
/cis/home/rwang183/my_documents/BDD/SpineDetect-shengwen-branch/SpineDetect/tpm_simulator/microns_env/lib/python3.12/site-packages/meshmash/utils.py:36: PyVistaDeprecationWarning: Parameter 'use_all_points' is deprecated since VTK < 9.2 is no longer supported. This parameter has no effect and is always `True`.
  edge_data = poly.extract_all_edges(use_all_points=True, clear_data=True)
/cis/home/rwang183/my_documents/BDD/SpineDetect-shengwen-branch/SpineDetect/tpm_simulator/microns_env/lib/python3.12/site-packages/meshmash/utils.py:36: PyVistaDeprecationWarning: Parameter 'use_all_points' is deprecated since VTK < 9.2 is no longer supported. This parameter has no effect and is always `True`.
  edge_data = poly.extract_all_edges(use_all_points=True, clear_data=True)
/cis/home/rwang183/my_documents/BDD/SpineDetect-shengwen-branch/SpineDetect/tpm_simulator/microns_env/lib/python3.12/site-packages/meshmash/utils.py:36: PyVistaDeprecationWarning: Parameter 'use_all_points' is deprecated since VTK < 9.2 is no longer supported. This parameter has no effect and is always `True`.
  edge_data = poly.extract_all_edges(use_all_points=True, clear_data=True)
/cis/home/rwang183/my_documents/BDD/SpineDetect-shengwen-branch/SpineDetect/tpm_simulator/microns_env/lib/python3.12/site-packages/meshmash/utils.py:36: PyVistaDeprecationWarning: Parameter 'use_all_points' is deprecated since VTK < 9.2 is no longer supported. This parameter has no effect and is always `True`.
  edge_data = poly.extract_all_edges(use_all_points=True, clear_data=True)
/cis/home/rwang183/my_documents/BDD/SpineDetect-shengwen-branch/SpineDetect/tpm_simulator/microns_env/lib/python3.12/site-packages/meshmash/utils.py:36: PyVistaDeprecationWarning: Parameter 'use_all_points' is deprecated since VTK < 9.2 is no longer supported. This parameter has no effect and is always `True`.
  edge_data = poly.extract_all_edges(use_all_points=True, clear_data=True)
/cis/home/rwang183/my_documents/BDD/SpineDetect-shengwen-branch/SpineDetect/tpm_simulator/microns_env/lib/python3.12/site-packages/meshmash/utils.py:36: PyVistaDeprecationWarning: Parameter 'use_all_points' is deprecated since VTK < 9.2 is no longer supported. This parameter has no effect and is always `True`.
  edge_data = poly.extract_all_edges(use_all_points=True, clear_data=True)
/cis/home/rwang183/my_documents/BDD/SpineDetect-shengwen-branch/SpineDetect/tpm_simulator/microns_env/lib/python3.12/site-packages/meshmash/utils.py:36: PyVistaDeprecationWarning: Parameter 'use_all_points' is deprecated since VTK < 9.2 is no longer supported. This parameter has no effect and is always `True`.
  edge_data = poly.extract_all_edges(use_all_points=True, clear_data=True)
/cis/home/rwang183/my_documents/BDD/SpineDetect-shengwen-branch/SpineDetect/tpm_simulator/microns_env/lib/python3.12/site-packages/meshmash/utils.py:36: PyVistaDeprecationWarning: Parameter 'use_all_points' is deprecated since VTK < 9.2 is no longer supported. This parameter has no effect and is always `True`.
  edge_data = poly.extract_all_edges(use_all_points=True, clear_data=True)
/cis/home/rwang183/my_documents/BDD/SpineDetect-shengwen-branch/SpineDetect/tpm_simulator/microns_env/lib/python3.12/site-packages/meshmash/utils.py:36: PyVistaDeprecationWarning: Parameter 'use_all_points' is deprecated since VTK < 9.2 is no longer supported. This parameter has no effect and is always `True`.
  edge_data = poly.extract_all_edges(use_all_points=True, clear_data=True)
/cis/home/rwang183/my_documents/BDD/SpineDetect-shengwen-branch/SpineDetect/tpm_simulator/microns_env/lib/python3.12/site-packages/meshmash/utils.py:36: PyVistaDeprecationWarning: Parameter 'use_all_points' is deprecated since VTK < 9.2 is no longer supported. This parameter has no effect and is always `True`.
  edge_data = poly.extract_all_edges(use_all_points=True, clear_data=True)

Applying function agglomerate_mesh:   1%|          | 1/146 [00:03<08:25,  3.49s/it]/cis/home/rwang183/my_documents/BDD/SpineDetect-shengwen-branch/SpineDetect/tpm_simulator/microns_env/lib/python3.12/site-packages/meshmash/utils.py:36: PyVistaDeprecationWarning: Parameter 'use_all_points' is deprecated since VTK < 9.2 is no longer supported. This parameter has no effect and is always `True`.
  edge_data = poly.extract_all_edges(use_all_points=True, clear_data=True)

Applying function agglomerate_mesh:   1%|▏         | 2/146 [00:04<04:26,  1.85s/it]
Applying function agglomerate_mesh:   2%|▏         | 3/146 [00:04<02:32,  1.07s/it]/cis/home/rwang183/my_documents/BDD/SpineDetect-shengwen-branch/SpineDetect/tpm_simulator/microns_env/lib/python3.12/site-packages/meshmash/utils.py:36: PyVistaDeprecationWarning: Parameter 'use_all_points' is deprecated since VTK < 9.2 is no longer supported. This parameter has no effect and is always `True`.
  edge_data = poly.extract_all_edges(use_all_points=True, clear_data=True)

Applying function agglomerate_mesh:   3%|▎         | 5/146 [00:04<01:09,  2.03it/s]/cis/home/rwang183/my_documents/BDD/SpineDetect-shengwen-branch/SpineDetect/tpm_simulator/microns_env/lib/python3.12/site-packages/meshmash/utils.py:36: PyVistaDeprecationWarning: Parameter 'use_all_points' is deprecated since VTK < 9.2 is no longer supported. This parameter has no effect and is always `True`.
  edge_data = poly.extract_all_edges(use_all_points=True, clear_data=True)

Applying function agglomerate_mesh:   4%|▍         | 6/146 [00:04<00:54,  2.59it/s]/cis/home/rwang183/my_documents/BDD/SpineDetect-shengwen-branch/SpineDetect/tpm_simulator/microns_env/lib/python3.12/site-packages/meshmash/utils.py:36: PyVistaDeprecationWarning: Parameter 'use_all_points' is deprecated since VTK < 9.2 is no longer supported. This parameter has no effect and is always `True`.
  edge_data = poly.extract_all_edges(use_all_points=True, clear_data=True)
/cis/home/rwang183/my_documents/BDD/SpineDetect-shengwen-branch/SpineDetect/tpm_simulator/microns_env/lib/python3.12/site-packages/meshmash/utils.py:36: PyVistaDeprecationWarning: Parameter 'use_all_points' is deprecated since VTK < 9.2 is no longer supported. This parameter has no effect and is always `True`.
  edge_data = poly.extract_all_edges(use_all_points=True, clear_data=True)
/cis/home/rwang183/my_documents/BDD/SpineDetect-shengwen-branch/SpineDetect/tpm_simulator/microns_env/lib/python3.12/site-packages/meshmash/utils.py:36: PyVistaDeprecationWarning: Parameter 'use_all_points' is deprecated since VTK < 9.2 is no longer supported. This parameter has no effect and is always `True`.
  edge_data = poly.extract_all_edges(use_all_points=True, clear_data=True)

Applying function agglomerate_mesh:   5%|▍         | 7/146 [00:05<01:17,  1.80it/s]/cis/home/rwang183/my_documents/BDD/SpineDetect-shengwen-branch/SpineDetect/tpm_simulator/microns_env/lib/python3.12/site-packages/meshmash/utils.py:36: PyVistaDeprecationWarning: Parameter 'use_all_points' is deprecated since VTK < 9.2 is no longer supported. This parameter has no effect and is always `True`.
  edge_data = poly.extract_all_edges(use_all_points=True, clear_data=True)
/cis/home/rwang183/my_documents/BDD/SpineDetect-shengwen-branch/SpineDetect/tpm_simulator/microns_env/lib/python3.12/site-packages/meshmash/utils.py:36: PyVistaDeprecationWarning: Parameter 'use_all_points' is deprecated since VTK < 9.2 is no longer supported. This parameter has no effect and is always `True`.
  edge_data = poly.extract_all_edges(use_all_points=True, clear_data=True)
/cis/home/rwang183/my_documents/BDD/SpineDetect-shengwen-branch/SpineDetect/tpm_simulator/microns_env/lib/python3.12/site-packages/meshmash/utils.py:36: PyVistaDeprecationWarning: Parameter 'use_all_points' is deprecated since VTK < 9.2 is no longer supported. This parameter has no effect and is always `True`.
  edge_data = poly.extract_all_edges(use_all_points=True, clear_data=True)

Applying function agglomerate_mesh:   8%|▊         | 11/146 [00:05<00:33,  4.01it/s]/cis/home/rwang183/my_documents/BDD/SpineDetect-shengwen-branch/SpineDetect/tpm_simulator/microns_env/lib/python3.12/site-packages/meshmash/utils.py:36: PyVistaDeprecationWarning: Parameter 'use_all_points' is deprecated since VTK < 9.2 is no longer supported. This parameter has no effect and is always `True`.
  edge_data = poly.extract_all_edges(use_all_points=True, clear_data=True)
/cis/home/rwang183/my_documents/BDD/SpineDetect-shengwen-branch/SpineDetect/tpm_simulator/microns_env/lib/python3.12/site-packages/meshmash/utils.py:36: PyVistaDeprecationWarning: Parameter 'use_all_points' is deprecated since VTK < 9.2 is no longer supported. This parameter has no effect and is always `True`.
  edge_data = poly.extract_all_edges(use_all_points=True, clear_data=True)

Applying function agglomerate_mesh:   8%|▊         | 12/146 [00:06<00:32,  4.10it/s]/cis/home/rwang183/my_documents/BDD/SpineDetect-shengwen-branch/SpineDetect/tpm_simulator/microns_env/lib/python3.12/site-packages/meshmash/utils.py:36: PyVistaDeprecationWarning: Parameter 'use_all_points' is deprecated since VTK < 9.2 is no longer supported. This parameter has no effect and is always `True`.
  edge_data = poly.extract_all_edges(use_all_points=True, clear_data=True)
/cis/home/rwang183/my_documents/BDD/SpineDetect-shengwen-branch/SpineDetect/tpm_simulator/microns_env/lib/python3.12/site-packages/meshmash/utils.py:36: PyVistaDeprecationWarning: Parameter 'use_all_points' is deprecated since VTK < 9.2 is no longer supported. This parameter has no effect and is always `True`.
  edge_data = poly.extract_all_edges(use_all_points=True, clear_data=True)

Applying function agglomerate_mesh:  11%|█         | 16/146 [00:06<00:19,  6.57it/s]/cis/home/rwang183/my_documents/BDD/SpineDetect-shengwen-branch/SpineDetect/tpm_simulator/microns_env/lib/python3.12/site-packages/meshmash/utils.py:36: PyVistaDeprecationWarning: Parameter 'use_all_points' is deprecated since VTK < 9.2 is no longer supported. This parameter has no effect and is always `True`.
  edge_data = poly.extract_all_edges(use_all_points=True, clear_data=True)

Applying function agglomerate_mesh:  13%|█▎        | 19/146 [00:06<00:14,  8.86it/s]/cis/home/rwang183/my_documents/BDD/SpineDetect-shengwen-branch/SpineDetect/tpm_simulator/microns_env/lib/python3.12/site-packages/meshmash/utils.py:36: PyVistaDeprecationWarning: Parameter 'use_all_points' is deprecated since VTK < 9.2 is no longer supported. This parameter has no effect and is always `True`.
  edge_data = poly.extract_all_edges(use_all_points=True, clear_data=True)
/cis/home/rwang183/my_documents/BDD/SpineDetect-shengwen-branch/SpineDetect/tpm_simulator/microns_env/lib/python3.12/site-packages/meshmash/utils.py:36: PyVistaDeprecationWarning: Parameter 'use_all_points' is deprecated since VTK < 9.2 is no longer supported. This parameter has no effect and is always `True`.
  edge_data = poly.extract_all_edges(use_all_points=True, clear_data=True)

Applying function agglomerate_mesh:  16%|█▌        | 23/146 [00:06<00:09, 12.87it/s]/cis/home/rwang183/my_documents/BDD/SpineDetect-shengwen-branch/SpineDetect/tpm_simulator/microns_env/lib/python3.12/site-packages/meshmash/utils.py:36: PyVistaDeprecationWarning: Parameter 'use_all_points' is deprecated since VTK < 9.2 is no longer supported. This parameter has no effect and is always `True`.
  edge_data = poly.extract_all_edges(use_all_points=True, clear_data=True)
/cis/home/rwang183/my_documents/BDD/SpineDetect-shengwen-branch/SpineDetect/tpm_simulator/microns_env/lib/python3.12/site-packages/meshmash/utils.py:36: PyVistaDeprecationWarning: Parameter 'use_all_points' is deprecated since VTK < 9.2 is no longer supported. This parameter has no effect and is always `True`.
  edge_data = poly.extract_all_edges(use_all_points=True, clear_data=True)
/cis/home/rwang183/my_documents/BDD/SpineDetect-shengwen-branch/SpineDetect/tpm_simulator/microns_env/lib/python3.12/site-packages/meshmash/utils.py:36: PyVistaDeprecationWarning: Parameter 'use_all_points' is deprecated since VTK < 9.2 is no longer supported. This parameter has no effect and is always `True`.
  edge_data = poly.extract_all_edges(use_all_points=True, clear_data=True)
/cis/home/rwang183/my_documents/BDD/SpineDetect-shengwen-branch/SpineDetect/tpm_simulator/microns_env/lib/python3.12/site-packages/meshmash/utils.py:36: PyVistaDeprecationWarning: Parameter 'use_all_points' is deprecated since VTK < 9.2 is no longer supported. This parameter has no effect and is always `True`.
  edge_data = poly.extract_all_edges(use_all_points=True, clear_data=True)

Applying function agglomerate_mesh:  18%|█▊        | 26/146 [00:06<00:08, 13.58it/s]/cis/home/rwang183/my_documents/BDD/SpineDetect-shengwen-branch/SpineDetect/tpm_simulator/microns_env/lib/python3.12/site-packages/meshmash/utils.py:36: PyVistaDeprecationWarning: Parameter 'use_all_points' is deprecated since VTK < 9.2 is no longer supported. This parameter has no effect and is always `True`.
  edge_data = poly.extract_all_edges(use_all_points=True, clear_data=True)
/cis/home/rwang183/my_documents/BDD/SpineDetect-shengwen-branch/SpineDetect/tpm_simulator/microns_env/lib/python3.12/site-packages/meshmash/utils.py:36: PyVistaDeprecationWarning: Parameter 'use_all_points' is deprecated since VTK < 9.2 is no longer supported. This parameter has no effect and is always `True`.
  edge_data = poly.extract_all_edges(use_all_points=True, clear_data=True)
/cis/home/rwang183/my_documents/BDD/SpineDetect-shengwen-branch/SpineDetect/tpm_simulator/microns_env/lib/python3.12/site-packages/meshmash/utils.py:36: PyVistaDeprecationWarning: Parameter 'use_all_points' is deprecated since VTK < 9.2 is no longer supported. This parameter has no effect and is always `True`.
  edge_data = poly.extract_all_edges(use_all_points=True, clear_data=True)

Applying function agglomerate_mesh:  21%|██        | 30/146 [00:06<00:06, 17.68it/s]/cis/home/rwang183/my_documents/BDD/SpineDetect-shengwen-branch/SpineDetect/tpm_simulator/microns_env/lib/python3.12/site-packages/meshmash/utils.py:36: PyVistaDeprecationWarning: Parameter 'use_all_points' is deprecated since VTK < 9.2 is no longer supported. This parameter has no effect and is always `True`.
  edge_data = poly.extract_all_edges(use_all_points=True, clear_data=True)
/cis/home/rwang183/my_documents/BDD/SpineDetect-shengwen-branch/SpineDetect/tpm_simulator/microns_env/lib/python3.12/site-packages/meshmash/utils.py:36: PyVistaDeprecationWarning: Parameter 'use_all_points' is deprecated since VTK < 9.2 is no longer supported. This parameter has no effect and is always `True`.
  edge_data = poly.extract_all_edges(use_all_points=True, clear_data=True)
/cis/home/rwang183/my_documents/BDD/SpineDetect-shengwen-branch/SpineDetect/tpm_simulator/microns_env/lib/python3.12/site-packages/meshmash/utils.py:36: PyVistaDeprecationWarning: Parameter 'use_all_points' is deprecated since VTK < 9.2 is no longer supported. This parameter has no effect and is always `True`.
  edge_data = poly.extract_all_edges(use_all_points=True, clear_data=True)

Applying function agglomerate_mesh:  23%|██▎       | 34/146 [00:06<00:05, 21.78it/s]/cis/home/rwang183/my_documents/BDD/SpineDetect-shengwen-branch/SpineDetect/tpm_simulator/microns_env/lib/python3.12/site-packages/meshmash/utils.py:36: PyVistaDeprecationWarning: Parameter 'use_all_points' is deprecated since VTK < 9.2 is no longer supported. This parameter has no effect and is always `True`.
  edge_data = poly.extract_all_edges(use_all_points=True, clear_data=True)
/cis/home/rwang183/my_documents/BDD/SpineDetect-shengwen-branch/SpineDetect/tpm_simulator/microns_env/lib/python3.12/site-packages/meshmash/utils.py:36: PyVistaDeprecationWarning: Parameter 'use_all_points' is deprecated since VTK < 9.2 is no longer supported. This parameter has no effect and is always `True`.
  edge_data = poly.extract_all_edges(use_all_points=True, clear_data=True)
/cis/home/rwang183/my_documents/BDD/SpineDetect-shengwen-branch/SpineDetect/tpm_simulator/microns_env/lib/python3.12/site-packages/meshmash/utils.py:36: PyVistaDeprecationWarning: Parameter 'use_all_points' is deprecated since VTK < 9.2 is no longer supported. This parameter has no effect and is always `True`.
  edge_data = poly.extract_all_edges(use_all_points=True, clear_data=True)
/cis/home/rwang183/my_documents/BDD/SpineDetect-shengwen-branch/SpineDetect/tpm_simulator/microns_env/lib/python3.12/site-packages/meshmash/utils.py:36: PyVistaDeprecationWarning: Parameter 'use_all_points' is deprecated since VTK < 9.2 is no longer supported. This parameter has no effect and is always `True`.
  edge_data = poly.extract_all_edges(use_all_points=True, clear_data=True)
/cis/home/rwang183/my_documents/BDD/SpineDetect-shengwen-branch/SpineDetect/tpm_simulator/microns_env/lib/python3.12/site-packages/meshmash/utils.py:36: PyVistaDeprecationWarning: Parameter 'use_all_points' is deprecated since VTK < 9.2 is no longer supported. This parameter has no effect and is always `True`.
  edge_data = poly.extract_all_edges(use_all_points=True, clear_data=True)

Applying function agglomerate_mesh:  25%|██▌       | 37/146 [00:07<00:04, 22.46it/s]/cis/home/rwang183/my_documents/BDD/SpineDetect-shengwen-branch/SpineDetect/tpm_simulator/microns_env/lib/python3.12/site-packages/meshmash/utils.py:36: PyVistaDeprecationWarning: Parameter 'use_all_points' is deprecated since VTK < 9.2 is no longer supported. This parameter has no effect and is always `True`.
  edge_data = poly.extract_all_edges(use_all_points=True, clear_data=True)
/cis/home/rwang183/my_documents/BDD/SpineDetect-shengwen-branch/SpineDetect/tpm_simulator/microns_env/lib/python3.12/site-packages/meshmash/utils.py:36: PyVistaDeprecationWarning: Parameter 'use_all_points' is deprecated since VTK < 9.2 is no longer supported. This parameter has no effect and is always `True`.
  edge_data = poly.extract_all_edges(use_all_points=True, clear_data=True)
/cis/home/rwang183/my_documents/BDD/SpineDetect-shengwen-branch/SpineDetect/tpm_simulator/microns_env/lib/python3.12/site-packages/meshmash/utils.py:36: PyVistaDeprecationWarning: Parameter 'use_all_points' is deprecated since VTK < 9.2 is no longer supported. This parameter has no effect and is always `True`.
  edge_data = poly.extract_all_edges(use_all_points=True, clear_data=True)

Applying function agglomerate_mesh:  29%|██▉       | 42/146 [00:07<00:03, 26.37it/s]/cis/home/rwang183/my_documents/BDD/SpineDetect-shengwen-branch/SpineDetect/tpm_simulator/microns_env/lib/python3.12/site-packages/meshmash/utils.py:36: PyVistaDeprecationWarning: Parameter 'use_all_points' is deprecated since VTK < 9.2 is no longer supported. This parameter has no effect and is always `True`.
  edge_data = poly.extract_all_edges(use_all_points=True, clear_data=True)
/cis/home/rwang183/my_documents/BDD/SpineDetect-shengwen-branch/SpineDetect/tpm_simulator/microns_env/lib/python3.12/site-packages/meshmash/utils.py:36: PyVistaDeprecationWarning: Parameter 'use_all_points' is deprecated since VTK < 9.2 is no longer supported. This parameter has no effect and is always `True`.
  edge_data = poly.extract_all_edges(use_all_points=True, clear_data=True)
/cis/home/rwang183/my_documents/BDD/SpineDetect-shengwen-branch/SpineDetect/tpm_simulator/microns_env/lib/python3.12/site-packages/meshmash/utils.py:36: PyVistaDeprecationWarning: Parameter 'use_all_points' is deprecated since VTK < 9.2 is no longer supported. This parameter has no effect and is always `True`.
  edge_data = poly.extract_all_edges(use_all_points=True, clear_data=True)
/cis/home/rwang183/my_documents/BDD/SpineDetect-shengwen-branch/SpineDetect/tpm_simulator/microns_env/lib/python3.12/site-packages/meshmash/utils.py:36: PyVistaDeprecationWarning: Parameter 'use_all_points' is deprecated since VTK < 9.2 is no longer supported. This parameter has no effect and is always `True`.
  edge_data = poly.extract_all_edges(use_all_points=True, clear_data=True)
/cis/home/rwang183/my_documents/BDD/SpineDetect-shengwen-branch/SpineDetect/tpm_simulator/microns_env/lib/python3.12/site-packages/meshmash/utils.py:36: PyVistaDeprecationWarning: Parameter 'use_all_points' is deprecated since VTK < 9.2 is no longer supported. This parameter has no effect and is always `True`.
  edge_data = poly.extract_all_edges(use_all_points=True, clear_data=True)
/cis/home/rwang183/my_documents/BDD/SpineDetect-shengwen-branch/SpineDetect/tpm_simulator/microns_env/lib/python3.12/site-packages/meshmash/utils.py:36: PyVistaDeprecationWarning: Parameter 'use_all_points' is deprecated since VTK < 9.2 is no longer supported. This parameter has no effect and is always `True`.
  edge_data = poly.extract_all_edges(use_all_points=True, clear_data=True)

Applying function agglomerate_mesh:  34%|███▎      | 49/146 [00:07<00:03, 30.82it/s]/cis/home/rwang183/my_documents/BDD/SpineDetect-shengwen-branch/SpineDetect/tpm_simulator/microns_env/lib/python3.12/site-packages/meshmash/utils.py:36: PyVistaDeprecationWarning: Parameter 'use_all_points' is deprecated since VTK < 9.2 is no longer supported. This parameter has no effect and is always `True`.
  edge_data = poly.extract_all_edges(use_all_points=True, clear_data=True)
/cis/home/rwang183/my_documents/BDD/SpineDetect-shengwen-branch/SpineDetect/tpm_simulator/microns_env/lib/python3.12/site-packages/meshmash/utils.py:36: PyVistaDeprecationWarning: Parameter 'use_all_points' is deprecated since VTK < 9.2 is no longer supported. This parameter has no effect and is always `True`.
  edge_data = poly.extract_all_edges(use_all_points=True, clear_data=True)
/cis/home/rwang183/my_documents/BDD/SpineDetect-shengwen-branch/SpineDetect/tpm_simulator/microns_env/lib/python3.12/site-packages/meshmash/utils.py:36: PyVistaDeprecationWarning: Parameter 'use_all_points' is deprecated since VTK < 9.2 is no longer supported. This parameter has no effect and is always `True`.
  edge_data = poly.extract_all_edges(use_all_points=True, clear_data=True)
/cis/home/rwang183/my_documents/BDD/SpineDetect-shengwen-branch/SpineDetect/tpm_simulator/microns_env/lib/python3.12/site-packages/meshmash/utils.py:36: PyVistaDeprecationWarning: Parameter 'use_all_points' is deprecated since VTK < 9.2 is no longer supported. This parameter has no effect and is always `True`.
  edge_data = poly.extract_all_edges(use_all_points=True, clear_data=True)
/cis/home/rwang183/my_documents/BDD/SpineDetect-shengwen-branch/SpineDetect/tpm_simulator/microns_env/lib/python3.12/site-packages/meshmash/utils.py:36: PyVistaDeprecationWarning: Parameter 'use_all_points' is deprecated since VTK < 9.2 is no longer supported. This parameter has no effect and is always `True`.
  edge_data = poly.extract_all_edges(use_all_points=True, clear_data=True)
/cis/home/rwang183/my_documents/BDD/SpineDetect-shengwen-branch/SpineDetect/tpm_simulator/microns_env/lib/python3.12/site-packages/meshmash/utils.py:36: PyVistaDeprecationWarning: Parameter 'use_all_points' is deprecated since VTK < 9.2 is no longer supported. This parameter has no effect and is always `True`.
  edge_data = poly.extract_all_edges(use_all_points=True, clear_data=True)
/cis/home/rwang183/my_documents/BDD/SpineDetect-shengwen-branch/SpineDetect/tpm_simulator/microns_env/lib/python3.12/site-packages/meshmash/utils.py:36: PyVistaDeprecationWarning: Parameter 'use_all_points' is deprecated since VTK < 9.2 is no longer supported. This parameter has no effect and is always `True`.
  edge_data = poly.extract_all_edges(use_all_points=True, clear_data=True)

Applying function agglomerate_mesh:  38%|███▊      | 56/146 [00:07<00:02, 32.31it/s]/cis/home/rwang183/my_documents/BDD/SpineDetect-shengwen-branch/SpineDetect/tpm_simulator/microns_env/lib/python3.12/site-packages/meshmash/utils.py:36: PyVistaDeprecationWarning: Parameter 'use_all_points' is deprecated since VTK < 9.2 is no longer supported. This parameter has no effect and is always `True`.
  edge_data = poly.extract_all_edges(use_all_points=True, clear_data=True)

Applying function agglomerate_mesh:  42%|████▏     | 62/146 [00:07<00:02, 35.16it/s]/cis/home/rwang183/my_documents/BDD/SpineDetect-shengwen-branch/SpineDetect/tpm_simulator/microns_env/lib/python3.12/site-packages/meshmash/utils.py:36: PyVistaDeprecationWarning: Parameter 'use_all_points' is deprecated since VTK < 9.2 is no longer supported. This parameter has no effect and is always `True`.
  edge_data = poly.extract_all_edges(use_all_points=True, clear_data=True)
/cis/home/rwang183/my_documents/BDD/SpineDetect-shengwen-branch/SpineDetect/tpm_simulator/microns_env/lib/python3.12/site-packages/meshmash/utils.py:36: PyVistaDeprecationWarning: Parameter 'use_all_points' is deprecated since VTK < 9.2 is no longer supported. This parameter has no effect and is always `True`.
  edge_data = poly.extract_all_edges(use_all_points=True, clear_data=True)
/cis/home/rwang183/my_documents/BDD/SpineDetect-shengwen-branch/SpineDetect/tpm_simulator/microns_env/lib/python3.12/site-packages/meshmash/utils.py:36: PyVistaDeprecationWarning: Parameter 'use_all_points' is deprecated since VTK < 9.2 is no longer supported. This parameter has no effect and is always `True`.
  edge_data = poly.extract_all_edges(use_all_points=True, clear_data=True)
/cis/home/rwang183/my_documents/BDD/SpineDetect-shengwen-branch/SpineDetect/tpm_simulator/microns_env/lib/python3.12/site-packages/meshmash/utils.py:36: PyVistaDeprecationWarning: Parameter 'use_all_points' is deprecated since VTK < 9.2 is no longer supported. This parameter has no effect and is always `True`.
  edge_data = poly.extract_all_edges(use_all_points=True, clear_data=True)

Applying function agglomerate_mesh:  45%|████▌     | 66/146 [00:07<00:02, 34.79it/s]/cis/home/rwang183/my_documents/BDD/SpineDetect-shengwen-branch/SpineDetect/tpm_simulator/microns_env/lib/python3.12/site-packages/meshmash/utils.py:36: PyVistaDeprecationWarning: Parameter 'use_all_points' is deprecated since VTK < 9.2 is no longer supported. This parameter has no effect and is always `True`.
  edge_data = poly.extract_all_edges(use_all_points=True, clear_data=True)
/cis/home/rwang183/my_documents/BDD/SpineDetect-shengwen-branch/SpineDetect/tpm_simulator/microns_env/lib/python3.12/site-packages/meshmash/utils.py:36: PyVistaDeprecationWarning: Parameter 'use_all_points' is deprecated since VTK < 9.2 is no longer supported. This parameter has no effect and is always `True`.
  edge_data = poly.extract_all_edges(use_all_points=True, clear_data=True)
/cis/home/rwang183/my_documents/BDD/SpineDetect-shengwen-branch/SpineDetect/tpm_simulator/microns_env/lib/python3.12/site-packages/meshmash/utils.py:36: PyVistaDeprecationWarning: Parameter 'use_all_points' is deprecated since VTK < 9.2 is no longer supported. This parameter has no effect and is always `True`.
  edge_data = poly.extract_all_edges(use_all_points=True, clear_data=True)
/cis/home/rwang183/my_documents/BDD/SpineDetect-shengwen-branch/SpineDetect/tpm_simulator/microns_env/lib/python3.12/site-packages/meshmash/utils.py:36: PyVistaDeprecationWarning: Parameter 'use_all_points' is deprecated since VTK < 9.2 is no longer supported. This parameter has no effect and is always `True`.
  edge_data = poly.extract_all_edges(use_all_points=True, clear_data=True)
/cis/home/rwang183/my_documents/BDD/SpineDetect-shengwen-branch/SpineDetect/tpm_simulator/microns_env/lib/python3.12/site-packages/meshmash/utils.py:36: PyVistaDeprecationWarning: Parameter 'use_all_points' is deprecated since VTK < 9.2 is no longer supported. This parameter has no effect and is always `True`.
  edge_data = poly.extract_all_edges(use_all_points=True, clear_data=True)
/cis/home/rwang183/my_documents/BDD/SpineDetect-shengwen-branch/SpineDetect/tpm_simulator/microns_env/lib/python3.12/site-packages/meshmash/utils.py:36: PyVistaDeprecationWarning: Parameter 'use_all_points' is deprecated since VTK < 9.2 is no longer supported. This parameter has no effect and is always `True`.
  edge_data = poly.extract_all_edges(use_all_points=True, clear_data=True)
/cis/home/rwang183/my_documents/BDD/SpineDetect-shengwen-branch/SpineDetect/tpm_simulator/microns_env/lib/python3.12/site-packages/meshmash/utils.py:36: PyVistaDeprecationWarning: Parameter 'use_all_points' is deprecated since VTK < 9.2 is no longer supported. This parameter has no effect and is always `True`.
  edge_data = poly.extract_all_edges(use_all_points=True, clear_data=True)
/cis/home/rwang183/my_documents/BDD/SpineDetect-shengwen-branch/SpineDetect/tpm_simulator/microns_env/lib/python3.12/site-packages/meshmash/utils.py:36: PyVistaDeprecationWarning: Parameter 'use_all_points' is deprecated since VTK < 9.2 is no longer supported. This parameter has no effect and is always `True`.
  edge_data = poly.extract_all_edges(use_all_points=True, clear_data=True)
/cis/home/rwang183/my_documents/BDD/SpineDetect-shengwen-branch/SpineDetect/tpm_simulator/microns_env/lib/python3.12/site-packages/meshmash/utils.py:36: PyVistaDeprecationWarning: Parameter 'use_all_points' is deprecated since VTK < 9.2 is no longer supported. This parameter has no effect and is always `True`.
  edge_data = poly.extract_all_edges(use_all_points=True, clear_data=True)

Applying function agglomerate_mesh:  49%|████▊     | 71/146 [00:08<00:02, 28.63it/s]
Applying function agglomerate_mesh:  52%|█████▏    | 76/146 [00:08<00:02, 32.13it/s]/cis/home/rwang183/my_documents/BDD/SpineDetect-shengwen-branch/SpineDetect/tpm_simulator/microns_env/lib/python3.12/site-packages/meshmash/utils.py:36: PyVistaDeprecationWarning: Parameter 'use_all_points' is deprecated since VTK < 9.2 is no longer supported. This parameter has no effect and is always `True`.
  edge_data = poly.extract_all_edges(use_all_points=True, clear_data=True)
/cis/home/rwang183/my_documents/BDD/SpineDetect-shengwen-branch/SpineDetect/tpm_simulator/microns_env/lib/python3.12/site-packages/meshmash/utils.py:36: PyVistaDeprecationWarning: Parameter 'use_all_points' is deprecated since VTK < 9.2 is no longer supported. This parameter has no effect and is always `True`.
  edge_data = poly.extract_all_edges(use_all_points=True, clear_data=True)
/cis/home/rwang183/my_documents/BDD/SpineDetect-shengwen-branch/SpineDetect/tpm_simulator/microns_env/lib/python3.12/site-packages/meshmash/utils.py:36: PyVistaDeprecationWarning: Parameter 'use_all_points' is deprecated since VTK < 9.2 is no longer supported. This parameter has no effect and is always `True`.
  edge_data = poly.extract_all_edges(use_all_points=True, clear_data=True)
/cis/home/rwang183/my_documents/BDD/SpineDetect-shengwen-branch/SpineDetect/tpm_simulator/microns_env/lib/python3.12/site-packages/meshmash/utils.py:36: PyVistaDeprecationWarning: Parameter 'use_all_points' is deprecated since VTK < 9.2 is no longer supported. This parameter has no effect and is always `True`.
  edge_data = poly.extract_all_edges(use_all_points=True, clear_data=True)
/cis/home/rwang183/my_documents/BDD/SpineDetect-shengwen-branch/SpineDetect/tpm_simulator/microns_env/lib/python3.12/site-packages/meshmash/utils.py:36: PyVistaDeprecationWarning: Parameter 'use_all_points' is deprecated since VTK < 9.2 is no longer supported. This parameter has no effect and is always `True`.
  edge_data = poly.extract_all_edges(use_all_points=True, clear_data=True)

Applying function agglomerate_mesh:  55%|█████▍    | 80/146 [00:08<00:02, 24.51it/s]
Applying function agglomerate_mesh:  57%|█████▋    | 83/146 [00:08<00:03, 16.51it/s]
Applying function agglomerate_mesh:  59%|█████▉    | 86/146 [00:08<00:03, 16.91it/s]
Applying function agglomerate_mesh:  62%|██████▏   | 90/146 [00:09<00:03, 16.21it/s]
Applying function agglomerate_mesh:  63%|██████▎   | 92/146 [00:09<00:04, 12.15it/s]
Applying function agglomerate_mesh:  64%|██████▍   | 94/146 [00:09<00:04, 11.71it/s]
Applying function agglomerate_mesh:  66%|██████▌   | 96/146 [00:10<00:06,  8.26it/s]
Applying function agglomerate_mesh:  67%|██████▋   | 98/146 [00:10<00:08,  5.86it/s]
Applying function agglomerate_mesh:  68%|██████▊   | 100/146 [00:11<00:07,  6.52it/s]
Applying function agglomerate_mesh:  69%|██████▉   | 101/146 [00:11<00:07,  6.29it/s]
Applying function agglomerate_mesh:  71%|███████   | 103/146 [00:11<00:06,  7.01it/s]
Applying function agglomerate_mesh:  72%|███████▏  | 105/146 [00:11<00:04,  8.59it/s]
Applying function agglomerate_mesh:  76%|███████▌  | 111/146 [00:11<00:02, 15.98it/s]
Applying function agglomerate_mesh:  79%|███████▉  | 116/146 [00:11<00:01, 20.10it/s]
Applying function agglomerate_mesh:  82%|████████▏ | 120/146 [00:12<00:01, 23.15it/s]
Applying function agglomerate_mesh:  84%|████████▍ | 123/146 [00:12<00:01, 22.96it/s]
Applying function agglomerate_mesh:  88%|████████▊ | 128/146 [00:12<00:00, 28.55it/s]
Applying function agglomerate_mesh:  91%|█████████ | 133/146 [00:12<00:00, 32.55it/s]
Applying function agglomerate_mesh:  95%|█████████▌| 139/146 [00:12<00:00, 36.81it/s]
Applying function agglomerate_mesh:  98%|█████████▊| 143/146 [00:12<00:00, 25.37it/s]
Applying function agglomerate_mesh: 100%|██████████| 146/146 [00:13<00:00, 11.09it/s]
/cis/home/rwang183/my_documents/BDD/SpineDetect-shengwen-branch/SpineDetect/tpm_simulator/microns_env/lib/python3.12/site-packages/meshmash/utils.py:26: PyVistaDeprecationWarning: Parameter 'use_all_points' is deprecated since VTK < 9.2 is no longer supported. This parameter has no effect and is always `True`.
  edge_data = poly.extract_all_edges(use_all_points=True, clear_data=True)
/cis/home/rwang183/my_documents/BDD/SpineDetect-shengwen-branch/SpineDetect/tpm_simulator/microns_env/lib/python3.12/site-packages/meshmash/utils.py:36: PyVistaDeprecationWarning: Parameter 'use_all_points' is deprecated since VTK < 9.2 is no longer supported. This parameter has no effect and is always `True`.
  edge_data = poly.extract_all_edges(use_all_points=True, clear_data=True)
/cis/home/rwang183/my_documents/BDD/SpineDetect-shengwen-branch/SpineDetect/tpm_simulator/microns_env/lib/python3.12/site-packages/sklearn/base.py:463: InconsistentVersionWarning: Trying to unpickle estimator DecisionTreeClassifier from version 1.6.1 when using version 1.8.0. This might lead to breaking code or invalid results. Use at your own risk. For more info please refer to:
https://scikit-learn.org/stable/model_persistence.html#security-maintainability-limitations
  warnings.warn(
/cis/home/rwang183/my_documents/BDD/SpineDetect-shengwen-branch/SpineDetect/tpm_simulator/microns_env/lib/python3.12/site-packages/sklearn/base.py:463: InconsistentVersionWarning: Trying to unpickle estimator RandomForestClassifier from version 1.6.1 when using version 1.8.0. This might lead to breaking code or invalid results. Use at your own risk. For more info please refer to:
https://scikit-learn.org/stable/model_persistence.html#security-maintainability-limitations
  warnings.warn(
/cis/home/rwang183/my_documents/BDD/SpineDetect-shengwen-branch/SpineDetect/tpm_simulator/microns_env/lib/python3.12/site-packages/sklearn/base.py:463: InconsistentVersionWarning: Trying to unpickle estimator DecisionTreeClassifier from version 1.6.1 when using version 1.8.0. This might lead to breaking code or invalid results. Use at your own risk. For more info please refer to:
https://scikit-learn.org/stable/model_persistence.html#security-maintainability-limitations
  warnings.warn(
/cis/home/rwang183/my_documents/BDD/SpineDetect-shengwen-branch/SpineDetect/tpm_simulator/microns_env/lib/python3.12/site-packages/sklearn/base.py:463: InconsistentVersionWarning: Trying to unpickle estimator RandomForestClassifier from version 1.6.1 when using version 1.8.0. This might lead to breaking code or invalid results. Use at your own risk. For more info please refer to:
https://scikit-learn.org/stable/model_persistence.html#security-maintainability-limitations
  warnings.warn(
  Success! HKS computed for root_id 864691136437428382.
Error occurred while voxelizing submesh: zero-size array to reduction operation minimum which has no identity
Error occurred while voxelizing submesh: zero-size array to reduction operation minimum which has no identity
Traceback (most recent call last):
  File "/cis/home/rwang183/my_documents/BDD/SpineDetect-shengwen-branch/SpineDetect/tpm_simulator/sample_random_volume/sample_random_volume.py", line 460, in <module>
    mask_generation_pipeline(root_id, neuron_ids, client, bbox_min, bbox_max, res_seg)
  File "/cis/home/rwang183/my_documents/BDD/SpineDetect-shengwen-branch/SpineDetect/tpm_simulator/hks/mask_generation.py", line 255, in mask_generation_pipeline
    resized_masks[:, :, :, ch] = resized_mask
    ~~~~~~~~~~~~~^^^^^^^^^^^^^
ValueError: could not broadcast input array from shape (513,513,1025) into shape (513,513,1024)
[17:11:53] ERROR: sample_random_volume.py failed
