[01:19:43] Download pipeline started, log: /cis/home/rwang183/my_documents/BDD/SpineDetect-shengwen-branch/SpineDetect/tpm_simulator/pipelines/cloud/logs/download/download_20260410_011943.log
[01:19:43] MIP 3 (1 volumes)
[01:19:43] [MIP 3] 1/1
/cis/home/rwang183/my_documents/BDD/SpineDetect-shengwen-branch/SpineDetect/tpm_simulator/microns_env/lib/python3.10/site-packages/google/api_core/_python_version_support.py:273: FutureWarning: You are using a Python version (3.10.20) which Google will stop supporting in new releases of google.api_core once it reaches its end of life (2026-10-04). Please upgrade to the latest Python version, or at least Python 3.11, to continue receiving updates for google.api_core past that date.
  warnings.warn(message, FutureWarning)
Start log_file=/cis/home/rwang183/my_documents/BDD/SpineDetect-shengwen-branch/SpineDetect/tpm_simulator/pipelines/cloud/logs/download/download_20260410_011943.log
Log file: /cis/home/rwang183/my_documents/BDD/SpineDetect-shengwen-branch/SpineDetect/tpm_simulator/pipelines/cloud/logs/download/download_20260410_011943.log
Building neuron whitelist...
Whitelist IN: table_names=['allen_column_mtypes_v2', 'aibs_metamodel_celltypes_v661', 'baylor_gnn_cell_type_fine_model_v2', 'bodor_pt_cells', 'l5et_column']
Loading whitelist: allen_column_mtypes_v2...
  allen_column_mtypes_v2: 1351 IDs
Whitelist table=allen_column_mtypes_v2 ids=1351
Loading whitelist: aibs_metamodel_celltypes_v661...
201 - "Limited query to 50000 rows
  aibs_metamodel_celltypes_v661: +50000 rows (offset 50000)
  aibs_metamodel_celltypes_v661: 68218 IDs
Whitelist table=aibs_metamodel_celltypes_v661 ids=68218
Loading whitelist: baylor_gnn_cell_type_fine_model_v2...
  baylor_gnn_cell_type_fine_model_v2: 49049 IDs
Whitelist table=baylor_gnn_cell_type_fine_model_v2 ids=49049
Loading whitelist: bodor_pt_cells...
  bodor_pt_cells: 12 IDs
Whitelist table=bodor_pt_cells ids=12
Loading whitelist: l5et_column...
  l5et_column: 39 IDs
Whitelist table=l5et_column ids=39
Whitelist OUT: total_ids=84676, stats={'allen_column_mtypes_v2': 1351, 'aibs_metamodel_celltypes_v661': 68218, 'baylor_gnn_cell_type_fine_model_v2': 49049, 'bodor_pt_cells': 12, 'l5et_column': 39}, duration=13.62s
Building vessel whitelist...
Whitelist IN: table_names=['aibs_metamodel_celltypes_v661']
Loading whitelist: aibs_metamodel_celltypes_v661...
  aibs_metamodel_celltypes_v661: 8729 IDs
Whitelist table=aibs_metamodel_celltypes_v661 ids=8729
Whitelist OUT: total_ids=8729, stats={'aibs_metamodel_celltypes_v661': 8729}, duration=1.00s
Whitelist ready: 84676 neurons, 8729 vessels
Whitelist n_stats={'allen_column_mtypes_v2': 1351, 'aibs_metamodel_celltypes_v661': 68218, 'baylor_gnn_cell_type_fine_model_v2': 49049, 'bodor_pt_cells': 12, 'l5et_column': 39} v_stats={'aibs_metamodel_celltypes_v661': 8729}
Sampling ROI...
ROI sampling IN: whitelist_sizes=(84676, 8729), vessel_nm=[98304.0, 98304.0, 122880.0] neuron_nm=[32768.0, 32768.0, 81920.0]
Sampling ROI (attempt 1)...
ROI sampling attempt=1 root_id=864691136522453649 retry: Bbox([10240, 13312, 6656],[10304, 13376, 6720], dtype=np.int32, unit='vx')
ROI sampling OUT: root_id=864691136051108595, found_n=97, found_v=9, duration=36.98s
ROI chosen root_id=864691136051108595 save_dir=/cis/home/rwang183/my_documents/BDD/SpineDetect-shengwen-branch/SpineDetect/tpm_simulator/data/download/microns_864691136051108595 found_n=97 found_v=9
Downloading 864691136051108595 (neuron 4x4x8, vessel 12x12x12)
Block (2,1,6) root_id=864691136051108595
Block (2,2,5) root_id=864691136051108595
Block (0,1,6) root_id=864691136051108595
Block (0,3,3) root_id=864691136051108595
Block (3,2,1) root_id=864691136051108595
Block (1,3,0) root_id=864691136051108595
Block (3,1,5) root_id=864691136051108595

Blocks:   0%|          | 0/1728 [00:00<?, ?it/s]Block (3,3,2) root_id=864691136051108595
Block (2,2,5) ok, attempt=1, duration=5.60s
Block (1,0,1) root_id=864691136051108595

Blocks:   0%|          | 1/1728 [00:05<2:37:17,  5.46s/it]Block (3,1,5) ok, attempt=1, duration=5.68s
Block (0,0,7) root_id=864691136051108595

Blocks:   0%|          | 2/1728 [00:05<1:06:26,  2.31s/it]Block (2,1,6) ok, attempt=1, duration=5.79s

Blocks:   0%|          | 3/1728 [00:05<37:43,  1.31s/it]  Block (0,2,4) root_id=864691136051108595
Block (1,3,0) ok, attempt=1, duration=5.83s
Block (1,1,0) root_id=864691136051108595
Block (0,3,3) ok, attempt=1, duration=6.35s
Block (3,0,3) root_id=864691136051108595

Blocks:   0%|          | 5/1728 [00:06<21:11,  1.36it/s]Block (0,1,6) ok, attempt=1, duration=6.60s

Blocks:   0%|          | 6/1728 [00:06<16:25,  1.75it/s]Block (2,0,1) root_id=864691136051108595
Block (3,2,1) ok, attempt=1, duration=6.65s
Block (2,2,7) root_id=864691136051108595
Block (3,3,2) ok, attempt=1, duration=6.70s
Block (0,3,5) root_id=864691136051108595

Blocks:   0%|          | 8/1728 [00:06<09:59,  2.87it/s]Block (0,2,4) ok, attempt=1, duration=5.59s

Blocks:   1%|          | 9/1728 [00:11<40:37,  1.42s/it]Block (1,3,2) root_id=864691136051108595
Block (2,2,7) ok, attempt=1, duration=5.43s
Block (3,1,7) root_id=864691136051108595

Blocks:   1%|          | 10/1728 [00:11<34:48,  1.22s/it]Block (1,0,1) ok, attempt=1, duration=6.61s

Blocks:   1%|          | 11/1728 [00:12<26:14,  1.09it/s]Block (3,3,4) root_id=864691136051108595
Block (1,1,0) ok, attempt=1, duration=6.36s
Block (0,0,0) root_id=864691136051108595
Block (0,0,7) ok, attempt=1, duration=6.73s

Blocks:   1%|          | 13/1728 [00:12<16:05,  1.78it/s]Block (1,1,2) root_id=864691136051108595
Block (0,3,5) ok, attempt=1, duration=6.37s

Blocks:   1%|          | 14/1728 [00:12<16:49,  1.70it/s]Block (0,2,6) root_id=864691136051108595
Block (2,0,1) ok, attempt=1, duration=6.52s
Block (2,0,3) root_id=864691136051108595
Block (3,0,3) ok, attempt=1, duration=6.75s
Block (2,2,0) root_id=864691136051108595
Block (3,3,4) ok, attempt=1, duration=6.05s

Blocks:   1%|          | 17/1728 [00:18<33:16,  1.17s/it]Block (1,3,2) ok, attempt=1, duration=6.87s
Block (0,1,1) root_id=864691136051108595
Block (0,3,7) root_id=864691136051108595
Block (1,1,2) ok, attempt=1, duration=6.00s
Block (3,1,7) ok, attempt=1, duration=6.33s
Block (1,3,4) root_id=864691136051108595

Blocks:   1%|          | 19/1728 [00:18<23:01,  1.24it/s]Block (3,1,0) root_id=864691136051108595
Block (0,0,0) ok, attempt=1, duration=6.80s
Block (3,3,6) root_id=864691136051108595

Blocks:   1%|          | 21/1728 [00:18<18:34,  1.53it/s]Block (2,0,3) ok, attempt=1, duration=5.98s
Block (0,0,2) root_id=864691136051108595
Block (2,2,0) ok, attempt=1, duration=6.30s

Blocks:   1%|▏         | 23/1728 [00:19<14:39,  1.94it/s]Block (1,1,4) root_id=864691136051108595
Block (0,2,6) ok, attempt=1, duration=6.44s
Block (2,0,5) root_id=864691136051108595
Block (0,1,1) ok, attempt=1, duration=6.81s

Blocks:   1%|▏         | 25/1728 [00:24<34:44,  1.22s/it]Block (3,1,0) ok, attempt=1, duration=6.70s
Block (2,0,5) ok, attempt=1, duration=5.59s
Block (2,2,2) root_id=864691136051108595
Block (0,3,0) root_id=864691136051108595
Block (0,1,3) root_id=864691136051108595
Block (1,1,4) ok, attempt=1, duration=5.70s
Block (3,1,2) root_id=864691136051108595
Block (1,3,4) ok, attempt=1, duration=6.86s

Blocks:   2%|▏         | 29/1728 [00:25<18:59,  1.49it/s]Block (0,3,7) ok, attempt=1, duration=6.94s
Block (3,3,6) ok, attempt=1, duration=6.25s
Block (1,3,6) root_id=864691136051108595
Block (0,0,4) root_id=864691136051108595
Block (0,2,1) root_id=864691136051108595
Block (0,0,2) ok, attempt=1, duration=6.82s

Blocks:   2%|▏         | 32/1728 [00:25<14:38,  1.93it/s]Block (2,3,6) root_id=864691136051108595
Block (0,2,1) ok, attempt=1, duration=5.69s

Blocks:   2%|▏         | 33/1728 [00:30<32:19,  1.14s/it]Block (2,0,7) root_id=864691136051108595
Block (1,3,6) ok, attempt=1, duration=5.87s

Blocks:   2%|▏         | 34/1728 [00:31<27:43,  1.02it/s]Block (2,2,4) root_id=864691136051108595
Block (0,1,3) ok, attempt=1, duration=6.09s
Block (0,1,5) root_id=864691136051108595

Blocks:   2%|▏         | 35/1728 [00:31<23:02,  1.22it/s]Block (3,1,2) ok, attempt=1, duration=6.11s
Block (1,2,1) root_id=864691136051108595
Block (0,0,4) ok, attempt=1, duration=6.08s
Block (3,1,4) root_id=864691136051108595

Blocks:   2%|▏         | 37/1728 [00:31<15:26,  1.83it/s]Block (0,3,0) ok, attempt=1, duration=6.61s
Block (3,0,1) root_id=864691136051108595
Block (2,2,2) ok, attempt=1, duration=6.75s

Blocks:   2%|▏         | 39/1728 [00:31<12:33,  2.24it/s]Block (3,2,3) root_id=864691136051108595
Block (2,3,6) ok, attempt=1, duration=6.24s

Blocks:   2%|▏         | 40/1728 [00:32<11:43,  2.40it/s]Block (3,3,1) root_id=864691136051108595
Block (0,1,5) ok, attempt=1, duration=5.90s

Blocks:   2%|▏         | 41/1728 [00:37<39:27,  1.40s/it]Block (0,0,6) root_id=864691136051108595
Block (3,1,4) ok, attempt=1, duration=5.84s
Block (1,2,1) ok, attempt=1, duration=5.95s

Blocks:   2%|▏         | 42/1728 [00:37<30:48,  1.10s/it]Block (0,2,3) root_id=864691136051108595
Block (1,0,3) root_id=864691136051108595
Block (3,3,1) ok, attempt=1, duration=5.36s

Blocks:   3%|▎         | 44/1728 [00:37<19:56,  1.41it/s]Block (2,0,0) root_id=864691136051108595
Block (2,0,7) ok, attempt=1, duration=6.58s
Block (3,0,5) root_id=864691136051108595
Block (2,2,4) ok, attempt=1, duration=6.81s

Blocks:   3%|▎         | 46/1728 [00:37<14:55,  1.88it/s]Block (2,1,1) root_id=864691136051108595
Block (3,2,3) ok, attempt=1, duration=6.21s

Blocks:   3%|▎         | 47/1728 [00:37<12:25,  2.25it/s]Block (1,3,1) root_id=864691136051108595
Block (3,0,1) ok, attempt=1, duration=6.40s
Block (1,2,3) root_id=864691136051108595

Blocks:   3%|▎         | 48/1728 [00:38<10:21,  2.70it/s]Block (0,2,3) ok, attempt=1, duration=5.59s
Block (3,1,6) root_id=864691136051108595

Blocks:   3%|▎         | 49/1728 [00:42<39:47,  1.42s/it]Block (0,0,6) ok, attempt=1, duration=5.92s

Blocks:   3%|▎         | 50/1728 [00:42<31:07,  1.11s/it]Block (3,3,3) root_id=864691136051108595
Block (1,0,3) ok, attempt=1, duration=7.09s
Block (2,0,0) ok, attempt=1, duration=6.82s

Blocks:   3%|▎         | 51/1728 [00:44<32:15,  1.15s/it]Block (0,2,5) root_id=864691136051108595
Block (3,2,5) root_id=864691136051108595
Block (1,2,3) ok, attempt=1, duration=6.22s
Block (2,3,1) root_id=864691136051108595
Block (1,3,1) ok, attempt=1, duration=6.51s

Blocks:   3%|▎         | 54/1728 [00:44<16:14,  1.72it/s]Block (1,0,5) root_id=864691136051108595
Block (3,0,5) ok, attempt=1, duration=7.05s
Block (2,0,2) root_id=864691136051108595
Block (2,1,1) ok, attempt=1, duration=6.71s
Block (3,0,7) root_id=864691136051108595
Block (3,1,6) ok, attempt=1, duration=6.42s

Blocks:   3%|▎         | 57/1728 [00:49<27:57,  1.00s/it]Block (0,1,0) root_id=864691136051108595
Block (0,2,5) ok, attempt=1, duration=5.65s
Block (3,3,3) ok, attempt=1, duration=6.93s
Block (1,3,3) root_id=864691136051108595

Blocks:   3%|▎         | 58/1728 [00:49<26:38,  1.04it/s]Block (2,1,3) root_id=864691136051108595
Block (1,0,5) ok, attempt=1, duration=5.48s
Block (1,2,5) root_id=864691136051108595
Block (2,3,1) ok, attempt=1, duration=5.84s

Blocks:   4%|▎         | 61/1728 [00:50<16:13,  1.71it/s]Block (3,3,5) root_id=864691136051108595
Block (3,2,5) ok, attempt=1, duration=6.06s

Blocks:   4%|▎         | 62/1728 [00:50<14:17,  1.94it/s]Block (3,2,7) root_id=864691136051108595
Block (3,0,7) ok, attempt=1, duration=6.14s

Blocks:   4%|▎         | 63/1728 [00:50<13:46,  2.01it/s]Block (0,0,1) root_id=864691136051108595
Block (2,0,2) ok, attempt=1, duration=6.31s
Block (0,2,7) root_id=864691136051108595

Blocks:   4%|▎         | 64/1728 [00:50<11:37,  2.39it/s]Block (0,1,0) ok, attempt=1, duration=6.10s

Blocks:   4%|▍         | 65/1728 [00:55<37:46,  1.36s/it]Block (2,3,3) root_id=864691136051108595
Block (1,2,5) ok, attempt=1, duration=5.76s
Block (3,0,0) root_id=864691136051108595

Blocks:   4%|▍         | 66/1728 [00:55<31:38,  1.14s/it]Block (1,3,3) ok, attempt=1, duration=5.90s
Block (1,0,7) root_id=864691136051108595
Block (0,0,1) ok, attempt=1, duration=5.60s

Blocks:   4%|▍         | 68/1728 [00:56<21:36,  1.28it/s]Block (1,1,6) root_id=864691136051108595
Block (3,2,7) ok, attempt=1, duration=6.20s
Block (2,1,5) root_id=864691136051108595

Blocks:   4%|▍         | 69/1728 [00:56<17:56,  1.54it/s]Block (2,1,3) ok, attempt=1, duration=6.66s
Block (0,3,2) root_id=864691136051108595
Block (3,3,5) ok, attempt=1, duration=6.55s
Block (3,1,1) root_id=864691136051108595

Blocks:   4%|▍         | 71/1728 [00:56<11:50,  2.33it/s]Block (0,2,7) ok, attempt=1, duration=6.19s

Blocks:   4%|▍         | 72/1728 [00:57<11:12,  2.46it/s]Block (3,2,0) root_id=864691136051108595
Block (2,3,3) ok, attempt=1, duration=6.36s

Blocks:   4%|▍         | 73/1728 [01:01<38:49,  1.41s/it]Block (1,2,7) root_id=864691136051108595
Block (1,1,6) ok, attempt=1, duration=5.56s

Blocks:   4%|▍         | 74/1728 [01:01<30:53,  1.12s/it]Block (0,0,3) root_id=864691136051108595
Block (1,0,7) ok, attempt=1, duration=6.24s

Blocks:   4%|▍         | 75/1728 [01:02<23:37,  1.17it/s]Block (0,2,0) root_id=864691136051108595
Block (2,1,5) ok, attempt=1, duration=5.81s

Blocks:   4%|▍         | 76/1728 [01:02<19:10,  1.44it/s]Block (2,3,5) root_id=864691136051108595
Block (3,0,0) ok, attempt=1, duration=6.85s

Blocks:   4%|▍         | 77/1728 [01:02<16:01,  1.72it/s]Block (1,0,0) root_id=864691136051108595
Block (0,3,2) ok, attempt=1, duration=6.61s

Blocks:   5%|▍         | 78/1728 [01:03<15:44,  1.75it/s]Block (3,0,2) root_id=864691136051108595
Block (3,1,1) ok, attempt=1, duration=6.55s
Block (2,1,7) root_id=864691136051108595
Block (3,2,0) ok, attempt=1, duration=6.49s

Blocks:   5%|▍         | 80/1728 [01:03<10:56,  2.51it/s]Block (2,2,6) root_id=864691136051108595
Block (1,2,7) ok, attempt=1, duration=5.74s

Blocks:   5%|▍         | 81/1728 [01:07<33:59,  1.24s/it]Block (0,1,7) root_id=864691136051108595
Block (2,2,6) ok, attempt=1, duration=4.81s

Blocks:   5%|▍         | 82/1728 [01:08<32:01,  1.17s/it]Block (0,3,4) root_id=864691136051108595
Block (0,0,3) ok, attempt=1, duration=6.52s
Block (1,2,0) root_id=864691136051108595
Block (3,0,2) ok, attempt=1, duration=5.86s
Block (3,1,3) root_id=864691136051108595
Block (1,0,0) ok, attempt=1, duration=6.42s
Block (3,2,2) root_id=864691136051108595

Blocks:   5%|▍         | 84/1728 [01:08<22:23,  1.22it/s]Block (0,2,0) ok, attempt=1, duration=7.08s

Blocks:   5%|▍         | 86/1728 [01:09<14:28,  1.89it/s]Block (0,0,5) root_id=864691136051108595
Block (2,1,7) ok, attempt=1, duration=6.26s
Block (2,3,7) root_id=864691136051108595

Blocks:   5%|▌         | 87/1728 [01:09<13:41,  2.00it/s]Block (2,3,5) ok, attempt=1, duration=7.28s
Block (1,0,2) root_id=864691136051108595
Block (0,1,7) ok, attempt=1, duration=6.36s

Blocks:   5%|▌         | 89/1728 [01:13<30:12,  1.11s/it]Block (1,1,1) root_id=864691136051108595
Block (1,2,0) ok, attempt=1, duration=6.41s
Block (3,0,4) root_id=864691136051108595

Blocks:   5%|▌         | 90/1728 [01:14<30:02,  1.10s/it]Block (3,1,3) ok, attempt=1, duration=5.89s
Block (0,3,4) ok, attempt=1, duration=6.57s
Block (2,1,0) root_id=864691136051108595
Block (1,2,2) root_id=864691136051108595
Block (0,0,5) ok, attempt=1, duration=5.89s
Block (0,3,6) root_id=864691136051108595

Blocks:   5%|▌         | 93/1728 [01:15<16:43,  1.63it/s]Block (3,2,2) ok, attempt=1, duration=6.55s

Blocks:   5%|▌         | 94/1728 [01:15<16:14,  1.68it/s]Block (3,2,4) root_id=864691136051108595
Block (2,3,7) ok, attempt=1, duration=6.14s
Block (2,3,0) root_id=864691136051108595
Block (1,0,2) ok, attempt=1, duration=6.36s

Blocks:   6%|▌         | 96/1728 [01:15<12:27,  2.18it/s]Block (1,0,4) root_id=864691136051108595
Block (1,1,1) ok, attempt=1, duration=5.97s
Block (1,1,3) root_id=864691136051108595

Blocks:   6%|▌         | 97/1728 [01:19<30:09,  1.11s/it]Block (2,1,0) ok, attempt=1, duration=5.95s

Blocks:   6%|▌         | 98/1728 [01:20<30:23,  1.12s/it]Block (3,0,6) root_id=864691136051108595
Block (1,2,2) ok, attempt=1, duration=6.02s
Block (2,1,2) root_id=864691136051108595
Block (2,3,0) ok, attempt=1, duration=5.71s

Blocks:   6%|▌         | 100/1728 [01:21<21:17,  1.27it/s]Block (2,0,4) root_id=864691136051108595
Block (3,2,4) ok, attempt=1, duration=6.24s

Blocks:   6%|▌         | 101/1728 [01:21<19:20,  1.40it/s]Block (2,2,1) root_id=864691136051108595
Block (0,3,6) ok, attempt=1, duration=6.85s

Blocks:   6%|▌         | 102/1728 [01:21<15:47,  1.72it/s]Block (0,1,2) root_id=864691136051108595
Block (1,0,4) ok, attempt=1, duration=6.22s
Block (1,2,4) root_id=864691136051108595

Blocks:   6%|▌         | 103/1728 [01:22<13:15,  2.04it/s]Block (3,0,4) ok, attempt=1, duration=7.66s

Blocks:   6%|▌         | 104/1728 [01:22<11:43,  2.31it/s]Block (3,2,6) root_id=864691136051108595
Block (2,1,2) ok, attempt=1, duration=5.45s

Blocks:   6%|▌         | 105/1728 [01:26<37:27,  1.38s/it]Block (1,3,5) root_id=864691136051108595
Block (1,1,3) ok, attempt=1, duration=6.73s
Block (2,3,2) root_id=864691136051108595
Block (0,1,2) ok, attempt=1, duration=5.28s

Blocks:   6%|▌         | 107/1728 [01:27<26:15,  1.03it/s]Block (3,0,6) ok, attempt=1, duration=6.43s
Block (3,3,7) root_id=864691136051108595
Block (1,0,6) root_id=864691136051108595
Block (2,2,1) ok, attempt=1, duration=6.59s
Block (1,1,5) root_id=864691136051108595

Blocks:   6%|▋         | 109/1728 [01:28<22:04,  1.22it/s]Block (2,0,4) ok, attempt=1, duration=7.10s
Block (2,1,4) root_id=864691136051108595
Block (3,2,6) ok, attempt=1, duration=6.09s
Block (1,2,4) ok, attempt=1, duration=6.38s

Blocks:   6%|▋         | 111/1728 [01:28<14:58,  1.80it/s]Block (2,2,3) root_id=864691136051108595
Block (2,0,6) root_id=864691136051108595
Block (2,3,2) ok, attempt=1, duration=6.31s

Blocks:   7%|▋         | 113/1728 [01:32<28:53,  1.07s/it]Block (0,1,4) root_id=864691136051108595
Block (3,3,7) ok, attempt=1, duration=5.77s
Block (0,3,1) root_id=864691136051108595

Blocks:   7%|▋         | 114/1728 [01:32<24:43,  1.09it/s]Block (1,0,6) ok, attempt=1, duration=6.08s

Blocks:   7%|▋         | 115/1728 [01:33<21:19,  1.26it/s]Block (1,2,6) root_id=864691136051108595
Block (1,3,5) ok, attempt=1, duration=7.09s
Block (3,3,0) root_id=864691136051108595
Block (2,0,6) ok, attempt=1, duration=5.59s
Block (1,3,7) root_id=864691136051108595

Blocks:   7%|▋         | 117/1728 [01:34<17:13,  1.56it/s]Block (2,2,3) ok, attempt=1, duration=6.05s

Blocks:   7%|▋         | 118/1728 [01:34<16:12,  1.65it/s]Block (2,3,4) root_id=864691136051108595
Block (2,1,4) ok, attempt=1, duration=6.22s
Block (0,2,2) root_id=864691136051108595
Block (1,1,5) ok, attempt=1, duration=7.11s

Blocks:   7%|▋         | 120/1728 [01:35<14:37,  1.83it/s]Block (1,1,7) root_id=864691136051108595
Block (1,2,6) ok, attempt=1, duration=5.50s

Blocks:   7%|▋         | 121/1728 [01:38<30:34,  1.14s/it]Block (5,1,6) root_id=864691136051108595
Block (0,3,1) ok, attempt=1, duration=6.59s
Block (10,5,11) root_id=864691136051108595

Blocks:   7%|▋         | 122/1728 [01:39<28:09,  1.05s/it]Block (1,3,7) ok, attempt=1, duration=5.75s

Blocks:   7%|▋         | 123/1728 [01:39<23:05,  1.16it/s]Block (2,8,3) root_id=864691136051108595
Block (0,1,4) ok, attempt=1, duration=7.28s

Blocks:   7%|▋         | 124/1728 [01:39<17:44,  1.51it/s]Block (9,1,10) root_id=864691136051108595
Block (3,3,0) ok, attempt=1, duration=6.96s
Block (7,4,4) root_id=864691136051108595
Block (0,2,2) ok, attempt=1, duration=5.75s
Block (8,8,6) root_id=864691136051108595

Blocks:   7%|▋         | 125/1728 [01:40<16:04,  1.66it/s]Block (2,3,4) ok, attempt=1, duration=6.13s

Blocks:   7%|▋         | 127/1728 [01:40<10:44,  2.49it/s]Block (5,4,11) root_id=864691136051108595
Block (5,1,6) ok, attempt=1, duration=2.49s
Block (2,11,8) root_id=864691136051108595

Blocks:   7%|▋         | 128/1728 [01:41<12:00,  2.22it/s]Block (1,1,7) ok, attempt=1, duration=5.97s

Blocks:   7%|▋         | 129/1728 [01:41<09:55,  2.68it/s]Block (8,0,2) root_id=864691136051108595
Block (10,5,11) ok, attempt=1, duration=3.10s
Block (6,0,9) root_id=864691136051108595

Blocks:   8%|▊         | 130/1728 [01:42<15:53,  1.68it/s]Block (9,1,10) ok, attempt=1, duration=2.77s
Block (3,7,6) root_id=864691136051108595
Block (2,8,3) ok, attempt=1, duration=3.18s

Blocks:   8%|▊         | 132/1728 [01:43<11:10,  2.38it/s]Block (4,0,10) root_id=864691136051108595
Block (7,4,4) ok, attempt=1, duration=2.75s
Block (11,10,7) root_id=864691136051108595
Block (5,4,11) ok, attempt=1, duration=2.53s

Blocks:   8%|▊         | 134/1728 [01:43<07:51,  3.38it/s]Block (7,5,5) root_id=864691136051108595
Block (8,8,6) ok, attempt=1, duration=3.11s
Block (8,1,3) root_id=864691136051108595

Blocks:   8%|▊         | 135/1728 [01:43<07:44,  3.43it/s]Block (8,0,2) ok, attempt=1, duration=2.80s

Blocks:   8%|▊         | 136/1728 [01:44<10:37,  2.50it/s]Block (2,4,5) root_id=864691136051108595
Block (2,11,8) ok, attempt=1, duration=3.05s

Blocks:   8%|▊         | 137/1728 [01:44<08:39,  3.06it/s]Block (1,11,1) root_id=864691136051108595
Block (4,0,10) ok, attempt=1, duration=2.15s
Block (4,1,11) root_id=864691136051108595

Blocks:   8%|▊         | 138/1728 [01:45<12:13,  2.17it/s]Block (3,7,6) ok, attempt=1, duration=2.61s

Blocks:   8%|▊         | 139/1728 [01:45<09:57,  2.66it/s]Block (8,4,8) root_id=864691136051108595
Block (11,10,7) ok, attempt=1, duration=2.30s
Block (0,7,0) root_id=864691136051108595
Block (6,0,9) ok, attempt=1, duration=2.84s
Block (11,2,2) root_id=864691136051108595

Blocks:   8%|▊         | 141/1728 [01:45<06:28,  4.09it/s]Block (7,5,5) ok, attempt=1, duration=2.45s
Block (10,10,0) root_id=864691136051108595

Blocks:   8%|▊         | 142/1728 [01:45<06:04,  4.35it/s]Block (1,11,1) ok, attempt=1, duration=1.76s

Blocks:   8%|▊         | 143/1728 [01:46<07:30,  3.52it/s]Block (6,7,8) root_id=864691136051108595
Block (8,1,3) ok, attempt=1, duration=2.73s
Block (5,9,0) root_id=864691136051108595

Blocks:   8%|▊         | 144/1728 [01:46<06:14,  4.23it/s]Block (2,4,5) ok, attempt=1, duration=2.24s
Block (0,6,4) root_id=864691136051108595

Blocks:   8%|▊         | 145/1728 [01:46<06:28,  4.07it/s]Block (4,1,11) ok, attempt=1, duration=2.01s

Blocks:   8%|▊         | 146/1728 [01:47<09:51,  2.67it/s]Block (1,6,8) root_id=864691136051108595
Block (8,4,8) ok, attempt=1, duration=2.18s
Block (9,9,4) root_id=864691136051108595

Blocks:   9%|▊         | 147/1728 [01:47<09:31,  2.76it/s]Block (10,10,0) ok, attempt=1, duration=1.97s
Block (5,8,4) root_id=864691136051108595

Blocks:   9%|▊         | 148/1728 [01:47<07:46,  3.39it/s]Block (11,2,2) ok, attempt=1, duration=2.72s

Blocks:   9%|▊         | 149/1728 [01:48<09:52,  2.67it/s]Block (4,4,3) root_id=864691136051108595
Block (0,7,0) ok, attempt=1, duration=3.29s
Block (11,3,3) root_id=864691136051108595
Block (6,7,8) ok, attempt=1, duration=2.60s

Blocks:   9%|▊         | 150/1728 [01:48<10:48,  2.43it/s]Block (9,8,8) root_id=864691136051108595
Block (0,6,4) ok, attempt=1, duration=2.34s

Blocks:   9%|▉         | 152/1728 [01:48<06:31,  4.03it/s]Block (5,11,9) root_id=864691136051108595
Block (5,9,0) ok, attempt=1, duration=2.66s
Block (7,0,11) root_id=864691136051108595
Block (1,6,8) ok, attempt=1, duration=2.52s

Blocks:   9%|▉         | 154/1728 [01:49<08:33,  3.07it/s]Block (4,7,8) root_id=864691136051108595
Block (9,9,4) ok, attempt=1, duration=2.48s
Block (8,11,7) root_id=864691136051108595

Blocks:   9%|▉         | 155/1728 [01:50<08:30,  3.08it/s]Block (5,8,4) ok, attempt=1, duration=2.60s

Blocks:   9%|▉         | 156/1728 [01:50<07:45,  3.38it/s]Block (0,10,10) root_id=864691136051108595
Block (11,3,3) ok, attempt=1, duration=1.96s
Block (5,1,1) root_id=864691136051108595

Blocks:   9%|▉         | 157/1728 [01:50<08:44,  2.99it/s]Block (9,8,8) ok, attempt=1, duration=2.68s

Blocks:   9%|▉         | 158/1728 [01:51<11:20,  2.31it/s]Block (10,5,6) root_id=864691136051108595
Block (5,11,9) ok, attempt=1, duration=2.84s

Blocks:   9%|▉         | 159/1728 [01:51<10:24,  2.51it/s]Block (7,0,11) ok, attempt=1, duration=2.82s
Block (8,8,1) root_id=864691136051108595
Block (9,1,5) root_id=864691136051108595
Block (8,11,7) ok, attempt=1, duration=1.84s

Blocks:   9%|▉         | 161/1728 [01:51<06:47,  3.85it/s]Block (5,4,6) root_id=864691136051108595
Block (4,4,3) ok, attempt=1, duration=3.88s
Block (6,8,8) root_id=864691136051108595

Blocks:   9%|▉         | 162/1728 [01:52<06:38,  3.93it/s]Block (4,7,8) ok, attempt=1, duration=2.75s
Block (4,8,9) root_id=864691136051108595

Blocks:   9%|▉         | 163/1728 [01:52<07:35,  3.44it/s]Block (5,1,1) ok, attempt=1, duration=2.45s

Blocks:   9%|▉         | 164/1728 [01:53<09:56,  2.62it/s]Block (6,0,4) root_id=864691136051108595
Block (0,10,10) ok, attempt=1, duration=3.04s

Blocks:  10%|▉         | 165/1728 [01:53<08:24,  3.10it/s]Block (2,11,3) root_id=864691136051108595
Block (10,5,6) ok, attempt=1, duration=2.24s

Blocks:  10%|▉         | 166/1728 [01:53<08:28,  3.07it/s]Block (4,0,5) root_id=864691136051108595
Block (9,1,5) ok, attempt=1, duration=2.35s

Blocks:  10%|▉         | 167/1728 [01:54<09:27,  2.75it/s]Block (3,7,1) root_id=864691136051108595
Block (8,8,1) ok, attempt=1, duration=2.86s

Blocks:  10%|▉         | 168/1728 [01:54<10:13,  2.54it/s]Block (1,7,8) root_id=864691136051108595
Block (5,4,6) ok, attempt=1, duration=2.78s
Block (11,10,2) root_id=864691136051108595
Block (6,8,8) ok, attempt=1, duration=2.65s

Blocks:  10%|▉         | 170/1728 [01:54<06:43,  3.86it/s]Block (7,5,0) root_id=864691136051108595
Block (4,8,9) ok, attempt=1, duration=2.46s

Blocks:  10%|▉         | 171/1728 [01:54<06:20,  4.09it/s]Block (5,5,7) root_id=864691136051108595
Block (2,11,3) ok, attempt=1, duration=2.19s

Blocks:  10%|▉         | 172/1728 [01:55<08:18,  3.12it/s]Block (4,1,6) root_id=864691136051108595
Block (6,0,4) ok, attempt=1, duration=2.43s
Block (2,4,0) root_id=864691136051108595
Block (4,0,5) ok, attempt=1, duration=2.52s

Blocks:  10%|█         | 174/1728 [01:56<08:24,  3.08it/s]Block (9,5,11) root_id=864691136051108595
Block (3,7,1) ok, attempt=1, duration=2.53s

Blocks:  10%|█         | 175/1728 [01:56<09:20,  2.77it/s]Block (8,4,3) root_id=864691136051108595
Block (11,10,2) ok, attempt=1, duration=2.38s
Block (6,7,3) root_id=864691136051108595

Blocks:  10%|█         | 176/1728 [01:57<09:41,  2.67it/s]Block (1,7,8) ok, attempt=1, duration=2.58s
Block (1,6,3) root_id=864691136051108595
Block (5,5,7) ok, attempt=1, duration=2.35s
Block (9,8,3) root_id=864691136051108595

Blocks:  10%|█         | 178/1728 [01:57<07:04,  3.65it/s]Block (7,5,0) ok, attempt=1, duration=2.86s

Blocks:  10%|█         | 179/1728 [01:57<07:12,  3.58it/s]Block (7,8,10) root_id=864691136051108595
Block (4,1,6) ok, attempt=1, duration=2.84s
Block (5,11,4) root_id=864691136051108595

Blocks:  10%|█         | 180/1728 [01:58<10:03,  2.56it/s]Block (9,5,11) ok, attempt=1, duration=2.29s

Blocks:  10%|█         | 181/1728 [01:58<08:07,  3.17it/s]Block (7,0,6) root_id=864691136051108595
Block (2,4,0) ok, attempt=1, duration=3.05s

Blocks:  11%|█         | 182/1728 [01:58<07:07,  3.62it/s]Block (4,7,3) root_id=864691136051108595
Block (8,4,3) ok, attempt=1, duration=2.82s
Block (2,7,10) root_id=864691136051108595

Blocks:  11%|█         | 183/1728 [01:59<11:14,  2.29it/s]Block (1,6,3) ok, attempt=1, duration=2.40s
Block (8,11,2) root_id=864691136051108595
Block (6,7,3) ok, attempt=1, duration=2.80s

Blocks:  11%|█         | 185/1728 [01:59<08:26,  3.05it/s]Block (3,3,8) root_id=864691136051108595
Block (7,8,10) ok, attempt=1, duration=2.44s
Block (6,11,9) root_id=864691136051108595

Blocks:  11%|█         | 186/1728 [02:00<07:44,  3.32it/s]Block (9,8,3) ok, attempt=1, duration=2.82s
Block (0,10,5) root_id=864691136051108595
Block (5,11,4) ok, attempt=1, duration=2.23s

Blocks:  11%|█         | 188/1728 [02:00<07:13,  3.55it/s]Block (11,6,9) root_id=864691136051108595
Block (7,0,6) ok, attempt=1, duration=2.76s

Blocks:  11%|█         | 189/1728 [02:01<09:21,  2.74it/s]Block (10,5,1) root_id=864691136051108595
Block (8,11,2) ok, attempt=1, duration=1.76s
Block (9,1,0) root_id=864691136051108595
Block (4,7,3) ok, attempt=1, duration=2.81s
Block (7,1,7) root_id=864691136051108595

Blocks:  11%|█         | 191/1728 [02:01<06:42,  3.82it/s]Block (2,7,10) ok, attempt=1, duration=2.10s

Blocks:  11%|█         | 192/1728 [02:01<06:00,  4.26it/s]Block (5,4,1) root_id=864691136051108595
Block (3,3,8) ok, attempt=1, duration=2.52s

Blocks:  11%|█         | 193/1728 [02:02<09:32,  2.68it/s]Block (6,8,3) root_id=864691136051108595
Block (0,10,5) ok, attempt=1, duration=2.34s
Block (4,8,4) root_id=864691136051108595
Block (6,11,9) ok, attempt=1, duration=2.61s

Blocks:  11%|█▏        | 195/1728 [02:02<07:15,  3.52it/s]Block (2,8,11) root_id=864691136051108595
Block (11,6,9) ok, attempt=1, duration=2.44s
Block (4,0,0) root_id=864691136051108595

Blocks:  11%|█▏        | 196/1728 [02:03<07:37,  3.35it/s]Block (10,5,1) ok, attempt=1, duration=2.39s
Block (8,0,10) root_id=864691136051108595

Blocks:  11%|█▏        | 197/1728 [02:03<09:20,  2.73it/s]Block (5,4,1) ok, attempt=1, duration=2.32s

Blocks:  11%|█▏        | 198/1728 [02:03<08:49,  2.89it/s]Block (8,3,3) root_id=864691136051108595
Block (7,1,7) ok, attempt=1, duration=2.84s

Blocks:  12%|█▏        | 199/1728 [02:04<09:07,  2.79it/s]Block (6,3,10) root_id=864691136051108595
Block (9,1,0) ok, attempt=1, duration=3.02s
Block (3,10,7) root_id=864691136051108595
Block (2,8,11) ok, attempt=1, duration=1.97s
Block (1,2,10) root_id=864691136051108595

Blocks:  12%|█▏        | 201/1728 [02:04<07:09,  3.56it/s]Block (4,8,4) ok, attempt=1, duration=2.36s

Blocks:  12%|█▏        | 202/1728 [02:04<06:32,  3.89it/s]Block (0,9,0) root_id=864691136051108595
Block (6,8,3) ok, attempt=1, duration=2.63s

Blocks:  12%|█▏        | 203/1728 [02:05<06:03,  4.19it/s]Block (10,8,11) root_id=864691136051108595
Block (4,0,0) ok, attempt=1, duration=2.43s

Blocks:  12%|█▏        | 204/1728 [02:05<07:21,  3.45it/s]Block (9,4,10) root_id=864691136051108595
Block (8,3,3) ok, attempt=1, duration=2.30s

Blocks:  12%|█▏        | 205/1728 [02:06<10:41,  2.38it/s]Block (5,7,11) root_id=864691136051108595
Block (8,0,10) ok, attempt=1, duration=2.63s
Block (4,3,10) root_id=864691136051108595
Block (6,3,10) ok, attempt=1, duration=2.67s

Blocks:  12%|█▏        | 207/1728 [02:06<10:01,  2.53it/s]Block (11,2,10) root_id=864691136051108595
Block (3,10,7) ok, attempt=1, duration=2.74s

Blocks:  12%|█▏        | 208/1728 [02:07<08:33,  2.96it/s]Block (8,7,9) root_id=864691136051108595
Block (1,2,10) ok, attempt=1, duration=2.46s
Block (11,5,3) root_id=864691136051108595
Block (10,8,11) ok, attempt=1, duration=2.55s

Blocks:  12%|█▏        | 210/1728 [02:07<07:31,  3.36it/s]Block (10,1,8) root_id=864691136051108595
Block (0,9,0) ok, attempt=1, duration=2.86s

Blocks:  12%|█▏        | 211/1728 [02:07<06:33,  3.86it/s]Block (7,8,5) root_id=864691136051108595
Block (9,4,10) ok, attempt=1, duration=2.55s

Blocks:  12%|█▏        | 212/1728 [02:08<06:47,  3.72it/s]Block (7,0,1) root_id=864691136051108595
Block (5,7,11) ok, attempt=1, duration=2.46s

Blocks:  12%|█▏        | 213/1728 [02:08<09:25,  2.68it/s]Block (5,0,8) root_id=864691136051108595
Block (4,3,10) ok, attempt=1, duration=2.57s
Block (2,7,5) root_id=864691136051108595

Blocks:  12%|█▏        | 214/1728 [02:08<07:55,  3.19it/s]Block (8,7,9) ok, attempt=1, duration=2.40s

Blocks:  12%|█▏        | 215/1728 [02:09<10:19,  2.44it/s]Block (4,4,11) root_id=864691136051108595
Block (11,5,3) ok, attempt=1, duration=2.47s

Blocks:  12%|█▎        | 216/1728 [02:09<08:10,  3.08it/s]Block (7,11,10) root_id=864691136051108595
Block (11,2,10) ok, attempt=1, duration=2.75s
Block (6,11,4) root_id=864691136051108595
Block (10,1,8) ok, attempt=1, duration=2.64s
Block (0,10,0) root_id=864691136051108595

Blocks:  13%|█▎        | 218/1728 [02:10<08:09,  3.09it/s]Block (7,8,5) ok, attempt=1, duration=2.90s

Blocks:  13%|█▎        | 219/1728 [02:10<08:21,  3.01it/s]Block (11,6,4) root_id=864691136051108595
Block (7,0,1) ok, attempt=1, duration=2.67s
Block (6,10,8) root_id=864691136051108595
Block (5,0,8) ok, attempt=1, duration=2.61s

Blocks:  13%|█▎        | 221/1728 [02:11<08:24,  2.98it/s]Block (11,9,9) root_id=864691136051108595
Block (6,11,4) ok, attempt=1, duration=1.69s

Blocks:  13%|█▎        | 222/1728 [02:11<07:06,  3.53it/s]Block (7,1,2) root_id=864691136051108595
Block (2,7,5) ok, attempt=1, duration=2.76s
Block (1,9,8) root_id=864691136051108595

Blocks:  13%|█▎        | 223/1728 [02:11<06:34,  3.82it/s]Block (4,4,11) ok, attempt=1, duration=2.75s

Blocks:  13%|█▎        | 224/1728 [02:12<09:12,  2.72it/s]Block (0,5,7) root_id=864691136051108595
Block (7,11,10) ok, attempt=1, duration=2.73s
Block (7,4,7) root_id=864691136051108595
Block (0,10,0) ok, attempt=1, duration=2.58s

Blocks:  13%|█▎        | 226/1728 [02:12<08:14,  3.04it/s]Block (6,3,5) root_id=864691136051108595
Block (6,10,8) ok, attempt=1, duration=2.35s

Blocks:  13%|█▎        | 227/1728 [02:13<07:35,  3.29it/s]Block (3,10,2) root_id=864691136051108595
Block (11,6,4) ok, attempt=1, duration=2.88s

Blocks:  13%|█▎        | 228/1728 [02:13<08:37,  2.90it/s]Block (1,10,9) root_id=864691136051108595
Block (7,1,2) ok, attempt=1, duration=2.32s

Blocks:  13%|█▎        | 229/1728 [02:13<07:46,  3.21it/s]Block (6,6,10) root_id=864691136051108595
Block (11,9,9) ok, attempt=1, duration=2.60s

Blocks:  13%|█▎        | 230/1728 [02:13<06:47,  3.68it/s]Block (11,1,10) root_id=864691136051108595
Block (1,9,8) ok, attempt=1, duration=2.86s

Blocks:  13%|█▎        | 231/1728 [02:14<08:51,  2.82it/s]Block (10,8,6) root_id=864691136051108595
Block (0,5,7) ok, attempt=1, duration=2.43s

Blocks:  13%|█▎        | 232/1728 [02:14<08:00,  3.11it/s]Block (10,0,2) root_id=864691136051108595
Block (7,4,7) ok, attempt=1, duration=2.83s
Block (9,4,5) root_id=864691136051108595

Blocks:  13%|█▎        | 233/1728 [02:15<09:14,  2.70it/s]Block (6,3,5) ok, attempt=1, duration=2.82s

Blocks:  14%|█▎        | 234/1728 [02:15<09:57,  2.50it/s]Block (5,7,6) root_id=864691136051108595
Block (3,10,2) ok, attempt=1, duration=2.91s

Blocks:  14%|█▎        | 235/1728 [02:15<09:09,  2.72it/s]Block (4,11,9) root_id=864691136051108595
Block (1,10,9) ok, attempt=1, duration=2.59s

Blocks:  14%|█▎        | 236/1728 [02:16<07:29,  3.32it/s]Block (4,3,5) root_id=864691136051108595
Block (6,6,10) ok, attempt=1, duration=2.44s
Block (9,7,10) root_id=864691136051108595
Block (9,4,5) ok, attempt=1, duration=1.71s

Blocks:  14%|█▍        | 238/1728 [02:16<08:38,  2.87it/s]Block (8,7,4) root_id=864691136051108595
Block (11,1,10) ok, attempt=1, duration=3.09s
Block (6,7,11) root_id=864691136051108595

Blocks:  14%|█▍        | 239/1728 [02:17<07:07,  3.48it/s]Block (10,8,6) ok, attempt=1, duration=2.74s

Blocks:  14%|█▍        | 240/1728 [02:17<06:34,  3.77it/s]Block (0,6,7) root_id=864691136051108595
Block (10,0,2) ok, attempt=1, duration=2.64s
Block (10,1,3) root_id=864691136051108595

Blocks:  14%|█▍        | 241/1728 [02:17<05:45,  4.30it/s]Block (5,7,6) ok, attempt=1, duration=2.29s
Block (1,6,11) root_id=864691136051108595

Blocks:  14%|█▍        | 242/1728 [02:17<08:21,  2.96it/s]Block (4,11,9) ok, attempt=1, duration=2.43s

Blocks:  14%|█▍        | 243/1728 [02:18<08:58,  2.76it/s]Block (7,8,0) root_id=864691136051108595
Block (4,3,5) ok, attempt=1, duration=2.43s
Block (5,8,7) root_id=864691136051108595

Blocks:  14%|█▍        | 244/1728 [02:18<07:36,  3.25it/s]Block (9,7,10) ok, attempt=1, duration=2.52s
Block (5,0,3) root_id=864691136051108595

Blocks:  14%|█▍        | 245/1728 [02:18<06:21,  3.89it/s]Block (6,7,11) ok, attempt=1, duration=2.23s
Block (10,4,8) root_id=864691136051108595

Blocks:  14%|█▍        | 246/1728 [02:19<08:34,  2.88it/s]Block (0,6,7) ok, attempt=1, duration=2.34s

Blocks:  14%|█▍        | 247/1728 [02:19<08:15,  2.99it/s]Block (4,4,6) root_id=864691136051108595
Block (8,7,4) ok, attempt=1, duration=2.92s

Blocks:  14%|█▍        | 248/1728 [02:19<07:48,  3.16it/s]Block (7,11,5) root_id=864691136051108595
Block (10,1,3) ok, attempt=1, duration=2.63s

Blocks:  14%|█▍        | 249/1728 [02:20<06:38,  3.71it/s]Block (2,7,0) root_id=864691136051108595
Block (1,6,11) ok, attempt=1, duration=2.24s

Blocks:  14%|█▍        | 250/1728 [02:20<06:10,  3.98it/s]Block (9,8,11) root_id=864691136051108595
Block (5,8,7) ok, attempt=1, duration=2.32s

Blocks:  15%|█▍        | 251/1728 [02:20<09:10,  2.68it/s]Block (9,0,7) root_id=864691136051108595
Block (5,0,3) ok, attempt=1, duration=2.55s

Blocks:  15%|█▍        | 252/1728 [02:21<09:18,  2.64it/s]Block (4,7,11) root_id=864691136051108595
Block (7,8,0) ok, attempt=1, duration=3.19s

Blocks:  15%|█▍        | 253/1728 [02:21<08:55,  2.76it/s]Block (6,10,3) root_id=864691136051108595
Block (7,11,5) ok, attempt=1, duration=1.86s
Block (11,9,4) root_id=864691136051108595

Blocks:  15%|█▍        | 254/1728 [02:21<07:03,  3.48it/s]Block (10,4,8) ok, attempt=1, duration=2.52s
Block (1,9,3) root_id=864691136051108595
Block (4,4,6) ok, attempt=1, duration=2.50s

Blocks:  15%|█▍        | 256/1728 [02:22<05:54,  4.15it/s]Block (3,6,9) root_id=864691136051108595
Block (9,8,11) ok, attempt=1, duration=2.48s

Blocks:  15%|█▍        | 257/1728 [02:22<08:16,  2.96it/s]Block (8,2,10) root_id=864691136051108595
Block (2,7,0) ok, attempt=1, duration=2.80s
Block (0,5,2) root_id=864691136051108595
Block (4,7,11) ok, attempt=1, duration=2.14s

Blocks:  15%|█▍        | 259/1728 [02:23<08:21,  2.93it/s]Block (7,4,2) root_id=864691136051108595
Block (9,0,7) ok, attempt=1, duration=2.74s
Block (9,11,3) root_id=864691136051108595

Blocks:  15%|█▌        | 260/1728 [02:23<07:45,  3.15it/s]Block (3,6,9) ok, attempt=1, duration=2.26s

Blocks:  15%|█▌        | 261/1728 [02:24<10:02,  2.43it/s]Block (7,3,6) root_id=864691136051108595
Block (11,9,4) ok, attempt=1, duration=2.69s
Block (6,10,3) ok, attempt=1, duration=2.84s
Block (10,11,7) root_id=864691136051108595

Blocks:  15%|█▌        | 263/1728 [02:24<06:24,  3.81it/s]Block (4,10,3) root_id=864691136051108595
Block (1,9,3) ok, attempt=1, duration=2.84s

Blocks:  15%|█▌        | 264/1728 [02:24<05:52,  4.15it/s]Block (6,3,0) root_id=864691136051108595
Block (8,2,10) ok, attempt=1, duration=2.67s
Block (2,10,10) root_id=864691136051108595

Blocks:  15%|█▌        | 265/1728 [02:25<09:02,  2.70it/s]Block (0,5,2) ok, attempt=1, duration=2.67s

Blocks:  15%|█▌        | 266/1728 [02:25<07:23,  3.30it/s]Block (1,10,4) root_id=864691136051108595
Block (9,11,3) ok, attempt=1, duration=1.98s

Blocks:  15%|█▌        | 267/1728 [02:25<06:16,  3.88it/s]Block (8,3,11) root_id=864691136051108595
Block (7,4,2) ok, attempt=1, duration=2.56s

Blocks:  16%|█▌        | 268/1728 [02:25<06:57,  3.50it/s]Block (6,6,5) root_id=864691136051108595
Block (10,11,7) ok, attempt=1, duration=1.67s
Block (10,8,1) root_id=864691136051108595
Block (7,3,6) ok, attempt=1, duration=2.48s

Blocks:  16%|█▌        | 270/1728 [02:26<08:29,  2.86it/s]Block (11,1,5) root_id=864691136051108595
Block (4,10,3) ok, attempt=1, duration=2.61s

Blocks:  16%|█▌        | 271/1728 [02:27<07:45,  3.13it/s]Block (3,2,11) root_id=864691136051108595
Block (6,3,0) ok, attempt=1, duration=2.71s
Block (9,4,0) root_id=864691136051108595

Blocks:  16%|█▌        | 272/1728 [02:27<07:23,  3.28it/s]Block (2,10,10) ok, attempt=1, duration=2.36s

Blocks:  16%|█▌        | 273/1728 [02:27<08:06,  2.99it/s]Block (0,9,8) root_id=864691136051108595
Block (1,10,4) ok, attempt=1, duration=2.35s
Block (5,7,1) root_id=864691136051108595
Block (10,8,1) ok, attempt=1, duration=1.94s
Block (11,4,10) root_id=864691136051108595

Blocks:  16%|█▌        | 275/1728 [02:28<05:59,  4.04it/s]Block (8,3,11) ok, attempt=1, duration=2.51s
Block (4,11,4) root_id=864691136051108595

Blocks:  16%|█▌        | 276/1728 [02:28<05:16,  4.58it/s]Block (6,6,5) ok, attempt=1, duration=2.35s

Blocks:  16%|█▌        | 277/1728 [02:28<05:10,  4.68it/s]Block (4,3,0) root_id=864691136051108595
Block (3,2,11) ok, attempt=1, duration=2.19s
Block (11,1,5) ok, attempt=1, duration=2.42s
Block (9,7,5) root_id=864691136051108595

Blocks:  16%|█▌        | 278/1728 [02:29<09:47,  2.47it/s]Block (0,6,2) root_id=864691136051108595
Block (4,11,4) ok, attempt=1, duration=1.87s

Blocks:  16%|█▌        | 280/1728 [02:30<09:26,  2.56it/s]Block (5,8,2) root_id=864691136051108595
Block (5,7,1) ok, attempt=1, duration=2.39s

Blocks:  16%|█▋        | 281/1728 [02:30<08:21,  2.89it/s]Block (11,5,11) root_id=864691136051108595
Block (9,4,0) ok, attempt=1, duration=3.06s

Blocks:  16%|█▋        | 282/1728 [02:30<07:13,  3.34it/s]Block (10,4,3) root_id=864691136051108595
Block (0,9,8) ok, attempt=1, duration=2.77s

Blocks:  16%|█▋        | 283/1728 [02:30<06:12,  3.88it/s]Block (4,4,1) root_id=864691136051108595
Block (4,3,0) ok, attempt=1, duration=2.47s

Blocks:  16%|█▋        | 284/1728 [02:30<06:25,  3.75it/s]Block (1,5,10) root_id=864691136051108595
Block (11,4,10) ok, attempt=1, duration=3.28s
Block (0,6,2) ok, attempt=1, duration=2.02s

Blocks:  16%|█▋        | 285/1728 [02:31<07:49,  3.07it/s]Block (9,8,6) root_id=864691136051108595
Block (7,11,0) root_id=864691136051108595
Block (9,7,5) ok, attempt=1, duration=2.18s
Block (9,0,2) root_id=864691136051108595

Blocks:  17%|█▋        | 287/1728 [02:31<05:08,  4.67it/s]Block (11,5,11) ok, attempt=1, duration=2.38s

Blocks:  17%|█▋        | 288/1728 [02:32<10:41,  2.24it/s]Block (5,11,7) root_id=864691136051108595
Block (5,8,2) ok, attempt=1, duration=2.59s
Block (0,1,9) root_id=864691136051108595
Block (10,4,3) ok, attempt=1, duration=2.42s

Blocks:  17%|█▋        | 290/1728 [02:32<07:15,  3.30it/s]Block (7,0,9) root_id=864691136051108595
Block (1,5,10) ok, attempt=1, duration=2.21s

Blocks:  17%|█▋        | 291/1728 [02:33<06:49,  3.51it/s]Block (4,7,6) root_id=864691136051108595
Block (4,4,1) ok, attempt=1, duration=2.65s
Block (4,6,10) root_id=864691136051108595

Blocks:  17%|█▋        | 292/1728 [02:33<06:04,  3.94it/s]Block (7,11,0) ok, attempt=1, duration=2.08s

Blocks:  17%|█▋        | 293/1728 [02:33<05:40,  4.22it/s]Block (3,6,4) root_id=864691136051108595
Block (9,8,6) ok, attempt=1, duration=2.31s

Blocks:  17%|█▋        | 294/1728 [02:33<05:37,  4.25it/s]Block (8,10,9) root_id=864691136051108595
Block (9,0,2) ok, attempt=1, duration=2.38s

Blocks:  17%|█▋        | 295/1728 [02:33<05:32,  4.31it/s]Block (8,2,5) root_id=864691136051108595
Block (5,11,7) ok, attempt=1, duration=2.11s
Block (3,9,9) root_id=864691136051108595

Blocks:  17%|█▋        | 296/1728 [02:34<10:01,  2.38it/s]Block (0,1,9) ok, attempt=1, duration=2.48s

Blocks:  17%|█▋        | 297/1728 [02:35<09:55,  2.40it/s]Block (7,3,1) root_id=864691136051108595
Block (4,6,10) ok, attempt=1, duration=2.19s
Block (10,11,2) root_id=864691136051108595

Blocks:  17%|█▋        | 298/1728 [02:35<08:49,  2.70it/s]Block (4,7,6) ok, attempt=1, duration=2.77s
Block (5,3,8) root_id=864691136051108595

Blocks:  17%|█▋        | 299/1728 [02:35<09:07,  2.61it/s]Block (7,0,9) ok, attempt=1, duration=3.08s
Block (2,10,5) root_id=864691136051108595
Block (3,6,4) ok, attempt=1, duration=2.88s

Blocks:  17%|█▋        | 301/1728 [02:36<07:23,  3.22it/s]Block (6,6,0) root_id=864691136051108595
Block (8,10,9) ok, attempt=1, duration=2.90s
Block (8,3,6) root_id=864691136051108595

Blocks:  17%|█▋        | 302/1728 [02:36<07:07,  3.33it/s]Block (8,2,5) ok, attempt=1, duration=2.79s
Block (11,1,0) root_id=864691136051108595
Block (10,11,2) ok, attempt=1, duration=1.64s

Blocks:  18%|█▊        | 304/1728 [02:37<06:43,  3.53it/s]Block (3,10,10) root_id=864691136051108595
Block (3,9,9) ok, attempt=1, duration=2.74s

Blocks:  18%|█▊        | 305/1728 [02:37<07:29,  3.17it/s]Block (0,9,3) root_id=864691136051108595
Block (7,3,1) ok, attempt=1, duration=2.56s

Blocks:  18%|█▊        | 306/1728 [02:37<07:03,  3.36it/s]Block (11,4,5) root_id=864691136051108595
Block (2,10,5) ok, attempt=1, duration=2.32s
Block (10,0,10) root_id=864691136051108595

Blocks:  18%|█▊        | 307/1728 [02:38<08:19,  2.84it/s]Block (8,3,6) ok, attempt=1, duration=1.76s
Block (9,7,0) root_id=864691136051108595
Block (5,3,8) ok, attempt=1, duration=2.86s

Blocks:  18%|█▊        | 309/1728 [02:38<07:06,  3.33it/s]Block (7,7,7) root_id=864691136051108595
Block (6,6,0) ok, attempt=1, duration=2.91s

Blocks:  18%|█▊        | 310/1728 [02:39<08:17,  2.85it/s]Block (11,5,6) root_id=864691136051108595
Block (11,1,0) ok, attempt=1, duration=2.61s
Block (1,5,5) root_id=864691136051108595
Block (3,10,10) ok, attempt=1, duration=2.61s

Blocks:  18%|█▊        | 312/1728 [02:39<07:13,  3.27it/s]Block (6,9,10) root_id=864691136051108595
Block (11,4,5) ok, attempt=1, duration=2.26s

Blocks:  18%|█▊        | 313/1728 [02:39<07:07,  3.31it/s]Block (6,1,6) root_id=864691136051108595
Block (0,9,3) ok, attempt=1, duration=2.59s

Blocks:  18%|█▊        | 314/1728 [02:40<06:03,  3.89it/s]Block (10,7,9) root_id=864691136051108595
Block (10,0,10) ok, attempt=1, duration=2.58s

Blocks:  18%|█▊        | 315/1728 [02:40<08:47,  2.68it/s]Block (4,6,5) root_id=864691136051108595
Block (9,7,0) ok, attempt=1, duration=2.70s

Blocks:  18%|█▊        | 316/1728 [02:40<07:41,  3.06it/s]Block (8,10,4) root_id=864691136051108595
Block (7,7,7) ok, attempt=1, duration=2.51s

Blocks:  18%|█▊        | 317/1728 [02:41<06:52,  3.42it/s]Block (6,10,11) root_id=864691136051108595
Block (11,5,6) ok, attempt=1, duration=2.53s

Blocks:  18%|█▊        | 318/1728 [02:41<08:28,  2.77it/s]Block (8,2,0) root_id=864691136051108595
Block (1,5,5) ok, attempt=1, duration=2.69s
Block (6,2,7) root_id=864691136051108595

Blocks:  18%|█▊        | 319/1728 [02:41<07:22,  3.18it/s]Block (6,9,10) ok, attempt=1, duration=2.44s
Block (3,9,4) root_id=864691136051108595

Blocks:  19%|█▊        | 320/1728 [02:42<06:36,  3.55it/s]Block (6,1,6) ok, attempt=1, duration=2.66s
Block (1,9,11) root_id=864691136051108595

Blocks:  19%|█▊        | 321/1728 [02:42<08:27,  2.77it/s]Block (10,7,9) ok, attempt=1, duration=2.62s
Block (0,5,10) root_id=864691136051108595
Block (8,10,4) ok, attempt=1, duration=2.15s
Block (5,3,3) root_id=864691136051108595

Blocks:  19%|█▊        | 323/1728 [02:43<07:03,  3.32it/s]Block (6,10,11) ok, attempt=1, duration=2.40s

Blocks:  19%|█▉        | 324/1728 [02:43<07:56,  2.95it/s]Block (2,10,0) root_id=864691136051108595
Block (4,6,5) ok, attempt=1, duration=2.97s

Blocks:  19%|█▉        | 325/1728 [02:43<06:54,  3.39it/s]Block (9,11,11) root_id=864691136051108595
Block (6,2,7) ok, attempt=1, duration=2.00s

Blocks:  19%|█▉        | 326/1728 [02:43<06:06,  3.83it/s]Block (9,3,7) root_id=864691136051108595
Block (8,2,0) ok, attempt=1, duration=2.85s

Blocks:  19%|█▉        | 327/1728 [02:44<08:32,  2.73it/s]Block (5,6,8) root_id=864691136051108595
Block (1,9,11) ok, attempt=1, duration=2.31s

Blocks:  19%|█▉        | 328/1728 [02:44<08:56,  2.61it/s]Block (3,9,4) ok, attempt=1, duration=2.90s
Block (8,3,1) root_id=864691136051108595
Block (4,10,11) root_id=864691136051108595
Block (0,5,10) ok, attempt=1, duration=2.71s
Block (4,2,7) root_id=864691136051108595

Blocks:  19%|█▉        | 330/1728 [02:45<07:08,  3.26it/s]Block (5,3,3) ok, attempt=1, duration=2.62s

Blocks:  19%|█▉        | 331/1728 [02:45<07:19,  3.18it/s]Block (11,4,0) root_id=864691136051108595
Block (9,11,11) ok, attempt=1, duration=2.10s

Blocks:  19%|█▉        | 332/1728 [02:45<06:11,  3.75it/s]Block (10,8,9) root_id=864691136051108595
Block (2,10,0) ok, attempt=1, duration=2.31s
Block (10,0,5) root_id=864691136051108595
Block (9,3,7) ok, attempt=1, duration=2.47s
Block (0,8,2) root_id=864691136051108595

Blocks:  19%|█▉        | 334/1728 [02:46<06:05,  3.81it/s]Block (5,6,8) ok, attempt=1, duration=2.28s

Blocks:  19%|█▉        | 335/1728 [02:46<07:04,  3.28it/s]Block (7,7,2) root_id=864691136051108595
Block (4,10,11) ok, attempt=1, duration=2.67s

Blocks:  19%|█▉        | 336/1728 [02:47<10:12,  2.27it/s]Block (9,4,8) root_id=864691136051108595
Block (8,3,1) ok, attempt=1, duration=2.84s
Block (3,4,10) root_id=864691136051108595

Blocks:  20%|█▉        | 337/1728 [02:47<08:20,  2.78it/s]Block (4,2,7) ok, attempt=1, duration=2.42s
Block (5,10,2) root_id=864691136051108595
Block (11,4,0) ok, attempt=1, duration=2.39s
Block (11,5,1) root_id=864691136051108595

Blocks:  20%|█▉        | 339/1728 [02:48<06:21,  3.64it/s]Block (10,8,9) ok, attempt=1, duration=2.70s
Block (9,10,6) root_id=864691136051108595

Blocks:  20%|█▉        | 340/1728 [02:48<07:27,  3.10it/s]Block (10,0,5) ok, attempt=1, duration=2.93s

Blocks:  20%|█▉        | 341/1728 [02:48<07:03,  3.27it/s]Block (1,5,0) root_id=864691136051108595
Block (0,8,2) ok, attempt=1, duration=2.69s
Block (7,2,9) root_id=864691136051108595

Blocks:  20%|█▉        | 342/1728 [02:49<06:26,  3.59it/s]Block (7,7,2) ok, attempt=1, duration=2.89s

Blocks:  20%|█▉        | 343/1728 [02:49<08:49,  2.62it/s]Block (8,6,11) root_id=864691136051108595
Block (3,4,10) ok, attempt=1, duration=2.50s
Block (6,9,5) root_id=864691136051108595

Blocks:  20%|█▉        | 344/1728 [02:50<10:06,  2.28it/s]Block (5,10,2) ok, attempt=1, duration=2.70s

Blocks:  20%|█▉        | 345/1728 [02:50<08:39,  2.66it/s]Block (4,9,6) root_id=864691136051108595
Block (11,5,1) ok, attempt=1, duration=2.46s
Block (6,1,1) root_id=864691136051108595
Block (9,4,8) ok, attempt=1, duration=3.00s
Block (3,5,11) root_id=864691136051108595

Blocks:  20%|██        | 347/1728 [02:50<05:35,  4.12it/s]Block (9,10,6) ok, attempt=1, duration=2.17s
Block (10,7,4) root_id=864691136051108595
Block (1,5,0) ok, attempt=1, duration=2.41s
Block (4,6,0) root_id=864691136051108595

Blocks:  20%|██        | 349/1728 [02:51<06:01,  3.82it/s]Block (7,2,9) ok, attempt=1, duration=2.86s
Block (2,6,7) root_id=864691136051108595

Blocks:  20%|██        | 350/1728 [02:51<08:02,  2.86it/s]Block (8,6,11) ok, attempt=1, duration=2.58s

Blocks:  20%|██        | 351/1728 [02:52<08:13,  2.79it/s]Block (6,10,6) root_id=864691136051108595
Block (3,5,11) ok, attempt=1, duration=2.23s

Blocks:  20%|██        | 352/1728 [02:52<09:33,  2.40it/s]Block (6,2,2) root_id=864691136051108595
Block (6,9,5) ok, attempt=1, duration=2.62s
Block (1,9,6) root_id=864691136051108595
Block (6,1,1) ok, attempt=1, duration=2.59s

Blocks:  20%|██        | 354/1728 [02:53<07:02,  3.25it/s]Block (11,8,11) root_id=864691136051108595
Block (4,9,6) ok, attempt=1, duration=2.70s
Block (0,5,5) root_id=864691136051108595
Block (10,7,4) ok, attempt=1, duration=2.80s

Blocks:  21%|██        | 356/1728 [02:53<05:47,  3.94it/s]Block (11,0,7) root_id=864691136051108595
Block (2,6,7) ok, attempt=1, duration=2.18s

Blocks:  21%|██        | 357/1728 [02:54<07:20,  3.11it/s]Block (1,8,10) root_id=864691136051108595
Block (4,6,0) ok, attempt=1, duration=2.96s
Block (9,11,6) root_id=864691136051108595
Block (6,10,6) ok, attempt=1, duration=2.54s

Blocks:  21%|██        | 359/1728 [02:54<07:46,  2.93it/s]Block (9,3,2) root_id=864691136051108595
Block (6,2,2) ok, attempt=1, duration=2.43s

Blocks:  21%|██        | 360/1728 [02:55<08:29,  2.69it/s]Block (0,4,9) root_id=864691136051108595
Block (1,9,6) ok, attempt=1, duration=2.65s

Blocks:  21%|██        | 361/1728 [02:55<07:41,  2.96it/s]Block (7,3,9) root_id=864691136051108595
Block (11,8,11) ok, attempt=1, duration=2.50s

Blocks:  21%|██        | 362/1728 [02:55<06:36,  3.45it/s]Block (10,11,10) root_id=864691136051108595
Block (9,11,6) ok, attempt=1, duration=1.71s

Blocks:  21%|██        | 363/1728 [02:55<06:06,  3.73it/s]Block (5,6,3) root_id=864691136051108595
Block (0,5,5) ok, attempt=1, duration=2.89s

Blocks:  21%|██        | 364/1728 [02:56<05:40,  4.00it/s]Block (11,0,7) ok, attempt=1, duration=2.59s
Block (4,10,6) root_id=864691136051108595
Block (4,2,2) root_id=864691136051108595
Block (1,8,10) ok, attempt=1, duration=2.68s

Blocks:  21%|██        | 366/1728 [02:56<06:41,  3.39it/s]Block (2,2,9) root_id=864691136051108595
Block (9,3,2) ok, attempt=1, duration=2.73s
Block (11,1,8) root_id=864691136051108595

Blocks:  21%|██        | 367/1728 [02:57<09:20,  2.43it/s]Block (0,4,9) ok, attempt=1, duration=2.44s
Block (10,0,0) root_id=864691136051108595

Blocks:  21%|██▏       | 368/1728 [02:57<07:52,  2.88it/s]Block (10,11,10) ok, attempt=1, duration=2.43s
Block (8,5,5) root_id=864691136051108595

Blocks:  21%|██▏       | 369/1728 [02:58<08:08,  2.78it/s]Block (7,3,9) ok, attempt=1, duration=2.88s
Block (3,4,5) root_id=864691136051108595

Blocks:  21%|██▏       | 370/1728 [02:58<07:41,  2.94it/s]Block (5,6,3) ok, attempt=1, duration=2.63s

Blocks:  21%|██▏       | 371/1728 [02:58<06:11,  3.65it/s]Block (0,0,11) root_id=864691136051108595
Block (4,2,2) ok, attempt=1, duration=2.64s

Blocks:  22%|██▏       | 372/1728 [02:58<05:59,  3.77it/s]Block (9,10,1) root_id=864691136051108595
Block (4,10,6) ok, attempt=1, duration=2.90s
Block (7,10,8) root_id=864691136051108595

Blocks:  22%|██▏       | 373/1728 [02:59<05:51,  3.86it/s]Block (2,2,9) ok, attempt=1, duration=2.54s

Blocks:  22%|██▏       | 374/1728 [02:59<06:16,  3.59it/s]Block (6,9,0) root_id=864691136051108595
Block (11,1,8) ok, attempt=1, duration=2.97s

Blocks:  22%|██▏       | 375/1728 [03:00<12:14,  1.84it/s]Block (7,2,4) root_id=864691136051108595
Block (8,5,5) ok, attempt=1, duration=2.48s
Block (4,9,1) root_id=864691136051108595
Block (10,0,0) ok, attempt=1, duration=3.00s
Block (8,6,6) root_id=864691136051108595

Blocks:  22%|██▏       | 377/1728 [03:00<07:51,  2.86it/s]Block (3,4,5) ok, attempt=1, duration=2.53s

Blocks:  22%|██▏       | 378/1728 [03:01<07:00,  3.21it/s]Block (2,9,8) root_id=864691136051108595
Block (9,10,1) ok, attempt=1, duration=2.29s
Block (3,5,6) root_id=864691136051108595

Blocks:  22%|██▏       | 379/1728 [03:01<05:51,  3.84it/s]Block (0,0,11) ok, attempt=1, duration=2.80s

Blocks:  22%|██▏       | 380/1728 [03:01<05:56,  3.78it/s]Block (8,9,11) root_id=864691136051108595
Block (7,10,8) ok, attempt=1, duration=2.83s

Blocks:  22%|██▏       | 381/1728 [03:01<07:24,  3.03it/s]Block (11,7,5) root_id=864691136051108595
Block (6,9,0) ok, attempt=1, duration=2.98s

Blocks:  22%|██▏       | 382/1728 [03:02<08:23,  2.67it/s]Block (10,3,10) root_id=864691136051108595
Block (8,6,6) ok, attempt=1, duration=1.97s
Block (2,6,2) root_id=864691136051108595

Blocks:  22%|██▏       | 383/1728 [03:02<08:31,  2.63it/s]Block (4,9,1) ok, attempt=1, duration=2.49s

Blocks:  22%|██▏       | 384/1728 [03:03<08:30,  2.63it/s]Block (6,10,1) root_id=864691136051108595
Block (7,2,4) ok, attempt=1, duration=2.83s

Blocks:  22%|██▏       | 385/1728 [03:03<07:35,  2.95it/s]Block (5,2,10) root_id=864691136051108595
Block (8,9,11) ok, attempt=1, duration=2.46s

Blocks:  22%|██▏       | 386/1728 [03:03<08:23,  2.67it/s]Block (11,8,6) root_id=864691136051108595
Block (2,9,8) ok, attempt=1, duration=2.91s
Block (8,2,8) root_id=864691136051108595
Block (3,5,6) ok, attempt=1, duration=2.95s

Blocks:  22%|██▏       | 388/1728 [03:04<05:38,  3.96it/s]Block (11,0,2) root_id=864691136051108595
Block (11,7,5) ok, attempt=1, duration=2.70s

Blocks:  23%|██▎       | 389/1728 [03:04<07:11,  3.11it/s]Block (1,8,5) root_id=864691136051108595
Block (10,3,10) ok, attempt=1, duration=2.60s
Block (9,11,1) root_id=864691136051108595

Blocks:  23%|██▎       | 390/1728 [03:04<07:31,  2.96it/s]Block (2,6,2) ok, attempt=1, duration=2.46s

Blocks:  23%|██▎       | 391/1728 [03:05<06:54,  3.22it/s]Block (0,4,4) root_id=864691136051108595
Block (6,10,1) ok, attempt=1, duration=2.46s
Block (7,3,4) root_id=864691136051108595

Blocks:  23%|██▎       | 392/1728 [03:05<07:26,  2.99it/s]Block (5,2,10) ok, attempt=1, duration=2.45s

Blocks:  23%|██▎       | 393/1728 [03:05<06:48,  3.27it/s]Block (4,10,1) root_id=864691136051108595
Block (8,2,8) ok, attempt=1, duration=2.65s

Blocks:  23%|██▎       | 394/1728 [03:06<09:22,  2.37it/s]Block (1,11,10) root_id=864691136051108595
Block (9,11,1) ok, attempt=1, duration=1.72s
Block (0,7,9) root_id=864691136051108595

Blocks:  23%|██▎       | 395/1728 [03:06<07:30,  2.96it/s]Block (11,8,6) ok, attempt=1, duration=2.96s
Block (10,10,9) root_id=864691136051108595

Blocks:  23%|██▎       | 396/1728 [03:06<06:07,  3.62it/s]Block (11,0,2) ok, attempt=1, duration=3.01s
Block (11,1,3) root_id=864691136051108595

Blocks:  23%|██▎       | 397/1728 [03:07<06:03,  3.67it/s]Block (1,8,5) ok, attempt=1, duration=2.77s

Blocks:  23%|██▎       | 398/1728 [03:07<06:18,  3.52it/s]Block (9,6,8) root_id=864691136051108595
Block (7,3,4) ok, attempt=1, duration=2.36s

Blocks:  23%|██▎       | 399/1728 [03:07<08:15,  2.68it/s]Block (2,1,8) root_id=864691136051108595
Block (0,4,4) ok, attempt=1, duration=2.91s
Block (5,9,9) root_id=864691136051108595

Blocks:  23%|██▎       | 400/1728 [03:08<06:54,  3.20it/s]Block (4,10,1) ok, attempt=1, duration=2.71s
Block (8,5,0) root_id=864691136051108595

Blocks:  23%|██▎       | 401/1728 [03:08<07:41,  2.88it/s]Block (1,11,10) ok, attempt=1, duration=2.34s

Blocks:  23%|██▎       | 402/1728 [03:08<07:29,  2.95it/s]Block (6,5,7) root_id=864691136051108595
Block (0,7,9) ok, attempt=1, duration=2.35s
Block (4,5,8) root_id=864691136051108595

Blocks:  23%|██▎       | 403/1728 [03:09<06:16,  3.52it/s]Block (11,1,3) ok, attempt=1, duration=2.38s

Blocks:  23%|██▎       | 404/1728 [03:09<07:07,  3.10it/s]Block (11,4,8) root_id=864691136051108595
Block (10,10,9) ok, attempt=1, duration=2.83s

Blocks:  23%|██▎       | 405/1728 [03:09<06:08,  3.60it/s]Block (3,4,0) root_id=864691136051108595
Block (9,6,8) ok, attempt=1, duration=2.78s
Block (1,4,7) root_id=864691136051108595

Blocks:  23%|██▎       | 406/1728 [03:10<07:45,  2.84it/s]Block (5,9,9) ok, attempt=1, duration=2.35s

Blocks:  24%|██▎       | 407/1728 [03:10<07:31,  2.93it/s]Block (0,8,10) root_id=864691136051108595
Block (2,1,8) ok, attempt=1, duration=3.18s
Block (7,10,3) root_id=864691136051108595

Blocks:  24%|██▎       | 408/1728 [03:11<09:43,  2.26it/s]Block (8,5,0) ok, attempt=1, duration=2.75s

Blocks:  24%|██▎       | 409/1728 [03:11<07:51,  2.80it/s]Block (5,10,10) root_id=864691136051108595
Block (6,5,7) ok, attempt=1, duration=2.56s

Blocks:  24%|██▎       | 410/1728 [03:11<06:34,  3.34it/s]Block (8,6,1) root_id=864691136051108595
Block (4,5,8) ok, attempt=1, duration=2.66s

Blocks:  24%|██▍       | 411/1728 [03:11<06:11,  3.54it/s]Block (10,6,11) root_id=864691136051108595
Block (11,4,8) ok, attempt=1, duration=2.95s

Blocks:  24%|██▍       | 412/1728 [03:12<08:51,  2.48it/s]Block (2,9,3) root_id=864691136051108595
Block (3,4,0) ok, attempt=1, duration=2.90s

Blocks:  24%|██▍       | 413/1728 [03:12<07:05,  3.09it/s]Block (3,5,1) root_id=864691136051108595
Block (1,4,7) ok, attempt=1, duration=2.48s

Blocks:  24%|██▍       | 414/1728 [03:12<05:40,  3.86it/s]Block (8,9,6) root_id=864691136051108595
Block (0,8,10) ok, attempt=1, duration=2.99s

Blocks:  24%|██▍       | 415/1728 [03:13<09:27,  2.31it/s]Block (9,2,10) root_id=864691136051108595
Block (7,10,3) ok, attempt=1, duration=2.41s
Block (1,5,8) root_id=864691136051108595
Block (5,10,10) ok, attempt=1, duration=2.61s

Blocks:  24%|██▍       | 417/1728 [03:13<07:18,  2.99it/s]Block (11,7,0) root_id=864691136051108595
Block (8,6,1) ok, attempt=1, duration=2.59s
Block (6,1,9) root_id=864691136051108595

Blocks:  24%|██▍       | 418/1728 [03:14<06:18,  3.46it/s]Block (10,6,11) ok, attempt=1, duration=2.55s

Blocks:  24%|██▍       | 419/1728 [03:14<05:47,  3.77it/s]Block (10,3,5) root_id=864691136051108595
Block (3,5,1) ok, attempt=1, duration=2.49s
Block (5,2,5) root_id=864691136051108595

Blocks:  24%|██▍       | 420/1728 [03:15<08:44,  2.49it/s]Block (8,9,6) ok, attempt=1, duration=2.78s

Blocks:  24%|██▍       | 421/1728 [03:15<08:40,  2.51it/s]Block (4,6,8) root_id=864691136051108595
Block (2,9,3) ok, attempt=1, duration=3.36s

Blocks:  24%|██▍       | 422/1728 [03:15<08:16,  2.63it/s]Block (11,8,1) root_id=864691136051108595
Block (9,2,10) ok, attempt=1, duration=2.46s
Block (1,8,0) root_id=864691136051108595

Blocks:  24%|██▍       | 423/1728 [03:15<06:57,  3.13it/s]Block (1,5,8) ok, attempt=1, duration=2.64s
Block (8,1,7) root_id=864691136051108595

Blocks:  25%|██▍       | 424/1728 [03:16<06:37,  3.28it/s]Block (11,7,0) ok, attempt=1, duration=2.74s

Blocks:  25%|██▍       | 425/1728 [03:16<07:41,  2.83it/s]Block (6,4,1) root_id=864691136051108595
Block (10,3,5) ok, attempt=1, duration=2.54s

Blocks:  25%|██▍       | 426/1728 [03:16<06:16,  3.46it/s]Block (1,11,5) root_id=864691136051108595
Block (6,1,9) ok, attempt=1, duration=3.11s

Blocks:  25%|██▍       | 427/1728 [03:17<06:49,  3.17it/s]Block (3,8,11) root_id=864691136051108595
Block (5,2,5) ok, attempt=1, duration=2.31s

Blocks:  25%|██▍       | 428/1728 [03:17<05:45,  3.77it/s]Block (0,7,4) root_id=864691136051108595
Block (11,8,1) ok, attempt=1, duration=2.59s

Blocks:  25%|██▍       | 429/1728 [03:18<10:42,  2.02it/s]Block (10,10,4) root_id=864691136051108595
Block (4,6,8) ok, attempt=1, duration=3.08s

Blocks:  25%|██▍       | 430/1728 [03:18<08:22,  2.58it/s]Block (10,2,0) root_id=864691136051108595
Block (1,8,0) ok, attempt=1, duration=2.71s

Blocks:  25%|██▍       | 431/1728 [03:18<06:47,  3.19it/s]Block (9,6,3) root_id=864691136051108595
Block (8,1,7) ok, attempt=1, duration=2.57s

Blocks:  25%|██▌       | 432/1728 [03:18<05:43,  3.78it/s]Block (7,6,10) root_id=864691136051108595
Block (1,11,5) ok, attempt=1, duration=2.22s

Blocks:  25%|██▌       | 433/1728 [03:19<05:32,  3.89it/s]Block (5,9,4) root_id=864691136051108595
Block (3,8,11) ok, attempt=1, duration=2.28s

Blocks:  25%|██▌       | 434/1728 [03:19<06:41,  3.22it/s]Block (6,5,2) root_id=864691136051108595
Block (6,4,1) ok, attempt=1, duration=2.93s
Block (4,5,3) root_id=864691136051108595

Blocks:  25%|██▌       | 435/1728 [03:19<05:32,  3.89it/s]Block (0,7,4) ok, attempt=1, duration=2.34s

Blocks:  25%|██▌       | 436/1728 [03:19<04:31,  4.75it/s]Block (9,9,8) root_id=864691136051108595
Block (10,10,4) ok, attempt=1, duration=2.12s

Blocks:  25%|██▌       | 437/1728 [03:20<08:13,  2.62it/s]Block (2,5,10) root_id=864691136051108595
Block (9,6,3) ok, attempt=1, duration=2.44s
Block (7,6,10) ok, attempt=1, duration=2.30s

Blocks:  25%|██▌       | 438/1728 [03:21<09:43,  2.21it/s]Block (1,4,2) root_id=864691136051108595
Block (3,1,8) root_id=864691136051108595
Block (10,2,0) ok, attempt=1, duration=3.09s

Blocks:  25%|██▌       | 440/1728 [03:21<07:41,  2.79it/s]Block (0,8,5) root_id=864691136051108595
Block (6,5,2) ok, attempt=1, duration=2.24s

Blocks:  26%|██▌       | 441/1728 [03:21<06:19,  3.39it/s]Block (11,11,11) root_id=864691136051108595
Block (4,5,3) ok, attempt=1, duration=2.25s

Blocks:  26%|██▌       | 442/1728 [03:21<05:28,  3.92it/s]Block (11,3,7) root_id=864691136051108595
Block (5,9,4) ok, attempt=1, duration=2.90s

Blocks:  26%|██▌       | 443/1728 [03:21<04:42,  4.55it/s]Block (5,10,5) root_id=864691136051108595
Block (9,9,8) ok, attempt=1, duration=2.94s

Blocks:  26%|██▌       | 444/1728 [03:22<07:17,  2.94it/s]Block (10,6,6) root_id=864691136051108595
Block (2,5,10) ok, attempt=1, duration=2.49s

Blocks:  26%|██▌       | 445/1728 [03:22<07:21,  2.91it/s]Block (9,10,9) root_id=864691136051108595
Block (3,1,8) ok, attempt=1, duration=2.54s
Block (9,2,5) root_id=864691136051108595

Blocks:  26%|██▌       | 446/1728 [03:23<09:24,  2.27it/s]Block (1,4,2) ok, attempt=1, duration=2.63s
Block (8,9,1) root_id=864691136051108595
Block (11,11,11) ok, attempt=1, duration=2.40s

Blocks:  26%|██▌       | 448/1728 [03:24<07:16,  2.93it/s]Block (4,9,9) root_id=864691136051108595
Block (0,8,5) ok, attempt=1, duration=2.88s
Block (6,1,4) root_id=864691136051108595

Blocks:  26%|██▌       | 449/1728 [03:24<07:25,  2.87it/s]Block (11,3,7) ok, attempt=1, duration=2.69s
Block (10,3,0) root_id=864691136051108595
Block (5,10,5) ok, attempt=1, duration=2.66s

Blocks:  26%|██▌       | 451/1728 [03:24<04:59,  4.27it/s]Block (6,0,8) root_id=864691136051108595
Block (10,6,6) ok, attempt=1, duration=2.58s

Blocks:  26%|██▌       | 452/1728 [03:25<06:40,  3.19it/s]Block (5,2,0) root_id=864691136051108595
Block (9,10,9) ok, attempt=1, duration=2.42s

Blocks:  26%|██▌       | 453/1728 [03:25<06:03,  3.51it/s]Block (4,6,3) root_id=864691136051108595
Block (9,2,5) ok, attempt=1, duration=2.31s

Blocks:  26%|██▋       | 454/1728 [03:25<07:32,  2.81it/s]Block (0,3,11) root_id=864691136051108595
Block (8,9,1) ok, attempt=1, duration=2.69s

Blocks:  26%|██▋       | 455/1728 [03:26<08:10,  2.60it/s]Block (7,5,4) root_id=864691136051108595
Block (4,9,9) ok, attempt=1, duration=2.48s

Blocks:  26%|██▋       | 456/1728 [03:26<06:54,  3.07it/s]Block (5,5,11) root_id=864691136051108595
Block (6,1,4) ok, attempt=1, duration=2.35s

Blocks:  26%|██▋       | 457/1728 [03:26<06:25,  3.30it/s]Block (8,1,2) root_id=864691136051108595
Block (6,0,8) ok, attempt=1, duration=2.58s
Block (2,4,4) root_id=864691136051108595

Blocks:  27%|██▋       | 458/1728 [03:27<06:46,  3.12it/s]Block (10,3,0) ok, attempt=1, duration=2.80s
Block (3,8,6) root_id=864691136051108595

Blocks:  27%|██▋       | 459/1728 [03:27<05:54,  3.58it/s]Block (5,2,0) ok, attempt=1, duration=2.61s
Block (1,11,0) root_id=864691136051108595

Blocks:  27%|██▋       | 460/1728 [03:27<06:55,  3.05it/s]Block (4,6,3) ok, attempt=1, duration=3.14s
Block (4,1,10) root_id=864691136051108595

Blocks:  27%|██▋       | 461/1728 [03:28<09:20,  2.26it/s]Block (0,3,11) ok, attempt=1, duration=2.68s
Block (1,0,9) root_id=864691136051108595

Blocks:  27%|██▋       | 462/1728 [03:28<07:15,  2.91it/s]Block (7,5,4) ok, attempt=1, duration=2.42s

Blocks:  27%|██▋       | 463/1728 [03:28<06:23,  3.30it/s]Block (8,4,7) root_id=864691136051108595
Block (8,1,2) ok, attempt=1, duration=2.20s

Blocks:  27%|██▋       | 464/1728 [03:29<05:36,  3.76it/s]Block (3,11,11) root_id=864691136051108595
Block (5,5,11) ok, attempt=1, duration=2.61s
Block (7,6,5) root_id=864691136051108595

Blocks:  27%|██▋       | 465/1728 [03:29<04:57,  4.24it/s]Block (3,8,6) ok, attempt=1, duration=2.21s

Blocks:  27%|██▋       | 466/1728 [03:29<05:55,  3.55it/s]Block (9,9,3) root_id=864691136051108595
Block (1,11,0) ok, attempt=1, duration=2.11s

Blocks:  27%|██▋       | 467/1728 [03:29<06:23,  3.29it/s]Block (2,5,5) root_id=864691136051108595
Block (2,4,4) ok, attempt=1, duration=3.09s
Block (7,9,10) root_id=864691136051108595

Blocks:  27%|██▋       | 468/1728 [03:30<06:37,  3.17it/s]Block (1,0,9) ok, attempt=1, duration=2.60s
Block (11,11,6) root_id=864691136051108595

Blocks:  27%|██▋       | 469/1728 [03:31<10:42,  1.96it/s]Block (4,1,10) ok, attempt=1, duration=2.82s
Block (8,5,8) root_id=864691136051108595

Blocks:  27%|██▋       | 470/1728 [03:31<08:07,  2.58it/s]Block (8,4,7) ok, attempt=1, duration=2.56s
Block (0,8,0) root_id=864691136051108595
Block (3,11,11) ok, attempt=1, duration=2.52s
Block (11,3,2) root_id=864691136051108595

Blocks:  27%|██▋       | 472/1728 [03:31<05:19,  3.93it/s]Block (2,5,5) ok, attempt=1, duration=2.19s

Blocks:  27%|██▋       | 473/1728 [03:32<07:08,  2.93it/s]Block (3,4,8) root_id=864691136051108595
Block (7,6,5) ok, attempt=1, duration=3.07s

Blocks:  27%|██▋       | 474/1728 [03:32<05:51,  3.57it/s]Block (5,10,0) root_id=864691136051108595
Block (9,9,3) ok, attempt=1, duration=2.92s

Blocks:  27%|██▋       | 475/1728 [03:32<05:38,  3.71it/s]Block (10,6,1) root_id=864691136051108595
Block (7,9,10) ok, attempt=1, duration=2.55s

Blocks:  28%|██▊       | 476/1728 [03:32<06:00,  3.47it/s]Block (9,10,4) root_id=864691136051108595
Block (11,11,6) ok, attempt=1, duration=1.82s

Blocks:  28%|██▊       | 477/1728 [03:33<05:37,  3.70it/s]Block (9,2,0) root_id=864691136051108595
Block (11,3,2) ok, attempt=1, duration=2.56s

Blocks:  28%|██▊       | 478/1728 [03:34<10:22,  2.01it/s]Block (7,2,7) root_id=864691136051108595
Block (8,5,8) ok, attempt=1, duration=2.97s
Block (4,9,4) root_id=864691136051108595

Blocks:  28%|██▊       | 479/1728 [03:34<08:36,  2.42it/s]Block (0,8,0) ok, attempt=1, duration=2.97s
Block (8,8,0) root_id=864691136051108595
Block (5,10,0) ok, attempt=1, duration=2.56s
Block (10,6,1) ok, attempt=1, duration=2.32s
Block (7,1,11) root_id=864691136051108595

Blocks:  28%|██▊       | 481/1728 [03:34<07:01,  2.96it/s]Block (6,8,7) root_id=864691136051108595
Block (3,4,8) ok, attempt=1, duration=2.95s

Blocks:  28%|██▊       | 483/1728 [03:35<05:20,  3.88it/s]Block (4,8,8) root_id=864691136051108595
Block (9,10,4) ok, attempt=1, duration=2.62s

Blocks:  28%|██▊       | 484/1728 [03:35<05:50,  3.55it/s]Block (6,0,3) root_id=864691136051108595
Block (9,2,0) ok, attempt=1, duration=2.72s
Block (11,7,8) root_id=864691136051108595

Blocks:  28%|██▊       | 485/1728 [03:35<06:03,  3.42it/s]Block (7,2,7) ok, attempt=1, duration=2.25s

Blocks:  28%|██▊       | 486/1728 [03:36<07:35,  2.73it/s]Block (3,7,0) root_id=864691136051108595
Block (4,9,4) ok, attempt=1, duration=2.87s

Blocks:  28%|██▊       | 487/1728 [03:37<10:06,  2.05it/s]Block (2,0,11) root_id=864691136051108595
Block (8,8,0) ok, attempt=1, duration=2.82s
Block (1,7,7) root_id=864691136051108595
Block (7,1,11) ok, attempt=1, duration=2.53s

Blocks:  28%|██▊       | 489/1728 [03:37<06:27,  3.20it/s]Block (0,11,10) root_id=864691136051108595
Block (6,8,7) ok, attempt=1, duration=2.58s
Block (5,5,6) root_id=864691136051108595
Block (4,8,8) ok, attempt=1, duration=2.35s
Block (10,9,11) root_id=864691136051108595

Blocks:  28%|██▊       | 491/1728 [03:37<04:22,  4.70it/s]Block (6,0,3) ok, attempt=1, duration=2.48s
Block (4,1,5) root_id=864691136051108595

Blocks:  28%|██▊       | 492/1728 [03:37<05:36,  3.67it/s]Block (11,7,8) ok, attempt=1, duration=2.87s

Blocks:  29%|██▊       | 493/1728 [03:38<07:41,  2.68it/s]Block (3,8,1) root_id=864691136051108595
Block (3,7,0) ok, attempt=1, duration=2.98s

Blocks:  29%|██▊       | 494/1728 [03:39<09:24,  2.19it/s]Block (9,5,10) root_id=864691136051108595
Block (1,7,7) ok, attempt=1, duration=2.22s
Block (1,8,8) root_id=864691136051108595
Block (2,0,11) ok, attempt=1, duration=2.37s

Blocks:  29%|██▊       | 496/1728 [03:39<06:21,  3.23it/s]Block (8,4,2) root_id=864691136051108595
Block (5,5,6) ok, attempt=1, duration=2.20s
Block (6,4,9) root_id=864691136051108595
Block (10,9,11) ok, attempt=1, duration=2.37s

Blocks:  29%|██▉       | 498/1728 [03:39<04:57,  4.14it/s]Block (0,4,7) root_id=864691136051108595
Block (4,1,5) ok, attempt=1, duration=2.39s

Blocks:  29%|██▉       | 499/1728 [03:40<06:07,  3.34it/s]Block (3,11,6) root_id=864691136051108595
Block (0,11,10) ok, attempt=1, duration=3.10s
Block (7,6,0) root_id=864691136051108595

Blocks:  29%|██▉       | 500/1728 [03:40<05:15,  3.89it/s]Block (3,8,1) ok, attempt=1, duration=2.55s

Blocks:  29%|██▉       | 501/1728 [03:41<07:46,  2.63it/s]Block (10,2,8) root_id=864691136051108595
Block (9,5,10) ok, attempt=1, duration=2.45s
Block (2,5,0) root_id=864691136051108595

Blocks:  29%|██▉       | 502/1728 [03:41<08:58,  2.28it/s]Block (1,8,8) ok, attempt=1, duration=2.59s

Blocks:  29%|██▉       | 503/1728 [03:42<07:50,  2.60it/s]Block (7,9,5) root_id=864691136051108595
Block (6,4,9) ok, attempt=1, duration=2.57s

Blocks:  29%|██▉       | 504/1728 [03:42<06:33,  3.11it/s]Block (2,1,11) root_id=864691136051108595
Block (8,4,2) ok, attempt=1, duration=2.99s

Blocks:  29%|██▉       | 505/1728 [03:42<06:41,  3.05it/s]Block (9,6,11) root_id=864691136051108595
Block (3,11,6) ok, attempt=1, duration=2.43s

Blocks:  29%|██▉       | 506/1728 [03:42<05:59,  3.40it/s]Block (8,5,3) root_id=864691136051108595
Block (0,4,7) ok, attempt=1, duration=2.96s
Block (11,11,1) root_id=864691136051108595
Block (7,6,0) ok, attempt=1, duration=3.25s
Block (4,5,11) root_id=864691136051108595

Blocks:  29%|██▉       | 508/1728 [03:43<07:36,  2.67it/s]Block (10,2,8) ok, attempt=1, duration=2.59s
Block (3,4,3) root_id=864691136051108595

Blocks:  29%|██▉       | 509/1728 [03:43<06:15,  3.25it/s]Block (11,11,1) ok, attempt=1, duration=1.57s

Blocks:  30%|██▉       | 510/1728 [03:44<07:31,  2.70it/s]Block (6,11,8) root_id=864691136051108595
Block (2,5,0) ok, attempt=1, duration=2.72s

Blocks:  30%|██▉       | 511/1728 [03:44<06:27,  3.14it/s]Block (0,10,4) root_id=864691136051108595
Block (2,1,11) ok, attempt=1, duration=2.51s

Blocks:  30%|██▉       | 512/1728 [03:44<05:44,  3.53it/s]Block (7,1,6) root_id=864691136051108595
Block (7,9,5) ok, attempt=1, duration=2.86s
Block (6,8,2) root_id=864691136051108595

Blocks:  30%|██▉       | 513/1728 [03:44<05:08,  3.94it/s]Block (9,6,11) ok, attempt=1, duration=2.52s

Blocks:  30%|██▉       | 514/1728 [03:45<04:37,  4.37it/s]Block (4,8,3) root_id=864691136051108595
Block (8,5,3) ok, attempt=1, duration=2.61s

Blocks:  30%|██▉       | 515/1728 [03:45<05:01,  4.03it/s]Block (11,7,3) root_id=864691136051108595
Block (4,5,11) ok, attempt=1, duration=2.50s

Blocks:  30%|██▉       | 516/1728 [03:46<08:32,  2.37it/s]Block (2,8,10) root_id=864691136051108595
Block (3,4,3) ok, attempt=1, duration=2.59s

Blocks:  30%|██▉       | 517/1728 [03:46<07:11,  2.81it/s]Block (1,7,2) root_id=864691136051108595
Block (6,11,8) ok, attempt=1, duration=2.39s

Blocks:  30%|██▉       | 518/1728 [03:46<07:04,  2.85it/s]Block (7,4,11) root_id=864691136051108595
Block (0,10,4) ok, attempt=1, duration=2.33s

Blocks:  30%|███       | 519/1728 [03:46<05:37,  3.58it/s]Block (0,11,5) root_id=864691136051108595
Block (7,1,6) ok, attempt=1, duration=2.55s
Block (8,0,9) root_id=864691136051108595

Blocks:  30%|███       | 520/1728 [03:47<06:33,  3.07it/s]Block (6,8,2) ok, attempt=1, duration=3.03s
Block (5,5,1) root_id=864691136051108595

Blocks:  30%|███       | 521/1728 [03:47<08:35,  2.34it/s]Block (4,8,3) ok, attempt=1, duration=2.93s
Block (10,9,6) root_id=864691136051108595
Block (11,7,3) ok, attempt=1, duration=2.95s

Blocks:  30%|███       | 523/1728 [03:48<06:18,  3.18it/s]Block (4,1,0) root_id=864691136051108595
Block (2,8,10) ok, attempt=1, duration=2.84s

Blocks:  30%|███       | 524/1728 [03:49<08:24,  2.39it/s]Block (9,5,5) root_id=864691136051108595
Block (1,7,2) ok, attempt=1, duration=2.78s

Blocks:  30%|███       | 525/1728 [03:49<06:55,  2.90it/s]Block (1,8,3) root_id=864691136051108595
Block (0,11,5) ok, attempt=1, duration=2.54s

Blocks:  30%|███       | 526/1728 [03:49<06:08,  3.26it/s]Block (8,1,10) root_id=864691136051108595
Block (7,4,11) ok, attempt=1, duration=2.80s

Blocks:  30%|███       | 527/1728 [03:49<05:16,  3.79it/s]Block (0,4,2) root_id=864691136051108595
Block (8,0,9) ok, attempt=1, duration=2.44s

Blocks:  31%|███       | 528/1728 [03:49<04:46,  4.18it/s]Block (3,11,1) root_id=864691136051108595
Block (5,5,1) ok, attempt=1, duration=2.31s
Block (6,4,4) root_id=864691136051108595

Blocks:  31%|███       | 529/1728 [03:50<06:27,  3.10it/s]Block (10,9,6) ok, attempt=1, duration=2.60s

Blocks:  31%|███       | 530/1728 [03:50<06:36,  3.02it/s]Block (1,11,8) root_id=864691136051108595
Block (4,1,0) ok, attempt=1, duration=2.46s

Blocks:  31%|███       | 531/1728 [03:50<05:44,  3.47it/s]Block (3,0,10) root_id=864691136051108595
Block (9,5,5) ok, attempt=1, duration=2.24s

Blocks:  31%|███       | 532/1728 [03:51<07:03,  2.82it/s]Block (0,7,7) root_id=864691136051108595
Block (1,8,3) ok, attempt=1, duration=2.47s

Blocks:  31%|███       | 533/1728 [03:51<07:10,  2.77it/s]Block (10,10,7) root_id=864691136051108595
Block (3,11,1) ok, attempt=1, duration=2.35s
Block (11,2,9) root_id=864691136051108595

Blocks:  31%|███       | 534/1728 [03:52<07:20,  2.71it/s]Block (8,1,10) ok, attempt=1, duration=2.79s

Blocks:  31%|███       | 535/1728 [03:52<05:52,  3.39it/s]Block (10,2,3) root_id=864691136051108595
Block (0,4,2) ok, attempt=1, duration=2.80s

Blocks:  31%|███       | 536/1728 [03:52<05:07,  3.87it/s]Block (9,6,6) root_id=864691136051108595
Block (6,4,4) ok, attempt=1, duration=2.52s

Blocks:  31%|███       | 537/1728 [03:52<06:03,  3.27it/s]Block (7,9,0) root_id=864691136051108595
Block (3,0,10) ok, attempt=1, duration=2.46s

Blocks:  31%|███       | 538/1728 [03:53<07:13,  2.74it/s]Block (0,6,11) root_id=864691136051108595
Block (1,11,8) ok, attempt=1, duration=2.83s

Blocks:  31%|███       | 539/1728 [03:53<05:59,  3.30it/s]Block (9,9,11) root_id=864691136051108595
Block (0,7,7) ok, attempt=1, duration=2.44s

Blocks:  31%|███▏      | 540/1728 [03:53<05:59,  3.30it/s]Block (5,8,11) root_id=864691136051108595
Block (10,10,7) ok, attempt=1, duration=2.11s
Block (4,4,10) root_id=864691136051108595
Block (9,6,6) ok, attempt=1, duration=2.20s

Blocks:  31%|███▏      | 542/1728 [03:54<06:58,  2.84it/s]Block (11,3,10) root_id=864691136051108595
Block (11,2,9) ok, attempt=1, duration=2.65s
Block (6,11,3) root_id=864691136051108595

Blocks:  31%|███▏      | 543/1728 [03:54<06:01,  3.28it/s]Block (10,2,3) ok, attempt=1, duration=2.61s
Block (1,3,9) root_id=864691136051108595
Block (9,9,11) ok, attempt=1, duration=2.26s

Blocks:  32%|███▏      | 545/1728 [03:55<07:38,  2.58it/s]Block (7,1,1) root_id=864691136051108595
Block (5,8,11) ok, attempt=1, duration=2.08s
Block (5,1,8) root_id=864691136051108595
Block (7,9,0) ok, attempt=1, duration=3.10s

Blocks:  32%|███▏      | 547/1728 [03:55<05:18,  3.71it/s]Block (2,8,5) root_id=864691136051108595
Block (0,6,11) ok, attempt=1, duration=2.68s
Block (7,4,6) root_id=864691136051108595

Blocks:  32%|███▏      | 548/1728 [03:56<04:37,  4.25it/s]Block (4,4,10) ok, attempt=1, duration=2.65s

Blocks:  32%|███▏      | 549/1728 [03:56<05:36,  3.50it/s]Block (0,11,0) root_id=864691136051108595
Block (6,11,3) ok, attempt=1, duration=2.19s

Blocks:  32%|███▏      | 550/1728 [03:56<06:34,  2.98it/s]Block (8,8,8) root_id=864691136051108595
Block (1,3,9) ok, attempt=1, duration=2.36s

Blocks:  32%|███▏      | 551/1728 [03:57<06:12,  3.16it/s]Block (8,0,4) root_id=864691136051108595
Block (11,3,10) ok, attempt=1, duration=2.82s

Blocks:  32%|███▏      | 552/1728 [03:57<05:35,  3.50it/s]Block (2,11,10) root_id=864691136051108595
Block (0,11,0) ok, attempt=1, duration=1.67s
Block (6,0,11) root_id=864691136051108595

Blocks:  32%|███▏      | 553/1728 [03:58<08:11,  2.39it/s]Block (7,1,1) ok, attempt=1, duration=2.67s
Block (3,7,8) root_id=864691136051108595

Blocks:  32%|███▏      | 554/1728 [03:58<07:20,  2.67it/s]Block (5,1,8) ok, attempt=1, duration=2.70s

Blocks:  32%|███▏      | 555/1728 [03:58<05:50,  3.34it/s]Block (11,10,9) root_id=864691136051108595
Block (2,8,5) ok, attempt=1, duration=2.71s
Block (10,9,1) root_id=864691136051108595
Block (7,4,6) ok, attempt=1, duration=2.68s
Block (1,10,8) root_id=864691136051108595

Blocks:  32%|███▏      | 557/1728 [03:58<03:44,  5.21it/s]Block (8,8,8) ok, attempt=1, duration=2.81s

Blocks:  32%|███▏      | 558/1728 [03:59<08:00,  2.44it/s]Block (9,5,0) root_id=864691136051108595
Block (2,11,10) ok, attempt=1, duration=2.52s

Blocks:  32%|███▏      | 559/1728 [03:59<06:48,  2.86it/s]Block (7,5,7) root_id=864691136051108595
Block (8,0,4) ok, attempt=1, duration=2.79s
Block (2,4,7) root_id=864691136051108595
Block (6,0,11) ok, attempt=1, duration=2.18s

Blocks:  32%|███▏      | 561/1728 [04:00<05:33,  3.50it/s]Block (11,2,4) root_id=864691136051108595
Block (3,7,8) ok, attempt=1, duration=2.40s

Blocks:  33%|███▎      | 562/1728 [04:00<06:34,  2.95it/s]Block (8,7,3) root_id=864691136051108595
Block (11,10,9) ok, attempt=1, duration=2.45s

Blocks:  33%|███▎      | 563/1728 [04:01<05:41,  3.41it/s]Block (6,7,10) root_id=864691136051108595
Block (10,9,1) ok, attempt=1, duration=2.58s
Block (0,6,6) root_id=864691136051108595

Blocks:  33%|███▎      | 564/1728 [04:01<05:11,  3.74it/s]Block (1,10,8) ok, attempt=1, duration=2.74s

Blocks:  33%|███▎      | 565/1728 [04:01<04:53,  3.97it/s]Block (10,1,2) root_id=864691136051108595
Block (9,5,0) ok, attempt=1, duration=2.64s
Block (1,6,10) root_id=864691136051108595

Blocks:  33%|███▎      | 566/1728 [04:02<08:52,  2.18it/s]Block (7,5,7) ok, attempt=1, duration=2.56s
Block (5,8,6) root_id=864691136051108595
Block (2,4,7) ok, attempt=1, duration=2.62s
Block (5,0,2) root_id=864691136051108595

Blocks:  33%|███▎      | 568/1728 [04:02<05:52,  3.29it/s]Block (11,2,4) ok, attempt=1, duration=2.55s
Block (10,4,7) root_id=864691136051108595

Blocks:  33%|███▎      | 569/1728 [04:02<05:41,  3.39it/s]Block (6,7,10) ok, attempt=1, duration=2.34s
Block (4,4,5) root_id=864691136051108595

Blocks:  33%|███▎      | 570/1728 [04:03<06:44,  2.86it/s]Block (8,7,3) ok, attempt=1, duration=2.62s
Block (7,11,4) root_id=864691136051108595
Block (10,1,2) ok, attempt=1, duration=2.29s
Block (9,8,10) root_id=864691136051108595

Blocks:  33%|███▎      | 572/1728 [04:03<05:10,  3.72it/s]Block (0,6,6) ok, attempt=1, duration=2.55s
Block (5,11,11) root_id=864691136051108595
Block (1,6,10) ok, attempt=1, duration=2.33s

Blocks:  33%|███▎      | 574/1728 [04:04<07:03,  2.73it/s]Block (9,0,6) root_id=864691136051108595
Block (5,8,6) ok, attempt=1, duration=2.53s

Blocks:  33%|███▎      | 575/1728 [04:05<06:36,  2.91it/s]Block (4,7,10) root_id=864691136051108595
Block (5,0,2) ok, attempt=1, duration=2.73s

Blocks:  33%|███▎      | 576/1728 [04:05<06:29,  2.96it/s]Block (8,11,9) root_id=864691136051108595
Block (7,11,4) ok, attempt=1, duration=2.06s

Blocks:  33%|███▎      | 577/1728 [04:05<05:44,  3.34it/s]Block (11,9,3) root_id=864691136051108595
Block (10,4,7) ok, attempt=1, duration=3.06s

Blocks:  33%|███▎      | 578/1728 [04:05<06:20,  3.02it/s]Block (0,2,8) root_id=864691136051108595
Block (4,4,5) ok, attempt=1, duration=2.97s

Blocks:  34%|███▎      | 579/1728 [04:06<06:39,  2.87it/s]Block (5,1,3) root_id=864691136051108595
Block (5,11,11) ok, attempt=1, duration=2.59s
Block (10,5,8) root_id=864691136051108595
Block (9,8,10) ok, attempt=1, duration=2.88s

Blocks:  34%|███▎      | 581/1728 [04:06<04:47,  3.99it/s]Block (2,8,0) root_id=864691136051108595
Block (9,0,6) ok, attempt=1, duration=2.52s

Blocks:  34%|███▎      | 582/1728 [04:07<06:43,  2.84it/s]Block (7,4,1) root_id=864691136051108595
Block (4,7,10) ok, attempt=1, duration=2.61s
Block (8,8,3) root_id=864691136051108595

Blocks:  34%|███▎      | 583/1728 [04:07<06:47,  2.81it/s]Block (8,11,9) ok, attempt=1, duration=2.57s

Blocks:  34%|███▍      | 584/1728 [04:07<06:24,  2.97it/s]Block (5,4,8) root_id=864691136051108595
Block (11,9,3) ok, attempt=1, duration=2.52s
Block (9,1,7) root_id=864691136051108595

Blocks:  34%|███▍      | 585/1728 [04:08<05:26,  3.50it/s]Block (10,5,8) ok, attempt=1, duration=2.43s

Blocks:  34%|███▍      | 586/1728 [04:08<07:55,  2.40it/s]Block (4,8,11) root_id=864691136051108595
Block (0,2,8) ok, attempt=1, duration=2.98s
Block (6,0,6) root_id=864691136051108595

Blocks:  34%|███▍      | 587/1728 [04:08<06:12,  3.07it/s]Block (5,1,3) ok, attempt=1, duration=2.71s

Blocks:  34%|███▍      | 588/1728 [04:09<05:04,  3.75it/s]Block (2,11,5) root_id=864691136051108595
Block (2,8,0) ok, attempt=1, duration=2.76s

Blocks:  34%|███▍      | 589/1728 [04:09<05:22,  3.53it/s]Block (4,0,7) root_id=864691136051108595
Block (7,4,1) ok, attempt=1, duration=2.38s
Block (3,7,3) root_id=864691136051108595

Blocks:  34%|███▍      | 590/1728 [04:09<05:39,  3.35it/s]Block (9,1,7) ok, attempt=1, duration=2.16s

Blocks:  34%|███▍      | 591/1728 [04:10<06:50,  2.77it/s]Block (11,10,4) root_id=864691136051108595
Block (8,8,3) ok, attempt=1, duration=3.33s

Blocks:  34%|███▍      | 592/1728 [04:11<09:12,  2.06it/s]Block (1,10,3) root_id=864691136051108595
Block (5,4,8) ok, attempt=1, duration=3.19s

Blocks:  34%|███▍      | 593/1728 [04:11<07:05,  2.67it/s]Block (8,3,10) root_id=864691136051108595
Block (2,11,5) ok, attempt=1, duration=2.20s

Blocks:  34%|███▍      | 594/1728 [04:11<05:45,  3.28it/s]Block (7,5,2) root_id=864691136051108595
Block (6,0,6) ok, attempt=1, duration=2.49s

Blocks:  34%|███▍      | 595/1728 [04:11<04:58,  3.80it/s]Block (3,2,10) root_id=864691136051108595
Block (4,8,11) ok, attempt=1, duration=2.73s

Blocks:  34%|███▍      | 596/1728 [04:11<04:21,  4.33it/s]Block (2,4,2) root_id=864691136051108595
Block (4,0,7) ok, attempt=1, duration=2.49s

Blocks:  35%|███▍      | 597/1728 [04:11<04:43,  3.99it/s]Block (0,9,7) root_id=864691136051108595
Block (3,7,3) ok, attempt=1, duration=2.40s
Block (4,11,3) root_id=864691136051108595

Blocks:  35%|███▍      | 598/1728 [04:12<04:16,  4.40it/s]Block (11,10,4) ok, attempt=1, duration=2.05s

Blocks:  35%|███▍      | 599/1728 [04:12<04:17,  4.39it/s]Block (7,7,11) root_id=864691136051108595
Block (1,10,3) ok, attempt=1, duration=2.26s

Blocks:  35%|███▍      | 600/1728 [04:13<08:37,  2.18it/s]Block (6,7,5) root_id=864691136051108595
Block (8,3,10) ok, attempt=1, duration=2.68s

Blocks:  35%|███▍      | 601/1728 [04:13<08:57,  2.10it/s]Block (0,6,1) root_id=864691136051108595
Block (7,5,2) ok, attempt=1, duration=2.59s
Block (1,6,5) root_id=864691136051108595
Block (4,11,3) ok, attempt=1, duration=1.94s
Block (5,8,1) root_id=864691136051108595
Block (3,2,10) ok, attempt=1, duration=2.56s

Blocks:  35%|███▍      | 603/1728 [04:13<05:39,  3.32it/s]Block (11,5,10) root_id=864691136051108595
Block (7,7,11) ok, attempt=1, duration=2.27s
Block (10,4,2) root_id=864691136051108595

Blocks:  35%|███▌      | 605/1728 [04:14<05:34,  3.36it/s]Block (2,4,2) ok, attempt=1, duration=3.02s
Block (4,4,0) root_id=864691136051108595
Block (0,9,7) ok, attempt=1, duration=3.12s
Block (9,8,5) root_id=864691136051108595

Blocks:  35%|███▌      | 607/1728 [04:14<04:58,  3.76it/s]Block (6,7,5) ok, attempt=1, duration=2.61s

Blocks:  35%|███▌      | 608/1728 [04:15<07:23,  2.53it/s]Block (5,11,6) root_id=864691136051108595
Block (5,8,1) ok, attempt=1, duration=2.22s
Block (9,0,1) root_id=864691136051108595

Blocks:  35%|███▌      | 609/1728 [04:16<07:06,  2.62it/s]Block (0,6,1) ok, attempt=1, duration=2.50s
Block (7,0,8) root_id=864691136051108595
Block (1,6,5) ok, attempt=1, duration=2.52s

Blocks:  35%|███▌      | 611/1728 [04:16<04:52,  3.82it/s]Block (4,7,5) root_id=864691136051108595
Block (11,5,10) ok, attempt=1, duration=2.59s

Blocks:  35%|███▌      | 612/1728 [04:16<04:47,  3.88it/s]Block (8,11,4) root_id=864691136051108595
Block (10,4,2) ok, attempt=1, duration=2.70s

Blocks:  35%|███▌      | 613/1728 [04:17<06:32,  2.84it/s]Block (3,3,10) root_id=864691136051108595
Block (4,4,0) ok, attempt=1, duration=2.87s
Block (6,11,11) root_id=864691136051108595

Blocks:  36%|███▌      | 614/1728 [04:17<05:57,  3.12it/s]Block (9,8,5) ok, attempt=1, duration=2.53s
Block (0,10,7) root_id=864691136051108595
Block (5,11,6) ok, attempt=1, duration=2.00s
Block (11,6,11) root_id=864691136051108595

Blocks:  36%|███▌      | 616/1728 [04:17<05:04,  3.65it/s]Block (9,0,1) ok, attempt=1, duration=2.06s
Block (10,5,3) root_id=864691136051108595

Blocks:  36%|███▌      | 617/1728 [04:18<05:21,  3.46it/s]Block (8,11,4) ok, attempt=1, duration=2.07s

Blocks:  36%|███▌      | 618/1728 [04:18<05:52,  3.15it/s]Block (9,1,2) root_id=864691136051108595
Block (7,0,8) ok, attempt=1, duration=2.75s

Blocks:  36%|███▌      | 619/1728 [04:19<06:11,  2.98it/s]Block (7,1,9) root_id=864691136051108595
Block (4,7,5) ok, attempt=1, duration=2.82s

Blocks:  36%|███▌      | 620/1728 [04:19<05:18,  3.48it/s]Block (5,4,3) root_id=864691136051108595
Block (6,11,11) ok, attempt=1, duration=2.18s

Blocks:  36%|███▌      | 621/1728 [04:19<06:20,  2.91it/s]Block (2,11,0) root_id=864691136051108595
Block (3,3,10) ok, attempt=1, duration=2.57s

Blocks:  36%|███▌      | 622/1728 [04:19<05:23,  3.42it/s]Block (4,8,6) root_id=864691136051108595
Block (0,10,7) ok, attempt=1, duration=2.71s
Block (11,6,11) ok, attempt=1, duration=2.33s

Blocks:  36%|███▌      | 623/1728 [04:20<05:50,  3.15it/s]Block (6,0,1) root_id=864691136051108595
Block (4,0,2) root_id=864691136051108595
Block (9,1,2) ok, attempt=1, duration=2.30s
Block (2,0,9) root_id=864691136051108595

Blocks:  36%|███▌      | 625/1728 [04:20<06:13,  2.95it/s]Block (10,5,3) ok, attempt=1, duration=2.76s
Block (8,3,5) root_id=864691136051108595
Block (7,1,9) ok, attempt=1, duration=2.55s

Blocks:  36%|███▋      | 627/1728 [04:21<06:04,  3.02it/s]Block (2,11,0) ok, attempt=1, duration=1.92s
Block (3,10,9) root_id=864691136051108595
Block (0,9,2) root_id=864691136051108595
Block (4,8,6) ok, attempt=1, duration=2.21s
Block (10,0,9) root_id=864691136051108595

Blocks:  36%|███▋      | 629/1728 [04:22<05:27,  3.35it/s]Block (5,4,3) ok, attempt=1, duration=2.97s
Block (7,7,6) root_id=864691136051108595
Block (6,0,1) ok, attempt=1, duration=2.20s

Blocks:  37%|███▋      | 631/1728 [04:22<04:43,  3.88it/s]Block (6,7,0) root_id=864691136051108595
Block (4,0,2) ok, attempt=1, duration=2.74s

Blocks:  37%|███▋      | 632/1728 [04:22<05:43,  3.20it/s]Block (1,6,0) root_id=864691136051108595
Block (2,0,9) ok, attempt=1, duration=2.35s

Blocks:  37%|███▋      | 633/1728 [04:23<05:50,  3.12it/s]Block (8,7,11) root_id=864691136051108595
Block (8,3,5) ok, attempt=1, duration=2.70s

Blocks:  37%|███▋      | 634/1728 [04:23<06:08,  2.97it/s]Block (11,5,5) root_id=864691136051108595
Block (3,10,9) ok, attempt=1, duration=2.67s

Blocks:  37%|███▋      | 635/1728 [04:24<07:09,  2.55it/s]Block (10,1,10) root_id=864691136051108595
Block (10,0,9) ok, attempt=1, duration=2.29s
Block (9,8,0) root_id=864691136051108595
Block (0,9,2) ok, attempt=1, duration=2.83s

Blocks:  37%|███▋      | 637/1728 [04:24<04:48,  3.78it/s]Block (5,11,1) root_id=864691136051108595
Block (7,7,6) ok, attempt=1, duration=2.81s

Blocks:  37%|███▋      | 638/1728 [04:24<05:57,  3.05it/s]Block (7,8,7) root_id=864691136051108595
Block (8,7,11) ok, attempt=1, duration=2.02s

Blocks:  37%|███▋      | 639/1728 [04:25<06:09,  2.95it/s]Block (7,0,3) root_id=864691136051108595
Block (6,7,0) ok, attempt=1, duration=3.00s
Block (4,7,0) root_id=864691136051108595
Block (1,6,0) ok, attempt=1, duration=2.58s

Blocks:  37%|███▋      | 641/1728 [04:25<04:18,  4.20it/s]Block (5,0,10) root_id=864691136051108595
Block (11,5,5) ok, attempt=1, duration=2.67s
Block (2,7,7) root_id=864691136051108595

Blocks:  37%|███▋      | 642/1728 [04:26<06:47,  2.66it/s]Block (5,11,1) ok, attempt=1, duration=2.17s

Blocks:  37%|███▋      | 643/1728 [04:26<06:09,  2.93it/s]Block (0,10,2) root_id=864691136051108595
Block (10,1,10) ok, attempt=1, duration=2.45s

Blocks:  37%|███▋      | 644/1728 [04:26<05:05,  3.55it/s]Block (11,6,6) root_id=864691136051108595
Block (9,8,0) ok, attempt=1, duration=2.90s

Blocks:  37%|███▋      | 645/1728 [04:27<06:25,  2.81it/s]Block (6,10,10) root_id=864691136051108595
Block (7,0,3) ok, attempt=1, duration=2.49s

Blocks:  37%|███▋      | 646/1728 [04:27<07:22,  2.44it/s]Block (11,9,11) root_id=864691136051108595
Block (7,8,7) ok, attempt=1, duration=2.92s
Block (4,8,1) root_id=864691136051108595
Block (5,0,10) ok, attempt=1, duration=2.49s
Block (1,9,10) root_id=864691136051108595

Blocks:  38%|███▊      | 648/1728 [04:28<04:55,  3.66it/s]Block (4,7,0) ok, attempt=1, duration=2.75s

Blocks:  38%|███▊      | 649/1728 [04:28<04:22,  4.12it/s]Block (0,5,9) root_id=864691136051108595
Block (2,7,7) ok, attempt=1, duration=2.13s

Blocks:  38%|███▊      | 650/1728 [04:28<04:46,  3.77it/s]Block (7,4,9) root_id=864691136051108595
Block (0,10,2) ok, attempt=1, duration=2.44s

Blocks:  38%|███▊      | 651/1728 [04:29<06:05,  2.95it/s]Block (9,11,10) root_id=864691136051108595
Block (11,6,6) ok, attempt=1, duration=2.43s

Blocks:  38%|███▊      | 652/1728 [04:29<04:54,  3.66it/s]Block (8,3,0) root_id=864691136051108595
Block (6,10,10) ok, attempt=1, duration=2.51s

Blocks:  38%|███▊      | 653/1728 [04:29<06:43,  2.66it/s]Block (4,10,10) root_id=864691136051108595
Block (1,9,10) ok, attempt=1, duration=2.23s
Block (6,3,7) root_id=864691136051108595

Blocks:  38%|███▊      | 654/1728 [04:30<07:12,  2.48it/s]Block (11,9,11) ok, attempt=1, duration=2.44s
Block (3,10,4) root_id=864691136051108595
Block (4,8,1) ok, attempt=1, duration=2.70s

Blocks:  38%|███▊      | 656/1728 [04:30<05:19,  3.36it/s]Block (1,10,11) root_id=864691136051108595
Block (0,5,9) ok, attempt=1, duration=2.56s

Blocks:  38%|███▊      | 657/1728 [04:30<04:39,  3.83it/s]Block (10,8,8) root_id=864691136051108595
Block (7,4,9) ok, attempt=1, duration=2.51s
Block (10,0,4) root_id=864691136051108595

Blocks:  38%|███▊      | 658/1728 [04:31<04:47,  3.72it/s]Block (8,3,0) ok, attempt=1, duration=2.57s
Block (7,7,1) root_id=864691136051108595

Blocks:  38%|███▊      | 659/1728 [04:31<06:49,  2.61it/s]Block (9,11,10) ok, attempt=1, duration=2.85s

Blocks:  38%|███▊      | 660/1728 [04:31<05:49,  3.05it/s]Block (9,4,7) root_id=864691136051108595
Block (4,10,10) ok, attempt=1, duration=2.56s

Blocks:  38%|███▊      | 661/1728 [04:32<06:23,  2.78it/s]Block (5,7,8) root_id=864691136051108595
Block (6,3,7) ok, attempt=1, duration=2.63s

Blocks:  38%|███▊      | 662/1728 [04:32<07:16,  2.44it/s]Block (4,11,11) root_id=864691136051108595
Block (3,10,4) ok, attempt=1, duration=2.62s
Block (4,3,7) root_id=864691136051108595
Block (1,10,11) ok, attempt=1, duration=2.43s

Blocks:  38%|███▊      | 664/1728 [04:33<04:36,  3.84it/s]Block (8,7,6) root_id=864691136051108595
Block (10,8,8) ok, attempt=1, duration=2.36s
Block (0,6,9) root_id=864691136051108595
Block (10,0,4) ok, attempt=1, duration=2.91s
Block (11,5,0) root_id=864691136051108595

Blocks:  39%|███▊      | 666/1728 [04:33<05:56,  2.98it/s]Block (7,7,1) ok, attempt=1, duration=2.57s

Blocks:  39%|███▊      | 667/1728 [04:34<05:56,  2.97it/s]Block (10,1,5) root_id=864691136051108595
Block (9,4,7) ok, attempt=1, duration=2.48s

Blocks:  39%|███▊      | 668/1728 [04:34<05:01,  3.52it/s]Block (7,8,2) root_id=864691136051108595
Block (5,7,8) ok, attempt=1, duration=2.64s

Blocks:  39%|███▊      | 669/1728 [04:35<06:25,  2.75it/s]Block (5,8,9) root_id=864691136051108595
Block (4,3,7) ok, attempt=1, duration=2.28s

Blocks:  39%|███▉      | 670/1728 [04:35<05:37,  3.14it/s]Block (5,0,5) root_id=864691136051108595
Block (4,11,11) ok, attempt=1, duration=2.38s
Block (10,4,10) root_id=864691136051108595
Block (0,6,9) ok, attempt=1, duration=2.49s

Blocks:  39%|███▉      | 672/1728 [04:35<04:43,  3.72it/s]Block (4,4,8) root_id=864691136051108595
Block (8,7,6) ok, attempt=1, duration=2.65s
Block (7,11,7) root_id=864691136051108595
Block (10,1,5) ok, attempt=1, duration=2.28s

Blocks:  39%|███▉      | 674/1728 [04:36<06:10,  2.85it/s]Block (2,7,2) root_id=864691136051108595
Block (11,5,0) ok, attempt=1, duration=2.81s

Blocks:  39%|███▉      | 675/1728 [04:36<05:32,  3.17it/s]Block (9,0,9) root_id=864691136051108595
Block (7,8,2) ok, attempt=1, duration=2.65s

Blocks:  39%|███▉      | 676/1728 [04:37<05:29,  3.19it/s]Block (11,6,1) root_id=864691136051108595
Block (5,8,9) ok, attempt=1, duration=2.58s

Blocks:  39%|███▉      | 677/1728 [04:37<06:26,  2.72it/s]Block (6,10,5) root_id=864691136051108595
Block (10,4,10) ok, attempt=1, duration=2.46s
Block (11,9,6) root_id=864691136051108595

Blocks:  39%|███▉      | 678/1728 [04:37<05:22,  3.25it/s]Block (5,0,5) ok, attempt=1, duration=2.70s

Blocks:  39%|███▉      | 679/1728 [04:37<04:43,  3.71it/s]Block (6,2,1) root_id=864691136051108595
Block (7,11,7) ok, attempt=1, duration=2.40s

Blocks:  39%|███▉      | 680/1728 [04:38<04:19,  4.04it/s]Block (1,9,5) root_id=864691136051108595
Block (4,4,8) ok, attempt=1, duration=2.69s
Block (3,6,11) root_id=864691136051108595

Blocks:  39%|███▉      | 681/1728 [04:38<04:07,  4.23it/s]Block (11,6,1) ok, attempt=1, duration=2.13s

Blocks:  39%|███▉      | 682/1728 [04:39<07:21,  2.37it/s]Block (0,5,4) root_id=864691136051108595
Block (2,7,2) ok, attempt=1, duration=2.67s
Block (9,11,5) root_id=864691136051108595
Block (9,0,9) ok, attempt=1, duration=2.57s

Blocks:  40%|███▉      | 684/1728 [04:39<04:35,  3.79it/s]Block (7,3,8) root_id=864691136051108595
Block (6,10,5) ok, attempt=1, duration=2.25s

Blocks:  40%|███▉      | 685/1728 [04:39<05:41,  3.06it/s]Block (10,11,9) root_id=864691136051108595
Block (11,9,6) ok, attempt=1, duration=2.70s
Block (5,6,2) root_id=864691136051108595

Blocks:  40%|███▉      | 686/1728 [04:40<06:53,  2.52it/s]Block (3,6,11) ok, attempt=1, duration=2.27s

Blocks:  40%|███▉      | 687/1728 [04:40<05:34,  3.11it/s]Block (4,10,5) root_id=864691136051108595
Block (6,2,1) ok, attempt=1, duration=2.74s
Block (6,3,2) root_id=864691136051108595
Block (9,11,5) ok, attempt=1, duration=1.59s
Block (4,2,1) root_id=864691136051108595

Blocks:  40%|███▉      | 689/1728 [04:40<04:10,  4.15it/s]Block (1,9,5) ok, attempt=1, duration=2.90s

Blocks:  40%|███▉      | 690/1728 [04:41<03:48,  4.53it/s]Block (1,10,6) root_id=864691136051108595
Block (7,3,8) ok, attempt=1, duration=2.49s
Block (2,2,8) root_id=864691136051108595

Blocks:  40%|███▉      | 691/1728 [04:41<06:29,  2.66it/s]Block (0,5,4) ok, attempt=1, duration=2.77s

Blocks:  40%|████      | 692/1728 [04:41<05:22,  3.22it/s]Block (6,6,7) root_id=864691136051108595
Block (10,11,9) ok, attempt=1, duration=2.44s

Blocks:  40%|████      | 693/1728 [04:42<05:28,  3.15it/s]Block (10,8,3) root_id=864691136051108595
Block (4,10,5) ok, attempt=1, duration=2.18s
Block (11,1,7) root_id=864691136051108595

Blocks:  40%|████      | 694/1728 [04:42<06:15,  2.76it/s]Block (5,6,2) ok, attempt=1, duration=2.56s
Block (9,4,2) root_id=864691136051108595

Blocks:  40%|████      | 695/1728 [04:43<05:36,  3.07it/s]Block (6,3,2) ok, attempt=1, duration=2.44s
Block (0,9,10) root_id=864691136051108595
Block (1,10,6) ok, attempt=1, duration=2.24s

Blocks:  40%|████      | 697/1728 [04:43<03:59,  4.31it/s]Block (5,7,3) root_id=864691136051108595
Block (4,2,1) ok, attempt=1, duration=2.91s

Blocks:  40%|████      | 698/1728 [04:43<05:08,  3.34it/s]Block (4,11,6) root_id=864691136051108595
Block (6,6,7) ok, attempt=1, duration=2.71s

Blocks:  40%|████      | 699/1728 [04:44<07:51,  2.18it/s]Block (4,3,2) root_id=864691136051108595
Block (2,2,8) ok, attempt=1, duration=2.93s

Blocks:  41%|████      | 700/1728 [04:44<06:15,  2.74it/s]Block (9,7,7) root_id=864691136051108595
Block (9,4,2) ok, attempt=1, duration=2.24s

Blocks:  41%|████      | 701/1728 [04:45<06:52,  2.49it/s]Block (10,8,3) ok, attempt=1, duration=3.03s
Block (2,3,9) root_id=864691136051108595
Block (11,1,7) ok, attempt=1, duration=2.56s
Block (8,7,1) root_id=864691136051108595
Block (10,1,0) root_id=864691136051108595
Block (0,9,10) ok, attempt=1, duration=2.37s

Blocks:  41%|████      | 704/1728 [04:45<03:41,  4.63it/s]Block (8,6,5) root_id=864691136051108595
Block (5,7,3) ok, attempt=1, duration=2.43s

Blocks:  41%|████      | 705/1728 [04:45<03:40,  4.64it/s]Block (5,0,0) root_id=864691136051108595
Block (4,11,6) ok, attempt=1, duration=2.08s
Block (3,5,5) root_id=864691136051108595

Blocks:  41%|████      | 706/1728 [04:45<03:29,  4.88it/s]Block (9,7,7) ok, attempt=1, duration=1.98s

Blocks:  41%|████      | 707/1728 [04:46<06:27,  2.64it/s]Block (10,4,5) root_id=864691136051108595
Block (4,3,2) ok, attempt=1, duration=2.19s
Block (8,9,10) root_id=864691136051108595
Block (2,3,9) ok, attempt=1, duration=2.17s

Blocks:  41%|████      | 709/1728 [04:47<06:10,  2.75it/s]Block (7,11,2) root_id=864691136051108595
Block (8,6,5) ok, attempt=1, duration=2.46s

Blocks:  41%|████      | 710/1728 [04:47<06:44,  2.52it/s]Block (9,0,4) root_id=864691136051108595
Block (10,1,0) ok, attempt=1, duration=2.61s
Block (0,1,11) root_id=864691136051108595
Block (5,0,0) ok, attempt=1, duration=2.36s
Block (2,6,1) root_id=864691136051108595
Block (3,5,5) ok, attempt=1, duration=2.24s

Blocks:  41%|████▏     | 713/1728 [04:48<03:45,  4.50it/s]Block (6,10,0) root_id=864691136051108595
Block (8,7,1) ok, attempt=1, duration=2.82s
Block (11,9,1) root_id=864691136051108595
Block (8,9,10) ok, attempt=1, duration=2.20s

Blocks:  41%|████▏     | 715/1728 [04:49<05:12,  3.25it/s]Block (5,2,9) root_id=864691136051108595
Block (10,4,5) ok, attempt=1, duration=2.55s

Blocks:  41%|████▏     | 716/1728 [04:49<05:00,  3.36it/s]Block (3,6,6) root_id=864691136051108595
Block (7,11,2) ok, attempt=1, duration=2.19s

Blocks:  41%|████▏     | 717/1728 [04:49<05:05,  3.31it/s]Block (1,9,0) root_id=864691136051108595
Block (2,6,1) ok, attempt=1, duration=2.06s

Blocks:  42%|████▏     | 718/1728 [04:50<05:43,  2.94it/s]Block (8,10,11) root_id=864691136051108595
Block (6,10,0) ok, attempt=1, duration=2.11s
Block (0,1,11) ok, attempt=1, duration=2.23s
Block (8,2,7) root_id=864691136051108595
Block (11,8,5) root_id=864691136051108595

Blocks:  42%|████▏     | 719/1728 [04:50<04:45,  3.54it/s]Block (9,0,4) ok, attempt=1, duration=2.66s

Blocks:  42%|████▏     | 721/1728 [04:50<04:17,  3.91it/s]Block (3,9,11) root_id=864691136051108595
Block (11,9,1) ok, attempt=1, duration=2.72s
Block (9,11,0) root_id=864691136051108595

Blocks:  42%|████▏     | 722/1728 [04:50<04:15,  3.93it/s]Block (3,6,6) ok, attempt=1, duration=1.97s

Blocks:  42%|████▏     | 723/1728 [04:51<04:49,  3.47it/s]Block (7,3,3) root_id=864691136051108595
Block (5,2,9) ok, attempt=1, duration=2.66s

Blocks:  42%|████▏     | 724/1728 [04:51<05:31,  3.03it/s]Block (10,11,4) root_id=864691136051108595
Block (8,2,7) ok, attempt=1, duration=2.12s

Blocks:  42%|████▏     | 725/1728 [04:52<06:49,  2.45it/s]Block (4,10,0) root_id=864691136051108595
Block (9,11,0) ok, attempt=1, duration=1.61s
Block (8,10,11) ok, attempt=1, duration=2.40s

Blocks:  42%|████▏     | 726/1728 [04:52<05:34,  2.99it/s]Block (5,3,10) root_id=864691136051108595
Block (2,10,7) root_id=864691136051108595
Block (1,9,0) ok, attempt=1, duration=2.96s

Blocks:  42%|████▏     | 728/1728 [04:52<03:28,  4.79it/s]Block (1,10,1) root_id=864691136051108595
Block (3,9,11) ok, attempt=1, duration=2.16s

Blocks:  42%|████▏     | 729/1728 [04:52<03:26,  4.85it/s]Block (6,6,2) root_id=864691136051108595
Block (11,8,5) ok, attempt=1, duration=2.72s

Blocks:  42%|████▏     | 730/1728 [04:52<03:12,  5.19it/s]Block (8,3,8) root_id=864691136051108595
Block (7,3,3) ok, attempt=1, duration=2.36s
Block (11,1,2) root_id=864691136051108595

Blocks:  42%|████▏     | 731/1728 [04:53<05:27,  3.05it/s]Block (10,11,4) ok, attempt=1, duration=1.99s
Block (3,2,8) root_id=864691136051108595
Block (4,10,0) ok, attempt=1, duration=2.37s
Block (0,9,5) root_id=864691136051108595

Blocks:  42%|████▏     | 733/1728 [04:54<06:56,  2.39it/s]Block (1,10,1) ok, attempt=1, duration=2.37s

Blocks:  42%|████▏     | 734/1728 [04:55<06:21,  2.60it/s]Block (5,3,10) ok, attempt=1, duration=2.52s
Block (11,4,7) root_id=864691136051108595
Block (4,11,1) root_id=864691136051108595
Block (2,10,7) ok, attempt=1, duration=2.59s
Block (9,7,2) root_id=864691136051108595
Block (6,6,2) ok, attempt=1, duration=2.67s

Blocks:  43%|████▎     | 737/1728 [04:55<04:26,  3.71it/s]Block (0,8,9) root_id=864691136051108595
Block (8,3,8) ok, attempt=1, duration=2.69s

Blocks:  43%|████▎     | 738/1728 [04:55<04:09,  3.98it/s]Block (7,7,9) root_id=864691136051108595
Block (11,1,2) ok, attempt=1, duration=2.63s

Blocks:  43%|████▎     | 739/1728 [04:56<05:32,  2.97it/s]Block (5,10,9) root_id=864691136051108595
Block (3,2,8) ok, attempt=1, duration=2.68s
Block (8,6,0) root_id=864691136051108595

Blocks:  43%|████▎     | 740/1728 [04:56<04:44,  3.48it/s]Block (4,11,1) ok, attempt=1, duration=1.81s

Blocks:  43%|████▎     | 741/1728 [04:56<05:13,  3.14it/s]Block (11,5,8) root_id=864691136051108595
Block (0,9,5) ok, attempt=1, duration=2.62s

Blocks:  43%|████▎     | 742/1728 [04:57<06:07,  2.68it/s]Block (3,5,0) root_id=864691136051108595
Block (11,4,7) ok, attempt=1, duration=2.75s

Blocks:  43%|████▎     | 743/1728 [04:57<06:11,  2.65it/s]Block (8,9,5) root_id=864691136051108595
Block (9,7,2) ok, attempt=1, duration=2.72s
Block (10,4,0) root_id=864691136051108595
Block (0,8,9) ok, attempt=1, duration=2.64s

Blocks:  43%|████▎     | 745/1728 [04:58<04:48,  3.40it/s]Block (1,5,7) root_id=864691136051108595
Block (7,7,9) ok, attempt=1, duration=2.69s

Blocks:  43%|████▎     | 746/1728 [04:58<04:31,  3.62it/s]Block (6,1,8) root_id=864691136051108595
Block (5,10,9) ok, attempt=1, duration=2.47s
Block (10,3,4) root_id=864691136051108595

Blocks:  43%|████▎     | 747/1728 [04:58<05:08,  3.18it/s]Block (11,5,8) ok, attempt=1, duration=2.51s

Blocks:  43%|████▎     | 748/1728 [04:59<06:16,  2.60it/s]Block (5,2,4) root_id=864691136051108595
Block (8,6,0) ok, attempt=1, duration=3.05s

Blocks:  43%|████▎     | 749/1728 [04:59<05:05,  3.21it/s]Block (10,7,11) root_id=864691136051108595
Block (3,5,0) ok, attempt=1, duration=2.59s

Blocks:  43%|████▎     | 750/1728 [04:59<05:51,  2.78it/s]Block (4,6,7) root_id=864691136051108595
Block (1,5,7) ok, attempt=1, duration=2.28s

Blocks:  43%|████▎     | 751/1728 [05:00<06:16,  2.60it/s]Block (3,6,1) root_id=864691136051108595
Block (10,4,0) ok, attempt=1, duration=2.62s
Block (8,10,6) root_id=864691136051108595
Block (8,9,5) ok, attempt=1, duration=2.86s

Blocks:  44%|████▎     | 753/1728 [05:00<04:11,  3.87it/s]Block (8,2,2) root_id=864691136051108595
Block (10,3,4) ok, attempt=1, duration=2.28s
Block (11,8,0) root_id=864691136051108595

Blocks:  44%|████▎     | 754/1728 [05:01<04:56,  3.28it/s]Block (6,1,8) ok, attempt=1, duration=2.81s
Block (6,2,9) root_id=864691136051108595
Block (5,2,4) ok, attempt=1, duration=2.34s

Blocks:  44%|████▍     | 756/1728 [05:01<05:05,  3.18it/s]Block (3,9,6) root_id=864691136051108595
Block (10,7,11) ok, attempt=1, duration=2.54s

Blocks:  44%|████▍     | 757/1728 [05:02<05:02,  3.21it/s]Block (1,1,9) root_id=864691136051108595
Block (4,6,7) ok, attempt=1, duration=2.28s

Blocks:  44%|████▍     | 758/1728 [05:02<04:45,  3.40it/s]Block (5,3,5) root_id=864691136051108595
Block (3,6,1) ok, attempt=1, duration=2.17s
Block (2,10,2) root_id=864691136051108595

Blocks:  44%|████▍     | 759/1728 [05:02<04:53,  3.30it/s]Block (8,10,6) ok, attempt=1, duration=2.36s

Blocks:  44%|████▍     | 760/1728 [05:02<04:35,  3.52it/s]Block (9,3,9) root_id=864691136051108595
Block (8,2,2) ok, attempt=1, duration=2.57s

Blocks:  44%|████▍     | 761/1728 [05:03<04:57,  3.25it/s]Block (5,6,10) root_id=864691136051108595
Block (6,2,9) ok, attempt=1, duration=2.87s

Blocks:  44%|████▍     | 762/1728 [05:04<07:29,  2.15it/s]Block (4,2,9) root_id=864691136051108595
Block (3,9,6) ok, attempt=1, duration=2.38s
Block (11,4,2) root_id=864691136051108595
Block (11,8,0) ok, attempt=1, duration=3.12s
Block (10,0,7) root_id=864691136051108595

Blocks:  44%|████▍     | 764/1728 [05:04<04:34,  3.51it/s]Block (1,1,9) ok, attempt=1, duration=2.36s

Blocks:  44%|████▍     | 765/1728 [05:04<04:16,  3.75it/s]Block (0,8,4) root_id=864691136051108595
Block (5,3,5) ok, attempt=1, duration=2.24s

Blocks:  44%|████▍     | 766/1728 [05:04<03:40,  4.36it/s]Block (7,7,4) root_id=864691136051108595
Block (2,10,2) ok, attempt=1, duration=2.59s

Blocks:  44%|████▍     | 767/1728 [05:05<05:31,  2.90it/s]Block (5,10,4) root_id=864691136051108595
Block (9,3,9) ok, attempt=1, duration=2.49s
Block (10,6,5) root_id=864691136051108595

Blocks:  44%|████▍     | 768/1728 [05:05<04:38,  3.45it/s]Block (5,6,10) ok, attempt=1, duration=2.38s
Block (9,10,8) root_id=864691136051108595

Blocks:  45%|████▍     | 769/1728 [05:05<04:31,  3.54it/s]Block (7,7,4) ok, attempt=1, duration=1.99s
Block (9,2,4) root_id=864691136051108595

Blocks:  45%|████▍     | 770/1728 [05:06<07:26,  2.14it/s]Block (4,2,9) ok, attempt=1, duration=2.64s

Blocks:  45%|████▍     | 771/1728 [05:06<06:04,  2.63it/s]Block (1,5,2) root_id=864691136051108595
Block (11,4,2) ok, attempt=1, duration=2.71s

Blocks:  45%|████▍     | 772/1728 [05:06<04:51,  3.28it/s]Block (7,2,11) root_id=864691136051108595
Block (10,0,7) ok, attempt=1, duration=2.64s
Block (8,9,0) root_id=864691136051108595
Block (5,10,4) ok, attempt=1, duration=1.97s

Blocks:  45%|████▍     | 774/1728 [05:07<03:51,  4.12it/s]Block (6,9,7) root_id=864691136051108595
Block (0,8,4) ok, attempt=1, duration=2.89s

Blocks:  45%|████▍     | 775/1728 [05:07<03:31,  4.51it/s]Block (4,9,8) root_id=864691136051108595
Block (9,10,8) ok, attempt=1, duration=2.30s

Blocks:  45%|████▍     | 776/1728 [05:07<05:04,  3.13it/s]Block (6,1,3) root_id=864691136051108595
Block (10,6,5) ok, attempt=1, duration=2.68s

Blocks:  45%|████▍     | 777/1728 [05:07<04:07,  3.84it/s]Block (10,7,6) root_id=864691136051108595
Block (9,2,4) ok, attempt=1, duration=2.41s
Block (4,6,2) root_id=864691136051108595

Blocks:  45%|████▌     | 778/1728 [05:08<07:05,  2.23it/s]Block (1,5,2) ok, attempt=1, duration=2.35s

Blocks:  45%|████▌     | 779/1728 [05:09<05:31,  2.86it/s]Block (2,6,9) root_id=864691136051108595
Block (7,2,11) ok, attempt=1, duration=2.57s
Block (8,10,1) root_id=864691136051108595

Blocks:  45%|████▌     | 780/1728 [05:09<05:30,  2.87it/s]Block (8,9,0) ok, attempt=1, duration=2.82s

Blocks:  45%|████▌     | 781/1728 [05:09<05:11,  3.05it/s]Block (6,2,4) root_id=864691136051108595
Block (6,9,7) ok, attempt=1, duration=2.79s

Blocks:  45%|████▌     | 782/1728 [05:09<05:03,  3.12it/s]Block (3,9,1) root_id=864691136051108595
Block (4,9,8) ok, attempt=1, duration=2.84s

Blocks:  45%|████▌     | 783/1728 [05:10<04:18,  3.66it/s]Block (5,3,0) root_id=864691136051108595
Block (10,7,6) ok, attempt=1, duration=2.35s

Blocks:  45%|████▌     | 784/1728 [05:10<04:06,  3.84it/s]Block (11,0,9) root_id=864691136051108595
Block (6,1,3) ok, attempt=1, duration=2.65s

Blocks:  45%|████▌     | 785/1728 [05:10<03:42,  4.23it/s]Block (9,11,8) root_id=864691136051108595
Block (2,6,9) ok, attempt=1, duration=2.20s

Blocks:  45%|████▌     | 786/1728 [05:11<05:55,  2.65it/s]Block (9,3,4) root_id=864691136051108595
Block (4,6,2) ok, attempt=1, duration=2.48s

Blocks:  46%|████▌     | 787/1728 [05:11<04:58,  3.15it/s]Block (0,4,11) root_id=864691136051108595
Block (8,10,1) ok, attempt=1, duration=2.31s
Block (7,3,11) root_id=864691136051108595

Blocks:  46%|████▌     | 788/1728 [05:11<04:46,  3.28it/s]Block (6,2,4) ok, attempt=1, duration=2.19s
Block (5,6,5) root_id=864691136051108595

Blocks:  46%|████▌     | 789/1728 [05:11<04:06,  3.80it/s]Block (11,0,9) ok, attempt=1, duration=2.12s

Blocks:  46%|████▌     | 790/1728 [05:12<05:46,  2.71it/s]Block (4,10,8) root_id=864691136051108595
Block (3,9,1) ok, attempt=1, duration=2.66s
Block (4,2,4) root_id=864691136051108595

Blocks:  46%|████▌     | 791/1728 [05:12<04:46,  3.27it/s]Block (9,11,8) ok, attempt=1, duration=2.23s

Blocks:  46%|████▌     | 792/1728 [05:12<03:56,  3.95it/s]Block (2,2,11) root_id=864691136051108595
Block (5,3,0) ok, attempt=1, duration=2.81s
Block (7,6,4) root_id=864691136051108595

Blocks:  46%|████▌     | 793/1728 [05:12<03:35,  4.35it/s]Block (9,3,4) ok, attempt=1, duration=2.54s
Block (2,5,4) root_id=864691136051108595

Blocks:  46%|████▌     | 794/1728 [05:13<06:29,  2.40it/s]Block (0,4,11) ok, attempt=1, duration=2.75s

Blocks:  46%|████▌     | 795/1728 [05:14<06:16,  2.48it/s]Block (8,5,7) root_id=864691136051108595
Block (7,3,11) ok, attempt=1, duration=2.56s
Block (3,4,7) root_id=864691136051108595
Block (5,6,5) ok, attempt=1, duration=2.93s
Block (10,6,0) root_id=864691136051108595

Blocks:  46%|████▌     | 797/1728 [05:14<05:39,  2.74it/s]Block (2,2,11) ok, attempt=1, duration=2.14s
Block (9,10,3) root_id=864691136051108595

Blocks:  46%|████▌     | 798/1728 [05:14<04:49,  3.21it/s]Block (4,2,4) ok, attempt=1, duration=2.44s

Blocks:  46%|████▌     | 799/1728 [05:15<04:04,  3.80it/s]Block (7,10,10) root_id=864691136051108595
Block (4,10,8) ok, attempt=1, duration=2.98s
Block (6,9,2) root_id=864691136051108595

Blocks:  46%|████▋     | 800/1728 [05:15<04:35,  3.37it/s]Block (7,6,4) ok, attempt=1, duration=2.83s

Blocks:  46%|████▋     | 801/1728 [05:15<04:38,  3.33it/s]Block (7,2,6) root_id=864691136051108595
Block (2,5,4) ok, attempt=1, duration=2.46s

Blocks:  46%|████▋     | 802/1728 [05:16<05:24,  2.85it/s]Block (4,9,3) root_id=864691136051108595
Block (8,5,7) ok, attempt=1, duration=2.49s

Blocks:  46%|████▋     | 803/1728 [05:16<05:37,  2.74it/s]Block (8,6,8) root_id=864691136051108595
Block (3,4,7) ok, attempt=1, duration=2.59s
Block (2,9,10) root_id=864691136051108595

Blocks:  47%|████▋     | 804/1728 [05:16<04:51,  3.17it/s]Block (9,10,3) ok, attempt=1, duration=2.31s
Block (3,5,8) root_id=864691136051108595

Blocks:  47%|████▋     | 805/1728 [05:17<05:15,  2.93it/s]Block (7,10,10) ok, attempt=1, duration=2.65s

Blocks:  47%|████▋     | 806/1728 [05:17<05:49,  2.64it/s]Block (11,7,7) root_id=864691136051108595
Block (10,6,0) ok, attempt=1, duration=3.08s
Block (10,7,1) root_id=864691136051108595

Blocks:  47%|████▋     | 807/1728 [05:17<04:50,  3.17it/s]Block (6,9,2) ok, attempt=1, duration=2.49s
Block (2,6,4) root_id=864691136051108595
Block (7,2,6) ok, attempt=1, duration=2.37s

Blocks:  47%|████▋     | 809/1728 [05:18<03:31,  4.35it/s]Block (11,8,8) root_id=864691136051108595
Block (4,9,3) ok, attempt=1, duration=2.64s

Blocks:  47%|████▋     | 810/1728 [05:18<05:27,  2.80it/s]Block (11,0,4) root_id=864691136051108595
Block (8,6,8) ok, attempt=1, duration=2.48s
Block (3,8,0) root_id=864691136051108595

Blocks:  47%|████▋     | 811/1728 [05:19<05:01,  3.05it/s]Block (2,9,10) ok, attempt=1, duration=2.57s

Blocks:  47%|████▋     | 812/1728 [05:19<04:49,  3.17it/s]Block (1,8,7) root_id=864691136051108595
Block (3,5,8) ok, attempt=1, duration=2.40s
Block (6,4,8) root_id=864691136051108595

Blocks:  47%|████▋     | 813/1728 [05:19<04:34,  3.34it/s]Block (11,7,7) ok, attempt=1, duration=2.39s

Blocks:  47%|████▋     | 814/1728 [05:20<05:10,  2.94it/s]Block (5,6,0) root_id=864691136051108595
Block (2,6,4) ok, attempt=1, duration=2.48s

Blocks:  47%|████▋     | 815/1728 [05:20<05:02,  3.01it/s]Block (0,4,6) root_id=864691136051108595
Block (10,7,1) ok, attempt=1, duration=2.65s

Blocks:  47%|████▋     | 816/1728 [05:20<04:01,  3.78it/s]Block (3,11,5) root_id=864691136051108595
Block (11,8,8) ok, attempt=1, duration=2.46s
Block (0,7,11) root_id=864691136051108595
Block (11,0,4) ok, attempt=1, duration=2.66s
Block (10,10,11) root_id=864691136051108595

Blocks:  47%|████▋     | 818/1728 [05:21<05:53,  2.57it/s]Block (1,8,7) ok, attempt=1, duration=2.22s
Block (10,2,7) root_id=864691136051108595
Block (3,8,0) ok, attempt=1, duration=2.68s

Blocks:  47%|████▋     | 820/1728 [05:21<04:10,  3.62it/s]Block (7,9,4) root_id=864691136051108595
Block (6,4,8) ok, attempt=1, duration=2.40s
Block (2,1,10) root_id=864691136051108595

Blocks:  48%|████▊     | 821/1728 [05:22<04:08,  3.65it/s]Block (3,11,5) ok, attempt=1, duration=2.28s
Block (5,9,11) root_id=864691136051108595

Blocks:  48%|████▊     | 822/1728 [05:22<05:57,  2.53it/s]Block (5,6,0) ok, attempt=1, duration=2.89s
Block (8,5,2) root_id=864691136051108595

Blocks:  48%|████▊     | 823/1728 [05:22<04:59,  3.02it/s]Block (0,7,11) ok, attempt=1, duration=2.58s
Block (9,6,10) root_id=864691136051108595

Blocks:  48%|████▊     | 824/1728 [05:23<04:32,  3.32it/s]Block (0,4,6) ok, attempt=1, duration=3.21s

Blocks:  48%|████▊     | 825/1728 [05:23<05:02,  2.99it/s]Block (6,5,9) root_id=864691136051108595
Block (10,10,11) ok, attempt=1, duration=2.14s
Block (11,11,0) root_id=864691136051108595
Block (10,2,7) ok, attempt=1, duration=2.81s

Blocks:  48%|████▊     | 827/1728 [05:24<05:29,  2.73it/s]Block (4,5,10) root_id=864691136051108595
Block (7,9,4) ok, attempt=1, duration=2.77s

Blocks:  48%|████▊     | 828/1728 [05:24<04:39,  3.22it/s]Block (3,4,2) root_id=864691136051108595
Block (2,1,10) ok, attempt=1, duration=2.63s

Blocks:  48%|████▊     | 829/1728 [05:24<03:55,  3.82it/s]Block (1,4,9) root_id=864691136051108595
Block (5,9,11) ok, attempt=1, duration=2.21s
Block (0,0,8) root_id=864691136051108595

Blocks:  48%|████▊     | 830/1728 [05:25<04:17,  3.49it/s]Block (11,11,0) attempt 1 ERROR: EmptyVolumeException: Bbox([20992, 17152, 8128],[21056, 17216, 8192], dtype=np.int32, unit='vx'), duration=1.24s
Traceback (most recent call last):
  File "/cis/home/rwang183/my_documents/BDD/SpineDetect-shengwen-branch/SpineDetect/tpm_simulator/sample_random_volume/sample_random_volume.py", line 201, in run
    _do_block_download(args)
  File "/cis/home/rwang183/my_documents/BDD/SpineDetect-shengwen-branch/SpineDetect/tpm_simulator/sample_random_volume/sample_random_volume.py", line 161, in _do_block_download
    seg_data = np.array(seg_cv.download(bbox_vox, timestamp=timestamp)).squeeze()
  File "/cis/home/rwang183/my_documents/BDD/SpineDetect-shengwen-branch/SpineDetect/tpm_simulator/microns_env/lib/python3.10/site-packages/cloudvolume/frontends/precomputed.py", line 839, in download
    tup = self.image.download(
  File "/cis/home/rwang183/my_documents/BDD/SpineDetect-shengwen-branch/SpineDetect/tpm_simulator/microns_env/lib/python3.10/site-packages/cloudvolume/datasource/precomputed/image/__init__.py", line 216, in download
    return rx.download_sharded(
  File "/cis/home/rwang183/my_documents/BDD/SpineDetect-shengwen-branch/SpineDetect/tpm_simulator/microns_env/lib/python3.10/site-packages/cloudvolume/datasource/precomputed/image/rx.py", line 108, in download_sharded
    img3d = decode_fn(
  File "/cis/home/rwang183/my_documents/BDD/SpineDetect-shengwen-branch/SpineDetect/tpm_simulator/microns_env/lib/python3.10/site-packages/cloudvolume/datasource/precomputed/image/rx.py", line 727, in decode
    return _decode_helper(
  File "/cis/home/rwang183/my_documents/BDD/SpineDetect-shengwen-branch/SpineDetect/tpm_simulator/microns_env/lib/python3.10/site-packages/cloudvolume/datasource/precomputed/image/rx.py", line 849, in _decode_helper
    raise EmptyVolumeException(input_bbox)
cloudvolume.exceptions.EmptyVolumeException: Bbox([20992, 17152, 8128],[21056, 17216, 8192], dtype=np.int32, unit='vx')
Block (11,11,0) failed (attempt 1/3): EmptyVolumeException: Bbox([20992, 17152, 8128],[21056, 17216, 8192], dtype=np.int32, unit='vx')
[TRACEBACK] Traceback (most recent call last):
  File "/cis/home/rwang183/my_documents/BDD/SpineDetect-shengwen-branch/SpineDetect/tpm_simulator/sample_random_volume/sample_random_volume.py", line 201, in run
    _do_block_download(args)
  File "/cis/home/rwang183/my_documents/BDD/SpineDetect-shengwen-branch/SpineDetect/tpm_simulator/sample_random_volume/sample_random_volume.py", line 161, in _do_block_download
    seg_data = np.array(seg_cv.download(bbox_vox, timestamp=timestamp)).squeeze()
  File "/cis/home/rwang183/my_documents/BDD/SpineDetect-shengwen-branch/SpineDetect/tpm_simulator/microns_env/lib/python3.10/site-packages/cloudvolume/frontends/precomputed.py", line 839, in download
    tup = self.image.download(
  File "/cis/home/rwang183/my_documents/BDD/SpineDetect-shengwen-branch/SpineDetect/tpm_simulator/microns_env/lib/python3.10/site-packages/cloudvolume/datasource/precomputed/image/__init__.py", line 216, in download
    return rx.download_sharded(
  File "/cis/home/rwang183/my_documents/BDD/SpineDetect-shengwen-branch/SpineDetect/tpm_simulator/microns_env/lib/python3.10/site-packages/cloudvolume/datasource/precomputed/image/rx.py", line 108, in download_sharded
    img3d = decode_fn(
  File "/cis/home/rwang183/my_documents/BDD/SpineDetect-shengwen-branch/SpineDetect/tpm_simulator/microns_env/lib/python3.10/site-packages/cloudvolume/datasource/precomputed/image/rx.py", line 727, in decode
    return _decode_helper(
  File "/cis/home/rwang183/my_documents/BDD/SpineDetect-shengwen-branch/SpineDetect/tpm_simulator/microns_env/lib/python3.10/site-packages/cloudvolume/datasource/precomputed/image/rx.py", line 849, in _decode_helper
    raise EmptyVolumeException(input_bbox)
cloudvolume.exceptions.EmptyVolumeException: Bbox([20992, 17152, 8128],[21056, 17216, 8192], dtype=np.int32, unit='vx')
Block (8,5,2) ok, attempt=1, duration=2.61s

Blocks:  48%|████▊     | 831/1728 [05:25<05:20,  2.80it/s]Block (7,10,5) root_id=864691136051108595
Block (9,6,10) ok, attempt=1, duration=2.51s

Blocks:  48%|████▊     | 832/1728 [05:25<04:15,  3.50it/s]Block (7,2,1) root_id=864691136051108595
Block (6,5,9) ok, attempt=1, duration=2.29s

Blocks:  48%|████▊     | 833/1728 [05:25<04:01,  3.70it/s]Block (8,6,3) root_id=864691136051108595
Block (11,11,0) attempt 2 ERROR: EmptyVolumeException: Bbox([20992, 17152, 8128],[21056, 17216, 8192], dtype=np.int32, unit='vx'), duration=2.53s
Traceback (most recent call last):
  File "/cis/home/rwang183/my_documents/BDD/SpineDetect-shengwen-branch/SpineDetect/tpm_simulator/sample_random_volume/sample_random_volume.py", line 201, in run
    _do_block_download(args)
  File "/cis/home/rwang183/my_documents/BDD/SpineDetect-shengwen-branch/SpineDetect/tpm_simulator/sample_random_volume/sample_random_volume.py", line 161, in _do_block_download
    seg_data = np.array(seg_cv.download(bbox_vox, timestamp=timestamp)).squeeze()
  File "/cis/home/rwang183/my_documents/BDD/SpineDetect-shengwen-branch/SpineDetect/tpm_simulator/microns_env/lib/python3.10/site-packages/cloudvolume/frontends/precomputed.py", line 839, in download
    tup = self.image.download(
  File "/cis/home/rwang183/my_documents/BDD/SpineDetect-shengwen-branch/SpineDetect/tpm_simulator/microns_env/lib/python3.10/site-packages/cloudvolume/datasource/precomputed/image/__init__.py", line 216, in download
    return rx.download_sharded(
  File "/cis/home/rwang183/my_documents/BDD/SpineDetect-shengwen-branch/SpineDetect/tpm_simulator/microns_env/lib/python3.10/site-packages/cloudvolume/datasource/precomputed/image/rx.py", line 108, in download_sharded
    img3d = decode_fn(
  File "/cis/home/rwang183/my_documents/BDD/SpineDetect-shengwen-branch/SpineDetect/tpm_simulator/microns_env/lib/python3.10/site-packages/cloudvolume/datasource/precomputed/image/rx.py", line 727, in decode
    return _decode_helper(
  File "/cis/home/rwang183/my_documents/BDD/SpineDetect-shengwen-branch/SpineDetect/tpm_simulator/microns_env/lib/python3.10/site-packages/cloudvolume/datasource/precomputed/image/rx.py", line 849, in _decode_helper
    raise EmptyVolumeException(input_bbox)
cloudvolume.exceptions.EmptyVolumeException: Bbox([20992, 17152, 8128],[21056, 17216, 8192], dtype=np.int32, unit='vx')
Block (11,11,0) failed (attempt 2/3): EmptyVolumeException: Bbox([20992, 17152, 8128],[21056, 17216, 8192], dtype=np.int32, unit='vx')
[TRACEBACK] Traceback (most recent call last):
  File "/cis/home/rwang183/my_documents/BDD/SpineDetect-shengwen-branch/SpineDetect/tpm_simulator/sample_random_volume/sample_random_volume.py", line 201, in run
    _do_block_download(args)
  File "/cis/home/rwang183/my_documents/BDD/SpineDetect-shengwen-branch/SpineDetect/tpm_simulator/sample_random_volume/sample_random_volume.py", line 161, in _do_block_download
    seg_data = np.array(seg_cv.download(bbox_vox, timestamp=timestamp)).squeeze()
  File "/cis/home/rwang183/my_documents/BDD/SpineDetect-shengwen-branch/SpineDetect/tpm_simulator/microns_env/lib/python3.10/site-packages/cloudvolume/frontends/precomputed.py", line 839, in download
    tup = self.image.download(
  File "/cis/home/rwang183/my_documents/BDD/SpineDetect-shengwen-branch/SpineDetect/tpm_simulator/microns_env/lib/python3.10/site-packages/cloudvolume/datasource/precomputed/image/__init__.py", line 216, in download
    return rx.download_sharded(
  File "/cis/home/rwang183/my_documents/BDD/SpineDetect-shengwen-branch/SpineDetect/tpm_simulator/microns_env/lib/python3.10/site-packages/cloudvolume/datasource/precomputed/image/rx.py", line 108, in download_sharded
    img3d = decode_fn(
  File "/cis/home/rwang183/my_documents/BDD/SpineDetect-shengwen-branch/SpineDetect/tpm_simulator/microns_env/lib/python3.10/site-packages/cloudvolume/datasource/precomputed/image/rx.py", line 727, in decode
    return _decode_helper(
  File "/cis/home/rwang183/my_documents/BDD/SpineDetect-shengwen-branch/SpineDetect/tpm_simulator/microns_env/lib/python3.10/site-packages/cloudvolume/datasource/precomputed/image/rx.py", line 849, in _decode_helper
    raise EmptyVolumeException(input_bbox)
cloudvolume.exceptions.EmptyVolumeException: Bbox([20992, 17152, 8128],[21056, 17216, 8192], dtype=np.int32, unit='vx')
Block (4,5,10) ok, attempt=1, duration=2.20s
Block (2,9,5) root_id=864691136051108595

Blocks:  48%|████▊     | 834/1728 [05:26<05:59,  2.49it/s]Block (1,4,9) ok, attempt=1, duration=2.47s

Blocks:  48%|████▊     | 835/1728 [05:27<06:30,  2.29it/s]Block (3,5,3) root_id=864691136051108595
Block (11,11,0) attempt 3 ERROR: EmptyVolumeException: Bbox([20992, 17152, 8128],[21056, 17216, 8192], dtype=np.int32, unit='vx'), duration=3.50s
Traceback (most recent call last):
  File "/cis/home/rwang183/my_documents/BDD/SpineDetect-shengwen-branch/SpineDetect/tpm_simulator/sample_random_volume/sample_random_volume.py", line 201, in run
    _do_block_download(args)
  File "/cis/home/rwang183/my_documents/BDD/SpineDetect-shengwen-branch/SpineDetect/tpm_simulator/sample_random_volume/sample_random_volume.py", line 161, in _do_block_download
    seg_data = np.array(seg_cv.download(bbox_vox, timestamp=timestamp)).squeeze()
  File "/cis/home/rwang183/my_documents/BDD/SpineDetect-shengwen-branch/SpineDetect/tpm_simulator/microns_env/lib/python3.10/site-packages/cloudvolume/frontends/precomputed.py", line 839, in download
    tup = self.image.download(
  File "/cis/home/rwang183/my_documents/BDD/SpineDetect-shengwen-branch/SpineDetect/tpm_simulator/microns_env/lib/python3.10/site-packages/cloudvolume/datasource/precomputed/image/__init__.py", line 216, in download
    return rx.download_sharded(
  File "/cis/home/rwang183/my_documents/BDD/SpineDetect-shengwen-branch/SpineDetect/tpm_simulator/microns_env/lib/python3.10/site-packages/cloudvolume/datasource/precomputed/image/rx.py", line 108, in download_sharded
    img3d = decode_fn(
  File "/cis/home/rwang183/my_documents/BDD/SpineDetect-shengwen-branch/SpineDetect/tpm_simulator/microns_env/lib/python3.10/site-packages/cloudvolume/datasource/precomputed/image/rx.py", line 727, in decode
    return _decode_helper(
  File "/cis/home/rwang183/my_documents/BDD/SpineDetect-shengwen-branch/SpineDetect/tpm_simulator/microns_env/lib/python3.10/site-packages/cloudvolume/datasource/precomputed/image/rx.py", line 849, in _decode_helper
    raise EmptyVolumeException(input_bbox)
cloudvolume.exceptions.EmptyVolumeException: Bbox([20992, 17152, 8128],[21056, 17216, 8192], dtype=np.int32, unit='vx')
Block (11,11,0) failed (attempt 3/3): EmptyVolumeException: Bbox([20992, 17152, 8128],[21056, 17216, 8192], dtype=np.int32, unit='vx')
[TRACEBACK] Traceback (most recent call last):
  File "/cis/home/rwang183/my_documents/BDD/SpineDetect-shengwen-branch/SpineDetect/tpm_simulator/sample_random_volume/sample_random_volume.py", line 201, in run
    _do_block_download(args)
  File "/cis/home/rwang183/my_documents/BDD/SpineDetect-shengwen-branch/SpineDetect/tpm_simulator/sample_random_volume/sample_random_volume.py", line 161, in _do_block_download
    seg_data = np.array(seg_cv.download(bbox_vox, timestamp=timestamp)).squeeze()
  File "/cis/home/rwang183/my_documents/BDD/SpineDetect-shengwen-branch/SpineDetect/tpm_simulator/microns_env/lib/python3.10/site-packages/cloudvolume/frontends/precomputed.py", line 839, in download
    tup = self.image.download(
  File "/cis/home/rwang183/my_documents/BDD/SpineDetect-shengwen-branch/SpineDetect/tpm_simulator/microns_env/lib/python3.10/site-packages/cloudvolume/datasource/precomputed/image/__init__.py", line 216, in download
    return rx.download_sharded(
  File "/cis/home/rwang183/my_documents/BDD/SpineDetect-shengwen-branch/SpineDetect/tpm_simulator/microns_env/lib/python3.10/site-packages/cloudvolume/datasource/precomputed/image/rx.py", line 108, in download_sharded
    img3d = decode_fn(
  File "/cis/home/rwang183/my_documents/BDD/SpineDetect-shengwen-branch/SpineDetect/tpm_simulator/microns_env/lib/python3.10/site-packages/cloudvolume/datasource/precomputed/image/rx.py", line 727, in decode
    return _decode_helper(
  File "/cis/home/rwang183/my_documents/BDD/SpineDetect-shengwen-branch/SpineDetect/tpm_simulator/microns_env/lib/python3.10/site-packages/cloudvolume/datasource/precomputed/image/rx.py", line 849, in _decode_helper
    raise EmptyVolumeException(input_bbox)
cloudvolume.exceptions.EmptyVolumeException: Bbox([20992, 17152, 8128],[21056, 17216, 8192], dtype=np.int32, unit='vx')
Block (11,11,0) FAILED after 3 attempts
NoneType: None
Block (11,11,0) failed after 3 attempts
[LAST_ERROR] EmptyVolumeException: Bbox([20992, 17152, 8128],[21056, 17216, 8192], dtype=np.int32, unit='vx')
Traceback (most recent call last):
  File "/cis/home/rwang183/my_documents/BDD/SpineDetect-shengwen-branch/SpineDetect/tpm_simulator/sample_random_volume/sample_random_volume.py", line 201, in run
    _do_block_download(args)
  File "/cis/home/rwang183/my_documents/BDD/SpineDetect-shengwen-branch/SpineDetect/tpm_simulator/sample_random_volume/sample_random_volume.py", line 161, in _do_block_download
    seg_data = np.array(seg_cv.download(bbox_vox, timestamp=timestamp)).squeeze()
  File "/cis/home/rwang183/my_documents/BDD/SpineDetect-shengwen-branch/SpineDetect/tpm_simulator/microns_env/lib/python3.10/site-packages/cloudvolume/frontends/precomputed.py", line 839, in download
    tup = self.image.download(
  File "/cis/home/rwang183/my_documents/BDD/SpineDetect-shengwen-branch/SpineDetect/tpm_simulator/microns_env/lib/python3.10/site-packages/cloudvolume/datasource/precomputed/image/__init__.py", line 216, in download
    return rx.download_sharded(
  File "/cis/home/rwang183/my_documents/BDD/SpineDetect-shengwen-branch/SpineDetect/tpm_simulator/microns_env/lib/python3.10/site-packages/cloudvolume/datasource/precomputed/image/rx.py", line 108, in download_sharded
    img3d = decode_fn(
  File "/cis/home/rwang183/my_documents/BDD/SpineDetect-shengwen-branch/SpineDetect/tpm_simulator/microns_env/lib/python3.10/site-packages/cloudvolume/datasource/precomputed/image/rx.py", line 727, in decode
    return _decode_helper(
  File "/cis/home/rwang183/my_documents/BDD/SpineDetect-shengwen-branch/SpineDetect/tpm_simulator/microns_env/lib/python3.10/site-packages/cloudvolume/datasource/precomputed/image/rx.py", line 849, in _decode_helper
    raise EmptyVolumeException(input_bbox)
cloudvolume.exceptions.EmptyVolumeException: Bbox([20992, 17152, 8128],[21056, 17216, 8192], dtype=np.int32, unit='vx')
Block (8,9,8) root_id=864691136051108595
Block (3,4,2) ok, attempt=1, duration=2.89s

Blocks:  48%|████▊     | 837/1728 [05:27<04:34,  3.25it/s]Block (11,7,2) root_id=864691136051108595
Block (0,0,8) ok, attempt=1, duration=2.78s
Block (6,1,11) root_id=864691136051108595

Blocks:  48%|████▊     | 838/1728 [05:27<04:48,  3.08it/s]Block (7,10,5) ok, attempt=1, duration=2.53s
Block (10,3,7) root_id=864691136051108595

Blocks:  49%|████▊     | 839/1728 [05:28<04:38,  3.20it/s]Block (7,2,1) ok, attempt=1, duration=2.73s

Blocks:  49%|████▊     | 840/1728 [05:28<04:35,  3.22it/s]Block (0,11,4) root_id=864691136051108595
Block (8,6,3) ok, attempt=1, duration=2.58s
Block (5,2,7) root_id=864691136051108595
Block (2,9,5) ok, attempt=1, duration=2.64s
Block (3,5,3) ok, attempt=1, duration=2.11s

Blocks:  49%|████▊     | 842/1728 [05:29<05:19,  2.77it/s]Block (11,8,3) root_id=864691136051108595
Block (1,8,2) root_id=864691136051108595
Block (11,7,2) ok, attempt=1, duration=2.72s

Blocks:  49%|████▉     | 844/1728 [05:30<05:56,  2.48it/s]Block (7,5,11) root_id=864691136051108595
Block (6,1,11) ok, attempt=1, duration=2.42s
Block (8,1,9) root_id=864691136051108595
Block (10,3,7) ok, attempt=1, duration=2.28s
Block (0,4,1) root_id=864691136051108595

Blocks:  49%|████▉     | 846/1728 [05:30<04:18,  3.42it/s]Block (8,9,8) ok, attempt=1, duration=3.27s
Block (3,11,0) root_id=864691136051108595
Block (5,2,7) ok, attempt=1, duration=2.28s

Blocks:  49%|████▉     | 848/1728 [05:30<03:46,  3.88it/s]Block (6,4,3) root_id=864691136051108595
Block (0,11,4) ok, attempt=1, duration=2.51s

Blocks:  49%|████▉     | 849/1728 [05:30<03:31,  4.15it/s]Block (1,11,7) root_id=864691136051108595
Block (11,8,3) ok, attempt=1, duration=2.67s

Blocks:  49%|████▉     | 850/1728 [05:31<05:54,  2.48it/s]Block (2,4,11) root_id=864691136051108595
Block (1,8,2) ok, attempt=1, duration=2.74s
Block (3,0,9) root_id=864691136051108595
Block (3,11,0) ok, attempt=1, duration=1.67s

Blocks:  49%|████▉     | 852/1728 [05:32<04:12,  3.47it/s]Block (0,7,6) root_id=864691136051108595
Block (7,5,11) ok, attempt=1, duration=2.69s

Blocks:  49%|████▉     | 853/1728 [05:32<05:42,  2.55it/s]Block (10,10,6) root_id=864691136051108595
Block (0,4,1) ok, attempt=1, duration=2.75s

Blocks:  49%|████▉     | 854/1728 [05:33<05:09,  2.83it/s]Block (10,2,2) root_id=864691136051108595
Block (8,1,9) ok, attempt=1, duration=2.99s

Blocks:  49%|████▉     | 855/1728 [05:33<04:21,  3.34it/s]Block (9,6,5) root_id=864691136051108595
Block (1,11,7) ok, attempt=1, duration=2.36s
Block (5,9,6) root_id=864691136051108595
Block (6,4,3) ok, attempt=1, duration=2.81s
Block (6,5,4) root_id=864691136051108595

Blocks:  50%|████▉     | 857/1728 [05:33<03:28,  4.18it/s]Block (0,7,6) ok, attempt=1, duration=2.03s
Block (4,5,5) root_id=864691136051108595

Blocks:  50%|████▉     | 858/1728 [05:34<04:43,  3.06it/s]Block (3,0,9) ok, attempt=1, duration=2.56s

Blocks:  50%|████▉     | 859/1728 [05:34<04:53,  2.96it/s]Block (9,9,10) root_id=864691136051108595
Block (2,4,11) ok, attempt=1, duration=3.01s

Blocks:  50%|████▉     | 860/1728 [05:34<05:01,  2.88it/s]Block (1,4,4) root_id=864691136051108595
Block (10,10,6) ok, attempt=1, duration=2.17s
Block (3,1,10) root_id=864691136051108595

Blocks:  50%|████▉     | 861/1728 [05:35<04:10,  3.46it/s]Block (10,2,2) ok, attempt=1, duration=2.53s

Blocks:  50%|████▉     | 862/1728 [05:35<05:22,  2.69it/s]Block (0,8,7) root_id=864691136051108595
Block (9,6,5) ok, attempt=1, duration=2.53s

Blocks:  50%|████▉     | 863/1728 [05:35<04:24,  3.27it/s]Block (11,3,9) root_id=864691136051108595
Block (5,9,6) ok, attempt=1, duration=2.65s

Blocks:  50%|█████     | 864/1728 [05:35<03:43,  3.86it/s]Block (7,10,0) root_id=864691136051108595
Block (6,5,4) ok, attempt=1, duration=2.52s
Block (5,10,7) root_id=864691136051108595

Blocks:  50%|█████     | 865/1728 [05:36<03:15,  4.41it/s]Block (9,9,10) ok, attempt=1, duration=2.35s
Block (10,6,8) root_id=864691136051108595

Blocks:  50%|█████     | 866/1728 [05:36<05:55,  2.42it/s]Block (4,5,5) ok, attempt=1, duration=2.81s
Block (2,9,0) root_id=864691136051108595
Block (3,1,10) ok, attempt=1, duration=2.40s

Blocks:  50%|█████     | 868/1728 [05:37<04:54,  2.92it/s]Block (9,10,11) root_id=864691136051108595
Block (1,4,4) ok, attempt=1, duration=2.91s
Block (9,2,7) root_id=864691136051108595

Blocks:  50%|█████     | 869/1728 [05:37<05:02,  2.84it/s]Block (0,8,7) ok, attempt=1, duration=2.67s

Blocks:  50%|█████     | 870/1728 [05:38<05:31,  2.59it/s]Block (8,9,3) root_id=864691136051108595
Block (7,10,0) ok, attempt=1, duration=2.46s
Block (4,9,11) root_id=864691136051108595
Block (5,10,7) ok, attempt=1, duration=2.44s

Blocks:  50%|█████     | 872/1728 [05:38<03:44,  3.81it/s]Block (10,3,2) root_id=864691136051108595
Block (11,3,9) ok, attempt=1, duration=2.82s
Block (8,8,7) root_id=864691136051108595

Blocks:  51%|█████     | 873/1728 [05:38<03:18,  4.30it/s]Block (10,6,8) ok, attempt=1, duration=2.54s
Block (6,0,10) root_id=864691136051108595

Blocks:  51%|█████     | 874/1728 [05:39<05:22,  2.65it/s]Block (9,10,11) ok, attempt=1, duration=2.23s
Block (5,2,2) root_id=864691136051108595

Blocks:  51%|█████     | 875/1728 [05:39<04:55,  2.89it/s]Block (2,9,0) ok, attempt=1, duration=2.74s
Block (3,7,7) root_id=864691136051108595
Block (9,2,7) ok, attempt=1, duration=2.33s

Blocks:  51%|█████     | 877/1728 [05:40<04:11,  3.38it/s]Block (7,5,6) root_id=864691136051108595
Block (8,9,3) ok, attempt=1, duration=2.41s
Block (8,1,4) root_id=864691136051108595

Blocks:  51%|█████     | 878/1728 [05:40<05:05,  2.79it/s]Block (10,3,2) ok, attempt=1, duration=2.28s
Block (2,4,6) root_id=864691136051108595
Block (4,9,11) ok, attempt=1, duration=2.50s

Blocks:  51%|█████     | 880/1728 [05:40<03:27,  4.08it/s]Block (3,8,8) root_id=864691136051108595
Block (8,8,7) ok, attempt=1, duration=2.58s

Blocks:  51%|█████     | 881/1728 [05:41<03:39,  3.86it/s]Block (1,11,2) root_id=864691136051108595
Block (5,2,2) ok, attempt=1, duration=2.38s

Blocks:  51%|█████     | 882/1728 [05:42<05:43,  2.46it/s]Block (8,4,9) root_id=864691136051108595
Block (6,0,10) ok, attempt=1, duration=2.71s
Block (1,0,11) root_id=864691136051108595
Block (3,7,7) ok, attempt=1, duration=2.57s

Blocks:  51%|█████     | 884/1728 [05:42<04:02,  3.48it/s]Block (0,7,1) root_id=864691136051108595
Block (7,5,6) ok, attempt=1, duration=2.30s

Blocks:  51%|█████     | 885/1728 [05:42<03:41,  3.80it/s]Block (10,10,1) root_id=864691136051108595
Block (1,11,2) ok, attempt=1, duration=1.91s

Blocks:  51%|█████▏    | 886/1728 [05:43<04:58,  2.82it/s]Block (9,6,0) root_id=864691136051108595
Block (8,1,4) ok, attempt=1, duration=2.48s

Blocks:  51%|█████▏    | 887/1728 [05:43<04:03,  3.46it/s]Block (5,9,1) root_id=864691136051108595
Block (2,4,6) ok, attempt=1, duration=2.63s

Blocks:  51%|█████▏    | 888/1728 [05:43<03:45,  3.72it/s]Block (7,6,7) root_id=864691136051108595
Block (3,8,8) ok, attempt=1, duration=2.81s

Blocks:  51%|█████▏    | 889/1728 [05:43<03:47,  3.68it/s]Block (4,5,0) root_id=864691136051108595
Block (8,4,9) ok, attempt=1, duration=2.24s

Blocks:  52%|█████▏    | 890/1728 [05:44<05:05,  2.75it/s]Block (9,9,5) root_id=864691136051108595
Block (1,0,11) ok, attempt=1, duration=2.21s
Block (2,5,7) root_id=864691136051108595
Block (0,7,1) ok, attempt=1, duration=2.34s
Block (11,11,8) root_id=864691136051108595

Blocks:  52%|█████▏    | 892/1728 [05:44<03:50,  3.62it/s]Block (10,10,1) ok, attempt=1, duration=2.31s
Block (8,5,10) root_id=864691136051108595

Blocks:  52%|█████▏    | 893/1728 [05:44<03:26,  4.05it/s]Block (5,9,1) ok, attempt=1, duration=2.31s

Blocks:  52%|█████▏    | 894/1728 [05:45<05:16,  2.63it/s]Block (11,3,4) root_id=864691136051108595
Block (9,6,0) ok, attempt=1, duration=2.63s

Blocks:  52%|█████▏    | 895/1728 [05:45<04:33,  3.04it/s]Block (10,6,3) root_id=864691136051108595
Block (7,6,7) ok, attempt=1, duration=2.44s
Block (8,11,8) root_id=864691136051108595

Blocks:  52%|█████▏    | 896/1728 [05:45<03:49,  3.62it/s]Block (4,5,0) ok, attempt=1, duration=2.40s
Block (0,10,11) root_id=864691136051108595

Blocks:  52%|█████▏    | 897/1728 [05:46<03:49,  3.63it/s]Block (11,11,8) ok, attempt=1, duration=1.73s

Blocks:  52%|█████▏    | 898/1728 [05:46<03:33,  3.88it/s]Block (9,2,2) root_id=864691136051108595
Block (2,5,7) ok, attempt=1, duration=2.50s

Blocks:  52%|█████▏    | 899/1728 [05:46<04:39,  2.97it/s]Block (5,1,2) root_id=864691136051108595
Block (9,9,5) ok, attempt=1, duration=2.61s
Block (8,8,2) root_id=864691136051108595
Block (8,5,10) ok, attempt=1, duration=2.24s
Block (5,4,7) root_id=864691136051108595

Blocks:  52%|█████▏    | 901/1728 [05:47<02:57,  4.67it/s]Block (11,3,4) ok, attempt=1, duration=2.35s
Block (6,8,9) root_id=864691136051108595

Blocks:  52%|█████▏    | 902/1728 [05:47<05:08,  2.68it/s]Block (8,11,8) ok, attempt=1, duration=2.08s
Block (4,8,10) root_id=864691136051108595
Block (10,6,3) ok, attempt=1, duration=2.30s
Block (6,0,5) root_id=864691136051108595

Blocks:  52%|█████▏    | 904/1728 [05:48<03:26,  3.99it/s]Block (0,10,11) ok, attempt=1, duration=2.47s

Blocks:  52%|█████▏    | 905/1728 [05:48<04:20,  3.15it/s]Block (11,7,10) root_id=864691136051108595
Block (9,2,2) ok, attempt=1, duration=2.79s

Blocks:  52%|█████▏    | 906/1728 [05:49<05:13,  2.62it/s]Block (4,0,6) root_id=864691136051108595
Block (5,1,2) ok, attempt=1, duration=2.39s
Block (3,7,2) root_id=864691136051108595
Block (8,8,2) ok, attempt=1, duration=2.40s

Blocks:  53%|█████▎    | 908/1728 [05:49<03:37,  3.78it/s]Block (1,7,9) root_id=864691136051108595
Block (5,4,7) ok, attempt=1, duration=2.39s
Block (11,10,3) root_id=864691136051108595
Block (4,8,10) ok, attempt=1, duration=2.45s
Block (6,8,9) ok, attempt=1, duration=2.55s

Blocks:  53%|█████▎    | 910/1728 [05:50<04:59,  2.74it/s]Block (0,3,8) root_id=864691136051108595
Block (7,5,1) root_id=864691136051108595
Block (6,0,5) ok, attempt=1, duration=2.54s
Block (5,5,8) root_id=864691136051108595

Blocks:  53%|█████▎    | 912/1728 [05:50<03:35,  3.78it/s]Block (3,7,2) ok, attempt=1, duration=1.97s

Blocks:  53%|█████▎    | 913/1728 [05:51<04:39,  2.92it/s]Block (4,1,7) root_id=864691136051108595
Block (11,7,10) ok, attempt=1, duration=2.86s

Blocks:  53%|█████▎    | 914/1728 [05:51<04:14,  3.20it/s]Block (2,4,1) root_id=864691136051108595
Block (1,7,9) ok, attempt=1, duration=2.67s

Blocks:  53%|█████▎    | 915/1728 [05:52<05:06,  2.65it/s]Block (3,8,3) root_id=864691136051108595
Block (11,10,3) ok, attempt=1, duration=2.71s
Block (4,0,6) ok, attempt=1, duration=2.97s

Blocks:  53%|█████▎    | 916/1728 [05:52<04:10,  3.24it/s]Block (8,4,4) root_id=864691136051108595
Block (6,4,11) root_id=864691136051108595
Block (0,3,8) ok, attempt=1, duration=2.29s

Blocks:  53%|█████▎    | 918/1728 [05:52<04:01,  3.35it/s]Block (3,11,8) root_id=864691136051108595
Block (5,5,8) ok, attempt=1, duration=2.30s

Blocks:  53%|█████▎    | 919/1728 [05:52<03:38,  3.71it/s]Block (7,6,2) root_id=864691136051108595
Block (7,5,1) ok, attempt=1, duration=2.56s

Blocks:  53%|█████▎    | 920/1728 [05:53<03:07,  4.32it/s]Block (9,9,0) root_id=864691136051108595
Block (4,1,7) ok, attempt=1, duration=2.68s

Blocks:  53%|█████▎    | 921/1728 [05:53<05:34,  2.42it/s]Block (10,2,10) root_id=864691136051108595
Block (2,4,1) ok, attempt=1, duration=2.54s
Block (7,9,7) root_id=864691136051108595
Block (3,8,3) ok, attempt=1, duration=2.58s

Blocks:  53%|█████▎    | 923/1728 [05:54<05:08,  2.61it/s]Block (2,5,2) root_id=864691136051108595
Block (6,4,11) ok, attempt=1, duration=2.54s
Block (11,11,3) root_id=864691136051108595
Block (8,4,4) ok, attempt=1, duration=2.63s

Blocks:  54%|█████▎    | 925/1728 [05:54<03:35,  3.73it/s]Block (8,11,3) root_id=864691136051108595
Block (3,11,8) ok, attempt=1, duration=2.77s

Blocks:  54%|█████▎    | 926/1728 [05:55<04:53,  2.73it/s]Block (3,3,9) root_id=864691136051108595
Block (7,6,2) ok, attempt=1, duration=2.73s

Blocks:  54%|█████▎    | 927/1728 [05:55<04:07,  3.23it/s]Block (6,11,10) root_id=864691136051108595
Block (9,9,0) ok, attempt=1, duration=2.79s

Blocks:  54%|█████▎    | 928/1728 [05:55<03:40,  3.64it/s]Block (0,10,6) root_id=864691136051108595
Block (10,2,10) ok, attempt=1, duration=2.51s
Block (11,6,10) root_id=864691136051108595

Blocks:  54%|█████▍    | 929/1728 [05:56<04:58,  2.67it/s]Block (11,11,3) ok, attempt=1, duration=1.89s
Block (10,5,2) root_id=864691136051108595

Blocks:  54%|█████▍    | 930/1728 [05:56<04:11,  3.17it/s]Block (8,11,3) ok, attempt=1, duration=2.10s
Block (9,1,1) root_id=864691136051108595

Blocks:  54%|█████▍    | 931/1728 [05:56<04:06,  3.23it/s]Block (7,9,7) ok, attempt=1, duration=2.99s
Block (7,1,8) root_id=864691136051108595
Block (2,5,2) ok, attempt=1, duration=2.56s
Block (5,4,2) root_id=864691136051108595

Blocks:  54%|█████▍    | 933/1728 [05:57<03:06,  4.27it/s]Block (6,11,10) ok, attempt=1, duration=2.23s

Blocks:  54%|█████▍    | 934/1728 [05:57<04:32,  2.91it/s]Block (6,8,4) root_id=864691136051108595
Block (3,3,9) ok, attempt=1, duration=2.62s
Block (4,8,5) root_id=864691136051108595

Blocks:  54%|█████▍    | 935/1728 [05:58<04:14,  3.11it/s]Block (10,5,2) ok, attempt=1, duration=1.97s
Block (6,0,0) root_id=864691136051108595

Blocks:  54%|█████▍    | 936/1728 [05:58<04:37,  2.86it/s]Block (11,6,10) ok, attempt=1, duration=2.36s

Blocks:  54%|█████▍    | 937/1728 [05:58<04:16,  3.08it/s]Block (4,0,1) root_id=864691136051108595
Block (0,10,6) ok, attempt=1, duration=3.19s

Blocks:  54%|█████▍    | 938/1728 [05:59<03:44,  3.51it/s]Block (1,7,4) root_id=864691136051108595
Block (7,1,8) ok, attempt=1, duration=2.52s
Block (2,0,8) root_id=864691136051108595

Blocks:  54%|█████▍    | 939/1728 [05:59<04:37,  2.84it/s]Block (9,1,1) ok, attempt=1, duration=2.84s

Blocks:  54%|█████▍    | 940/1728 [05:59<04:07,  3.19it/s]Block (0,11,7) root_id=864691136051108595
Block (5,4,2) ok, attempt=1, duration=2.67s

Blocks:  54%|█████▍    | 941/1728 [05:59<03:20,  3.93it/s]Block (8,0,11) root_id=864691136051108595
Block (4,8,5) ok, attempt=1, duration=2.32s
Block (5,5,3) root_id=864691136051108595

Blocks:  55%|█████▍    | 942/1728 [06:00<04:43,  2.77it/s]Block (6,8,4) ok, attempt=1, duration=3.05s

Blocks:  55%|█████▍    | 943/1728 [06:00<05:05,  2.57it/s]Block (10,9,8) root_id=864691136051108595
Block (4,0,1) ok, attempt=1, duration=2.38s
Block (4,1,2) root_id=864691136051108595

Blocks:  55%|█████▍    | 944/1728 [06:01<04:39,  2.80it/s]Block (6,0,0) ok, attempt=1, duration=2.83s
Block (9,5,7) root_id=864691136051108595

Blocks:  55%|█████▍    | 945/1728 [06:01<04:00,  3.25it/s]Block (1,7,4) ok, attempt=1, duration=2.54s

Blocks:  55%|█████▍    | 946/1728 [06:01<03:22,  3.86it/s]Block (6,4,6) root_id=864691136051108595
Block (0,11,7) ok, attempt=1, duration=2.48s
Block (3,11,3) root_id=864691136051108595

Blocks:  55%|█████▍    | 947/1728 [06:02<05:05,  2.56it/s]Block (2,0,8) ok, attempt=1, duration=2.79s
Block (11,2,11) root_id=864691136051108595
Block (8,0,11) ok, attempt=1, duration=2.76s

Blocks:  55%|█████▍    | 949/1728 [06:02<03:50,  3.39it/s]Block (10,2,5) root_id=864691136051108595
Block (5,5,3) ok, attempt=1, duration=2.26s

Blocks:  55%|█████▍    | 950/1728 [06:02<03:15,  3.99it/s]Block (8,7,10) root_id=864691136051108595
Block (4,1,2) ok, attempt=1, duration=2.07s

Blocks:  55%|█████▌    | 951/1728 [06:03<04:14,  3.05it/s]Block (7,9,2) root_id=864691136051108595
Block (9,5,7) ok, attempt=1, duration=2.11s

Blocks:  55%|█████▌    | 952/1728 [06:03<03:55,  3.30it/s]Block (10,1,9) root_id=864691136051108595
Block (10,9,8) ok, attempt=1, duration=3.05s

Blocks:  55%|█████▌    | 953/1728 [06:04<04:29,  2.87it/s]Block (7,8,6) root_id=864691136051108595
Block (6,4,6) ok, attempt=1, duration=2.64s

Blocks:  55%|█████▌    | 954/1728 [06:04<04:00,  3.22it/s]Block (5,0,9) root_id=864691136051108595
Block (3,11,3) ok, attempt=1, duration=2.01s
Block (2,7,6) root_id=864691136051108595
Block (10,2,5) ok, attempt=1, duration=2.54s
Block (7,11,11) root_id=864691136051108595

Blocks:  55%|█████▌    | 956/1728 [06:05<05:02,  2.55it/s]Block (8,7,10) ok, attempt=1, duration=2.64s

Blocks:  55%|█████▌    | 957/1728 [06:05<04:28,  2.87it/s]Block (6,11,5) root_id=864691136051108595
Block (11,2,11) ok, attempt=1, duration=3.21s
Block (1,3,11) root_id=864691136051108595

Blocks:  55%|█████▌    | 958/1728 [06:05<03:48,  3.37it/s]Block (7,9,2) ok, attempt=1, duration=2.62s
Block (0,10,1) root_id=864691136051108595

Blocks:  55%|█████▌    | 959/1728 [06:05<04:03,  3.16it/s]Block (5,0,9) ok, attempt=1, duration=2.28s

Blocks:  56%|█████▌    | 960/1728 [06:06<05:06,  2.51it/s]Block (11,6,5) root_id=864691136051108595
Block (10,1,9) ok, attempt=1, duration=3.02s
Block (11,9,10) root_id=864691136051108595
Block (7,8,6) ok, attempt=1, duration=2.76s
Block (7,1,3) root_id=864691136051108595

Blocks:  56%|█████▌    | 962/1728 [06:06<03:33,  3.58it/s]Block (2,7,6) ok, attempt=1, duration=2.59s
Block (4,8,0) root_id=864691136051108595
Block (6,11,5) ok, attempt=1, duration=1.97s

Blocks:  56%|█████▌    | 964/1728 [06:07<03:35,  3.54it/s]Block (5,1,10) root_id=864691136051108595
Block (7,11,11) ok, attempt=1, duration=2.32s

Blocks:  56%|█████▌    | 965/1728 [06:07<03:11,  3.98it/s]Block (2,8,7) root_id=864691136051108595
Block (1,3,11) ok, attempt=1, duration=2.70s
Block (7,4,8) root_id=864691136051108595

Blocks:  56%|█████▌    | 966/1728 [06:08<04:38,  2.73it/s]Block (0,10,1) ok, attempt=1, duration=2.68s
Block (0,11,2) root_id=864691136051108595

Blocks:  56%|█████▌    | 967/1728 [06:08<04:36,  2.76it/s]Block (11,6,5) ok, attempt=1, duration=2.17s
Block (8,8,10) root_id=864691136051108595

Blocks:  56%|█████▌    | 968/1728 [06:08<03:47,  3.34it/s]Block (11,9,10) ok, attempt=1, duration=2.50s
Block (8,0,6) root_id=864691136051108595

Blocks:  56%|█████▌    | 969/1728 [06:09<03:54,  3.23it/s]Block (7,1,3) ok, attempt=1, duration=2.66s

Blocks:  56%|█████▌    | 970/1728 [06:09<04:10,  3.03it/s]Block (3,7,10) root_id=864691136051108595
Block (5,1,10) ok, attempt=1, duration=2.29s
Block (11,10,11) root_id=864691136051108595

Blocks:  56%|█████▌    | 971/1728 [06:09<03:47,  3.32it/s]Block (2,8,7) ok, attempt=1, duration=2.46s

Blocks:  56%|█████▋    | 972/1728 [06:10<03:49,  3.29it/s]Block (10,9,3) root_id=864691136051108595
Block (4,8,0) ok, attempt=1, duration=3.27s

Blocks:  56%|█████▋    | 973/1728 [06:10<03:18,  3.80it/s]Block (1,10,10) root_id=864691136051108595
Block (7,4,8) ok, attempt=1, duration=2.33s

Blocks:  56%|█████▋    | 974/1728 [06:10<03:54,  3.21it/s]Block (9,5,2) root_id=864691136051108595
Block (0,11,2) ok, attempt=1, duration=2.06s
Block (7,5,9) root_id=864691136051108595
Block (8,8,10) ok, attempt=1, duration=2.41s

Blocks:  56%|█████▋    | 976/1728 [06:11<03:42,  3.37it/s]Block (2,4,9) root_id=864691136051108595
Block (11,10,11) ok, attempt=1, duration=2.29s

Blocks:  57%|█████▋    | 977/1728 [06:11<05:21,  2.34it/s]Block (8,0,6) ok, attempt=1, duration=2.92s
Block (4,11,10) root_id=864691136051108595
Block (11,2,6) root_id=864691136051108595
Block (3,7,10) ok, attempt=1, duration=2.59s
Block (8,7,5) root_id=864691136051108595
Block (1,10,10) ok, attempt=1, duration=2.18s

Blocks:  57%|█████▋    | 980/1728 [06:12<03:22,  3.69it/s]Block (0,6,8) root_id=864691136051108595
Block (10,9,3) ok, attempt=1, duration=2.83s

Blocks:  57%|█████▋    | 981/1728 [06:12<03:53,  3.20it/s]Block (10,1,4) root_id=864691136051108595
Block (9,5,2) ok, attempt=1, duration=2.38s

Blocks:  57%|█████▋    | 982/1728 [06:12<03:25,  3.63it/s]Block (7,8,1) root_id=864691136051108595
Block (7,5,9) ok, attempt=1, duration=2.39s

Blocks:  57%|█████▋    | 983/1728 [06:13<02:54,  4.28it/s]Block (5,8,8) root_id=864691136051108595
Block (2,4,9) ok, attempt=1, duration=2.43s

Blocks:  57%|█████▋    | 984/1728 [06:13<03:46,  3.29it/s]Block (5,0,4) root_id=864691136051108595
Block (8,7,5) ok, attempt=1, duration=2.21s

Blocks:  57%|█████▋    | 985/1728 [06:14<05:00,  2.48it/s]Block (10,4,9) root_id=864691136051108595
Block (4,11,10) ok, attempt=1, duration=2.57s

Blocks:  57%|█████▋    | 986/1728 [06:14<04:36,  2.68it/s]Block (4,4,7) root_id=864691136051108595
Block (11,2,6) ok, attempt=1, duration=2.64s
Block (7,11,6) root_id=864691136051108595
Block (0,6,8) ok, attempt=1, duration=2.36s

Blocks:  57%|█████▋    | 988/1728 [06:14<03:00,  4.09it/s]Block (2,7,1) root_id=864691136051108595
Block (10,1,4) ok, attempt=1, duration=2.54s

Blocks:  57%|█████▋    | 989/1728 [06:15<04:15,  2.89it/s]Block (7,8,1) ok, attempt=1, duration=2.42s
Block (6,11,0) root_id=864691136051108595
Block (9,0,8) root_id=864691136051108595
Block (5,8,8) ok, attempt=1, duration=2.39s
Block (11,6,0) root_id=864691136051108595
Block (5,0,4) ok, attempt=1, duration=2.53s
Block (8,11,11) root_id=864691136051108595

Blocks:  57%|█████▋    | 992/1728 [06:16<03:36,  3.40it/s]Block (7,11,6) ok, attempt=1, duration=1.97s

Blocks:  57%|█████▋    | 993/1728 [06:16<04:07,  2.97it/s]Block (11,9,5) root_id=864691136051108595
Block (10,4,9) ok, attempt=1, duration=2.70s

Blocks:  58%|█████▊    | 994/1728 [06:16<04:06,  2.98it/s]Block (0,2,10) root_id=864691136051108595
Block (6,11,0) ok, attempt=1, duration=1.59s
Block (5,1,5) root_id=864691136051108595
Block (4,4,7) ok, attempt=1, duration=2.62s

Blocks:  58%|█████▊    | 996/1728 [06:17<03:01,  4.04it/s]Block (10,5,10) root_id=864691136051108595
Block (2,7,1) ok, attempt=1, duration=2.77s
Block (2,8,2) root_id=864691136051108595

Blocks:  58%|█████▊    | 997/1728 [06:17<03:12,  3.80it/s]Block (9,0,8) ok, attempt=1, duration=2.63s
Block (7,4,3) root_id=864691136051108595

Blocks:  58%|█████▊    | 998/1728 [06:18<04:00,  3.03it/s]Block (11,6,0) ok, attempt=1, duration=2.68s

Blocks:  58%|█████▊    | 999/1728 [06:18<03:18,  3.67it/s]Block (8,8,5) root_id=864691136051108595
Block (8,11,11) ok, attempt=1, duration=2.09s
Block (5,4,10) root_id=864691136051108595
Block (5,1,5) ok, attempt=1, duration=2.16s
Block (8,0,1) root_id=864691136051108595

Blocks:  58%|█████▊    | 1001/1728 [06:19<04:28,  2.71it/s]Block (11,9,5) ok, attempt=1, duration=2.63s

Blocks:  58%|█████▊    | 1002/1728 [06:19<03:45,  3.21it/s]Block (9,1,9) root_id=864691136051108595
Block (0,2,10) ok, attempt=1, duration=2.43s

Blocks:  58%|█████▊    | 1003/1728 [06:19<03:13,  3.75it/s]Block (2,11,7) root_id=864691136051108595
Block (10,5,10) ok, attempt=1, duration=2.28s
Block (4,0,9) root_id=864691136051108595
Block (7,4,3) ok, attempt=1, duration=2.38s

Blocks:  58%|█████▊    | 1005/1728 [06:20<04:26,  2.71it/s]Block (3,7,5) root_id=864691136051108595
Block (2,8,2) ok, attempt=1, duration=3.02s
Block (11,10,6) root_id=864691136051108595
Block (5,4,10) ok, attempt=1, duration=2.37s

Blocks:  58%|█████▊    | 1007/1728 [06:20<03:11,  3.77it/s]Block (6,3,1) root_id=864691136051108595
Block (8,8,5) ok, attempt=1, duration=2.48s
Block (1,10,5) root_id=864691136051108595
Block (2,11,7) ok, attempt=1, duration=1.86s
Block (6,6,6) root_id=864691136051108595

Blocks:  58%|█████▊    | 1009/1728 [06:21<03:26,  3.48it/s]Block (8,0,1) ok, attempt=1, duration=2.39s
Block (0,9,9) root_id=864691136051108595

Blocks:  58%|█████▊    | 1010/1728 [06:21<03:26,  3.48it/s]Block (9,1,9) ok, attempt=1, duration=2.76s

Blocks:  59%|█████▊    | 1011/1728 [06:22<03:54,  3.05it/s]Block (4,11,5) root_id=864691136051108595
Block (4,0,9) ok, attempt=1, duration=2.63s
Block (11,2,1) root_id=864691136051108595
Block (1,10,5) ok, attempt=1, duration=2.28s
Block (2,3,8) root_id=864691136051108595

Blocks:  59%|█████▊    | 1013/1728 [06:22<04:31,  2.63it/s]Block (3,7,5) ok, attempt=1, duration=2.53s
Block (8,7,0) root_id=864691136051108595
Block (6,3,1) ok, attempt=1, duration=2.53s

Blocks:  59%|█████▊    | 1015/1728 [06:23<03:14,  3.67it/s]Block (11,10,6) ok, attempt=1, duration=2.60s
Block (6,7,7) root_id=864691136051108595
Block (0,6,3) root_id=864691136051108595
Block (4,11,5) ok, attempt=1, duration=1.46s

Blocks:  59%|█████▉    | 1017/1728 [06:23<02:53,  4.11it/s]Block (1,6,7) root_id=864691136051108595
Block (6,6,6) ok, attempt=1, duration=2.24s
Block (5,8,3) root_id=864691136051108595
Block (0,9,9) ok, attempt=1, duration=2.42s

Blocks:  59%|█████▉    | 1019/1728 [06:23<02:52,  4.10it/s]Block (10,4,4) root_id=864691136051108595
Block (11,2,1) ok, attempt=1, duration=2.60s

Blocks:  59%|█████▉    | 1020/1728 [06:24<03:57,  2.98it/s]Block (4,4,2) root_id=864691136051108595
Block (2,3,8) ok, attempt=1, duration=2.48s
Block (9,8,7) root_id=864691136051108595

Blocks:  59%|█████▉    | 1021/1728 [06:25<05:12,  2.27it/s]Block (1,6,7) ok, attempt=1, duration=2.19s
Block (7,11,1) root_id=864691136051108595

Blocks:  59%|█████▉    | 1022/1728 [06:25<04:25,  2.66it/s]Block (6,7,7) ok, attempt=1, duration=2.78s
Block (5,11,8) root_id=864691136051108595

Blocks:  59%|█████▉    | 1023/1728 [06:25<03:53,  3.02it/s]Block (8,7,0) ok, attempt=1, duration=3.15s

Blocks:  59%|█████▉    | 1024/1728 [06:26<03:31,  3.33it/s]Block (9,0,3) root_id=864691136051108595
Block (0,6,3) ok, attempt=1, duration=3.01s
Block (7,0,10) root_id=864691136051108595
Block (10,4,4) ok, attempt=1, duration=2.60s

Blocks:  59%|█████▉    | 1026/1728 [06:26<03:10,  3.69it/s]Block (4,7,7) root_id=864691136051108595
Block (5,8,3) ok, attempt=1, duration=3.19s

Blocks:  59%|█████▉    | 1027/1728 [06:26<02:45,  4.23it/s]Block (8,11,6) root_id=864691136051108595
Block (4,4,2) ok, attempt=1, duration=3.03s

Blocks:  59%|█████▉    | 1028/1728 [06:27<05:05,  2.29it/s]Block (0,10,9) root_id=864691136051108595
Block (7,11,1) ok, attempt=1, duration=2.24s

Blocks:  60%|█████▉    | 1029/1728 [06:27<04:21,  2.67it/s]Block (11,9,0) root_id=864691136051108595
Block (5,11,8) ok, attempt=1, duration=2.35s
Block (5,1,0) root_id=864691136051108595

Blocks:  60%|█████▉    | 1030/1728 [06:28<04:14,  2.74it/s]Block (7,0,10) ok, attempt=1, duration=2.46s

Blocks:  60%|█████▉    | 1031/1728 [06:28<04:12,  2.76it/s]Block (3,6,5) root_id=864691136051108595
Block (8,11,6) ok, attempt=1, duration=2.00s
Block (10,5,5) root_id=864691136051108595
Block (9,8,7) ok, attempt=1, duration=3.31s

Blocks:  60%|█████▉    | 1033/1728 [06:28<02:42,  4.28it/s]Block (9,1,4) root_id=864691136051108595
Block (9,0,3) ok, attempt=1, duration=3.00s
Block (5,4,5) root_id=864691136051108595

Blocks:  60%|█████▉    | 1034/1728 [06:29<03:01,  3.82it/s]Block (4,7,7) ok, attempt=1, duration=2.85s

Blocks:  60%|█████▉    | 1035/1728 [06:29<03:09,  3.65it/s]Block (3,9,10) root_id=864691136051108595
Block (0,10,9) ok, attempt=1, duration=2.51s

Blocks:  60%|█████▉    | 1036/1728 [06:30<04:48,  2.40it/s]Block (2,11,2) root_id=864691136051108595
Block (11,9,0) ok, attempt=1, duration=2.73s
Block (4,0,4) root_id=864691136051108595

Blocks:  60%|██████    | 1037/1728 [06:30<04:48,  2.39it/s]Block (5,1,0) ok, attempt=1, duration=2.85s
Block (3,6,5) ok, attempt=1, duration=2.51s

Blocks:  60%|██████    | 1038/1728 [06:31<04:58,  2.31it/s]Block (1,10,0) root_id=864691136051108595
Block (11,10,1) root_id=864691136051108595
Block (10,5,5) ok, attempt=1, duration=2.74s
Block (6,6,1) root_id=864691136051108595

Blocks:  60%|██████    | 1040/1728 [06:31<03:36,  3.18it/s]Block (9,1,4) ok, attempt=1, duration=2.69s
Block (8,3,7) root_id=864691136051108595
Block (5,4,5) ok, attempt=1, duration=2.71s

Blocks:  60%|██████    | 1042/1728 [06:31<03:01,  3.78it/s]Block (3,10,11) root_id=864691136051108595
Block (3,9,10) ok, attempt=1, duration=2.56s
Block (0,9,4) root_id=864691136051108595

Blocks:  60%|██████    | 1043/1728 [06:31<02:46,  4.11it/s]Block (2,11,2) ok, attempt=1, duration=2.23s

Blocks:  60%|██████    | 1044/1728 [06:32<03:23,  3.37it/s]Block (4,11,0) root_id=864691136051108595
Block (11,10,1) ok, attempt=1, duration=2.02s

Blocks:  60%|██████    | 1045/1728 [06:33<04:29,  2.53it/s]Block (4,0,4) ok, attempt=1, duration=2.49s
Block (10,0,11) root_id=864691136051108595
Block (9,7,1) root_id=864691136051108595
Block (1,10,0) ok, attempt=1, duration=2.15s
Block (7,7,8) root_id=864691136051108595

Blocks:  61%|██████    | 1047/1728 [06:33<02:57,  3.84it/s]Block (6,6,1) ok, attempt=1, duration=2.18s
Block (6,7,2) root_id=864691136051108595

Blocks:  61%|██████    | 1048/1728 [06:33<03:07,  3.62it/s]Block (8,3,7) ok, attempt=1, duration=2.55s
Block (1,6,2) root_id=864691136051108595

Blocks:  61%|██████    | 1049/1728 [06:34<03:33,  3.18it/s]Block (4,11,0) ok, attempt=1, duration=1.67s
Block (11,5,7) root_id=864691136051108595
Block (3,10,11) ok, attempt=1, duration=2.80s
Block (9,8,2) root_id=864691136051108595

Blocks:  61%|██████    | 1051/1728 [06:34<03:24,  3.31it/s]Block (0,9,4) ok, attempt=1, duration=2.70s
Block (5,11,3) root_id=864691136051108595
Block (9,7,1) ok, attempt=1, duration=2.39s
Block (7,8,9) root_id=864691136051108595

Blocks:  61%|██████    | 1053/1728 [06:35<04:05,  2.75it/s]Block (10,0,11) ok, attempt=1, duration=2.77s
Block (7,0,5) root_id=864691136051108595

Blocks:  61%|██████    | 1054/1728 [06:35<04:08,  2.71it/s]Block (1,6,2) ok, attempt=1, duration=1.95s
Block (4,7,2) root_id=864691136051108595
Block (7,7,8) ok, attempt=1, duration=2.96s
Block (2,7,9) root_id=864691136051108595

Blocks:  61%|██████    | 1056/1728 [06:36<03:10,  3.52it/s]Block (6,7,2) ok, attempt=1, duration=2.85s
Block (8,11,1) root_id=864691136051108595

Blocks:  61%|██████    | 1057/1728 [06:36<03:05,  3.62it/s]Block (11,5,7) ok, attempt=1, duration=2.74s
Block (11,6,8) root_id=864691136051108595

Blocks:  61%|██████    | 1058/1728 [06:36<03:27,  3.23it/s]Block (5,11,3) ok, attempt=1, duration=2.31s
Block (3,6,0) root_id=864691136051108595

Blocks:  61%|██████▏   | 1059/1728 [06:37<02:52,  3.88it/s]Block (9,8,2) ok, attempt=1, duration=2.80s

Blocks:  61%|██████▏   | 1060/1728 [06:37<03:21,  3.31it/s]Block (8,10,5) root_id=864691136051108595
Block (7,8,9) ok, attempt=1, duration=2.51s

Blocks:  61%|██████▏   | 1061/1728 [06:38<04:22,  2.54it/s]Block (10,5,0) root_id=864691136051108595
Block (8,11,1) ok, attempt=1, duration=1.65s
Block (6,2,8) root_id=864691136051108595
Block (2,7,9) ok, attempt=1, duration=2.30s

Blocks:  62%|██████▏   | 1063/1728 [06:38<03:34,  3.09it/s]Block (5,4,0) root_id=864691136051108595
Block (7,0,5) ok, attempt=1, duration=2.69s
Block (3,9,5) root_id=864691136051108595

Blocks:  62%|██████▏   | 1064/1728 [06:38<03:04,  3.60it/s]Block (4,7,2) ok, attempt=1, duration=2.84s

Blocks:  62%|██████▏   | 1065/1728 [06:38<02:51,  3.87it/s]Block (1,1,8) root_id=864691136051108595
Block (3,6,0) ok, attempt=1, duration=2.21s

Blocks:  62%|██████▏   | 1066/1728 [06:39<03:05,  3.58it/s]Block (0,5,11) root_id=864691136051108595
Block (11,6,8) ok, attempt=1, duration=2.47s
Block (5,3,4) root_id=864691136051108595

Blocks:  62%|██████▏   | 1067/1728 [06:39<02:51,  3.86it/s]Block (8,10,5) ok, attempt=1, duration=2.46s

Blocks:  62%|██████▏   | 1068/1728 [06:39<03:33,  3.09it/s]Block (2,10,1) root_id=864691136051108595
Block (3,9,5) ok, attempt=1, duration=2.09s

Blocks:  62%|██████▏   | 1069/1728 [06:40<05:11,  2.12it/s]Block (9,3,8) root_id=864691136051108595
Block (10,5,0) ok, attempt=1, duration=2.77s
Block (5,6,9) root_id=864691136051108595
Block (6,2,8) ok, attempt=1, duration=2.88s

Blocks:  62%|██████▏   | 1071/1728 [06:41<03:31,  3.10it/s]Block (8,3,2) root_id=864691136051108595
Block (5,4,0) ok, attempt=1, duration=2.56s
Block (6,3,9) root_id=864691136051108595
Block (0,5,11) ok, attempt=1, duration=2.27s

Blocks:  62%|██████▏   | 1073/1728 [06:41<03:07,  3.49it/s]Block (4,2,8) root_id=864691136051108595
Block (1,1,8) ok, attempt=1, duration=2.68s
Block (3,10,6) root_id=864691136051108595
Block (5,3,4) ok, attempt=1, duration=2.57s
Block (1,2,9) root_id=864691136051108595

Blocks:  62%|██████▏   | 1075/1728 [06:41<02:58,  3.65it/s]Block (2,10,1) ok, attempt=1, duration=2.48s

Blocks:  62%|██████▏   | 1076/1728 [06:42<03:15,  3.34it/s]Block (10,8,10) root_id=864691136051108595
Block (5,6,9) ok, attempt=1, duration=2.34s

Blocks:  62%|██████▏   | 1077/1728 [06:43<04:26,  2.44it/s]Block (10,0,6) root_id=864691136051108595
Block (9,3,8) ok, attempt=1, duration=2.54s
Block (7,7,3) root_id=864691136051108595

Blocks:  62%|██████▏   | 1078/1728 [06:43<03:38,  2.97it/s]Block (8,3,2) ok, attempt=1, duration=2.57s
Block (9,4,9) root_id=864691136051108595

Blocks:  62%|██████▏   | 1079/1728 [06:43<03:36,  3.00it/s]Block (6,3,9) ok, attempt=1, duration=2.71s

Blocks:  62%|██████▎   | 1080/1728 [06:43<03:17,  3.29it/s]Block (5,7,10) root_id=864691136051108595
Block (1,2,9) ok, attempt=1, duration=2.06s

Blocks:  63%|██████▎   | 1081/1728 [06:44<02:59,  3.61it/s]Block (4,3,9) root_id=864691136051108595
Block (3,10,6) ok, attempt=1, duration=2.57s
Block (8,7,8) root_id=864691136051108595
Block (4,2,8) ok, attempt=1, duration=2.76s

Blocks:  63%|██████▎   | 1083/1728 [06:44<02:08,  5.01it/s]Block (11,5,2) root_id=864691136051108595
Block (10,8,10) ok, attempt=1, duration=2.46s

Blocks:  63%|██████▎   | 1084/1728 [06:44<03:12,  3.35it/s]Block (10,1,7) root_id=864691136051108595
Block (10,0,6) ok, attempt=1, duration=2.42s
Block (7,8,4) root_id=864691136051108595

Blocks:  63%|██████▎   | 1085/1728 [06:45<04:26,  2.41it/s]Block (5,7,10) ok, attempt=1, duration=2.31s

Blocks:  63%|██████▎   | 1086/1728 [06:46<04:46,  2.24it/s]Block (7,0,0) root_id=864691136051108595
Block (9,4,9) ok, attempt=1, duration=2.60s
Block (5,0,7) root_id=864691136051108595
Block (7,7,3) ok, attempt=1, duration=3.12s

Blocks:  63%|██████▎   | 1088/1728 [06:46<03:17,  3.24it/s]Block (2,7,4) root_id=864691136051108595
Block (4,3,9) ok, attempt=1, duration=2.48s
Block (7,11,9) root_id=864691136051108595

Blocks:  63%|██████▎   | 1089/1728 [06:46<02:48,  3.78it/s]Block (8,7,8) ok, attempt=1, duration=2.72s

Blocks:  63%|██████▎   | 1090/1728 [06:46<02:59,  3.55it/s]Block (9,0,11) root_id=864691136051108595
Block (11,5,2) ok, attempt=1, duration=2.76s

Blocks:  63%|██████▎   | 1091/1728 [06:47<02:38,  4.03it/s]Block (11,6,3) root_id=864691136051108595
Block (10,1,7) ok, attempt=1, duration=2.48s
Block (2,6,8) root_id=864691136051108595

Blocks:  63%|██████▎   | 1092/1728 [06:47<02:54,  3.65it/s]Block (7,8,4) ok, attempt=1, duration=2.63s

Blocks:  63%|██████▎   | 1093/1728 [06:48<04:44,  2.23it/s]Block (8,10,0) root_id=864691136051108595
Block (7,0,0) ok, attempt=1, duration=2.56s

Blocks:  63%|██████▎   | 1094/1728 [06:48<04:46,  2.21it/s]Block (6,10,7) root_id=864691136051108595
Block (5,0,7) ok, attempt=1, duration=2.56s
Block (11,9,8) root_id=864691136051108595
Block (9,0,11) ok, attempt=1, duration=2.25s
Block (6,2,3) root_id=864691136051108595

Blocks:  63%|██████▎   | 1096/1728 [06:49<03:34,  2.95it/s]Block (2,7,4) ok, attempt=1, duration=2.81s

Blocks:  63%|██████▎   | 1097/1728 [06:49<02:58,  3.53it/s]Block (3,9,0) root_id=864691136051108595
Block (7,11,9) ok, attempt=1, duration=2.75s
Block (1,9,7) root_id=864691136051108595
Block (11,6,3) ok, attempt=1, duration=2.49s

Blocks:  64%|██████▎   | 1099/1728 [06:49<02:20,  4.46it/s]Block (0,5,6) root_id=864691136051108595
Block (2,6,8) ok, attempt=1, duration=2.65s

Blocks:  64%|██████▎   | 1100/1728 [06:49<02:59,  3.50it/s]Block (9,11,7) root_id=864691136051108595
Block (8,10,0) ok, attempt=1, duration=1.84s
Block (9,3,3) root_id=864691136051108595
Block (11,9,8) ok, attempt=1, duration=2.16s

Blocks:  64%|██████▍   | 1102/1728 [06:50<03:43,  2.80it/s]Block (7,3,10) root_id=864691136051108595
Block (6,10,7) ok, attempt=1, duration=2.32s

Blocks:  64%|██████▍   | 1103/1728 [06:51<03:08,  3.32it/s]Block (10,11,11) root_id=864691136051108595
Block (6,2,3) ok, attempt=1, duration=2.27s

Blocks:  64%|██████▍   | 1104/1728 [06:51<03:14,  3.20it/s]Block (5,6,4) root_id=864691136051108595
Block (1,9,7) ok, attempt=1, duration=2.31s
Block (4,10,7) root_id=864691136051108595

Blocks:  64%|██████▍   | 1105/1728 [06:51<02:59,  3.47it/s]Block (9,11,7) ok, attempt=1, duration=1.61s
Block (6,3,4) root_id=864691136051108595
Block (3,9,0) ok, attempt=1, duration=2.93s

Blocks:  64%|██████▍   | 1107/1728 [06:52<02:55,  3.54it/s]Block (3,10,1) root_id=864691136051108595
Block (0,5,6) ok, attempt=1, duration=2.78s
Block (4,2,3) root_id=864691136051108595

Blocks:  64%|██████▍   | 1108/1728 [06:52<02:33,  4.04it/s]Block (9,3,3) ok, attempt=1, duration=2.29s
Block (2,2,10) root_id=864691136051108595
Block (10,11,11) ok, attempt=1, duration=2.18s

Blocks:  64%|██████▍   | 1110/1728 [06:53<03:27,  2.97it/s]Block (6,6,9) root_id=864691136051108595
Block (5,6,4) ok, attempt=1, duration=2.31s
Block (10,8,5) root_id=864691136051108595

Blocks:  64%|██████▍   | 1111/1728 [06:53<03:46,  2.72it/s]Block (7,3,10) ok, attempt=1, duration=2.83s
Block (11,1,9) root_id=864691136051108595
Block (6,3,4) ok, attempt=1, duration=2.33s

Blocks:  64%|██████▍   | 1113/1728 [06:53<02:47,  3.68it/s]Block (10,0,1) root_id=864691136051108595
Block (4,10,7) ok, attempt=1, duration=2.40s
Block (9,4,4) root_id=864691136051108595
Block (2,2,10) ok, attempt=1, duration=2.21s

Blocks:  65%|██████▍   | 1115/1728 [06:54<02:58,  3.44it/s]Block (5,7,5) root_id=864691136051108595
Block (3,10,1) ok, attempt=1, duration=2.58s

Blocks:  65%|██████▍   | 1116/1728 [06:54<02:40,  3.81it/s]Block (4,11,8) root_id=864691136051108595
Block (4,2,3) ok, attempt=1, duration=2.55s

Blocks:  65%|██████▍   | 1117/1728 [06:54<02:20,  4.34it/s]Block (4,3,4) root_id=864691136051108595
Block (6,6,9) ok, attempt=1, duration=2.33s

Blocks:  65%|██████▍   | 1118/1728 [06:55<03:29,  2.92it/s]Block (9,7,9) root_id=864691136051108595
Block (10,0,1) ok, attempt=1, duration=2.29s

Blocks:  65%|██████▍   | 1119/1728 [06:56<04:23,  2.31it/s]Block (2,3,11) root_id=864691136051108595
Block (10,8,5) ok, attempt=1, duration=2.83s
Block (6,9,1) root_id=864691136051108595

Blocks:  65%|██████▍   | 1120/1728 [06:56<03:59,  2.54it/s]Block (9,4,4) ok, attempt=1, duration=2.56s
Block (8,6,7) root_id=864691136051108595
Block (11,1,9) ok, attempt=1, duration=3.04s

Blocks:  65%|██████▍   | 1122/1728 [06:56<02:51,  3.53it/s]Block (3,5,7) root_id=864691136051108595
Block (4,3,4) ok, attempt=1, duration=2.17s

Blocks:  65%|██████▍   | 1123/1728 [06:57<02:42,  3.73it/s]Block (10,7,0) root_id=864691136051108595
Block (5,7,5) ok, attempt=1, duration=2.80s

Blocks:  65%|██████▌   | 1124/1728 [06:57<02:54,  3.45it/s]Block (10,3,11) root_id=864691136051108595
Block (4,11,8) ok, attempt=1, duration=2.79s

Blocks:  65%|██████▌   | 1125/1728 [06:57<02:30,  4.02it/s]Block (2,6,3) root_id=864691136051108595
Block (9,7,9) ok, attempt=1, duration=2.44s
Block (6,10,2) root_id=864691136051108595

Blocks:  65%|██████▌   | 1126/1728 [06:57<03:05,  3.24it/s]Block (2,3,11) ok, attempt=1, duration=2.53s
Block (5,2,11) root_id=864691136051108595

Blocks:  65%|██████▌   | 1127/1728 [06:58<04:27,  2.25it/s]Block (3,5,7) ok, attempt=1, duration=2.16s

Blocks:  65%|██████▌   | 1128/1728 [06:58<03:45,  2.66it/s]Block (8,6,7) ok, attempt=1, duration=2.42s
Block (3,6,8) root_id=864691136051108595
Block (1,9,2) root_id=864691136051108595
Block (6,9,1) ok, attempt=1, duration=2.67s

Blocks:  65%|██████▌   | 1130/1728 [06:59<02:32,  3.92it/s]Block (11,8,7) root_id=864691136051108595
Block (10,3,11) ok, attempt=1, duration=2.23s
Block (8,2,9) root_id=864691136051108595

Blocks:  65%|██████▌   | 1131/1728 [06:59<02:57,  3.37it/s]Block (2,6,3) ok, attempt=1, duration=2.16s
Block (0,5,1) root_id=864691136051108595
Block (10,7,0) ok, attempt=1, duration=2.94s
Block (11,0,3) root_id=864691136051108595

Blocks:  66%|██████▌   | 1133/1728 [06:59<02:29,  3.97it/s]Block (6,10,2) ok, attempt=1, duration=2.46s
Block (9,11,2) root_id=864691136051108595

Blocks:  66%|██████▌   | 1134/1728 [07:00<02:57,  3.34it/s]Block (5,2,11) ok, attempt=1, duration=2.35s

Blocks:  66%|██████▌   | 1135/1728 [07:01<03:50,  2.58it/s]Block (7,3,5) root_id=864691136051108595
Block (3,6,8) ok, attempt=1, duration=2.57s
Block (10,11,6) root_id=864691136051108595

Blocks:  66%|██████▌   | 1136/1728 [07:01<03:56,  2.50it/s]Block (1,9,2) ok, attempt=1, duration=2.63s
Block (4,10,2) root_id=864691136051108595
Block (11,8,7) ok, attempt=1, duration=2.52s

Blocks:  66%|██████▌   | 1138/1728 [07:01<02:35,  3.79it/s]Block (2,10,9) root_id=864691136051108595
Block (9,11,2) ok, attempt=1, duration=1.52s

Blocks:  66%|██████▌   | 1139/1728 [07:01<02:35,  3.79it/s]Block (6,6,4) root_id=864691136051108595
Block (0,5,1) ok, attempt=1, duration=2.42s

Blocks:  66%|██████▌   | 1140/1728 [07:02<02:15,  4.35it/s]Block (11,1,4) root_id=864691136051108595
Block (11,0,3) ok, attempt=1, duration=2.19s
Block (10,8,0) root_id=864691136051108595
Block (8,2,9) ok, attempt=1, duration=2.74s

Blocks:  66%|██████▌   | 1142/1728 [07:02<01:49,  5.36it/s]Block (6,5,8) root_id=864691136051108595
Block (7,3,5) ok, attempt=1, duration=2.01s

Blocks:  66%|██████▌   | 1143/1728 [07:03<03:07,  3.11it/s]Block (5,7,0) root_id=864691136051108595
Block (10,11,6) ok, attempt=1, duration=1.71s

Blocks:  66%|██████▌   | 1144/1728 [07:03<02:41,  3.62it/s]Block (11,4,9) root_id=864691136051108595
Block (4,10,2) ok, attempt=1, duration=2.22s

Blocks:  66%|██████▋   | 1145/1728 [07:03<03:27,  2.80it/s]Block (1,4,8) root_id=864691136051108595
Block (2,10,9) ok, attempt=1, duration=2.69s
Block (9,7,4) root_id=864691136051108595

Blocks:  66%|██████▋   | 1146/1728 [07:04<04:03,  2.39it/s]Block (6,6,4) ok, attempt=1, duration=2.77s
Block (0,8,11) root_id=864691136051108595

Blocks:  66%|██████▋   | 1147/1728 [07:04<03:53,  2.49it/s]Block (11,1,4) ok, attempt=1, duration=2.70s
Block (7,10,4) root_id=864691136051108595
Block (6,5,8) ok, attempt=1, duration=2.50s
Block (5,10,11) root_id=864691136051108595
Block (10,8,0) ok, attempt=1, duration=2.79s

Blocks:  67%|██████▋   | 1150/1728 [07:04<02:03,  4.68it/s]Block (8,6,2) root_id=864691136051108595
Block (5,7,0) ok, attempt=1, duration=2.64s
Block (11,4,9) ok, attempt=1, duration=2.52s
Block (2,9,4) root_id=864691136051108595

Blocks:  67%|██████▋   | 1151/1728 [07:05<03:15,  2.95it/s]Block (3,5,2) root_id=864691136051108595
Block (1,4,8) ok, attempt=1, duration=2.38s

Blocks:  67%|██████▋   | 1153/1728 [07:06<02:51,  3.36it/s]Block (8,9,7) root_id=864691136051108595
Block (9,7,4) ok, attempt=1, duration=2.02s

Blocks:  67%|██████▋   | 1154/1728 [07:06<02:38,  3.62it/s]Block (9,2,11) root_id=864691136051108595
Block (0,8,11) ok, attempt=1, duration=2.01s
Block (1,5,9) root_id=864691136051108595

Blocks:  67%|██████▋   | 1155/1728 [07:06<02:50,  3.36it/s]Block (7,10,4) ok, attempt=1, duration=2.18s
Block (6,1,10) root_id=864691136051108595

Blocks:  67%|██████▋   | 1156/1728 [07:06<02:35,  3.67it/s]Block (5,10,11) ok, attempt=1, duration=2.68s
Block (0,1,8) root_id=864691136051108595

Blocks:  67%|██████▋   | 1157/1728 [07:07<03:16,  2.91it/s]Block (8,6,2) ok, attempt=1, duration=2.64s
Block (10,3,6) root_id=864691136051108595
Block (3,5,2) ok, attempt=1, duration=2.13s

Blocks:  67%|██████▋   | 1159/1728 [07:07<02:39,  3.57it/s]Block (5,2,6) root_id=864691136051108595
Block (2,9,4) ok, attempt=1, duration=2.74s

Blocks:  67%|██████▋   | 1160/1728 [07:08<03:19,  2.85it/s]Block (4,6,9) root_id=864691136051108595
Block (8,9,7) ok, attempt=1, duration=2.58s
Block (3,6,3) root_id=864691136051108595

Blocks:  67%|██████▋   | 1161/1728 [07:08<03:11,  2.96it/s]Block (9,2,11) ok, attempt=1, duration=2.51s

Blocks:  67%|██████▋   | 1162/1728 [07:08<02:41,  3.50it/s]Block (8,10,8) root_id=864691136051108595
Block (1,5,9) ok, attempt=1, duration=2.20s
Block (8,2,4) root_id=864691136051108595
Block (6,1,10) ok, attempt=1, duration=2.77s

Blocks:  67%|██████▋   | 1164/1728 [07:09<03:11,  2.95it/s]Block (11,8,2) root_id=864691136051108595
Block (10,3,6) ok, attempt=1, duration=2.36s
Block (6,2,11) root_id=864691136051108595

Blocks:  67%|██████▋   | 1165/1728 [07:09<02:50,  3.30it/s]Block (5,2,6) ok, attempt=1, duration=2.16s

Blocks:  67%|██████▋   | 1166/1728 [07:10<02:26,  3.83it/s]Block (3,9,8) root_id=864691136051108595
Block (0,1,8) ok, attempt=1, duration=2.60s
Block (1,1,11) root_id=864691136051108595
Block (4,6,9) ok, attempt=1, duration=2.34s

Blocks:  68%|██████▊   | 1168/1728 [07:10<02:54,  3.22it/s]Block (7,3,0) root_id=864691136051108595
Block (8,2,4) ok, attempt=1, duration=2.33s

Blocks:  68%|██████▊   | 1169/1728 [07:11<03:15,  2.86it/s]Block (10,11,1) root_id=864691136051108595
Block (3,6,3) ok, attempt=1, duration=2.71s

Blocks:  68%|██████▊   | 1170/1728 [07:11<02:52,  3.24it/s]Block (5,3,7) root_id=864691136051108595
Block (8,10,8) ok, attempt=1, duration=3.01s
Block (2,10,4) root_id=864691136051108595

Blocks:  68%|██████▊   | 1171/1728 [07:11<03:10,  2.93it/s]Block (11,8,2) ok, attempt=1, duration=2.37s

Blocks:  68%|██████▊   | 1172/1728 [07:12<02:46,  3.34it/s]Block (9,3,11) root_id=864691136051108595
Block (6,2,11) ok, attempt=1, duration=2.58s

Blocks:  68%|██████▊   | 1173/1728 [07:12<03:02,  3.04it/s]Block (4,2,11) root_id=864691136051108595
Block (1,1,11) ok, attempt=1, duration=2.42s
Block (7,6,11) root_id=864691136051108595
Block (10,11,1) ok, attempt=1, duration=1.56s

Blocks:  68%|██████▊   | 1175/1728 [07:12<02:24,  3.82it/s]Block (6,5,3) root_id=864691136051108595
Block (3,9,8) ok, attempt=1, duration=2.88s
Block (11,4,4) root_id=864691136051108595
Block (7,3,0) ok, attempt=1, duration=2.72s

Blocks:  68%|██████▊   | 1177/1728 [07:13<02:42,  3.39it/s]Block (2,5,11) root_id=864691136051108595
Block (2,10,4) ok, attempt=1, duration=2.02s

Blocks:  68%|██████▊   | 1178/1728 [07:13<02:53,  3.17it/s]Block (1,4,3) root_id=864691136051108595
Block (5,3,7) ok, attempt=1, duration=2.71s

Blocks:  68%|██████▊   | 1179/1728 [07:14<02:44,  3.34it/s]Block (3,1,9) root_id=864691136051108595
Block (9,3,11) ok, attempt=1, duration=2.19s
Block (0,8,6) root_id=864691136051108595
Block (6,5,3) ok, attempt=1, duration=1.76s

Blocks:  68%|██████▊   | 1181/1728 [07:14<02:25,  3.77it/s]Block (5,10,6) root_id=864691136051108595
Block (4,2,11) ok, attempt=1, duration=2.42s
Block (10,6,7) root_id=864691136051108595

Blocks:  68%|██████▊   | 1182/1728 [07:15<02:34,  3.54it/s]Block (7,6,11) ok, attempt=1, duration=2.70s

Blocks:  68%|██████▊   | 1183/1728 [07:15<02:31,  3.60it/s]Block (9,10,10) root_id=864691136051108595
Block (11,4,4) ok, attempt=1, duration=2.53s

Blocks:  69%|██████▊   | 1184/1728 [07:15<02:26,  3.72it/s]Block (9,2,6) root_id=864691136051108595
Block (2,5,11) ok, attempt=1, duration=2.43s

Blocks:  69%|██████▊   | 1185/1728 [07:16<03:02,  2.98it/s]Block (1,5,4) root_id=864691136051108595
Block (1,4,3) ok, attempt=1, duration=2.35s
Block (8,9,2) root_id=864691136051108595

Blocks:  69%|██████▊   | 1186/1728 [07:16<03:00,  3.00it/s]Block (10,6,7) ok, attempt=1, duration=1.80s
Block (6,9,9) root_id=864691136051108595

Blocks:  69%|██████▊   | 1187/1728 [07:16<03:14,  2.78it/s]Block (0,8,6) ok, attempt=1, duration=2.61s

Blocks:  69%|██████▉   | 1188/1728 [07:16<02:44,  3.28it/s]Block (4,9,10) root_id=864691136051108595
Block (3,1,9) ok, attempt=1, duration=2.93s

Blocks:  69%|██████▉   | 1189/1728 [07:17<02:29,  3.60it/s]Block (6,1,5) root_id=864691136051108595
Block (5,10,6) ok, attempt=1, duration=2.66s
Block (10,3,1) root_id=864691136051108595

Blocks:  69%|██████▉   | 1190/1728 [07:17<02:11,  4.09it/s]Block (9,10,10) ok, attempt=1, duration=2.33s

Blocks:  69%|██████▉   | 1191/1728 [07:17<02:16,  3.93it/s]Block (5,2,1) root_id=864691136051108595
Block (9,2,6) ok, attempt=1, duration=2.57s
Block (10,7,8) root_id=864691136051108595

Blocks:  69%|██████▉   | 1192/1728 [07:18<02:52,  3.11it/s]Block (1,5,4) ok, attempt=1, duration=2.50s

Blocks:  69%|██████▉   | 1193/1728 [07:18<03:10,  2.81it/s]Block (4,6,4) root_id=864691136051108595
Block (4,9,10) ok, attempt=1, duration=2.06s

Blocks:  69%|██████▉   | 1194/1728 [07:19<03:30,  2.54it/s]Block (2,6,11) root_id=864691136051108595
Block (8,9,2) ok, attempt=1, duration=2.69s
Block (8,10,3) root_id=864691136051108595
Block (6,9,9) ok, attempt=1, duration=2.41s
Block (6,2,6) root_id=864691136051108595

Blocks:  69%|██████▉   | 1196/1728 [07:19<02:17,  3.86it/s]Block (6,1,5) ok, attempt=1, duration=2.52s

Blocks:  69%|██████▉   | 1197/1728 [07:19<02:46,  3.18it/s]Block (3,9,3) root_id=864691136051108595
Block (5,2,1) ok, attempt=1, duration=2.32s

Blocks:  69%|██████▉   | 1198/1728 [07:19<02:35,  3.41it/s]Block (5,3,2) root_id=864691136051108595
Block (10,3,1) ok, attempt=1, duration=2.85s

Blocks:  69%|██████▉   | 1199/1728 [07:20<02:28,  3.55it/s]Block (3,8,7) root_id=864691136051108595
Block (10,7,8) ok, attempt=1, duration=2.41s

Blocks:  69%|██████▉   | 1200/1728 [07:20<02:34,  3.42it/s]Block (11,0,11) root_id=864691136051108595
Block (4,6,4) ok, attempt=1, duration=2.58s
Block (1,0,10) root_id=864691136051108595

Blocks:  70%|██████▉   | 1201/1728 [07:21<03:23,  2.59it/s]Block (2,6,11) ok, attempt=1, duration=2.18s
Block (9,3,6) root_id=864691136051108595
Block (8,10,3) ok, attempt=1, duration=2.30s

Blocks:  70%|██████▉   | 1203/1728 [07:21<02:20,  3.74it/s]Block (5,6,7) root_id=864691136051108595
Block (6,2,6) ok, attempt=1, duration=2.24s

Blocks:  70%|██████▉   | 1204/1728 [07:21<01:59,  4.39it/s]Block (4,2,6) root_id=864691136051108595
Block (3,8,7) ok, attempt=1, duration=2.32s

Blocks:  70%|██████▉   | 1205/1728 [07:22<03:47,  2.29it/s]Block (7,6,6) root_id=864691136051108595
Block (5,3,2) ok, attempt=1, duration=2.62s
Block (2,5,6) root_id=864691136051108595
Block (3,9,3) ok, attempt=1, duration=2.94s

Blocks:  70%|██████▉   | 1207/1728 [07:22<02:26,  3.56it/s]Block (7,9,11) root_id=864691136051108595
Block (11,0,11) ok, attempt=1, duration=2.31s

Blocks:  70%|██████▉   | 1208/1728 [07:22<02:14,  3.87it/s]Block (11,11,7) root_id=864691136051108595
Block (1,0,10) ok, attempt=1, duration=2.25s
Block (8,5,9) root_id=864691136051108595

Blocks:  70%|██████▉   | 1209/1728 [07:23<02:56,  2.94it/s]Block (5,6,7) ok, attempt=1, duration=2.26s

Blocks:  70%|███████   | 1210/1728 [07:23<02:39,  3.25it/s]Block (0,8,1) root_id=864691136051108595
Block (4,2,6) ok, attempt=1, duration=2.34s

Blocks:  70%|███████   | 1211/1728 [07:23<02:23,  3.61it/s]Block (3,4,9) root_id=864691136051108595
Block (9,3,6) ok, attempt=1, duration=2.83s

Blocks:  70%|███████   | 1212/1728 [07:24<02:12,  3.89it/s]Block (5,10,1) root_id=864691136051108595
Block (11,11,7) ok, attempt=1, duration=1.42s

Blocks:  70%|███████   | 1213/1728 [07:24<02:06,  4.06it/s]Block (10,6,2) root_id=864691136051108595
Block (2,5,6) ok, attempt=1, duration=2.49s

Blocks:  70%|███████   | 1214/1728 [07:25<03:28,  2.46it/s]Block (7,6,6) ok, attempt=1, duration=2.55s
Block (9,10,5) root_id=864691136051108595
Block (9,2,1) root_id=864691136051108595
Block (7,9,11) ok, attempt=1, duration=2.54s

Blocks:  70%|███████   | 1216/1728 [07:25<02:10,  3.92it/s]Block (6,9,4) root_id=864691136051108595
Block (8,5,9) ok, attempt=1, duration=2.39s
Block (7,2,8) root_id=864691136051108595

Blocks:  70%|███████   | 1217/1728 [07:25<02:49,  3.02it/s]Block (3,4,9) ok, attempt=1, duration=2.41s

Blocks:  70%|███████   | 1218/1728 [07:26<03:08,  2.71it/s]Block (4,9,5) root_id=864691136051108595
Block (0,8,1) ok, attempt=1, duration=2.73s

Blocks:  71%|███████   | 1219/1728 [07:26<02:34,  3.29it/s]Block (6,1,0) root_id=864691136051108595
Block (5,10,1) ok, attempt=1, duration=2.65s

Blocks:  71%|███████   | 1220/1728 [07:26<02:36,  3.24it/s]Block (8,6,10) root_id=864691136051108595
Block (10,6,2) ok, attempt=1, duration=2.53s
Block (3,5,10) root_id=864691136051108595
Block (9,2,1) ok, attempt=1, duration=2.13s
Block (11,7,9) root_id=864691136051108595

Blocks:  71%|███████   | 1222/1728 [07:27<02:25,  3.48it/s]Block (9,10,5) ok, attempt=1, duration=2.25s
Block (10,7,3) root_id=864691136051108595
Block (6,9,4) ok, attempt=1, duration=2.57s

Blocks:  71%|███████   | 1224/1728 [07:27<02:24,  3.49it/s]Block (2,6,6) root_id=864691136051108595
Block (7,2,8) ok, attempt=1, duration=2.35s

Blocks:  71%|███████   | 1225/1728 [07:28<02:28,  3.38it/s]Block (0,11,11) root_id=864691136051108595
Block (8,6,10) ok, attempt=1, duration=2.11s

Blocks:  71%|███████   | 1226/1728 [07:28<03:16,  2.56it/s]Block (11,8,10) root_id=864691136051108595
Block (4,9,5) ok, attempt=1, duration=2.65s
Block (11,0,6) root_id=864691136051108595
Block (3,5,10) ok, attempt=1, duration=2.22s

Blocks:  71%|███████   | 1228/1728 [07:28<02:16,  3.65it/s]Block (3,8,2) root_id=864691136051108595
Block (6,1,0) ok, attempt=1, duration=2.96s

Blocks:  71%|███████   | 1229/1728 [07:29<02:21,  3.53it/s]Block (1,8,9) root_id=864691136051108595
Block (11,7,9) ok, attempt=1, duration=2.59s

Blocks:  71%|███████   | 1230/1728 [07:29<02:43,  3.04it/s]Block (6,4,10) root_id=864691136051108595
Block (2,6,6) ok, attempt=1, duration=2.10s
Block (9,3,1) root_id=864691136051108595
Block (10,7,3) ok, attempt=1, duration=2.80s
Block (0,4,8) root_id=864691136051108595

Blocks:  71%|███████▏  | 1232/1728 [07:30<02:09,  3.83it/s]Block (0,11,11) ok, attempt=1, duration=2.30s
Block (3,11,7) root_id=864691136051108595

Blocks:  71%|███████▏  | 1233/1728 [07:30<02:13,  3.72it/s]Block (11,8,10) ok, attempt=1, duration=2.35s

Blocks:  71%|███████▏  | 1234/1728 [07:31<03:09,  2.60it/s]Block (7,6,1) root_id=864691136051108595
Block (11,0,6) ok, attempt=1, duration=2.45s

Blocks:  71%|███████▏  | 1235/1728 [07:31<02:43,  3.01it/s]Block (10,2,9) root_id=864691136051108595
Block (3,8,2) ok, attempt=1, duration=2.54s

Blocks:  72%|███████▏  | 1236/1728 [07:31<02:27,  3.34it/s]Block (2,5,1) root_id=864691136051108595
Block (1,8,9) ok, attempt=1, duration=2.36s

Blocks:  72%|███████▏  | 1237/1728 [07:31<02:04,  3.96it/s]Block (7,9,6) root_id=864691136051108595
Block (6,4,10) ok, attempt=1, duration=2.51s

Blocks:  72%|███████▏  | 1238/1728 [07:32<02:57,  2.76it/s]Block (8,5,4) root_id=864691136051108595
Block (9,3,1) ok, attempt=1, duration=2.65s
Block (11,11,2) root_id=864691136051108595

Blocks:  72%|███████▏  | 1239/1728 [07:32<02:43,  2.98it/s]Block (3,11,7) ok, attempt=1, duration=2.19s
Block (6,5,11) root_id=864691136051108595
Block (0,4,8) ok, attempt=1, duration=2.82s

Blocks:  72%|███████▏  | 1241/1728 [07:32<02:06,  3.84it/s]Block (3,4,4) root_id=864691136051108595
Block (10,2,9) ok, attempt=1, duration=2.47s
Block (1,4,11) root_id=864691136051108595

Blocks:  72%|███████▏  | 1242/1728 [07:33<03:21,  2.41it/s]Block (2,5,1) ok, attempt=1, duration=2.39s
Block (0,0,10) root_id=864691136051108595

Blocks:  72%|███████▏  | 1243/1728 [07:33<02:45,  2.93it/s]Block (7,6,1) ok, attempt=1, duration=2.96s

Blocks:  72%|███████▏  | 1244/1728 [07:34<02:23,  3.38it/s]Block (9,10,0) root_id=864691136051108595
Block (7,9,6) ok, attempt=1, duration=2.49s
Block (7,10,7) root_id=864691136051108595
Block (11,11,2) ok, attempt=1, duration=1.69s
Block (7,2,3) root_id=864691136051108595

Blocks:  72%|███████▏  | 1246/1728 [07:34<01:34,  5.09it/s]Block (8,5,4) ok, attempt=1, duration=2.18s
Block (4,9,0) root_id=864691136051108595

Blocks:  72%|███████▏  | 1247/1728 [07:34<01:40,  4.76it/s]Block (6,5,11) ok, attempt=1, duration=2.22s

Blocks:  72%|███████▏  | 1248/1728 [07:34<01:54,  4.18it/s]Block (2,9,7) root_id=864691136051108595
Block (3,4,4) ok, attempt=1, duration=2.14s

Blocks:  72%|███████▏  | 1249/1728 [07:35<01:55,  4.16it/s]Block (11,7,4) root_id=864691136051108595
Block (9,10,0) ok, attempt=1, duration=1.79s
Block (1,7,3) root_id=864691136051108595

Blocks:  72%|███████▏  | 1250/1728 [07:35<03:14,  2.46it/s]Block (0,0,10) ok, attempt=1, duration=2.50s

Blocks:  72%|███████▏  | 1251/1728 [07:36<03:31,  2.25it/s]Block (10,3,9) root_id=864691136051108595
Block (1,4,11) ok, attempt=1, duration=2.73s
Block (0,11,6) root_id=864691136051108595
Block (7,2,3) ok, attempt=1, duration=2.42s

Blocks:  73%|███████▎  | 1253/1728 [07:36<02:18,  3.42it/s]Block (5,5,2) root_id=864691136051108595
Block (7,10,7) ok, attempt=1, duration=2.58s
Block (10,9,7) root_id=864691136051108595
Block (4,9,0) ok, attempt=1, duration=2.75s
Block (4,1,1) root_id=864691136051108595

Blocks:  73%|███████▎  | 1255/1728 [07:37<02:17,  3.44it/s]Block (2,9,7) ok, attempt=1, duration=2.79s

Blocks:  73%|███████▎  | 1256/1728 [07:37<02:27,  3.20it/s]Block (9,5,6) root_id=864691136051108595
Block (11,7,4) ok, attempt=1, duration=2.73s
Block (1,8,4) root_id=864691136051108595

Blocks:  73%|███████▎  | 1257/1728 [07:37<02:09,  3.63it/s]Block (1,7,3) ok, attempt=1, duration=2.87s

Blocks:  73%|███████▎  | 1258/1728 [07:38<03:35,  2.18it/s]Block (11,0,1) root_id=864691136051108595
Block (5,5,2) ok, attempt=1, duration=2.27s

Blocks:  73%|███████▎  | 1259/1728 [07:38<02:58,  2.62it/s]Block (8,1,11) root_id=864691136051108595
Block (10,3,9) ok, attempt=1, duration=2.54s
Block (0,4,3) root_id=864691136051108595
Block (10,9,7) ok, attempt=1, duration=2.49s

Blocks:  73%|███████▎  | 1261/1728 [07:39<02:09,  3.61it/s]Block (0,11,6) ok, attempt=1, duration=2.70s
Block (6,4,5) root_id=864691136051108595
Block (3,11,2) root_id=864691136051108595
Block (1,8,4) ok, attempt=1, duration=2.21s

Blocks:  73%|███████▎  | 1263/1728 [07:39<02:26,  3.17it/s]Block (1,11,9) root_id=864691136051108595
Block (9,5,6) ok, attempt=1, duration=2.50s
Block (3,0,11) root_id=864691136051108595

Blocks:  73%|███████▎  | 1264/1728 [07:40<02:13,  3.46it/s]Block (4,1,1) ok, attempt=1, duration=2.94s
Block (0,7,8) root_id=864691136051108595
Block (8,1,11) ok, attempt=1, duration=2.13s

Blocks:  73%|███████▎  | 1266/1728 [07:41<02:42,  2.85it/s]Block (10,10,8) root_id=864691136051108595
Block (3,11,2) ok, attempt=1, duration=2.01s
Block (10,2,4) root_id=864691136051108595

Blocks:  73%|███████▎  | 1267/1728 [07:41<02:22,  3.23it/s]Block (11,0,1) ok, attempt=1, duration=2.65s

Blocks:  73%|███████▎  | 1268/1728 [07:41<02:10,  3.52it/s]Block (9,6,7) root_id=864691136051108595
Block (0,4,3) ok, attempt=1, duration=2.56s
Block (7,9,1) root_id=864691136051108595

Blocks:  73%|███████▎  | 1269/1728 [07:41<01:52,  4.10it/s]Block (6,4,5) ok, attempt=1, duration=2.59s
Block (5,9,8) root_id=864691136051108595

Blocks:  73%|███████▎  | 1270/1728 [07:41<01:54,  4.00it/s]Block (3,0,11) ok, attempt=1, duration=2.13s
Block (6,5,6) root_id=864691136051108595

Blocks:  74%|███████▎  | 1271/1728 [07:42<02:20,  3.26it/s]Block (0,7,8) ok, attempt=1, duration=2.31s

Blocks:  74%|███████▎  | 1272/1728 [07:42<02:07,  3.57it/s]Block (4,5,7) root_id=864691136051108595
Block (1,11,9) ok, attempt=1, duration=2.63s
Block (1,4,6) root_id=864691136051108595

Blocks:  74%|███████▎  | 1273/1728 [07:42<01:50,  4.13it/s]Block (10,10,8) ok, attempt=1, duration=2.31s

Blocks:  74%|███████▎  | 1274/1728 [07:43<02:56,  2.57it/s]Block (11,3,11) root_id=864691136051108595
Block (10,2,4) ok, attempt=1, duration=2.59s
Block (1,3,10) root_id=864691136051108595

Blocks:  74%|███████▍  | 1275/1728 [07:43<03:02,  2.48it/s]Block (9,6,7) ok, attempt=1, duration=2.58s
Block (7,10,2) root_id=864691136051108595

Blocks:  74%|███████▍  | 1276/1728 [07:44<02:33,  2.95it/s]Block (7,9,1) ok, attempt=1, duration=2.77s

Blocks:  74%|███████▍  | 1277/1728 [07:44<02:29,  3.02it/s]Block (10,6,10) root_id=864691136051108595
Block (6,5,6) ok, attempt=1, duration=2.24s

Blocks:  74%|███████▍  | 1278/1728 [07:44<02:10,  3.44it/s]Block (2,9,2) root_id=864691136051108595
Block (5,9,8) ok, attempt=1, duration=2.75s
Block (9,2,9) root_id=864691136051108595
Block (4,5,7) ok, attempt=1, duration=2.13s
Block (5,1,9) root_id=864691136051108595

Blocks:  74%|███████▍  | 1280/1728 [07:44<01:25,  5.27it/s]Block (1,4,6) ok, attempt=1, duration=2.45s

Blocks:  74%|███████▍  | 1281/1728 [07:45<01:48,  4.13it/s]Block (2,8,6) root_id=864691136051108595
Block (11,3,11) ok, attempt=1, duration=2.48s

Blocks:  74%|███████▍  | 1282/1728 [07:45<02:53,  2.57it/s]Block (8,8,9) root_id=864691136051108595
Block (7,10,2) ok, attempt=1, duration=2.24s

Blocks:  74%|███████▍  | 1283/1728 [07:46<02:52,  2.58it/s]Block (0,11,1) root_id=864691136051108595
Block (1,3,10) ok, attempt=1, duration=2.57s
Block (8,0,5) root_id=864691136051108595

Blocks:  74%|███████▍  | 1284/1728 [07:46<02:22,  3.11it/s]Block (10,6,10) ok, attempt=1, duration=2.19s

Blocks:  74%|███████▍  | 1285/1728 [07:46<01:56,  3.80it/s]Block (2,11,11) root_id=864691136051108595
Block (2,9,2) ok, attempt=1, duration=2.78s

Blocks:  74%|███████▍  | 1286/1728 [07:47<03:01,  2.43it/s]Block (9,2,9) ok, attempt=1, duration=2.69s
Block (3,7,9) root_id=864691136051108595
Block (11,10,10) root_id=864691136051108595
Block (5,1,9) ok, attempt=1, duration=2.80s

Blocks:  75%|███████▍  | 1288/1728 [07:47<01:51,  3.94it/s]Block (10,9,2) root_id=864691136051108595
Block (2,8,6) ok, attempt=1, duration=2.79s
Block (9,5,1) root_id=864691136051108595

Blocks:  75%|███████▍  | 1289/1728 [07:47<02:11,  3.34it/s]Block (0,11,1) ok, attempt=1, duration=2.00s

Blocks:  75%|███████▍  | 1290/1728 [07:48<02:22,  3.07it/s]Block (7,5,8) root_id=864691136051108595
Block (8,8,9) ok, attempt=1, duration=2.53s

Blocks:  75%|███████▍  | 1291/1728 [07:48<02:01,  3.59it/s]Block (6,4,0) root_id=864691136051108595
Block (8,0,5) ok, attempt=1, duration=2.78s

Blocks:  75%|███████▍  | 1292/1728 [07:49<03:00,  2.41it/s]Block (8,1,6) root_id=864691136051108595
Block (2,11,11) ok, attempt=1, duration=2.73s
Block (2,4,8) root_id=864691136051108595
Block (11,10,10) ok, attempt=1, duration=2.26s
Block (3,8,10) root_id=864691136051108595

Blocks:  75%|███████▍  | 1294/1728 [07:49<02:17,  3.15it/s]Block (3,7,9) ok, attempt=1, duration=2.64s

Blocks:  75%|███████▍  | 1295/1728 [07:49<02:22,  3.04it/s]Block (1,11,4) root_id=864691136051108595
Block (10,9,2) ok, attempt=1, duration=2.76s

Blocks:  75%|███████▌  | 1296/1728 [07:50<02:13,  3.24it/s]Block (8,4,11) root_id=864691136051108595
Block (9,5,1) ok, attempt=1, duration=2.57s

Blocks:  75%|███████▌  | 1297/1728 [07:50<02:05,  3.43it/s]Block (0,7,3) root_id=864691136051108595
Block (7,5,8) ok, attempt=1, duration=2.50s

Blocks:  75%|███████▌  | 1298/1728 [07:50<02:09,  3.31it/s]Block (11,2,5) root_id=864691136051108595
Block (6,4,0) ok, attempt=1, duration=2.77s

Blocks:  75%|███████▌  | 1299/1728 [07:51<02:24,  2.96it/s]Block (10,10,3) root_id=864691136051108595
Block (8,1,6) ok, attempt=1, duration=2.57s

Blocks:  75%|███████▌  | 1300/1728 [07:51<02:52,  2.48it/s]Block (9,6,2) root_id=864691136051108595
Block (2,4,8) ok, attempt=1, duration=2.69s
Block (5,9,3) root_id=864691136051108595

Blocks:  75%|███████▌  | 1301/1728 [07:51<02:26,  2.91it/s]Block (3,8,10) ok, attempt=1, duration=2.46s
Block (7,6,9) root_id=864691136051108595
Block (1,11,4) ok, attempt=1, duration=2.17s

Blocks:  75%|███████▌  | 1303/1728 [07:52<01:34,  4.47it/s]Block (6,5,1) root_id=864691136051108595
Block (8,4,11) ok, attempt=1, duration=2.41s

Blocks:  75%|███████▌  | 1304/1728 [07:52<02:00,  3.51it/s]Block (4,5,2) root_id=864691136051108595
Block (11,2,5) ok, attempt=1, duration=2.60s
Block (9,9,7) root_id=864691136051108595

Blocks:  76%|███████▌  | 1305/1728 [07:53<02:54,  2.43it/s]Block (0,7,3) ok, attempt=1, duration=3.07s
Block (2,5,9) root_id=864691136051108595

Blocks:  76%|███████▌  | 1306/1728 [07:53<02:25,  2.90it/s]Block (10,10,3) ok, attempt=1, duration=2.43s
Block (1,4,1) root_id=864691136051108595
Block (9,6,2) ok, attempt=1, duration=2.29s
Block (11,11,10) root_id=864691136051108595

Blocks:  76%|███████▌  | 1308/1728 [07:54<02:11,  3.20it/s]Block (6,5,1) ok, attempt=1, duration=2.28s
Block (11,3,6) root_id=864691136051108595

Blocks:  76%|███████▌  | 1309/1728 [07:54<02:12,  3.15it/s]Block (7,6,9) ok, attempt=1, duration=2.43s
Block (8,11,10) root_id=864691136051108595
Block (4,5,2) ok, attempt=1, duration=1.98s

Blocks:  76%|███████▌  | 1311/1728 [07:54<01:33,  4.46it/s]Block (5,9,3) ok, attempt=1, duration=2.63s
Block (0,2,9) root_id=864691136051108595
Block (5,1,4) root_id=864691136051108595
Block (9,9,7) ok, attempt=1, duration=2.45s

Blocks:  76%|███████▌  | 1313/1728 [07:55<02:33,  2.70it/s]Block (10,5,9) root_id=864691136051108595
Block (11,11,10) ok, attempt=1, duration=1.86s
Block (2,8,1) root_id=864691136051108595
Block (2,5,9) ok, attempt=1, duration=2.45s
Block (8,8,4) root_id=864691136051108595

Blocks:  76%|███████▌  | 1315/1728 [07:55<01:50,  3.73it/s]Block (1,4,1) ok, attempt=1, duration=2.71s

Blocks:  76%|███████▌  | 1316/1728 [07:56<01:58,  3.47it/s]Block (9,1,8) root_id=864691136051108595
Block (0,2,9) ok, attempt=1, duration=2.19s

Blocks:  76%|███████▌  | 1317/1728 [07:56<02:11,  3.12it/s]Block (5,4,9) root_id=864691136051108595
Block (11,3,6) ok, attempt=1, duration=2.47s

Blocks:  76%|███████▋  | 1318/1728 [07:56<01:52,  3.63it/s]Block (6,8,11) root_id=864691136051108595
Block (8,11,10) ok, attempt=1, duration=2.44s
Block (8,0,0) root_id=864691136051108595
Block (5,1,4) ok, attempt=1, duration=2.65s

Blocks:  76%|███████▋  | 1320/1728 [07:57<01:34,  4.30it/s]Block (6,0,7) root_id=864691136051108595
Block (2,8,1) ok, attempt=1, duration=2.01s

Blocks:  76%|███████▋  | 1321/1728 [07:57<02:16,  2.99it/s]Block (2,11,6) root_id=864691136051108595
Block (10,5,9) ok, attempt=1, duration=2.19s
Block (4,0,8) root_id=864691136051108595
Block (8,8,4) ok, attempt=1, duration=2.30s

Blocks:  77%|███████▋  | 1323/1728 [07:58<01:50,  3.67it/s]Block (3,7,4) root_id=864691136051108595
Block (9,1,8) ok, attempt=1, duration=2.57s
Block (1,7,11) root_id=864691136051108595

Blocks:  77%|███████▋  | 1324/1728 [07:58<02:21,  2.86it/s]Block (5,4,9) ok, attempt=1, duration=2.49s
Block (11,10,5) root_id=864691136051108595

Blocks:  77%|███████▋  | 1325/1728 [07:59<02:21,  2.84it/s]Block (6,8,11) ok, attempt=1, duration=2.42s
Block (0,3,10) root_id=864691136051108595
Block (8,0,0) ok, attempt=1, duration=2.66s
Block (7,5,3) root_id=864691136051108595

Blocks:  77%|███████▋  | 1327/1728 [07:59<01:51,  3.59it/s]Block (6,0,7) ok, attempt=1, duration=2.61s

Blocks:  77%|███████▋  | 1328/1728 [07:59<01:49,  3.64it/s]Block (5,5,10) root_id=864691136051108595
Block (2,11,6) ok, attempt=1, duration=2.01s
Block (8,1,1) root_id=864691136051108595
Block (4,0,8) ok, attempt=1, duration=2.45s
Block (4,1,9) root_id=864691136051108595

Blocks:  77%|███████▋  | 1330/1728 [08:00<01:52,  3.53it/s]Block (1,7,11) ok, attempt=1, duration=2.06s

Blocks:  77%|███████▋  | 1331/1728 [08:00<02:11,  3.01it/s]Block (2,4,3) root_id=864691136051108595
Block (3,7,4) ok, attempt=1, duration=2.78s
Block (3,8,5) root_id=864691136051108595
Block (11,10,5) ok, attempt=1, duration=2.30s

Blocks:  77%|███████▋  | 1333/1728 [08:01<02:07,  3.10it/s]Block (8,4,6) root_id=864691136051108595
Block (7,5,3) ok, attempt=1, duration=2.72s

Blocks:  77%|███████▋  | 1334/1728 [08:02<02:40,  2.45it/s]Block (0,3,10) ok, attempt=1, duration=3.00s
Block (1,0,8) root_id=864691136051108595
Block (11,2,0) root_id=864691136051108595
Block (5,5,10) ok, attempt=1, duration=2.67s

Blocks:  77%|███████▋  | 1336/1728 [08:02<01:58,  3.31it/s]Block (3,11,10) root_id=864691136051108595
Block (8,1,1) ok, attempt=1, duration=2.67s
Block (6,7,6) root_id=864691136051108595
Block (4,1,9) ok, attempt=1, duration=2.60s

Blocks:  77%|███████▋  | 1338/1728 [08:03<01:50,  3.52it/s]Block (1,6,6) root_id=864691136051108595
Block (3,8,5) ok, attempt=1, duration=2.55s
Block (9,9,2) root_id=864691136051108595

Blocks:  77%|███████▋  | 1339/1728 [08:03<02:13,  2.92it/s]Block (2,4,3) ok, attempt=1, duration=2.90s

Blocks:  78%|███████▊  | 1340/1728 [08:03<02:01,  3.18it/s]Block (7,9,9) root_id=864691136051108595
Block (8,4,6) ok, attempt=1, duration=2.42s
Block (11,11,5) root_id=864691136051108595

Blocks:  78%|███████▊  | 1341/1728 [08:04<01:48,  3.57it/s]Block (1,0,8) ok, attempt=1, duration=2.27s

Blocks:  78%|███████▊  | 1342/1728 [08:04<02:15,  2.85it/s]Block (11,3,1) root_id=864691136051108595
Block (3,11,10) ok, attempt=1, duration=2.08s
Block (8,11,5) root_id=864691136051108595
Block (11,2,0) ok, attempt=1, duration=2.61s
Block (3,3,11) root_id=864691136051108595

Blocks:  78%|███████▊  | 1344/1728 [08:04<01:45,  3.63it/s]Block (6,7,6) ok, attempt=1, duration=2.55s
Block (0,10,8) root_id=864691136051108595

Blocks:  78%|███████▊  | 1345/1728 [08:05<01:41,  3.76it/s]Block (11,11,5) ok, attempt=1, duration=1.63s
Block (10,5,4) root_id=864691136051108595

Blocks:  78%|███████▊  | 1346/1728 [08:05<02:02,  3.12it/s]Block (1,6,6) ok, attempt=1, duration=2.70s

Blocks:  78%|███████▊  | 1347/1728 [08:05<01:44,  3.65it/s]Block (9,1,3) root_id=864691136051108595
Block (9,9,2) ok, attempt=1, duration=2.51s

Blocks:  78%|███████▊  | 1348/1728 [08:06<01:50,  3.43it/s]Block (7,1,10) root_id=864691136051108595
Block (7,9,9) ok, attempt=1, duration=2.54s
Block (5,4,4) root_id=864691136051108595

Blocks:  78%|███████▊  | 1349/1728 [08:06<01:48,  3.50it/s]Block (8,11,5) ok, attempt=1, duration=1.77s
Block (2,11,1) root_id=864691136051108595
Block (3,3,11) ok, attempt=1, duration=2.33s
Block (6,8,6) root_id=864691136051108595

Blocks:  78%|███████▊  | 1351/1728 [08:07<02:12,  2.84it/s]Block (11,3,1) ok, attempt=1, duration=2.96s

Blocks:  78%|███████▊  | 1352/1728 [08:07<02:05,  3.00it/s]Block (4,8,7) root_id=864691136051108595
Block (0,10,8) ok, attempt=1, duration=2.63s

Blocks:  78%|███████▊  | 1353/1728 [08:07<01:56,  3.22it/s]Block (6,0,2) root_id=864691136051108595
Block (10,5,4) ok, attempt=1, duration=2.24s
Block (4,0,3) root_id=864691136051108595
Block (9,1,3) ok, attempt=1, duration=2.53s
Block (1,7,6) root_id=864691136051108595

Blocks:  78%|███████▊  | 1355/1728 [08:08<01:48,  3.43it/s]Block (2,11,1) ok, attempt=1, duration=2.05s

Blocks:  78%|███████▊  | 1356/1728 [08:08<01:36,  3.86it/s]Block (2,0,10) root_id=864691136051108595
Block (5,4,4) ok, attempt=1, duration=2.53s
Block (0,11,9) root_id=864691136051108595

Blocks:  79%|███████▊  | 1357/1728 [08:08<01:54,  3.25it/s]Block (7,1,10) ok, attempt=1, duration=2.96s
Block (11,10,0) root_id=864691136051108595

Blocks:  79%|███████▊  | 1358/1728 [08:09<01:40,  3.67it/s]Block (6,8,6) ok, attempt=1, duration=2.17s

Blocks:  79%|███████▊  | 1359/1728 [08:09<01:47,  3.42it/s]Block (5,5,5) root_id=864691136051108595
Block (4,8,7) ok, attempt=1, duration=2.42s
Block (10,9,10) root_id=864691136051108595

Blocks:  79%|███████▊  | 1360/1728 [08:10<02:13,  2.75it/s]Block (11,10,0) attempt 1 ERROR: EmptyVolumeException: Bbox([20992, 17152, 8128],[21056, 17216, 8192], dtype=np.int32, unit='vx'), duration=1.16s
Traceback (most recent call last):
  File "/cis/home/rwang183/my_documents/BDD/SpineDetect-shengwen-branch/SpineDetect/tpm_simulator/sample_random_volume/sample_random_volume.py", line 201, in run
    _do_block_download(args)
  File "/cis/home/rwang183/my_documents/BDD/SpineDetect-shengwen-branch/SpineDetect/tpm_simulator/sample_random_volume/sample_random_volume.py", line 161, in _do_block_download
    seg_data = np.array(seg_cv.download(bbox_vox, timestamp=timestamp)).squeeze()
  File "/cis/home/rwang183/my_documents/BDD/SpineDetect-shengwen-branch/SpineDetect/tpm_simulator/microns_env/lib/python3.10/site-packages/cloudvolume/frontends/precomputed.py", line 839, in download
    tup = self.image.download(
  File "/cis/home/rwang183/my_documents/BDD/SpineDetect-shengwen-branch/SpineDetect/tpm_simulator/microns_env/lib/python3.10/site-packages/cloudvolume/datasource/precomputed/image/__init__.py", line 216, in download
    return rx.download_sharded(
  File "/cis/home/rwang183/my_documents/BDD/SpineDetect-shengwen-branch/SpineDetect/tpm_simulator/microns_env/lib/python3.10/site-packages/cloudvolume/datasource/precomputed/image/rx.py", line 108, in download_sharded
    img3d = decode_fn(
  File "/cis/home/rwang183/my_documents/BDD/SpineDetect-shengwen-branch/SpineDetect/tpm_simulator/microns_env/lib/python3.10/site-packages/cloudvolume/datasource/precomputed/image/rx.py", line 727, in decode
    return _decode_helper(
  File "/cis/home/rwang183/my_documents/BDD/SpineDetect-shengwen-branch/SpineDetect/tpm_simulator/microns_env/lib/python3.10/site-packages/cloudvolume/datasource/precomputed/image/rx.py", line 849, in _decode_helper
    raise EmptyVolumeException(input_bbox)
cloudvolume.exceptions.EmptyVolumeException: Bbox([20992, 17152, 8128],[21056, 17216, 8192], dtype=np.int32, unit='vx')
Block (11,10,0) failed (attempt 1/3): EmptyVolumeException: Bbox([20992, 17152, 8128],[21056, 17216, 8192], dtype=np.int32, unit='vx')
[TRACEBACK] Traceback (most recent call last):
  File "/cis/home/rwang183/my_documents/BDD/SpineDetect-shengwen-branch/SpineDetect/tpm_simulator/sample_random_volume/sample_random_volume.py", line 201, in run
    _do_block_download(args)
  File "/cis/home/rwang183/my_documents/BDD/SpineDetect-shengwen-branch/SpineDetect/tpm_simulator/sample_random_volume/sample_random_volume.py", line 161, in _do_block_download
    seg_data = np.array(seg_cv.download(bbox_vox, timestamp=timestamp)).squeeze()
  File "/cis/home/rwang183/my_documents/BDD/SpineDetect-shengwen-branch/SpineDetect/tpm_simulator/microns_env/lib/python3.10/site-packages/cloudvolume/frontends/precomputed.py", line 839, in download
    tup = self.image.download(
  File "/cis/home/rwang183/my_documents/BDD/SpineDetect-shengwen-branch/SpineDetect/tpm_simulator/microns_env/lib/python3.10/site-packages/cloudvolume/datasource/precomputed/image/__init__.py", line 216, in download
    return rx.download_sharded(
  File "/cis/home/rwang183/my_documents/BDD/SpineDetect-shengwen-branch/SpineDetect/tpm_simulator/microns_env/lib/python3.10/site-packages/cloudvolume/datasource/precomputed/image/rx.py", line 108, in download_sharded
    img3d = decode_fn(
  File "/cis/home/rwang183/my_documents/BDD/SpineDetect-shengwen-branch/SpineDetect/tpm_simulator/microns_env/lib/python3.10/site-packages/cloudvolume/datasource/precomputed/image/rx.py", line 727, in decode
    return _decode_helper(
  File "/cis/home/rwang183/my_documents/BDD/SpineDetect-shengwen-branch/SpineDetect/tpm_simulator/microns_env/lib/python3.10/site-packages/cloudvolume/datasource/precomputed/image/rx.py", line 849, in _decode_helper
    raise EmptyVolumeException(input_bbox)
cloudvolume.exceptions.EmptyVolumeException: Bbox([20992, 17152, 8128],[21056, 17216, 8192], dtype=np.int32, unit='vx')
Block (1,7,6) ok, attempt=1, duration=2.08s

Blocks:  79%|███████▉  | 1361/1728 [08:10<02:17,  2.67it/s]Block (4,1,4) root_id=864691136051108595
Block (6,0,2) ok, attempt=1, duration=2.80s

Blocks:  79%|███████▉  | 1362/1728 [08:10<01:58,  3.09it/s]Block (9,5,9) root_id=864691136051108595
Block (4,0,3) ok, attempt=1, duration=2.81s
Block (8,4,1) root_id=864691136051108595
Block (2,0,10) ok, attempt=1, duration=2.68s

Blocks:  79%|███████▉  | 1364/1728 [08:11<01:50,  3.30it/s]Block (6,7,1) root_id=864691136051108595
Block (0,11,9) ok, attempt=1, duration=2.75s
Block (1,6,1) root_id=864691136051108595

Blocks:  79%|███████▉  | 1365/1728 [08:11<02:09,  2.80it/s]Block (11,10,0) attempt 2 ERROR: EmptyVolumeException: Bbox([20992, 17152, 8128],[21056, 17216, 8192], dtype=np.int32, unit='vx'), duration=2.62s
Traceback (most recent call last):
  File "/cis/home/rwang183/my_documents/BDD/SpineDetect-shengwen-branch/SpineDetect/tpm_simulator/sample_random_volume/sample_random_volume.py", line 201, in run
    _do_block_download(args)
  File "/cis/home/rwang183/my_documents/BDD/SpineDetect-shengwen-branch/SpineDetect/tpm_simulator/sample_random_volume/sample_random_volume.py", line 161, in _do_block_download
    seg_data = np.array(seg_cv.download(bbox_vox, timestamp=timestamp)).squeeze()
  File "/cis/home/rwang183/my_documents/BDD/SpineDetect-shengwen-branch/SpineDetect/tpm_simulator/microns_env/lib/python3.10/site-packages/cloudvolume/frontends/precomputed.py", line 839, in download
    tup = self.image.download(
  File "/cis/home/rwang183/my_documents/BDD/SpineDetect-shengwen-branch/SpineDetect/tpm_simulator/microns_env/lib/python3.10/site-packages/cloudvolume/datasource/precomputed/image/__init__.py", line 216, in download
    return rx.download_sharded(
  File "/cis/home/rwang183/my_documents/BDD/SpineDetect-shengwen-branch/SpineDetect/tpm_simulator/microns_env/lib/python3.10/site-packages/cloudvolume/datasource/precomputed/image/rx.py", line 108, in download_sharded
    img3d = decode_fn(
  File "/cis/home/rwang183/my_documents/BDD/SpineDetect-shengwen-branch/SpineDetect/tpm_simulator/microns_env/lib/python3.10/site-packages/cloudvolume/datasource/precomputed/image/rx.py", line 727, in decode
    return _decode_helper(
  File "/cis/home/rwang183/my_documents/BDD/SpineDetect-shengwen-branch/SpineDetect/tpm_simulator/microns_env/lib/python3.10/site-packages/cloudvolume/datasource/precomputed/image/rx.py", line 849, in _decode_helper
    raise EmptyVolumeException(input_bbox)
cloudvolume.exceptions.EmptyVolumeException: Bbox([20992, 17152, 8128],[21056, 17216, 8192], dtype=np.int32, unit='vx')
Block (11,10,0) failed (attempt 2/3): EmptyVolumeException: Bbox([20992, 17152, 8128],[21056, 17216, 8192], dtype=np.int32, unit='vx')
[TRACEBACK] Traceback (most recent call last):
  File "/cis/home/rwang183/my_documents/BDD/SpineDetect-shengwen-branch/SpineDetect/tpm_simulator/sample_random_volume/sample_random_volume.py", line 201, in run
    _do_block_download(args)
  File "/cis/home/rwang183/my_documents/BDD/SpineDetect-shengwen-branch/SpineDetect/tpm_simulator/sample_random_volume/sample_random_volume.py", line 161, in _do_block_download
    seg_data = np.array(seg_cv.download(bbox_vox, timestamp=timestamp)).squeeze()
  File "/cis/home/rwang183/my_documents/BDD/SpineDetect-shengwen-branch/SpineDetect/tpm_simulator/microns_env/lib/python3.10/site-packages/cloudvolume/frontends/precomputed.py", line 839, in download
    tup = self.image.download(
  File "/cis/home/rwang183/my_documents/BDD/SpineDetect-shengwen-branch/SpineDetect/tpm_simulator/microns_env/lib/python3.10/site-packages/cloudvolume/datasource/precomputed/image/__init__.py", line 216, in download
    return rx.download_sharded(
  File "/cis/home/rwang183/my_documents/BDD/SpineDetect-shengwen-branch/SpineDetect/tpm_simulator/microns_env/lib/python3.10/site-packages/cloudvolume/datasource/precomputed/image/rx.py", line 108, in download_sharded
    img3d = decode_fn(
  File "/cis/home/rwang183/my_documents/BDD/SpineDetect-shengwen-branch/SpineDetect/tpm_simulator/microns_env/lib/python3.10/site-packages/cloudvolume/datasource/precomputed/image/rx.py", line 727, in decode
    return _decode_helper(
  File "/cis/home/rwang183/my_documents/BDD/SpineDetect-shengwen-branch/SpineDetect/tpm_simulator/microns_env/lib/python3.10/site-packages/cloudvolume/datasource/precomputed/image/rx.py", line 849, in _decode_helper
    raise EmptyVolumeException(input_bbox)
cloudvolume.exceptions.EmptyVolumeException: Bbox([20992, 17152, 8128],[21056, 17216, 8192], dtype=np.int32, unit='vx')
Block (5,5,5) ok, attempt=1, duration=2.52s

Blocks:  79%|███████▉  | 1366/1728 [08:11<02:02,  2.95it/s]Block (10,1,11) root_id=864691136051108595
Block (10,9,10) ok, attempt=1, duration=2.37s
Block (9,8,1) root_id=864691136051108595

Blocks:  79%|███████▉  | 1367/1728 [08:12<02:07,  2.82it/s]Block (4,1,4) ok, attempt=1, duration=2.46s

Blocks:  79%|███████▉  | 1368/1728 [08:12<02:22,  2.53it/s]Block (5,11,2) root_id=864691136051108595
Block (9,5,9) ok, attempt=1, duration=2.38s

Blocks:  79%|███████▉  | 1369/1728 [08:13<01:55,  3.10it/s]Block (7,8,8) root_id=864691136051108595
Block (11,10,0) attempt 3 ERROR: EmptyVolumeException: Bbox([20992, 17152, 8128],[21056, 17216, 8192], dtype=np.int32, unit='vx'), duration=3.93s
Traceback (most recent call last):
  File "/cis/home/rwang183/my_documents/BDD/SpineDetect-shengwen-branch/SpineDetect/tpm_simulator/sample_random_volume/sample_random_volume.py", line 201, in run
    _do_block_download(args)
  File "/cis/home/rwang183/my_documents/BDD/SpineDetect-shengwen-branch/SpineDetect/tpm_simulator/sample_random_volume/sample_random_volume.py", line 161, in _do_block_download
    seg_data = np.array(seg_cv.download(bbox_vox, timestamp=timestamp)).squeeze()
  File "/cis/home/rwang183/my_documents/BDD/SpineDetect-shengwen-branch/SpineDetect/tpm_simulator/microns_env/lib/python3.10/site-packages/cloudvolume/frontends/precomputed.py", line 839, in download
    tup = self.image.download(
  File "/cis/home/rwang183/my_documents/BDD/SpineDetect-shengwen-branch/SpineDetect/tpm_simulator/microns_env/lib/python3.10/site-packages/cloudvolume/datasource/precomputed/image/__init__.py", line 216, in download
    return rx.download_sharded(
  File "/cis/home/rwang183/my_documents/BDD/SpineDetect-shengwen-branch/SpineDetect/tpm_simulator/microns_env/lib/python3.10/site-packages/cloudvolume/datasource/precomputed/image/rx.py", line 108, in download_sharded
    img3d = decode_fn(
  File "/cis/home/rwang183/my_documents/BDD/SpineDetect-shengwen-branch/SpineDetect/tpm_simulator/microns_env/lib/python3.10/site-packages/cloudvolume/datasource/precomputed/image/rx.py", line 727, in decode
    return _decode_helper(
  File "/cis/home/rwang183/my_documents/BDD/SpineDetect-shengwen-branch/SpineDetect/tpm_simulator/microns_env/lib/python3.10/site-packages/cloudvolume/datasource/precomputed/image/rx.py", line 849, in _decode_helper
    raise EmptyVolumeException(input_bbox)
cloudvolume.exceptions.EmptyVolumeException: Bbox([20992, 17152, 8128],[21056, 17216, 8192], dtype=np.int32, unit='vx')
Block (11,10,0) failed (attempt 3/3): EmptyVolumeException: Bbox([20992, 17152, 8128],[21056, 17216, 8192], dtype=np.int32, unit='vx')
[TRACEBACK] Traceback (most recent call last):
  File "/cis/home/rwang183/my_documents/BDD/SpineDetect-shengwen-branch/SpineDetect/tpm_simulator/sample_random_volume/sample_random_volume.py", line 201, in run
    _do_block_download(args)
  File "/cis/home/rwang183/my_documents/BDD/SpineDetect-shengwen-branch/SpineDetect/tpm_simulator/sample_random_volume/sample_random_volume.py", line 161, in _do_block_download
    seg_data = np.array(seg_cv.download(bbox_vox, timestamp=timestamp)).squeeze()
  File "/cis/home/rwang183/my_documents/BDD/SpineDetect-shengwen-branch/SpineDetect/tpm_simulator/microns_env/lib/python3.10/site-packages/cloudvolume/frontends/precomputed.py", line 839, in download
    tup = self.image.download(
  File "/cis/home/rwang183/my_documents/BDD/SpineDetect-shengwen-branch/SpineDetect/tpm_simulator/microns_env/lib/python3.10/site-packages/cloudvolume/datasource/precomputed/image/__init__.py", line 216, in download
    return rx.download_sharded(
  File "/cis/home/rwang183/my_documents/BDD/SpineDetect-shengwen-branch/SpineDetect/tpm_simulator/microns_env/lib/python3.10/site-packages/cloudvolume/datasource/precomputed/image/rx.py", line 108, in download_sharded
    img3d = decode_fn(
  File "/cis/home/rwang183/my_documents/BDD/SpineDetect-shengwen-branch/SpineDetect/tpm_simulator/microns_env/lib/python3.10/site-packages/cloudvolume/datasource/precomputed/image/rx.py", line 727, in decode
    return _decode_helper(
  File "/cis/home/rwang183/my_documents/BDD/SpineDetect-shengwen-branch/SpineDetect/tpm_simulator/microns_env/lib/python3.10/site-packages/cloudvolume/datasource/precomputed/image/rx.py", line 849, in _decode_helper
    raise EmptyVolumeException(input_bbox)
cloudvolume.exceptions.EmptyVolumeException: Bbox([20992, 17152, 8128],[21056, 17216, 8192], dtype=np.int32, unit='vx')
Block (11,10,0) FAILED after 3 attempts
NoneType: None
Block (11,10,0) failed after 3 attempts
[LAST_ERROR] EmptyVolumeException: Bbox([20992, 17152, 8128],[21056, 17216, 8192], dtype=np.int32, unit='vx')
Traceback (most recent call last):
  File "/cis/home/rwang183/my_documents/BDD/SpineDetect-shengwen-branch/SpineDetect/tpm_simulator/sample_random_volume/sample_random_volume.py", line 201, in run
    _do_block_download(args)
  File "/cis/home/rwang183/my_documents/BDD/SpineDetect-shengwen-branch/SpineDetect/tpm_simulator/sample_random_volume/sample_random_volume.py", line 161, in _do_block_download
    seg_data = np.array(seg_cv.download(bbox_vox, timestamp=timestamp)).squeeze()
  File "/cis/home/rwang183/my_documents/BDD/SpineDetect-shengwen-branch/SpineDetect/tpm_simulator/microns_env/lib/python3.10/site-packages/cloudvolume/frontends/precomputed.py", line 839, in download
    tup = self.image.download(
  File "/cis/home/rwang183/my_documents/BDD/SpineDetect-shengwen-branch/SpineDetect/tpm_simulator/microns_env/lib/python3.10/site-packages/cloudvolume/datasource/precomputed/image/__init__.py", line 216, in download
    return rx.download_sharded(
  File "/cis/home/rwang183/my_documents/BDD/SpineDetect-shengwen-branch/SpineDetect/tpm_simulator/microns_env/lib/python3.10/site-packages/cloudvolume/datasource/precomputed/image/rx.py", line 108, in download_sharded
    img3d = decode_fn(
  File "/cis/home/rwang183/my_documents/BDD/SpineDetect-shengwen-branch/SpineDetect/tpm_simulator/microns_env/lib/python3.10/site-packages/cloudvolume/datasource/precomputed/image/rx.py", line 727, in decode
    return _decode_helper(
  File "/cis/home/rwang183/my_documents/BDD/SpineDetect-shengwen-branch/SpineDetect/tpm_simulator/microns_env/lib/python3.10/site-packages/cloudvolume/datasource/precomputed/image/rx.py", line 849, in _decode_helper
    raise EmptyVolumeException(input_bbox)
cloudvolume.exceptions.EmptyVolumeException: Bbox([20992, 17152, 8128],[21056, 17216, 8192], dtype=np.int32, unit='vx')
Block (7,0,4) root_id=864691136051108595
Block (8,4,1) ok, attempt=1, duration=2.59s

Blocks:  79%|███████▉  | 1371/1728 [08:13<01:25,  4.16it/s]Block (4,7,1) root_id=864691136051108595
Block (6,7,1) ok, attempt=1, duration=2.55s

Blocks:  79%|███████▉  | 1372/1728 [08:13<01:40,  3.53it/s]Block (5,0,11) root_id=864691136051108595
Block (1,6,1) ok, attempt=1, duration=2.46s

Blocks:  79%|███████▉  | 1373/1728 [08:14<01:55,  3.08it/s]Block (2,7,8) root_id=864691136051108595
Block (10,1,11) ok, attempt=1, duration=2.92s

Blocks:  80%|███████▉  | 1374/1728 [08:14<02:34,  2.29it/s]Block (8,11,0) root_id=864691136051108595
Block (5,11,2) ok, attempt=1, duration=2.13s

Blocks:  80%|███████▉  | 1375/1728 [08:15<02:02,  2.89it/s]Block (6,11,7) root_id=864691136051108595
Block (9,8,1) ok, attempt=1, duration=3.08s

Blocks:  80%|███████▉  | 1376/1728 [08:15<02:11,  2.69it/s]Block (0,10,3) root_id=864691136051108595
Block (7,0,4) ok, attempt=1, duration=2.82s

Blocks:  80%|███████▉  | 1377/1728 [08:15<02:20,  2.50it/s]Block (11,6,7) root_id=864691136051108595
Block (7,8,8) ok, attempt=1, duration=3.01s

Blocks:  80%|███████▉  | 1378/1728 [08:16<01:53,  3.09it/s]Block (5,0,11) ok, attempt=1, duration=2.34s
Block (6,8,1) root_id=864691136051108595
Block (4,7,1) ok, attempt=1, duration=2.76s
Block (7,1,5) root_id=864691136051108595
Block (4,8,2) root_id=864691136051108595
Block (2,7,8) ok, attempt=1, duration=2.26s

Blocks:  80%|███████▉  | 1381/1728 [08:16<01:13,  4.70it/s]Block (2,8,9) root_id=864691136051108595
Block (8,11,0) ok, attempt=1, duration=1.59s
Block (1,7,1) root_id=864691136051108595
Block (6,11,7) ok, attempt=1, duration=1.82s

Blocks:  80%|████████  | 1383/1728 [08:16<01:12,  4.74it/s]Block (7,4,10) root_id=864691136051108595
Block (0,10,3) ok, attempt=1, duration=2.79s

Blocks:  80%|████████  | 1384/1728 [08:18<02:34,  2.23it/s]Block (8,0,8) root_id=864691136051108595
Block (6,8,1) ok, attempt=1, duration=2.32s

Blocks:  80%|████████  | 1385/1728 [08:18<02:08,  2.66it/s]Block (6,3,8) root_id=864691136051108595
Block (7,1,5) ok, attempt=1, duration=2.51s
Block (5,5,0) root_id=864691136051108595

Blocks:  80%|████████  | 1386/1728 [08:18<01:55,  2.97it/s]Block (11,6,7) ok, attempt=1, duration=2.76s
Block (3,10,5) root_id=864691136051108595
Block (4,8,2) ok, attempt=1, duration=2.71s

Blocks:  80%|████████  | 1388/1728 [08:18<01:21,  4.15it/s]Block (10,9,5) root_id=864691136051108595
Block (1,7,1) ok, attempt=1, duration=2.47s
Block (1,2,8) root_id=864691136051108595

Blocks:  80%|████████  | 1389/1728 [08:18<01:18,  4.31it/s]Block (2,8,9) ok, attempt=1, duration=2.73s
Block (9,5,4) root_id=864691136051108595

Blocks:  80%|████████  | 1390/1728 [08:19<01:13,  4.58it/s]Block (7,4,10) ok, attempt=1, duration=2.83s
Block (5,7,9) root_id=864691136051108595

Blocks:  80%|████████  | 1391/1728 [08:19<01:38,  3.41it/s]Block (6,3,8) ok, attempt=1, duration=2.28s
Block (4,3,8) root_id=864691136051108595

Blocks:  81%|████████  | 1392/1728 [08:20<02:41,  2.08it/s]Block (8,0,8) ok, attempt=1, duration=2.51s

Blocks:  81%|████████  | 1393/1728 [08:20<02:06,  2.65it/s]Block (11,2,8) root_id=864691136051108595
Block (5,5,0) ok, attempt=1, duration=2.44s
Block (8,7,7) root_id=864691136051108595

Blocks:  81%|████████  | 1394/1728 [08:21<01:57,  2.85it/s]Block (3,10,5) ok, attempt=1, duration=2.41s
Block (0,6,10) root_id=864691136051108595
Block (1,2,8) ok, attempt=1, duration=2.57s

Blocks:  81%|████████  | 1396/1728 [08:21<01:40,  3.30it/s]Block (10,1,6) root_id=864691136051108595
Block (10,9,5) ok, attempt=1, duration=2.83s
Block (7,8,3) root_id=864691136051108595
Block (9,5,4) ok, attempt=1, duration=2.49s
Block (5,8,10) root_id=864691136051108595

Blocks:  81%|████████  | 1398/1728 [08:21<01:08,  4.81it/s]Block (5,7,9) ok, attempt=1, duration=2.11s
Block (5,0,6) root_id=864691136051108595

Blocks:  81%|████████  | 1399/1728 [08:21<01:01,  5.36it/s]Block (4,3,8) ok, attempt=1, duration=2.33s

Blocks:  81%|████████  | 1400/1728 [08:22<02:21,  2.32it/s]Block (10,4,11) root_id=864691136051108595
Block (0,6,10) ok, attempt=1, duration=2.14s
Block (4,4,9) root_id=864691136051108595

Blocks:  81%|████████  | 1401/1728 [08:23<02:05,  2.60it/s]Block (11,2,8) ok, attempt=1, duration=2.50s
Block (7,11,8) root_id=864691136051108595
Block (8,7,7) ok, attempt=1, duration=2.46s

Blocks:  81%|████████  | 1403/1728 [08:23<01:31,  3.56it/s]Block (2,7,3) root_id=864691136051108595
Block (5,8,10) ok, attempt=1, duration=2.21s

Blocks:  81%|████████▏ | 1404/1728 [08:23<01:36,  3.37it/s]Block (6,11,2) root_id=864691136051108595
Block (10,1,6) ok, attempt=1, duration=2.37s
Block (1,3,8) root_id=864691136051108595
Block (5,0,6) ok, attempt=1, duration=2.51s

Blocks:  81%|████████▏ | 1406/1728 [08:24<01:24,  3.81it/s]Block (9,0,10) root_id=864691136051108595
Block (7,8,3) ok, attempt=1, duration=3.14s
Block (11,6,2) root_id=864691136051108595

Blocks:  81%|████████▏ | 1407/1728 [08:24<01:39,  3.22it/s]Block (10,4,11) ok, attempt=1, duration=2.62s
Block (11,9,7) root_id=864691136051108595

Blocks:  81%|████████▏ | 1408/1728 [08:25<02:23,  2.23it/s]Block (7,11,8) ok, attempt=1, duration=2.38s
Block (7,1,0) root_id=864691136051108595
Block (4,4,9) ok, attempt=1, duration=2.48s
Block (5,1,7) root_id=864691136051108595
Block (6,11,2) ok, attempt=1, duration=2.01s
Block (2,8,4) root_id=864691136051108595

Blocks:  82%|████████▏ | 1411/1728 [08:25<01:22,  3.86it/s]Block (2,7,3) ok, attempt=1, duration=2.70s
Block (7,4,5) root_id=864691136051108595

Blocks:  82%|████████▏ | 1412/1728 [08:26<01:26,  3.63it/s]Block (1,3,8) ok, attempt=1, duration=2.45s
Block (9,1,11) root_id=864691136051108595

Blocks:  82%|████████▏ | 1413/1728 [08:26<01:19,  3.96it/s]Block (9,0,10) ok, attempt=1, duration=2.56s

Blocks:  82%|████████▏ | 1414/1728 [08:26<01:35,  3.29it/s]Block (8,0,3) root_id=864691136051108595
Block (11,6,2) ok, attempt=1, duration=2.22s

Blocks:  82%|████████▏ | 1415/1728 [08:26<01:21,  3.84it/s]Block (2,11,9) root_id=864691136051108595
Block (5,1,7) ok, attempt=1, duration=2.41s

Blocks:  82%|████████▏ | 1416/1728 [08:28<02:34,  2.02it/s]Block (4,0,11) root_id=864691136051108595
Block (7,1,0) ok, attempt=1, duration=2.66s

Blocks:  82%|████████▏ | 1417/1728 [08:28<02:07,  2.44it/s]Block (11,10,8) root_id=864691136051108595
Block (11,9,7) ok, attempt=1, duration=2.77s
Block (6,3,3) root_id=864691136051108595
Block (2,8,4) ok, attempt=1, duration=2.61s
Block (3,10,0) root_id=864691136051108595

Blocks:  82%|████████▏ | 1419/1728 [08:28<01:23,  3.71it/s]Block (9,1,11) ok, attempt=1, duration=2.37s
Block (10,9,0) root_id=864691136051108595

Blocks:  82%|████████▏ | 1420/1728 [08:28<01:24,  3.66it/s]Block (7,4,5) ok, attempt=1, duration=3.12s
Block (1,10,7) root_id=864691136051108595

Blocks:  82%|████████▏ | 1421/1728 [08:29<01:46,  2.87it/s]Block (8,0,3) ok, attempt=1, duration=2.68s

Blocks:  82%|████████▏ | 1422/1728 [08:29<01:33,  3.28it/s]Block (6,6,8) root_id=864691136051108595
Block (2,11,9) ok, attempt=1, duration=2.74s

Blocks:  82%|████████▏ | 1423/1728 [08:29<01:23,  3.66it/s]Block (10,8,4) root_id=864691136051108595
Block (4,0,11) ok, attempt=1, duration=2.67s

Blocks:  82%|████████▏ | 1424/1728 [08:30<02:32,  1.99it/s]Block (9,4,3) root_id=864691136051108595
Block (3,10,0) ok, attempt=1, duration=2.39s
Block (0,9,11) root_id=864691136051108595
Block (11,10,8) ok, attempt=1, duration=2.71s

Blocks:  83%|████████▎ | 1426/1728 [08:31<01:38,  3.07it/s]Block (5,7,4) root_id=864691136051108595
Block (6,3,3) ok, attempt=1, duration=2.96s

Blocks:  83%|████████▎ | 1427/1728 [08:31<01:38,  3.06it/s]Block (4,11,7) root_id=864691136051108595
Block (10,9,0) ok, attempt=1, duration=3.02s
Block (4,3,3) root_id=864691136051108595

Blocks:  83%|████████▎ | 1428/1728 [08:31<01:47,  2.79it/s]Block (1,10,7) ok, attempt=1, duration=2.54s
Block (9,7,8) root_id=864691136051108595
Block (6,6,8) ok, attempt=1, duration=2.41s

Blocks:  83%|████████▎ | 1430/1728 [08:31<01:10,  4.20it/s]Block (11,2,3) root_id=864691136051108595
Block (10,8,4) ok, attempt=1, duration=2.77s

Blocks:  83%|████████▎ | 1431/1728 [08:32<01:31,  3.24it/s]Block (2,3,10) root_id=864691136051108595
Block (9,4,3) ok, attempt=1, duration=2.46s

Blocks:  83%|████████▎ | 1432/1728 [08:33<02:06,  2.34it/s]Block (8,7,2) root_id=864691136051108595
Block (0,9,11) ok, attempt=1, duration=2.50s

Blocks:  83%|████████▎ | 1433/1728 [08:33<01:41,  2.91it/s]Block (6,7,9) root_id=864691136051108595
Block (4,11,7) ok, attempt=1, duration=2.29s
Block (0,6,5) root_id=864691136051108595

Blocks:  83%|████████▎ | 1434/1728 [08:33<01:34,  3.12it/s]Block (5,7,4) ok, attempt=1, duration=2.80s

Blocks:  83%|████████▎ | 1435/1728 [08:33<01:22,  3.54it/s]Block (10,1,1) root_id=864691136051108595
Block (9,7,8) ok, attempt=1, duration=2.15s
Block (1,6,9) root_id=864691136051108595

Blocks:  83%|████████▎ | 1436/1728 [08:34<01:19,  3.69it/s]Block (4,3,3) ok, attempt=1, duration=2.51s

Blocks:  83%|████████▎ | 1437/1728 [08:34<01:15,  3.85it/s]Block (5,8,5) root_id=864691136051108595
Block (11,2,3) ok, attempt=1, duration=2.63s

Blocks:  83%|████████▎ | 1438/1728 [08:34<01:17,  3.76it/s]Block (5,0,1) root_id=864691136051108595
Block (2,3,10) ok, attempt=1, duration=2.56s

Blocks:  83%|████████▎ | 1439/1728 [08:35<01:35,  3.03it/s]Block (10,4,6) root_id=864691136051108595
Block (8,7,2) ok, attempt=1, duration=2.50s

Blocks:  83%|████████▎ | 1440/1728 [08:35<02:10,  2.20it/s]Block (4,4,4) root_id=864691136051108595
Block (6,7,9) ok, attempt=1, duration=2.45s
Block (9,8,9) root_id=864691136051108595
Block (10,1,1) ok, attempt=1, duration=2.39s

Blocks:  83%|████████▎ | 1442/1728 [08:36<01:37,  2.95it/s]Block (7,11,3) root_id=864691136051108595
Block (0,6,5) ok, attempt=1, duration=2.77s
Block (5,11,10) root_id=864691136051108595
Block (1,6,9) ok, attempt=1, duration=2.35s

Blocks:  84%|████████▎ | 1443/1728 [08:36<01:26,  3.31it/s]Block (9,0,5) root_id=864691136051108595
Block (5,8,5) ok, attempt=1, duration=2.48s

Blocks:  84%|████████▎ | 1445/1728 [08:36<01:12,  3.92it/s]Block (4,7,9) root_id=864691136051108595
Block (5,0,1) ok, attempt=1, duration=2.34s

Blocks:  84%|████████▎ | 1446/1728 [08:36<01:04,  4.38it/s]Block (11,9,2) root_id=864691136051108595
Block (10,4,6) ok, attempt=1, duration=2.77s

Blocks:  84%|████████▎ | 1447/1728 [08:37<01:52,  2.50it/s]Block (3,6,7) root_id=864691136051108595
Block (7,11,3) ok, attempt=1, duration=2.10s

Blocks:  84%|████████▍ | 1448/1728 [08:38<01:57,  2.38it/s]Block (10,5,7) root_id=864691136051108595
Block (4,4,4) ok, attempt=1, duration=2.65s
Block (1,9,1) root_id=864691136051108595
Block (9,8,9) ok, attempt=1, duration=2.65s
Block (9,1,6) root_id=864691136051108595

Blocks:  84%|████████▍ | 1449/1728 [08:38<01:37,  2.85it/s]Block (5,11,10) ok, attempt=1, duration=2.35s

Blocks:  84%|████████▍ | 1451/1728 [08:38<01:10,  3.91it/s]Block (0,5,0) root_id=864691136051108595
Block (9,0,5) ok, attempt=1, duration=2.60s
Block (7,4,0) root_id=864691136051108595

Blocks:  84%|████████▍ | 1452/1728 [08:39<01:11,  3.85it/s]Block (4,7,9) ok, attempt=1, duration=2.44s
Block (2,11,4) root_id=864691136051108595

Blocks:  84%|████████▍ | 1453/1728 [08:39<01:08,  4.04it/s]Block (11,9,2) ok, attempt=1, duration=3.20s

Blocks:  84%|████████▍ | 1454/1728 [08:40<01:55,  2.36it/s]Block (10,11,5) root_id=864691136051108595
Block (10,5,7) ok, attempt=1, duration=2.09s

Blocks:  84%|████████▍ | 1455/1728 [08:40<01:49,  2.49it/s]Block (3,6,7) ok, attempt=1, duration=2.62s
Block (5,3,11) root_id=864691136051108595
Block (2,10,8) root_id=864691136051108595
Block (9,1,6) ok, attempt=1, duration=2.53s

Blocks:  84%|████████▍ | 1457/1728 [08:41<01:32,  2.94it/s]Block (1,10,2) root_id=864691136051108595
Block (1,9,1) ok, attempt=1, duration=2.64s
Block (6,6,3) root_id=864691136051108595
Block (2,11,4) ok, attempt=1, duration=2.11s
Block (8,3,9) root_id=864691136051108595

Blocks:  84%|████████▍ | 1459/1728 [08:41<01:13,  3.67it/s]Block (0,5,0) ok, attempt=1, duration=2.71s

Blocks:  84%|████████▍ | 1460/1728 [08:41<01:04,  4.15it/s]Block (3,2,9) root_id=864691136051108595
Block (10,11,5) ok, attempt=1, duration=1.63s
Block (0,9,6) root_id=864691136051108595

Blocks:  85%|████████▍ | 1461/1728 [08:41<01:07,  3.93it/s]Block (7,4,0) ok, attempt=1, duration=3.09s

Blocks:  85%|████████▍ | 1462/1728 [08:42<01:13,  3.63it/s]Block (4,11,2) root_id=864691136051108595
Block (5,3,11) ok, attempt=1, duration=2.34s

Blocks:  85%|████████▍ | 1463/1728 [08:42<01:45,  2.51it/s]Block (9,7,3) root_id=864691136051108595
Block (2,10,8) ok, attempt=1, duration=2.69s

Blocks:  85%|████████▍ | 1464/1728 [08:43<01:42,  2.57it/s]Block (7,7,10) root_id=864691136051108595
Block (1,10,2) ok, attempt=1, duration=2.45s

Blocks:  85%|████████▍ | 1465/1728 [08:43<01:31,  2.86it/s]Block (6,7,4) root_id=864691136051108595
Block (6,6,3) ok, attempt=1, duration=2.57s

Blocks:  85%|████████▍ | 1466/1728 [08:43<01:23,  3.15it/s]Block (0,6,0) root_id=864691136051108595
Block (8,3,9) ok, attempt=1, duration=2.59s

Blocks:  85%|████████▍ | 1467/1728 [08:43<01:16,  3.40it/s]Block (1,6,4) root_id=864691136051108595
Block (3,2,9) ok, attempt=1, duration=2.56s
Block (5,8,0) root_id=864691136051108595
Block (4,11,2) ok, attempt=1, duration=2.19s

Blocks:  85%|████████▌ | 1469/1728 [08:44<01:03,  4.10it/s]Block (11,5,9) root_id=864691136051108595
Block (0,9,6) ok, attempt=1, duration=2.88s

Blocks:  85%|████████▌ | 1470/1728 [08:44<01:08,  3.77it/s]Block (10,4,1) root_id=864691136051108595
Block (9,7,3) ok, attempt=1, duration=2.40s

Blocks:  85%|████████▌ | 1471/1728 [08:45<01:32,  2.78it/s]Block (9,8,4) root_id=864691136051108595
Block (7,7,10) ok, attempt=1, duration=2.59s

Blocks:  85%|████████▌ | 1472/1728 [08:45<01:44,  2.44it/s]Block (5,11,5) root_id=864691136051108595
Block (6,7,4) ok, attempt=1, duration=2.47s
Block (7,8,11) root_id=864691136051108595

Blocks:  85%|████████▌ | 1473/1728 [08:45<01:26,  2.96it/s]Block (1,6,4) ok, attempt=1, duration=2.43s

Blocks:  85%|████████▌ | 1474/1728 [08:46<01:31,  2.76it/s]Block (9,0,0) root_id=864691136051108595
Block (0,6,0) ok, attempt=1, duration=2.99s

Blocks:  85%|████████▌ | 1475/1728 [08:46<01:28,  2.87it/s]Block (7,0,7) root_id=864691136051108595
Block (5,8,0) ok, attempt=1, duration=2.91s

Blocks:  85%|████████▌ | 1476/1728 [08:46<01:19,  3.15it/s]Block (4,7,4) root_id=864691136051108595
Block (11,5,9) ok, attempt=1, duration=2.85s

Blocks:  85%|████████▌ | 1477/1728 [08:47<01:12,  3.48it/s]Block (2,7,11) root_id=864691136051108595
Block (10,4,1) ok, attempt=1, duration=2.77s

Blocks:  86%|████████▌ | 1478/1728 [08:47<01:09,  3.61it/s]Block (3,6,2) root_id=864691136051108595
Block (5,11,5) ok, attempt=1, duration=1.97s
Block (8,10,7) root_id=864691136051108595

Blocks:  86%|████████▌ | 1479/1728 [08:47<01:16,  3.26it/s]Block (9,8,4) ok, attempt=1, duration=2.95s

Blocks:  86%|████████▌ | 1480/1728 [08:48<01:25,  2.89it/s]Block (8,2,3) root_id=864691136051108595
Block (7,8,11) ok, attempt=1, duration=2.67s
Block (6,2,10) root_id=864691136051108595

Blocks:  86%|████████▌ | 1481/1728 [08:48<01:29,  2.75it/s]Block (9,0,0) ok, attempt=1, duration=2.58s
Block (3,9,7) root_id=864691136051108595

Blocks:  86%|████████▌ | 1482/1728 [08:48<01:27,  2.82it/s]Block (4,7,4) ok, attempt=1, duration=2.23s

Blocks:  86%|████████▌ | 1483/1728 [08:49<01:15,  3.23it/s]Block (1,1,10) root_id=864691136051108595
Block (7,0,7) ok, attempt=1, duration=2.75s

Blocks:  86%|████████▌ | 1484/1728 [08:49<01:13,  3.31it/s]Block (10,11,0) root_id=864691136051108595
Block (2,7,11) ok, attempt=1, duration=2.61s

Blocks:  86%|████████▌ | 1485/1728 [08:49<01:14,  3.24it/s]Block (5,3,6) root_id=864691136051108595
Block (3,6,2) ok, attempt=1, duration=2.48s

Blocks:  86%|████████▌ | 1486/1728 [08:49<01:01,  3.96it/s]Block (2,10,3) root_id=864691136051108595
Block (8,10,7) ok, attempt=1, duration=2.21s
Block (9,3,10) root_id=864691136051108595
Block (8,2,3) ok, attempt=1, duration=2.32s
Block (5,6,11) root_id=864691136051108595

Blocks:  86%|████████▌ | 1488/1728 [08:50<01:09,  3.45it/s]Block (10,11,0) ok, attempt=1, duration=1.84s
Block (8,3,4) root_id=864691136051108595

Blocks:  86%|████████▌ | 1489/1728 [08:51<01:36,  2.48it/s]Block (6,2,10) ok, attempt=1, duration=2.78s
Block (6,3,11) root_id=864691136051108595
Block (3,9,7) ok, attempt=1, duration=2.52s
Block (4,2,10) root_id=864691136051108595

Blocks:  86%|████████▋ | 1491/1728 [08:51<01:04,  3.67it/s]Block (1,1,10) ok, attempt=1, duration=2.40s
Block (3,10,8) root_id=864691136051108595
Block (5,3,6) ok, attempt=1, duration=2.46s
Block (0,9,1) root_id=864691136051108595

Blocks:  86%|████████▋ | 1493/1728 [08:52<01:13,  3.22it/s]Block (2,10,3) ok, attempt=1, duration=2.40s
Block (1,2,11) root_id=864691136051108595
Block (5,6,11) ok, attempt=1, duration=2.32s
Block (11,4,3) root_id=864691136051108595

Blocks:  87%|████████▋ | 1495/1728 [08:52<01:13,  3.19it/s]Block (9,3,10) ok, attempt=1, duration=3.05s
Block (10,0,8) root_id=864691136051108595

Blocks:  87%|████████▋ | 1496/1728 [08:53<01:06,  3.50it/s]Block (8,3,4) ok, attempt=1, duration=2.32s

Blocks:  87%|████████▋ | 1497/1728 [08:53<01:20,  2.85it/s]Block (7,7,5) root_id=864691136051108595
Block (6,3,11) ok, attempt=1, duration=2.70s

Blocks:  87%|████████▋ | 1498/1728 [08:54<01:27,  2.62it/s]Block (9,4,11) root_id=864691136051108595
Block (4,2,10) ok, attempt=1, duration=2.69s
Block (4,3,11) root_id=864691136051108595
Block (3,10,8) ok, attempt=1, duration=2.91s
Block (11,5,4) root_id=864691136051108595

Blocks:  87%|████████▋ | 1500/1728 [08:54<01:09,  3.30it/s]Block (1,2,11) ok, attempt=1, duration=2.34s

Blocks:  87%|████████▋ | 1501/1728 [08:54<01:01,  3.67it/s]Block (1,5,3) root_id=864691136051108595
Block (0,9,1) ok, attempt=1, duration=2.74s
Block (6,9,8) root_id=864691136051108595

Blocks:  87%|████████▋ | 1502/1728 [08:54<01:04,  3.52it/s]Block (11,4,3) ok, attempt=1, duration=2.89s

Blocks:  87%|████████▋ | 1503/1728 [08:55<01:33,  2.41it/s]Block (5,11,0) root_id=864691136051108595
Block (7,7,5) ok, attempt=1, duration=2.19s
Block (7,0,2) root_id=864691136051108595
Block (10,0,8) ok, attempt=1, duration=2.87s
Block (10,7,7) root_id=864691136051108595

Blocks:  87%|████████▋ | 1505/1728 [08:55<01:00,  3.69it/s]Block (1,5,3) ok, attempt=1, duration=2.13s
Block (2,6,10) root_id=864691136051108595

Blocks:  87%|████████▋ | 1506/1728 [08:56<01:31,  2.42it/s]Block (9,4,11) ok, attempt=1, duration=2.77s
Block (8,10,2) root_id=864691136051108595
Block (4,3,11) ok, attempt=1, duration=2.79s

Blocks:  87%|████████▋ | 1508/1728 [08:56<01:02,  3.52it/s]Block (6,10,9) root_id=864691136051108595
Block (11,5,4) ok, attempt=1, duration=2.95s

Blocks:  87%|████████▋ | 1509/1728 [08:57<01:10,  3.12it/s]Block (6,2,5) root_id=864691136051108595
Block (5,11,0) ok, attempt=1, duration=2.16s

Blocks:  87%|████████▋ | 1510/1728 [08:57<01:19,  2.75it/s]Block (3,9,2) root_id=864691136051108595
Block (6,9,8) ok, attempt=1, duration=3.20s

Blocks:  87%|████████▋ | 1511/1728 [08:58<01:12,  2.99it/s]Block (1,9,9) root_id=864691136051108595
Block (10,7,7) ok, attempt=1, duration=2.77s

Blocks:  88%|████████▊ | 1512/1728 [08:58<01:23,  2.60it/s]Block (0,5,8) root_id=864691136051108595
Block (7,0,2) ok, attempt=1, duration=2.94s
Block (5,3,1) root_id=864691136051108595
Block (2,6,10) ok, attempt=1, duration=2.52s

Blocks:  88%|████████▊ | 1514/1728 [08:59<01:15,  2.85it/s]Block (11,0,10) root_id=864691136051108595
Block (8,10,2) ok, attempt=1, duration=2.48s
Block (9,11,9) root_id=864691136051108595
Block (6,10,9) ok, attempt=1, duration=2.79s

Blocks:  88%|████████▊ | 1516/1728 [08:59<01:04,  3.28it/s]Block (9,3,5) root_id=864691136051108595
Block (6,2,5) ok, attempt=1, duration=2.56s
Block (5,6,6) root_id=864691136051108595

Blocks:  88%|████████▊ | 1517/1728 [09:00<01:01,  3.43it/s]Block (1,9,9) ok, attempt=1, duration=2.47s

Blocks:  88%|████████▊ | 1518/1728 [09:00<01:19,  2.64it/s]Block (4,10,9) root_id=864691136051108595
Block (3,9,2) ok, attempt=1, duration=3.01s

Blocks:  88%|████████▊ | 1519/1728 [09:00<01:13,  2.86it/s]Block (6,3,6) root_id=864691136051108595
Block (5,3,1) ok, attempt=1, duration=2.45s
Block (3,10,3) root_id=864691136051108595

Blocks:  88%|████████▊ | 1520/1728 [09:01<01:09,  3.01it/s]Block (0,5,8) ok, attempt=1, duration=2.74s

Blocks:  88%|████████▊ | 1521/1728 [09:01<01:02,  3.32it/s]Block (4,2,5) root_id=864691136051108595
Block (9,11,9) ok, attempt=1, duration=2.38s

Blocks:  88%|████████▊ | 1522/1728 [09:01<01:02,  3.29it/s]Block (6,6,11) root_id=864691136051108595
Block (9,3,5) ok, attempt=1, duration=2.33s
Block (10,8,7) root_id=864691136051108595

Blocks:  88%|████████▊ | 1523/1728 [09:02<01:05,  3.15it/s]Block (11,0,10) ok, attempt=1, duration=2.87s
Block (11,1,11) root_id=864691136051108595
Block (5,6,6) ok, attempt=1, duration=2.37s
Block (10,0,3) root_id=864691136051108595

Blocks:  88%|████████▊ | 1525/1728 [09:02<00:49,  4.10it/s]Block (6,3,6) ok, attempt=1, duration=2.20s
Block (9,4,6) root_id=864691136051108595

Blocks:  88%|████████▊ | 1526/1728 [09:03<01:12,  2.78it/s]Block (4,10,9) ok, attempt=1, duration=2.58s
Block (7,7,0) root_id=864691136051108595

Blocks:  88%|████████▊ | 1527/1728 [09:03<00:59,  3.37it/s]Block (3,10,3) ok, attempt=1, duration=2.46s

Blocks:  88%|████████▊ | 1528/1728 [09:03<01:06,  3.01it/s]Block (5,7,7) root_id=864691136051108595
Block (4,2,5) ok, attempt=1, duration=2.30s
Block (4,3,6) root_id=864691136051108595
Block (6,6,11) ok, attempt=1, duration=2.66s

Blocks:  89%|████████▊ | 1530/1728 [09:04<01:09,  2.85it/s]Block (9,7,11) root_id=864691136051108595
Block (11,1,11) ok, attempt=1, duration=2.42s
Block (7,10,11) root_id=864691136051108595

Blocks:  89%|████████▊ | 1531/1728 [09:04<01:01,  3.23it/s]Block (10,8,7) ok, attempt=1, duration=2.59s
Block (6,9,3) root_id=864691136051108595
Block (10,0,3) ok, attempt=1, duration=2.74s

Blocks:  89%|████████▊ | 1533/1728 [09:05<00:56,  3.45it/s]Block (8,6,9) root_id=864691136051108595
Block (9,4,6) ok, attempt=1, duration=2.50s

Blocks:  89%|████████▉ | 1534/1728 [09:05<01:06,  2.94it/s]Block (2,9,11) root_id=864691136051108595
Block (7,7,0) ok, attempt=1, duration=2.89s
Block (5,7,7) ok, attempt=1, duration=2.47s
Block (3,5,9) root_id=864691136051108595

Blocks:  89%|████████▉ | 1535/1728 [09:06<01:13,  2.64it/s]Block (10,7,2) root_id=864691136051108595
Block (4,3,6) ok, attempt=1, duration=2.68s

Blocks:  89%|████████▉ | 1537/1728 [09:06<00:54,  3.50it/s]Block (2,6,5) root_id=864691136051108595
Block (9,7,11) ok, attempt=1, duration=2.05s
Block (6,10,4) root_id=864691136051108595
Block (7,10,11) ok, attempt=1, duration=2.44s

Blocks:  89%|████████▉ | 1539/1728 [09:07<00:54,  3.44it/s]Block (6,2,0) root_id=864691136051108595
Block (8,6,9) ok, attempt=1, duration=2.23s

Blocks:  89%|████████▉ | 1540/1728 [09:07<00:55,  3.38it/s]Block (3,6,10) root_id=864691136051108595
Block (6,9,3) ok, attempt=1, duration=2.96s

Blocks:  89%|████████▉ | 1541/1728 [09:07<00:55,  3.38it/s]Block (1,9,4) root_id=864691136051108595
Block (2,9,11) ok, attempt=1, duration=2.36s
Block (11,8,9) root_id=864691136051108595

Blocks:  89%|████████▉ | 1542/1728 [09:08<00:57,  3.22it/s]Block (3,5,9) ok, attempt=1, duration=2.47s

Blocks:  89%|████████▉ | 1543/1728 [09:08<01:11,  2.61it/s]Block (8,2,11) root_id=864691136051108595
Block (10,7,2) ok, attempt=1, duration=2.53s
Block (0,5,3) root_id=864691136051108595
Block (2,6,5) ok, attempt=1, duration=2.29s

Blocks:  89%|████████▉ | 1545/1728 [09:08<00:44,  4.10it/s]Block (11,0,5) root_id=864691136051108595
Block (6,10,4) ok, attempt=1, duration=2.54s

Blocks:  89%|████████▉ | 1546/1728 [09:09<00:47,  3.85it/s]Block (9,11,4) root_id=864691136051108595
Block (6,2,0) ok, attempt=1, duration=2.55s

Blocks:  90%|████████▉ | 1547/1728 [09:09<01:01,  2.96it/s]Block (9,3,0) root_id=864691136051108595
Block (3,6,10) ok, attempt=1, duration=2.35s

Blocks:  90%|████████▉ | 1548/1728 [09:09<00:51,  3.49it/s]Block (5,6,1) root_id=864691136051108595
Block (1,9,4) ok, attempt=1, duration=2.31s

Blocks:  90%|████████▉ | 1549/1728 [09:09<00:48,  3.66it/s]Block (7,3,7) root_id=864691136051108595
Block (11,8,9) ok, attempt=1, duration=2.44s

Blocks:  90%|████████▉ | 1550/1728 [09:10<00:58,  3.05it/s]Block (4,10,4) root_id=864691136051108595
Block (9,11,4) ok, attempt=1, duration=1.95s
Block (10,11,8) root_id=864691136051108595

Blocks:  90%|████████▉ | 1551/1728 [09:10<01:09,  2.54it/s]Block (0,5,3) ok, attempt=1, duration=2.53s

Blocks:  90%|████████▉ | 1552/1728 [09:11<00:59,  2.94it/s]Block (2,10,11) root_id=864691136051108595
Block (11,0,5) ok, attempt=1, duration=2.60s
Block (8,2,11) ok, attempt=1, duration=2.71s
Block (4,2,0) root_id=864691136051108595

Blocks:  90%|████████▉ | 1553/1728 [09:11<00:47,  3.66it/s]Block (11,1,6) root_id=864691136051108595
Block (9,3,0) ok, attempt=1, duration=2.46s

Blocks:  90%|████████▉ | 1555/1728 [09:12<00:54,  3.15it/s]Block (10,8,2) root_id=864691136051108595
Block (5,6,1) ok, attempt=1, duration=2.54s

Blocks:  90%|█████████ | 1556/1728 [09:12<00:50,  3.41it/s]Block (9,4,1) root_id=864691136051108595
Block (7,3,7) ok, attempt=1, duration=2.48s

Blocks:  90%|█████████ | 1557/1728 [09:12<00:45,  3.79it/s]Block (6,5,10) root_id=864691136051108595
Block (4,10,4) ok, attempt=1, duration=2.35s

Blocks:  90%|█████████ | 1558/1728 [09:12<00:47,  3.55it/s]Block (5,7,2) root_id=864691136051108595
Block (10,11,8) ok, attempt=1, duration=2.08s

Blocks:  90%|█████████ | 1559/1728 [09:13<00:46,  3.64it/s]Block (11,4,11) root_id=864691136051108595
Block (2,10,11) ok, attempt=1, duration=2.34s
Block (4,3,1) root_id=864691136051108595

Blocks:  90%|█████████ | 1560/1728 [09:13<00:57,  2.92it/s]Block (4,2,0) ok, attempt=1, duration=2.30s
Block (1,4,10) root_id=864691136051108595
Block (11,1,6) ok, attempt=1, duration=2.34s

Blocks:  90%|█████████ | 1562/1728 [09:13<00:35,  4.72it/s]Block (9,7,6) root_id=864691136051108595
Block (10,8,2) ok, attempt=1, duration=2.34s

Blocks:  90%|█████████ | 1563/1728 [09:14<00:56,  2.93it/s]Block (0,0,9) root_id=864691136051108595
Block (9,4,1) ok, attempt=1, duration=2.55s

Blocks:  91%|█████████ | 1564/1728 [09:14<00:59,  2.74it/s]Block (7,10,6) root_id=864691136051108595
Block (6,5,10) ok, attempt=1, duration=2.61s

Blocks:  91%|█████████ | 1565/1728 [09:15<00:53,  3.03it/s]Block (7,2,2) root_id=864691136051108595
Block (5,7,2) ok, attempt=1, duration=2.42s

Blocks:  91%|█████████ | 1566/1728 [09:15<00:44,  3.60it/s]Block (8,6,4) root_id=864691136051108595
Block (11,4,11) ok, attempt=1, duration=2.49s
Block (2,9,6) root_id=864691136051108595

Blocks:  91%|█████████ | 1567/1728 [09:15<00:47,  3.37it/s]Block (4,3,1) ok, attempt=1, duration=2.32s

Blocks:  91%|█████████ | 1568/1728 [09:15<00:48,  3.31it/s]Block (3,5,4) root_id=864691136051108595
Block (9,7,6) ok, attempt=1, duration=2.27s
Block (8,9,9) root_id=864691136051108595
Block (1,4,10) ok, attempt=1, duration=2.74s

Blocks:  91%|█████████ | 1570/1728 [09:16<00:43,  3.64it/s]Block (1,5,11) root_id=864691136051108595
Block (0,0,9) ok, attempt=1, duration=2.41s

Blocks:  91%|█████████ | 1571/1728 [09:16<00:50,  3.09it/s]Block (0,1,10) root_id=864691136051108595
Block (8,6,4) ok, attempt=1, duration=2.06s

Blocks:  91%|█████████ | 1572/1728 [09:17<00:55,  2.82it/s]Block (10,3,8) root_id=864691136051108595
Block (7,10,6) ok, attempt=1, duration=2.50s
Block (2,6,0) root_id=864691136051108595
Block (7,2,2) ok, attempt=1, duration=2.41s

Blocks:  91%|█████████ | 1574/1728 [09:17<00:37,  4.07it/s]Block (5,2,8) root_id=864691136051108595
Block (3,5,4) ok, attempt=1, duration=2.24s
Block (4,6,11) root_id=864691136051108595

Blocks:  91%|█████████ | 1575/1728 [09:18<00:51,  2.95it/s]Block (8,9,9) ok, attempt=1, duration=2.26s
Block (2,9,6) ok, attempt=1, duration=2.65s
Block (8,10,10) root_id=864691136051108595
Block (8,2,6) root_id=864691136051108595
Block (1,5,11) ok, attempt=1, duration=2.29s

Blocks:  91%|█████████▏| 1578/1728 [09:18<00:38,  3.85it/s]Block (11,8,4) root_id=864691136051108595
Block (0,1,10) ok, attempt=1, duration=2.20s

Blocks:  91%|█████████▏| 1579/1728 [09:19<00:42,  3.54it/s]Block (11,0,0) root_id=864691136051108595
Block (10,3,8) ok, attempt=1, duration=2.56s

Blocks:  91%|█████████▏| 1580/1728 [09:19<00:58,  2.54it/s]Block (7,3,2) root_id=864691136051108595
Block (5,2,8) ok, attempt=1, duration=2.51s

Blocks:  91%|█████████▏| 1581/1728 [09:20<00:50,  2.91it/s]Block (10,11,3) root_id=864691136051108595
Block (2,6,0) ok, attempt=1, duration=2.74s
Block (5,3,9) root_id=864691136051108595
Block (4,6,11) ok, attempt=1, duration=2.42s
Block (2,10,6) root_id=864691136051108595

Blocks:  92%|█████████▏| 1583/1728 [09:20<00:45,  3.19it/s]Block (8,2,6) ok, attempt=1, duration=2.61s

Blocks:  92%|█████████▏| 1584/1728 [09:20<00:43,  3.32it/s]Block (11,1,1) root_id=864691136051108595
Block (8,10,10) ok, attempt=1, duration=2.84s

Blocks:  92%|█████████▏| 1585/1728 [09:21<00:40,  3.50it/s]Block (5,9,7) root_id=864691136051108595
Block (10,11,3) ok, attempt=1, duration=1.58s
Block (6,5,5) root_id=864691136051108595

Blocks:  92%|█████████▏| 1586/1728 [09:21<00:49,  2.86it/s]Block (11,8,4) ok, attempt=1, duration=3.19s

Blocks:  92%|█████████▏| 1587/1728 [09:21<00:46,  3.06it/s]Block (4,5,6) root_id=864691136051108595
Block (5,3,9) ok, attempt=1, duration=1.91s

Blocks:  92%|█████████▏| 1588/1728 [09:21<00:38,  3.63it/s]Block (11,4,6) root_id=864691136051108595
Block (11,0,0) ok, attempt=1, duration=3.04s
Block (1,4,5) root_id=864691136051108595
Block (7,3,2) ok, attempt=1, duration=2.60s

Blocks:  92%|█████████▏| 1590/1728 [09:22<00:35,  3.94it/s]Block (3,1,11) root_id=864691136051108595
Block (11,1,1) ok, attempt=1, duration=2.22s

Blocks:  92%|█████████▏| 1591/1728 [09:23<00:46,  2.97it/s]Block (0,8,8) root_id=864691136051108595
Block (2,10,6) ok, attempt=1, duration=2.53s
Block (7,10,1) root_id=864691136051108595
Block (5,9,7) ok, attempt=1, duration=2.44s

Blocks:  92%|█████████▏| 1593/1728 [09:23<00:39,  3.43it/s]Block (5,10,8) root_id=864691136051108595
Block (6,5,5) ok, attempt=1, duration=2.10s

Blocks:  92%|█████████▏| 1594/1728 [09:23<00:36,  3.64it/s]Block (10,6,9) root_id=864691136051108595
Block (4,5,6) ok, attempt=1, duration=2.43s

Blocks:  92%|█████████▏| 1595/1728 [09:24<00:46,  2.87it/s]Block (2,9,1) root_id=864691136051108595
Block (11,4,6) ok, attempt=1, duration=2.45s

Blocks:  92%|█████████▏| 1596/1728 [09:24<00:40,  3.28it/s]Block (9,2,8) root_id=864691136051108595
Block (1,4,5) ok, attempt=1, duration=2.61s
Block (1,5,6) root_id=864691136051108595

Blocks:  92%|█████████▏| 1597/1728 [09:24<00:37,  3.50it/s]Block (3,1,11) ok, attempt=1, duration=2.48s

Blocks:  92%|█████████▏| 1598/1728 [09:24<00:35,  3.70it/s]Block (8,9,4) root_id=864691136051108595
Block (10,6,9) ok, attempt=1, duration=1.87s

Blocks:  93%|█████████▎| 1599/1728 [09:25<00:48,  2.64it/s]Block (6,9,11) root_id=864691136051108595
Block (0,8,8) ok, attempt=1, duration=2.60s
Block (6,1,7) root_id=864691136051108595
Block (7,10,1) ok, attempt=1, duration=2.61s

Blocks:  93%|█████████▎| 1601/1728 [09:25<00:29,  4.26it/s]Block (10,3,3) root_id=864691136051108595
Block (5,10,8) ok, attempt=1, duration=2.51s
Block (5,2,3) root_id=864691136051108595

Blocks:  93%|█████████▎| 1602/1728 [09:26<00:32,  3.91it/s]Block (1,5,6) ok, attempt=1, duration=1.86s
Block (10,7,10) root_id=864691136051108595

Blocks:  93%|█████████▎| 1603/1728 [09:26<00:41,  3.01it/s]Block (9,2,8) ok, attempt=1, duration=2.54s

Blocks:  93%|█████████▎| 1604/1728 [09:27<00:44,  2.77it/s]Block (4,6,6) root_id=864691136051108595
Block (2,9,1) ok, attempt=1, duration=2.73s
Block (8,2,1) root_id=864691136051108595
Block (10,3,3) ok, attempt=1, duration=2.00s

Blocks:  93%|█████████▎| 1606/1728 [09:27<00:43,  2.83it/s]Block (8,1,5) root_id=864691136051108595
Block (8,9,4) ok, attempt=1, duration=2.90s

Blocks:  93%|█████████▎| 1607/1728 [09:27<00:36,  3.29it/s]Block (3,8,9) root_id=864691136051108595
Block (6,1,7) ok, attempt=1, duration=2.43s

Blocks:  93%|█████████▎| 1608/1728 [09:28<00:34,  3.49it/s]Block (1,11,3) root_id=864691136051108595
Block (5,2,3) ok, attempt=1, duration=2.35s
Block (6,9,11) ok, attempt=1, duration=2.78s

Blocks:  93%|█████████▎| 1609/1728 [09:28<00:33,  3.51it/s]Block (8,4,10) root_id=864691136051108595
Block (0,7,2) root_id=864691136051108595
Block (10,7,10) ok, attempt=1, duration=2.24s

Blocks:  93%|█████████▎| 1611/1728 [09:28<00:30,  3.86it/s]Block (10,10,2) root_id=864691136051108595
Block (8,2,1) ok, attempt=1, duration=2.39s

Blocks:  93%|█████████▎| 1612/1728 [09:29<00:41,  2.82it/s]Block (9,6,1) root_id=864691136051108595
Block (4,6,6) ok, attempt=1, duration=2.79s

Blocks:  93%|█████████▎| 1613/1728 [09:29<00:40,  2.86it/s]Block (5,9,2) root_id=864691136051108595
Block (3,8,9) ok, attempt=1, duration=2.59s
Block (7,6,8) root_id=864691136051108595

Blocks:  93%|█████████▎| 1614/1728 [09:30<00:48,  2.33it/s]Block (1,11,3) ok, attempt=1, duration=2.50s

Blocks:  93%|█████████▎| 1615/1728 [09:30<00:39,  2.89it/s]Block (6,5,0) root_id=864691136051108595
Block (8,1,5) ok, attempt=1, duration=3.05s

Blocks:  94%|█████████▎| 1616/1728 [09:30<00:32,  3.41it/s]Block (4,5,1) root_id=864691136051108595
Block (10,10,2) ok, attempt=1, duration=2.18s

Blocks:  94%|█████████▎| 1617/1728 [09:30<00:31,  3.57it/s]Block (11,4,1) root_id=864691136051108595
Block (0,7,2) ok, attempt=1, duration=3.08s

Blocks:  94%|█████████▎| 1618/1728 [09:31<00:36,  3.01it/s]Block (2,5,8) root_id=864691136051108595
Block (8,4,10) ok, attempt=1, duration=3.31s
Block (9,9,6) root_id=864691136051108595

Blocks:  94%|█████████▎| 1619/1728 [09:31<00:33,  3.23it/s]Block (9,6,1) ok, attempt=1, duration=2.51s

Blocks:  94%|█████████▍| 1620/1728 [09:31<00:31,  3.43it/s]Block (11,11,9) root_id=864691136051108595
Block (5,9,2) ok, attempt=1, duration=2.46s

Blocks:  94%|█████████▍| 1621/1728 [09:32<00:32,  3.34it/s]Block (1,4,0) root_id=864691136051108595
Block (4,5,1) ok, attempt=1, duration=2.31s
Block (8,5,11) root_id=864691136051108595

Blocks:  94%|█████████▍| 1622/1728 [09:33<00:47,  2.22it/s]Block (7,6,8) ok, attempt=1, duration=3.00s

Blocks:  94%|█████████▍| 1623/1728 [09:33<00:44,  2.35it/s]Block (11,3,5) root_id=864691136051108595
Block (6,5,0) ok, attempt=1, duration=2.97s

Blocks:  94%|█████████▍| 1624/1728 [09:33<00:34,  2.99it/s]Block (0,8,3) root_id=864691136051108595
Block (11,4,1) ok, attempt=1, duration=2.79s

Blocks:  94%|█████████▍| 1625/1728 [09:33<00:30,  3.34it/s]Block (3,4,11) root_id=864691136051108595
Block (9,9,6) ok, attempt=1, duration=2.14s
Block (5,10,3) root_id=864691136051108595
Block (2,5,8) ok, attempt=1, duration=2.79s

Blocks:  94%|█████████▍| 1627/1728 [09:34<00:27,  3.72it/s]Block (10,6,4) root_id=864691136051108595
Block (11,11,9) ok, attempt=1, duration=2.53s

Blocks:  94%|█████████▍| 1628/1728 [09:34<00:26,  3.80it/s]Block (9,10,7) root_id=864691136051108595
Block (1,4,0) ok, attempt=1, duration=2.38s
Block (9,2,3) root_id=864691136051108595

Blocks:  94%|█████████▍| 1629/1728 [09:34<00:23,  4.15it/s]Block (11,3,5) ok, attempt=1, duration=2.02s

Blocks:  94%|█████████▍| 1630/1728 [09:35<00:38,  2.55it/s]Block (1,5,1) root_id=864691136051108595
Block (8,5,11) ok, attempt=1, duration=2.49s
Block (6,9,6) root_id=864691136051108595
Block (5,10,3) ok, attempt=1, duration=2.21s

Blocks:  94%|█████████▍| 1632/1728 [09:36<00:33,  2.89it/s]Block (7,2,10) root_id=864691136051108595
Block (10,6,4) ok, attempt=1, duration=2.36s
Block (4,9,7) root_id=864691136051108595

Blocks:  95%|█████████▍| 1633/1728 [09:36<00:37,  2.51it/s]Block (9,10,7) ok, attempt=1, duration=2.14s
Block (6,1,2) root_id=864691136051108595
Block (0,8,3) ok, attempt=1, duration=3.12s
Block (6,8,10) root_id=864691136051108595
Block (3,4,11) ok, attempt=1, duration=2.96s
Block (11,7,11) root_id=864691136051108595

Blocks:  95%|█████████▍| 1636/1728 [09:36<00:20,  4.48it/s]Block (9,2,3) ok, attempt=1, duration=2.27s
Block (10,7,5) root_id=864691136051108595

Blocks:  95%|█████████▍| 1637/1728 [09:36<00:19,  4.71it/s]Block (1,5,1) ok, attempt=1, duration=2.42s

Blocks:  95%|█████████▍| 1638/1728 [09:37<00:33,  2.67it/s]Block (4,6,1) root_id=864691136051108595
Block (6,9,6) ok, attempt=1, duration=2.42s
Block (1,7,10) root_id=864691136051108595
Block (7,2,10) ok, attempt=1, duration=2.67s

Blocks:  95%|█████████▍| 1640/1728 [09:38<00:34,  2.58it/s]Block (0,3,9) root_id=864691136051108595
Block (6,1,2) ok, attempt=1, duration=2.22s

Blocks:  95%|█████████▍| 1641/1728 [09:38<00:29,  2.96it/s]Block (5,5,9) root_id=864691136051108595
Block (4,9,7) ok, attempt=1, duration=2.35s
Block (8,1,0) root_id=864691136051108595

Blocks:  95%|█████████▌| 1642/1728 [09:38<00:24,  3.50it/s]Block (6,8,10) ok, attempt=1, duration=2.75s

Blocks:  95%|█████████▌| 1643/1728 [09:39<00:28,  3.03it/s]Block (4,1,8) root_id=864691136051108595
Block (11,7,11) ok, attempt=1, duration=2.78s
Block (11,0,8) root_id=864691136051108595

Blocks:  95%|█████████▌| 1644/1728 [09:39<00:22,  3.71it/s]Block (10,7,5) ok, attempt=1, duration=2.74s

Blocks:  95%|█████████▌| 1645/1728 [09:39<00:18,  4.37it/s]Block (3,8,4) root_id=864691136051108595
Block (4,6,1) ok, attempt=1, duration=2.43s

Blocks:  95%|█████████▌| 1646/1728 [09:40<00:28,  2.86it/s]Block (1,8,11) root_id=864691136051108595
Block (1,7,10) ok, attempt=1, duration=2.46s

Blocks:  95%|█████████▌| 1647/1728 [09:40<00:23,  3.51it/s]Block (8,4,5) root_id=864691136051108595
Block (0,3,9) ok, attempt=1, duration=2.53s

Blocks:  95%|█████████▌| 1648/1728 [09:41<00:34,  2.30it/s]Block (0,4,10) root_id=864691136051108595
Block (5,5,9) ok, attempt=1, duration=2.49s

Blocks:  95%|█████████▌| 1649/1728 [09:41<00:26,  2.94it/s]Block (3,11,9) root_id=864691136051108595
Block (8,1,0) ok, attempt=1, duration=3.06s

Blocks:  95%|█████████▌| 1650/1728 [09:42<00:34,  2.28it/s]Block (7,6,3) root_id=864691136051108595
Block (4,1,8) ok, attempt=1, duration=2.76s

Blocks:  96%|█████████▌| 1651/1728 [09:42<00:27,  2.77it/s]Block (9,9,1) root_id=864691136051108595
Block (11,0,8) ok, attempt=1, duration=3.08s
Block (10,2,11) root_id=864691136051108595

Blocks:  96%|█████████▌| 1652/1728 [09:42<00:28,  2.69it/s]Block (3,8,4) ok, attempt=1, duration=2.99s
Block (7,9,8) root_id=864691136051108595
Block (8,4,5) ok, attempt=1, duration=2.30s

Blocks:  96%|█████████▌| 1654/1728 [09:42<00:17,  4.28it/s]Block (2,5,3) root_id=864691136051108595
Block (1,8,11) ok, attempt=1, duration=2.70s

Blocks:  96%|█████████▌| 1655/1728 [09:43<00:17,  4.10it/s]Block (8,5,6) root_id=864691136051108595
Block (0,4,10) ok, attempt=1, duration=1.88s
Block (11,11,4) root_id=864691136051108595

Blocks:  96%|█████████▌| 1656/1728 [09:43<00:15,  4.72it/s]Block (3,11,9) ok, attempt=1, duration=2.50s
Block (11,3,0) root_id=864691136051108595

Blocks:  96%|█████████▌| 1657/1728 [09:43<00:24,  2.85it/s]Block (7,6,3) ok, attempt=1, duration=2.62s
Block (3,4,6) root_id=864691136051108595

Blocks:  96%|█████████▌| 1658/1728 [09:44<00:33,  2.08it/s]Block (9,9,1) ok, attempt=1, duration=2.63s
Block (9,10,2) root_id=864691136051108595

Blocks:  96%|█████████▌| 1659/1728 [09:44<00:26,  2.56it/s]Block (11,11,4) ok, attempt=1, duration=1.79s
Block (7,10,9) root_id=864691136051108595
Block (10,2,11) ok, attempt=1, duration=2.62s
Block (7,2,5) root_id=864691136051108595

Blocks:  96%|█████████▌| 1661/1728 [09:45<00:20,  3.31it/s]Block (2,5,3) ok, attempt=1, duration=2.93s

Blocks:  96%|█████████▌| 1662/1728 [09:45<00:22,  2.96it/s]Block (4,9,2) root_id=864691136051108595
Block (8,5,6) ok, attempt=1, duration=2.79s
Block (7,9,8) ok, attempt=1, duration=3.16s

Blocks:  96%|█████████▌| 1663/1728 [09:45<00:18,  3.50it/s]Block (2,9,9) root_id=864691136051108595
Block (6,8,5) root_id=864691136051108595
Block (11,3,0) ok, attempt=1, duration=2.88s

Blocks:  96%|█████████▋| 1665/1728 [09:46<00:22,  2.76it/s]Block (11,7,6) root_id=864691136051108595
Block (9,10,2) ok, attempt=1, duration=2.27s
Block (1,7,5) root_id=864691136051108595

Blocks:  96%|█████████▋| 1666/1728 [09:47<00:22,  2.73it/s]Block (3,4,6) ok, attempt=1, duration=2.70s
Block (0,11,8) root_id=864691136051108595

Blocks:  96%|█████████▋| 1667/1728 [09:47<00:20,  2.99it/s]Block (7,2,5) ok, attempt=1, duration=2.32s

Blocks:  97%|█████████▋| 1668/1728 [09:47<00:17,  3.40it/s]Block (5,5,4) root_id=864691136051108595
Block (7,10,9) ok, attempt=1, duration=2.71s
Block (10,9,9) root_id=864691136051108595
Block (4,9,2) ok, attempt=1, duration=2.82s

Blocks:  97%|█████████▋| 1670/1728 [09:48<00:21,  2.69it/s]Block (4,1,3) root_id=864691136051108595
Block (6,8,5) ok, attempt=1, duration=2.74s
Block (9,5,8) root_id=864691136051108595
Block (2,9,9) ok, attempt=1, duration=2.84s

Blocks:  97%|█████████▋| 1672/1728 [09:48<00:14,  3.85it/s]Block (1,8,6) root_id=864691136051108595
Block (11,7,6) ok, attempt=1, duration=2.58s

Blocks:  97%|█████████▋| 1673/1728 [09:49<00:19,  2.88it/s]Block (8,4,0) root_id=864691136051108595
Block (1,7,5) ok, attempt=1, duration=2.33s

Blocks:  97%|█████████▋| 1674/1728 [09:49<00:15,  3.39it/s]Block (6,4,7) root_id=864691136051108595
Block (0,11,8) ok, attempt=1, duration=2.67s

Blocks:  97%|█████████▋| 1675/1728 [09:50<00:19,  2.72it/s]Block (0,4,5) root_id=864691136051108595
Block (10,9,9) ok, attempt=1, duration=2.50s
Block (3,11,4) root_id=864691136051108595
Block (5,5,4) ok, attempt=1, duration=2.69s

Blocks:  97%|█████████▋| 1677/1728 [09:50<00:13,  3.89it/s]Block (1,11,11) root_id=864691136051108595
Block (9,5,8) ok, attempt=1, duration=2.37s

Blocks:  97%|█████████▋| 1678/1728 [09:50<00:18,  2.77it/s]Block (0,7,10) root_id=864691136051108595
Block (4,1,3) ok, attempt=1, duration=2.52s
Block (10,10,10) root_id=864691136051108595
Block (1,8,6) ok, attempt=1, duration=2.51s
Block (10,2,6) root_id=864691136051108595

Blocks:  97%|█████████▋| 1680/1728 [09:51<00:12,  3.78it/s]Block (8,4,0) ok, attempt=1, duration=2.74s
Block (9,6,9) root_id=864691136051108595

Blocks:  97%|█████████▋| 1681/1728 [09:52<00:18,  2.48it/s]Block (6,4,7) ok, attempt=1, duration=2.72s
Block (7,9,3) root_id=864691136051108595
Block (3,11,4) ok, attempt=1, duration=2.17s
Block (2,1,9) root_id=864691136051108595

Blocks:  97%|█████████▋| 1683/1728 [09:52<00:13,  3.40it/s]Block (0,4,5) ok, attempt=1, duration=2.66s

Blocks:  97%|█████████▋| 1684/1728 [09:52<00:13,  3.20it/s]Block (5,9,10) root_id=864691136051108595
Block (1,11,11) ok, attempt=1, duration=2.74s

Blocks:  98%|█████████▊| 1685/1728 [09:52<00:13,  3.26it/s]Block (8,5,1) root_id=864691136051108595
Block (10,10,10) ok, attempt=1, duration=2.54s
Block (0,7,10) ok, attempt=1, duration=2.64s
Block (3,4,1) root_id=864691136051108595

Blocks:  98%|█████████▊| 1686/1728 [09:53<00:16,  2.54it/s]Block (4,5,9) root_id=864691136051108595
Block (9,6,9) ok, attempt=1, duration=2.06s

Blocks:  98%|█████████▊| 1688/1728 [09:54<00:13,  3.02it/s]Block (6,11,6) root_id=864691136051108595
Block (10,2,6) ok, attempt=1, duration=3.04s
Block (7,2,0) root_id=864691136051108595

Blocks:  98%|█████████▊| 1689/1728 [09:54<00:10,  3.56it/s]Block (2,1,9) ok, attempt=1, duration=2.02s
Block (6,8,0) root_id=864691136051108595

Blocks:  98%|█████████▊| 1690/1728 [09:54<00:08,  4.23it/s]Block (7,9,3) ok, attempt=1, duration=2.81s

Blocks:  98%|█████████▊| 1691/1728 [09:54<00:12,  2.94it/s]Block (7,1,4) root_id=864691136051108595
Block (5,9,10) ok, attempt=1, duration=2.34s
Block (11,7,1) root_id=864691136051108595
Block (8,5,1) ok, attempt=1, duration=2.38s

Blocks:  98%|█████████▊| 1693/1728 [09:55<00:09,  3.57it/s]Block (5,1,11) root_id=864691136051108595
Block (6,11,6) ok, attempt=1, duration=2.16s

Blocks:  98%|█████████▊| 1694/1728 [09:56<00:14,  2.33it/s]Block (2,8,8) root_id=864691136051108595
Block (3,4,1) ok, attempt=1, duration=2.79s

Blocks:  98%|█████████▊| 1695/1728 [09:56<00:11,  2.83it/s]Block (1,7,0) root_id=864691136051108595
Block (4,5,9) ok, attempt=1, duration=2.85s
Block (8,8,11) root_id=864691136051108595
Block (7,2,0) ok, attempt=1, duration=3.10s
Block (0,11,3) root_id=864691136051108595

Blocks:  98%|█████████▊| 1697/1728 [09:57<00:12,  2.51it/s]Block (6,8,0) ok, attempt=1, duration=3.09s
Block (8,0,7) root_id=864691136051108595
Block (7,1,4) ok, attempt=1, duration=2.83s

Blocks:  98%|█████████▊| 1699/1728 [09:57<00:09,  2.94it/s]Block (5,1,11) ok, attempt=1, duration=2.47s
Block (3,7,11) root_id=864691136051108595
Block (10,9,4) root_id=864691136051108595
Block (11,7,1) ok, attempt=1, duration=2.87s
Block (9,5,3) root_id=864691136051108595
Block (2,8,8) ok, attempt=1, duration=2.49s

Blocks:  98%|█████████▊| 1702/1728 [09:58<00:08,  3.00it/s]Block (1,8,1) root_id=864691136051108595
Block (8,8,11) ok, attempt=1, duration=2.50s

Blocks:  99%|█████████▊| 1703/1728 [09:58<00:07,  3.24it/s]Block (7,5,10) root_id=864691136051108595
Block (1,7,0) ok, attempt=1, duration=2.75s
Block (6,4,2) root_id=864691136051108595

Blocks:  99%|█████████▊| 1704/1728 [09:59<00:06,  3.52it/s]Block (0,11,3) ok, attempt=1, duration=2.51s
Block (8,1,8) root_id=864691136051108595

Blocks:  99%|█████████▊| 1705/1728 [09:59<00:08,  2.67it/s]Block (3,7,11) ok, attempt=1, duration=2.42s
Block (0,4,0) root_id=864691136051108595

Blocks:  99%|█████████▊| 1706/1728 [10:00<00:08,  2.70it/s]Block (8,0,7) ok, attempt=1, duration=2.98s
Block (2,4,10) root_id=864691136051108595

Blocks:  99%|█████████▉| 1707/1728 [10:00<00:06,  3.10it/s]Block (9,5,3) ok, attempt=1, duration=2.75s
Block (1,11,6) root_id=864691136051108595

Blocks:  99%|█████████▉| 1708/1728 [10:00<00:06,  3.25it/s]Block (10,9,4) ok, attempt=1, duration=2.91s
Block (3,0,8) root_id=864691136051108595
Block (1,8,1) ok, attempt=1, duration=2.38s

Blocks:  99%|█████████▉| 1710/1728 [10:01<00:05,  3.55it/s]Block (0,7,5) root_id=864691136051108595
Block (7,5,10) ok, attempt=1, duration=2.55s

Blocks:  99%|█████████▉| 1711/1728 [10:01<00:05,  3.29it/s]Block (11,2,7) root_id=864691136051108595
Block (6,4,2) ok, attempt=1, duration=2.81s

Blocks:  99%|█████████▉| 1712/1728 [10:01<00:05,  2.94it/s]Block (10,10,5) root_id=864691136051108595
Block (0,4,0) ok, attempt=1, duration=2.08s

Blocks:  99%|█████████▉| 1713/1728 [10:02<00:04,  3.01it/s]Block (10,2,1) root_id=864691136051108595
Block (8,1,8) ok, attempt=1, duration=2.66s

Blocks:  99%|█████████▉| 1714/1728 [10:02<00:04,  3.35it/s]Block (9,6,4) root_id=864691136051108595
Block (1,11,6) ok, attempt=1, duration=2.26s

Blocks:  99%|█████████▉| 1715/1728 [10:02<00:04,  2.97it/s]Block (5,9,5) root_id=864691136051108595
Block (2,4,10) ok, attempt=1, duration=2.77s

Blocks:  99%|█████████▉| 1716/1728 [10:03<00:03,  3.27it/s]Block (4,5,4) root_id=864691136051108595
Block (3,0,8) ok, attempt=1, duration=2.67s

Blocks:  99%|█████████▉| 1717/1728 [10:03<00:03,  3.46it/s]Block (9,9,9) root_id=864691136051108595
Block (0,7,5) ok, attempt=1, duration=2.39s
Block (11,3,8) root_id=864691136051108595

Blocks:  99%|█████████▉| 1718/1728 [10:03<00:02,  4.02it/s]Block (10,10,5) ok, attempt=1, duration=2.16s
Block (6,11,1) root_id=864691136051108595

Blocks:  99%|█████████▉| 1719/1728 [10:04<00:03,  2.84it/s]Block (11,2,7) ok, attempt=1, duration=2.71s
Block (0,2,11) root_id=864691136051108595
Block (9,6,4) ok, attempt=1, duration=2.56s

Blocks: 100%|█████████▉| 1721/1728 [10:05<00:02,  2.52it/s]Block (10,2,1) ok, attempt=1, duration=2.86s

Blocks: 100%|█████████▉| 1722/1728 [10:05<00:01,  3.07it/s]Block (5,9,5) ok, attempt=1, duration=2.52s

Blocks: 100%|█████████▉| 1723/1728 [10:05<00:01,  3.16it/s]Block (9,9,9) ok, attempt=1, duration=2.16s

Blocks: 100%|█████████▉| 1724/1728 [10:05<00:01,  3.85it/s]Block (4,5,4) ok, attempt=1, duration=2.45s
Block (11,3,8) ok, attempt=1, duration=2.21s

Blocks: 100%|█████████▉| 1726/1728 [10:05<00:00,  5.34it/s]Block (0,2,11) ok, attempt=1, duration=1.56s
Block (6,11,1) ok, attempt=1, duration=1.68s

Blocks: 100%|██████████| 1728/1728 [10:05<00:00,  2.85it/s]
End root_id=864691136051108595, blocks_failed=2
WARN: 2/1728 blocks failed (see tracebacks above)
Nucleus: 864691136051108595 | Resolution: [64.0, 64.0, 80.0] nm
  vas: grid 12x12x12 -> 1536x1536x1536 px

Stitching vas:   0%|          | 0/1726 [00:00<?, ?it/s]
Stitching vas:   1%|▏         | 24/1726 [00:00<00:11, 149.68it/s]
Stitching vas:   2%|▏         | 39/1726 [00:00<00:17, 95.46it/s] 
Stitching vas:   3%|▎         | 50/1726 [00:00<00:22, 73.52it/s]
Stitching vas:   3%|▎         | 58/1726 [00:00<00:24, 67.43it/s]
Stitching vas:   4%|▍         | 65/1726 [00:00<00:27, 61.28it/s]
Stitching vas:   4%|▍         | 72/1726 [00:01<00:28, 57.63it/s]
Stitching vas:   5%|▍         | 80/1726 [00:01<00:29, 56.13it/s]
Stitching vas:   5%|▌         | 88/1726 [00:01<00:28, 56.64it/s]
Stitching vas:   6%|▌         | 96/1726 [00:01<00:28, 56.41it/s]
Stitching vas:   6%|▌         | 104/1726 [00:01<00:28, 56.23it/s]
Stitching vas:   6%|▋         | 112/1726 [00:01<00:29, 55.35it/s]
Stitching vas:   7%|▋         | 120/1726 [00:01<00:29, 54.59it/s]
Stitching vas:   7%|▋         | 128/1726 [00:02<00:29, 54.46it/s]
Stitching vas:   8%|▊         | 136/1726 [00:02<00:29, 54.38it/s]
Stitching vas:   8%|▊         | 144/1726 [00:02<00:28, 55.00it/s]
Stitching vas:   9%|▉         | 152/1726 [00:02<00:29, 54.26it/s]
Stitching vas:   9%|▉         | 160/1726 [00:02<00:28, 54.34it/s]
Stitching vas:  10%|▉         | 168/1726 [00:02<00:28, 55.00it/s]
Stitching vas:  10%|█         | 176/1726 [00:02<00:27, 55.60it/s]
Stitching vas:  11%|█         | 184/1726 [00:03<00:27, 55.69it/s]
Stitching vas:  11%|█         | 192/1726 [00:03<00:28, 54.45it/s]
Stitching vas:  12%|█▏        | 200/1726 [00:03<00:27, 54.54it/s]
Stitching vas:  12%|█▏        | 208/1726 [00:03<00:27, 54.45it/s]
Stitching vas:  13%|█▎        | 216/1726 [00:03<00:27, 54.97it/s]
Stitching vas:  13%|█▎        | 224/1726 [00:03<00:27, 54.84it/s]
Stitching vas:  13%|█▎        | 232/1726 [00:03<00:27, 54.71it/s]
Stitching vas:  14%|█▍        | 240/1726 [00:04<00:27, 53.19it/s]
Stitching vas:  14%|█▍        | 248/1726 [00:04<00:26, 54.76it/s]
Stitching vas:  15%|█▍        | 256/1726 [00:04<00:26, 55.14it/s]
Stitching vas:  15%|█▌        | 264/1726 [00:04<00:26, 54.35it/s]
Stitching vas:  16%|█▌        | 272/1726 [00:04<00:26, 54.39it/s]
Stitching vas:  16%|█▌        | 280/1726 [00:04<00:26, 54.50it/s]
Stitching vas:  17%|█▋        | 288/1726 [00:04<00:25, 55.54it/s]
Stitching vas:  17%|█▋        | 296/1726 [00:05<00:25, 55.69it/s]
Stitching vas:  18%|█▊        | 304/1726 [00:05<00:26, 54.46it/s]
Stitching vas:  18%|█▊        | 312/1726 [00:05<00:25, 54.48it/s]
Stitching vas:  19%|█▊        | 320/1726 [00:05<00:25, 55.83it/s]
Stitching vas:  19%|█▉        | 327/1726 [00:05<00:25, 55.75it/s]
Stitching vas:  19%|█▉        | 335/1726 [00:05<00:24, 55.72it/s]
Stitching vas:  20%|█▉        | 343/1726 [00:05<00:24, 55.72it/s]
Stitching vas:  20%|██        | 351/1726 [00:06<00:24, 55.82it/s]
Stitching vas:  21%|██        | 358/1726 [00:06<00:24, 55.11it/s]
Stitching vas:  21%|██        | 366/1726 [00:06<00:24, 54.89it/s]
Stitching vas:  22%|██▏       | 374/1726 [00:06<00:24, 54.24it/s]
Stitching vas:  22%|██▏       | 382/1726 [00:06<00:24, 54.81it/s]
Stitching vas:  23%|██▎       | 390/1726 [00:06<00:24, 55.29it/s]
Stitching vas:  23%|██▎       | 398/1726 [00:06<00:24, 54.93it/s]
Stitching vas:  24%|██▎       | 406/1726 [00:07<00:24, 54.82it/s]
Stitching vas:  24%|██▍       | 414/1726 [00:07<00:24, 54.62it/s]
Stitching vas:  24%|██▍       | 422/1726 [00:07<00:23, 55.46it/s]
Stitching vas:  25%|██▍       | 430/1726 [00:07<00:23, 55.03it/s]
Stitching vas:  25%|██▌       | 436/1726 [00:07<00:23, 55.27it/s]
Stitching vas:  26%|██▌       | 444/1726 [00:07<00:23, 55.48it/s]
Stitching vas:  26%|██▌       | 452/1726 [00:07<00:22, 55.64it/s]
Stitching vas:  27%|██▋       | 459/1726 [00:08<00:22, 56.04it/s]
Stitching vas:  27%|██▋       | 465/1726 [00:08<00:22, 56.92it/s]
Stitching vas:  27%|██▋       | 471/1726 [00:08<00:22, 54.89it/s]
Stitching vas:  28%|██▊       | 479/1726 [00:08<00:22, 54.41it/s]
Stitching vas:  28%|██▊       | 487/1726 [00:08<00:22, 54.14it/s]
Stitching vas:  29%|██▊       | 495/1726 [00:08<00:22, 55.00it/s]
Stitching vas:  29%|██▉       | 503/1726 [00:08<00:22, 55.30it/s]
Stitching vas:  30%|██▉       | 511/1726 [00:09<00:21, 55.53it/s]
Stitching vas:  30%|███       | 519/1726 [00:09<00:21, 55.65it/s]
Stitching vas:  31%|███       | 527/1726 [00:09<00:21, 56.72it/s]
Stitching vas:  31%|███       | 533/1726 [00:09<00:22, 52.76it/s]
Stitching vas:  31%|███▏      | 542/1726 [00:09<00:21, 55.88it/s]
Stitching vas:  32%|███▏      | 550/1726 [00:09<00:21, 55.10it/s]
Stitching vas:  32%|███▏      | 558/1726 [00:09<00:21, 54.92it/s]
Stitching vas:  33%|███▎      | 566/1726 [00:10<00:21, 54.76it/s]
Stitching vas:  33%|███▎      | 574/1726 [00:10<00:21, 53.96it/s]
Stitching vas:  34%|███▎      | 582/1726 [00:10<00:20, 54.56it/s]
Stitching vas:  34%|███▍      | 590/1726 [00:10<00:20, 55.78it/s]
Stitching vas:  35%|███▍      | 598/1726 [00:10<00:19, 56.76it/s]
Stitching vas:  35%|███▌      | 605/1726 [00:10<00:20, 53.94it/s]
Stitching vas:  36%|███▌      | 613/1726 [00:10<00:20, 54.12it/s]
Stitching vas:  36%|███▌      | 621/1726 [00:11<00:20, 54.77it/s]
Stitching vas:  36%|███▋      | 629/1726 [00:11<00:19, 54.91it/s]
Stitching vas:  37%|███▋      | 637/1726 [00:11<00:19, 54.63it/s]
Stitching vas:  37%|███▋      | 645/1726 [00:11<00:19, 55.22it/s]
Stitching vas:  38%|███▊      | 652/1726 [00:11<00:19, 54.15it/s]
Stitching vas:  38%|███▊      | 659/1726 [00:11<00:19, 54.25it/s]
Stitching vas:  39%|███▊      | 667/1726 [00:11<00:19, 54.53it/s]
Stitching vas:  39%|███▉      | 674/1726 [00:11<00:18, 58.15it/s]
Stitching vas:  39%|███▉      | 680/1726 [00:12<00:19, 53.71it/s]
Stitching vas:  40%|███▉      | 688/1726 [00:12<00:19, 54.43it/s]
Stitching vas:  40%|████      | 695/1726 [00:12<00:18, 54.75it/s]
Stitching vas:  41%|████      | 703/1726 [00:12<00:18, 54.12it/s]
Stitching vas:  41%|████      | 711/1726 [00:12<00:18, 54.94it/s]
Stitching vas:  42%|████▏     | 719/1726 [00:12<00:18, 55.27it/s]
Stitching vas:  42%|████▏     | 726/1726 [00:12<00:18, 54.44it/s]
Stitching vas:  43%|████▎     | 734/1726 [00:13<00:18, 53.89it/s]
Stitching vas:  43%|████▎     | 742/1726 [00:13<00:17, 55.33it/s]
Stitching vas:  43%|████▎     | 750/1726 [00:13<00:17, 54.27it/s]
Stitching vas:  44%|████▍     | 757/1726 [00:13<00:17, 55.04it/s]
Stitching vas:  44%|████▍     | 765/1726 [00:13<00:17, 55.39it/s]
Stitching vas:  45%|████▍     | 773/1726 [00:13<00:17, 55.53it/s]
Stitching vas:  45%|████▌     | 779/1726 [00:13<00:17, 55.69it/s]
Stitching vas:  46%|████▌     | 786/1726 [00:14<00:16, 55.64it/s]
Stitching vas:  46%|████▌     | 794/1726 [00:14<00:16, 55.94it/s]
Stitching vas:  46%|████▋     | 800/1726 [00:14<00:16, 56.81it/s]
Stitching vas:  47%|████▋     | 806/1726 [00:14<00:16, 54.47it/s]
Stitching vas:  47%|████▋     | 814/1726 [00:14<00:16, 53.86it/s]
Stitching vas:  48%|████▊     | 822/1726 [00:14<00:16, 54.07it/s]
Stitching vas:  48%|████▊     | 830/1726 [00:14<00:16, 53.73it/s]
Stitching vas:  48%|████▊     | 837/1726 [00:14<00:16, 55.15it/s]
Stitching vas:  49%|████▉     | 845/1726 [00:15<00:15, 55.10it/s]
Stitching vas:  49%|████▉     | 852/1726 [00:15<00:15, 55.58it/s]
Stitching vas:  50%|████▉     | 858/1726 [00:15<00:15, 56.59it/s]
Stitching vas:  50%|█████     | 864/1726 [00:15<00:15, 54.22it/s]
Stitching vas:  51%|█████     | 872/1726 [00:15<00:15, 54.39it/s]
Stitching vas:  51%|█████     | 880/1726 [00:15<00:15, 54.89it/s]
Stitching vas:  51%|█████▏    | 888/1726 [00:15<00:15, 54.68it/s]
Stitching vas:  52%|█████▏    | 895/1726 [00:16<00:15, 55.08it/s]
Stitching vas:  52%|█████▏    | 903/1726 [00:16<00:14, 55.24it/s]
Stitching vas:  53%|█████▎    | 911/1726 [00:16<00:14, 55.48it/s]
Stitching vas:  53%|█████▎    | 919/1726 [00:16<00:14, 55.61it/s]
Stitching vas:  54%|█████▎    | 927/1726 [00:16<00:14, 55.72it/s]
Stitching vas:  54%|█████▍    | 935/1726 [00:16<00:13, 57.44it/s]
Stitching vas:  55%|█████▍    | 942/1726 [00:16<00:14, 55.25it/s]
Stitching vas:  55%|█████▌    | 950/1726 [00:17<00:14, 54.12it/s]
Stitching vas:  56%|█████▌    | 958/1726 [00:17<00:13, 55.36it/s]
Stitching vas:  56%|█████▌    | 965/1726 [00:17<00:13, 54.69it/s]
Stitching vas:  56%|█████▋    | 973/1726 [00:17<00:13, 54.61it/s]
Stitching vas:  57%|█████▋    | 981/1726 [00:17<00:13, 54.12it/s]
Stitching vas:  57%|█████▋    | 989/1726 [00:17<00:13, 55.71it/s]
Stitching vas:  58%|█████▊    | 997/1726 [00:17<00:13, 55.26it/s]
Stitching vas:  58%|█████▊    | 1005/1726 [00:18<00:13, 55.03it/s]
Stitching vas:  59%|█████▊    | 1013/1726 [00:18<00:12, 55.60it/s]
Stitching vas:  59%|█████▉    | 1021/1726 [00:18<00:12, 57.36it/s]
Stitching vas:  60%|█████▉    | 1028/1726 [00:18<00:12, 55.62it/s]
Stitching vas:  60%|█████▉    | 1034/1726 [00:18<00:12, 55.13it/s]
Stitching vas:  60%|██████    | 1041/1726 [00:18<00:12, 54.58it/s]
Stitching vas:  61%|██████    | 1049/1726 [00:18<00:12, 55.11it/s]
Stitching vas:  61%|██████    | 1057/1726 [00:18<00:12, 54.82it/s]
Stitching vas:  62%|██████▏   | 1065/1726 [00:19<00:12, 54.14it/s]
Stitching vas:  62%|██████▏   | 1073/1726 [00:19<00:11, 54.99it/s]
Stitching vas:  63%|██████▎   | 1081/1726 [00:19<00:11, 56.11it/s]
Stitching vas:  63%|██████▎   | 1088/1726 [00:19<00:11, 55.32it/s]
Stitching vas:  63%|██████▎   | 1096/1726 [00:19<00:11, 53.93it/s]
Stitching vas:  64%|██████▍   | 1104/1726 [00:19<00:11, 54.64it/s]
Stitching vas:  64%|██████▍   | 1112/1726 [00:19<00:11, 54.77it/s]
Stitching vas:  65%|██████▍   | 1120/1726 [00:20<00:11, 54.16it/s]
Stitching vas:  65%|██████▌   | 1128/1726 [00:20<00:10, 54.94it/s]
Stitching vas:  66%|██████▌   | 1136/1726 [00:20<00:10, 54.83it/s]
Stitching vas:  66%|██████▋   | 1144/1726 [00:20<00:10, 54.97it/s]
Stitching vas:  67%|██████▋   | 1152/1726 [00:20<00:10, 55.31it/s]
Stitching vas:  67%|██████▋   | 1160/1726 [00:20<00:10, 54.18it/s]
Stitching vas:  68%|██████▊   | 1168/1726 [00:20<00:10, 55.10it/s]
Stitching vas:  68%|██████▊   | 1176/1726 [00:21<00:09, 55.35it/s]
Stitching vas:  69%|██████▊   | 1184/1726 [00:21<00:09, 55.57it/s]
Stitching vas:  69%|██████▉   | 1192/1726 [00:21<00:09, 54.44it/s]
Stitching vas:  70%|██████▉   | 1200/1726 [00:21<00:09, 54.44it/s]
Stitching vas:  70%|██████▉   | 1208/1726 [00:21<00:09, 53.97it/s]
Stitching vas:  70%|███████   | 1216/1726 [00:21<00:09, 55.35it/s]
Stitching vas:  71%|███████   | 1224/1726 [00:21<00:09, 54.36it/s]
Stitching vas:  71%|███████▏  | 1232/1726 [00:22<00:08, 57.46it/s]
Stitching vas:  72%|███████▏  | 1239/1726 [00:22<00:08, 55.15it/s]
Stitching vas:  72%|███████▏  | 1247/1726 [00:22<00:08, 55.41it/s]
Stitching vas:  73%|███████▎  | 1255/1726 [00:22<00:08, 55.39it/s]
Stitching vas:  73%|███████▎  | 1263/1726 [00:22<00:08, 55.58it/s]
Stitching vas:  74%|███████▎  | 1271/1726 [00:22<00:08, 55.68it/s]
Stitching vas:  74%|███████▍  | 1279/1726 [00:22<00:08, 55.76it/s]
Stitching vas:  75%|███████▍  | 1287/1726 [00:23<00:07, 55.82it/s]
Stitching vas:  75%|███████▌  | 1295/1726 [00:23<00:07, 55.89it/s]
Stitching vas:  75%|███████▌  | 1303/1726 [00:23<00:07, 55.21it/s]
Stitching vas:  76%|███████▌  | 1311/1726 [00:23<00:07, 54.50it/s]
Stitching vas:  76%|███████▋  | 1319/1726 [00:23<00:07, 55.02it/s]
Stitching vas:  77%|███████▋  | 1327/1726 [00:23<00:07, 54.40it/s]
Stitching vas:  77%|███████▋  | 1335/1726 [00:23<00:07, 55.44it/s]
Stitching vas:  78%|███████▊  | 1343/1726 [00:24<00:06, 55.59it/s]
Stitching vas:  78%|███████▊  | 1351/1726 [00:24<00:06, 55.72it/s]
Stitching vas:  79%|███████▊  | 1359/1726 [00:24<00:06, 55.80it/s]
Stitching vas:  79%|███████▉  | 1367/1726 [00:24<00:06, 55.85it/s]
Stitching vas:  80%|███████▉  | 1375/1726 [00:24<00:06, 55.87it/s]
Stitching vas:  80%|████████  | 1383/1726 [00:24<00:06, 54.43it/s]
Stitching vas:  81%|████████  | 1391/1726 [00:25<00:06, 48.94it/s]
Stitching vas:  81%|████████  | 1402/1726 [00:25<00:05, 55.85it/s]
Stitching vas:  82%|████████▏ | 1410/1726 [00:25<00:05, 55.95it/s]
Stitching vas:  82%|████████▏ | 1418/1726 [00:25<00:05, 53.43it/s]
Stitching vas:  83%|████████▎ | 1426/1726 [00:25<00:05, 55.68it/s]
Stitching vas:  83%|████████▎ | 1434/1726 [00:25<00:05, 55.53it/s]
Stitching vas:  84%|████████▎ | 1442/1726 [00:25<00:05, 55.28it/s]
Stitching vas:  84%|████████▍ | 1450/1726 [00:26<00:05, 54.66it/s]
Stitching vas:  84%|████████▍ | 1458/1726 [00:26<00:05, 52.86it/s]
Stitching vas:  85%|████████▍ | 1466/1726 [00:26<00:04, 57.20it/s]
Stitching vas:  85%|████████▌ | 1472/1726 [00:26<00:04, 55.28it/s]
Stitching vas:  86%|████████▌ | 1480/1726 [00:26<00:04, 54.40it/s]
Stitching vas:  86%|████████▌ | 1486/1726 [00:26<00:04, 54.35it/s]
Stitching vas:  86%|████████▋ | 1492/1726 [00:26<00:04, 52.92it/s]
Stitching vas:  87%|████████▋ | 1500/1726 [00:27<00:04, 54.85it/s]
Stitching vas:  87%|████████▋ | 1508/1726 [00:27<00:03, 54.85it/s]
Stitching vas:  88%|████████▊ | 1516/1726 [00:27<00:03, 54.45it/s]
Stitching vas:  88%|████████▊ | 1524/1726 [00:27<00:03, 54.21it/s]
Stitching vas:  89%|████████▉ | 1532/1726 [00:27<00:03, 53.47it/s]
Stitching vas:  89%|████████▉ | 1540/1726 [00:27<00:03, 54.07it/s]
Stitching vas:  90%|████████▉ | 1548/1726 [00:27<00:03, 53.94it/s]
Stitching vas:  90%|█████████ | 1556/1726 [00:28<00:03, 53.53it/s]
Stitching vas:  91%|█████████ | 1564/1726 [00:28<00:02, 54.39it/s]
Stitching vas:  91%|█████████ | 1571/1726 [00:28<00:02, 54.43it/s]
Stitching vas:  91%|█████████▏| 1578/1726 [00:28<00:02, 54.59it/s]
Stitching vas:  92%|█████████▏| 1586/1726 [00:28<00:02, 57.02it/s]
Stitching vas:  92%|█████████▏| 1593/1726 [00:28<00:02, 54.77it/s]
Stitching vas:  93%|█████████▎| 1601/1726 [00:28<00:02, 54.18it/s]
Stitching vas:  93%|█████████▎| 1609/1726 [00:29<00:02, 54.82it/s]
Stitching vas:  94%|█████████▎| 1617/1726 [00:29<00:02, 53.90it/s]
Stitching vas:  94%|█████████▍| 1625/1726 [00:29<00:01, 54.53it/s]
Stitching vas:  95%|█████████▍| 1633/1726 [00:29<00:01, 55.23it/s]
Stitching vas:  95%|█████████▍| 1639/1726 [00:29<00:01, 55.39it/s]
Stitching vas:  95%|█████████▌| 1647/1726 [00:29<00:01, 55.39it/s]
Stitching vas:  96%|█████████▌| 1655/1726 [00:29<00:01, 55.32it/s]
Stitching vas:  96%|█████████▋| 1663/1726 [00:29<00:01, 53.92it/s]
Stitching vas:  97%|█████████▋| 1671/1726 [00:30<00:01, 54.15it/s]
Stitching vas:  97%|█████████▋| 1679/1726 [00:30<00:00, 54.67it/s]
Stitching vas:  98%|█████████▊| 1687/1726 [00:30<00:00, 54.55it/s]
Stitching vas:  98%|█████████▊| 1695/1726 [00:30<00:00, 54.46it/s]
Stitching vas:  99%|█████████▊| 1703/1726 [00:30<00:00, 54.41it/s]
Stitching vas:  99%|█████████▉| 1711/1726 [00:30<00:00, 54.42it/s]
Stitching vas: 100%|█████████▉| 1719/1726 [00:31<00:00, 53.91it/s]
Stitching vas: 100%|██████████| 1726/1726 [00:31<00:00, 55.49it/s]
Saved: /cis/home/rwang183/my_documents/BDD/SpineDetect-shengwen-branch/SpineDetect/tpm_simulator/data/download/microns_864691136051108595/vessels_864691136051108595.tiff
  em: grid 4x4x8 -> 512x512x1024 px

Stitching em:   0%|          | 0/128 [00:00<?, ?it/s]
Stitching em:   1%|          | 1/128 [00:00<00:38,  3.34it/s]
Stitching em:   4%|▍         | 5/128 [00:00<00:12,  9.96it/s]
Stitching em:   7%|▋         | 9/128 [00:00<00:09, 12.60it/s]
Stitching em:  10%|█         | 13/128 [00:01<00:08, 13.08it/s]
Stitching em:  13%|█▎        | 17/128 [00:01<00:08, 13.31it/s]
Stitching em:  16%|█▋        | 21/128 [00:01<00:07, 13.71it/s]
Stitching em:  20%|█▉        | 25/128 [00:01<00:07, 13.90it/s]
Stitching em:  21%|██        | 27/128 [00:02<00:06, 14.61it/s]
Stitching em:  23%|██▎       | 29/128 [00:02<00:07, 13.66it/s]
Stitching em:  24%|██▍       | 31/128 [00:02<00:06, 14.57it/s]
Stitching em:  26%|██▌       | 33/128 [00:02<00:07, 13.49it/s]
Stitching em:  27%|██▋       | 35/128 [00:02<00:06, 14.55it/s]
Stitching em:  29%|██▉       | 37/128 [00:02<00:06, 13.60it/s]
Stitching em:  30%|███       | 39/128 [00:02<00:06, 14.44it/s]
Stitching em:  32%|███▏      | 41/128 [00:03<00:06, 13.05it/s]
Stitching em:  35%|███▌      | 45/128 [00:03<00:06, 13.44it/s]
Stitching em:  38%|███▊      | 49/128 [00:03<00:05, 13.48it/s]
Stitching em:  41%|████▏     | 53/128 [00:03<00:05, 13.50it/s]
Stitching em:  45%|████▍     | 57/128 [00:04<00:05, 13.94it/s]
Stitching em:  48%|████▊     | 61/128 [00:04<00:04, 13.94it/s]
Stitching em:  51%|█████     | 65/128 [00:04<00:04, 13.95it/s]
Stitching em:  54%|█████▍    | 69/128 [00:05<00:04, 13.95it/s]
Stitching em:  57%|█████▋    | 73/128 [00:05<00:03, 13.95it/s]
Stitching em:  60%|██████    | 77/128 [00:05<00:03, 13.67it/s]
Stitching em:  63%|██████▎   | 81/128 [00:05<00:03, 13.87it/s]
Stitching em:  66%|██████▋   | 85/128 [00:06<00:03, 14.03it/s]
Stitching em:  70%|██████▉   | 89/128 [00:06<00:02, 13.99it/s]
Stitching em:  73%|███████▎  | 93/128 [00:06<00:02, 13.98it/s]
Stitching em:  76%|███████▌  | 97/128 [00:07<00:02, 14.10it/s]
Stitching em:  77%|███████▋  | 99/128 [00:07<00:01, 14.73it/s]
Stitching em:  79%|███████▉  | 101/128 [00:07<00:01, 13.64it/s]
Stitching em:  82%|████████▏ | 105/128 [00:07<00:01, 12.36it/s]
Stitching em:  85%|████████▌ | 109/128 [00:08<00:01, 12.91it/s]
Stitching em:  88%|████████▊ | 113/128 [00:08<00:01, 13.03it/s]
Stitching em:  91%|█████████▏| 117/128 [00:08<00:00, 14.27it/s]
Stitching em:  95%|█████████▍| 121/128 [00:08<00:00, 14.62it/s]
Stitching em:  97%|█████████▋| 124/128 [00:09<00:00, 15.64it/s]
Stitching em:  98%|█████████▊| 126/128 [00:09<00:00, 15.01it/s]
Stitching em: 100%|██████████| 128/128 [00:09<00:00, 13.87it/s]
Saved: /cis/home/rwang183/my_documents/BDD/SpineDetect-shengwen-branch/SpineDetect/tpm_simulator/data/download/microns_864691136051108595/em_864691136051108595.tiff
  svx: grid 4x4x8 -> 512x512x1024 px

Stitching svx:   0%|          | 0/128 [00:00<?, ?it/s]
Stitching svx:   4%|▍         | 5/128 [00:00<00:03, 36.70it/s]
Stitching svx:  10%|█         | 13/128 [00:00<00:02, 47.41it/s]
Stitching svx:  16%|█▋        | 21/128 [00:00<00:02, 50.59it/s]
Stitching svx:  23%|██▎       | 29/128 [00:00<00:01, 52.76it/s]
Stitching svx:  29%|██▉       | 37/128 [00:00<00:01, 52.11it/s]
Stitching svx:  35%|███▌      | 45/128 [00:00<00:01, 53.01it/s]
Stitching svx:  41%|████▏     | 53/128 [00:01<00:01, 53.49it/s]
Stitching svx:  48%|████▊     | 61/128 [00:01<00:01, 54.26it/s]
Stitching svx:  54%|█████▍    | 69/128 [00:01<00:01, 54.29it/s]
Stitching svx:  60%|██████    | 77/128 [00:01<00:00, 54.45it/s]
Stitching svx:  66%|██████▌   | 84/128 [00:01<00:00, 54.47it/s]
Stitching svx:  72%|███████▏  | 92/128 [00:01<00:00, 53.90it/s]
Stitching svx:  78%|███████▊  | 100/128 [00:01<00:00, 54.68it/s]
Stitching svx:  84%|████████▍ | 108/128 [00:02<00:00, 54.58it/s]
Stitching svx:  91%|█████████ | 116/128 [00:02<00:00, 54.81it/s]
Stitching svx:  97%|█████████▋| 124/128 [00:02<00:00, 54.25it/s]
Stitching svx: 100%|██████████| 128/128 [00:02<00:00, 54.43it/s]
Saved: /cis/home/rwang183/my_documents/BDD/SpineDetect-shengwen-branch/SpineDetect/tpm_simulator/data/download/microns_864691136051108595/neurons_864691136051108595.tiff
Cleaning up block files...
Cleanup complete.
